time,f1,f2,f3,f4,COPx,COPy,W,W_sync
1745923207.2387846,0.03561592102050781,0.039476871490478516,0.03815460205078125,0.021778106689453125,0.0,0.0,0.1350255012512207,0
1745923207.2421098,0.03457307815551758,0.041278839111328125,0.03480195999145508,0.02228832244873047,0.0,0.0,0.13294219970703125,0
1745923207.2504644,0.03155708312988281,0.04175305366516113,0.03534221649169922,0.021475791931152344,0.0,0.0,0.1301281452178955,0
1745923207.2632542,0.030191421508789062,0.04249274730682373,0.038210391998291016,0.021135330200195312,0.0,0.0,0.13202989101409912,0
1745923207.27508,0.03127241134643555,0.03979933261871338,0.038732051849365234,0.023969650268554688,0.0,0.0,0.13377344608306885,0
1745923207.2916186,0.031404972076416016,0.04163920879364014,0.035770416259765625,0.025178909301757812,0.0,0.0,0.1339935064315796,0
1745923207.2995918,0.03093099594116211,0.04306185245513916,0.0365900993347168,0.023308753967285156,0.0,0.0,0.13389170169830322,0
1745923207.3118327,0.030020713806152344,0.041582345962524414,0.037465572357177734,0.02070140838623047,0.0,0.0,0.12977004051208496,0
1745923207.3252554,0.031481266021728516,0.042113423347473145,0.036031246185302734,0.020587921142578125,0.0,0.0,0.13021385669708252,0
1745923207.3362098,0.03273296356201172,0.04256868362426758,0.0371861457824707,0.022552490234375,0.0,0.0,0.135040283203125,0
1745923207.3497531,0.03235340118408203,0.04222726821899414,0.0384526252746582,0.02272319793701172,0.0,0.0,0.1357564926147461,0
1745923207.3613005,0.03339672088623047,0.04268240928649902,0.03867626190185547,0.023062705993652344,0.0,0.0,0.1378180980682373,0
1745923207.3741097,0.03375720977783203,0.0426255464553833,0.03994274139404297,0.02351665496826172,0.0,0.0,0.13984215259552002,0
1745923207.390938,0.03290367126464844,0.03911638259887695,0.039626121520996094,0.02249622344970703,0.0,0.0,0.13414239883422852,0
1745923207.3975801,0.031348228454589844,0.04268240928649902,0.036459922790527344,0.023006439208984375,0.0,0.0,0.13349699974060059,0
1745923207.4108613,0.029755115509033203,0.04346013069152832,0.03578901290893555,0.02304363250732422,0.0,0.0,0.1320478916168213,0
1745923207.4251204,0.030911922454833984,0.04429471492767334,0.038005828857421875,0.020852088928222656,0.0,0.0,0.13406455516815186,0
1745923207.4357445,0.031348228454589844,0.04425680637359619,0.03897428512573242,0.020795822143554688,0.0,0.0,0.13537514209747314,0
1745923207.4474435,0.03212594985961914,0.04325151443481445,0.037465572357177734,0.02259063720703125,0.0,0.0,0.13543367385864258,0
1745923207.4605086,0.03036212921142578,0.04253065586090088,0.0349884033203125,0.022042274475097656,0.0,0.0,0.12992346286773682,0
1745923207.4735894,0.03026723861694336,0.04311871528625488,0.038918495178222656,0.019945144653320312,0.0,0.0,0.1322495937347412,0
1745923207.490235,0.029053211212158203,0.041146039962768555,0.039533138275146484,0.021079063415527344,0.0,0.0,0.13081145286560059,0
1745923207.497136,0.030437946319580078,0.03924918174743652,0.037726402282714844,0.021910667419433594,0.0,0.0,0.12932419776916504,0
1745923207.509679,0.032011985778808594,0.04112708568572998,0.03957033157348633,0.02189159393310547,0.0,0.0,0.13460099697113037,0
1745923207.5265465,0.031613826751708984,0.04201853275299072,0.04130268096923828,0.02022838592529297,0.0,0.0,0.13516342639923096,0
1745923207.5339563,0.031386375427246094,0.04002690315246582,0.038918495178222656,0.020776748657226562,0.0,0.0,0.13110852241516113,0
1745923207.5472157,0.030646324157714844,0.04067182540893555,0.038918495178222656,0.021513938903808594,0.0,0.0,0.13175058364868164,0
1745923207.5583775,0.033017635345458984,0.042473793029785156,0.03943967819213867,0.02060699462890625,0.0,0.0,0.13553810119628906,0
1745923207.572498,0.03413677215576172,0.042208194732666016,0.03707456588745117,0.020153045654296875,0.0,0.0,0.13357257843017578,0
1745923207.5840707,0.032277584075927734,0.04179096221923828,0.036683082580566406,0.02090930938720703,0.0,0.0,0.13166093826293945,0
1745923207.5964499,0.03049468994140625,0.04108917713165283,0.036217689514160156,0.019586563110351562,0.0,0.0,0.1273881196975708,0
1745923207.6085947,0.031670570373535156,0.041146039962768555,0.035212039947509766,0.019775390625,0.0,0.0,0.12780404090881348,0
1745923207.6238754,0.03146219253540039,0.04091846942901611,0.0367579460144043,0.021325111389160156,0.0,0.0,0.13046371936798096,0
1745923207.6328304,0.0338902473449707,0.04160130023956299,0.03733539581298828,0.02013397216796875,0.0,0.0,0.13296091556549072,0
1745923207.6459646,0.032543182373046875,0.04089939594268799,0.03824806213378906,0.02007770538330078,0.0,0.0,0.1317683458328247,0
1745923207.6607053,0.030570507049560547,0.04050111770629883,0.03660869598388672,0.02026653289794922,0.0,0.0,0.1279468536376953,0
1745923207.6726336,0.02935647964477539,0.03928720951080322,0.03778219223022461,0.019850730895996094,0.0,0.0,0.12627661228179932,0
1745923207.6828847,0.02956533432006836,0.03902161121368408,0.03739118576049805,0.017980575561523438,0.0,0.0,0.12395870685577393,0
1745923207.6946464,0.0305328369140625,0.039875149726867676,0.037744998931884766,0.018830299377441406,0.0,0.0,0.12698328495025635,0
1745923207.7076366,0.03229665756225586,0.04091846942901611,0.03651571273803711,0.020323753356933594,0.0,0.0,0.13005459308624268,0
1745923207.7232957,0.032562255859375,0.041942715644836426,0.037837982177734375,0.020493507385253906,0.0,0.0,0.1328364610671997,0
1745923207.7323046,0.03066539764404297,0.040975332260131836,0.037465572357177734,0.02053070068359375,0.0,0.0,0.1296370029449463,0
1745923207.7445264,0.026681900024414062,0.04186677932739258,0.03893709182739258,0.019529342651367188,0.0,0.0,0.1270151138305664,0
1745923207.7579668,0.025980472564697266,0.04266345500946045,0.039998531341552734,0.01971912384033203,0.0,0.0,0.12836158275604248,0
1745923207.7686577,0.028560161590576172,0.042246222496032715,0.03714895248413086,0.021947860717773438,0.0,0.0,0.12990319728851318,0
1745923207.781834,0.027744293212890625,0.04319453239440918,0.03627347946166992,0.021589279174804688,0.0,0.0,0.12880158424377441,0
1745923207.794174,0.02776336669921875,0.0432894229888916,0.036478519439697266,0.020191192626953125,0.0,0.0,0.12772250175476074,0
1745923207.806026,0.028711795806884766,0.04370677471160889,0.036739349365234375,0.021739959716796875,0.0,0.0,0.1308978796005249,0
1745923207.8239,0.028218746185302734,0.04163920879364014,0.03852701187133789,0.02026653289794922,0.0,0.0,0.12865149974822998,0
1745923207.83131,0.02776336669921875,0.042549729347229004,0.03698110580444336,0.02011585235595703,0.0,0.0,0.12741005420684814,0
1745923207.8427372,0.029697895050048828,0.04382050037384033,0.03731679916381836,0.019945144653320312,0.0,0.0,0.13078033924102783,0
1745923207.8599257,0.03089284896850586,0.040747642517089844,0.038378238677978516,0.02232646942138672,0.0,0.0,0.13234519958496094,0
1745923207.8681426,0.03220176696777344,0.04042530059814453,0.035658836364746094,0.021381378173828125,0.0,0.0,0.1296672821044922,0
1745923207.8799465,0.032562255859375,0.04086148738861084,0.03612470626831055,0.01973724365234375,0.0,0.0,0.12928569316864014,0
1745923207.8922358,0.030551433563232422,0.04173409938812256,0.036292076110839844,0.020153045654296875,0.0,0.0,0.1287306547164917,0
1745923207.9048371,0.030134201049804688,0.04186677932739258,0.03545379638671875,0.019756317138671875,0.0,0.0,0.1272110939025879,0
1745923207.9173546,0.030210018157958984,0.041373610496520996,0.03649711608886719,0.017507553100585938,0.0,0.0,0.1255882978439331,0
1745923207.9302042,0.03049468994140625,0.041013240814208984,0.03739118576049805,0.018716812133789062,0.0,0.0,0.12761592864990234,0
1745923207.9422865,0.030343055725097656,0.04025447368621826,0.03653430938720703,0.021135330200195312,0.0,0.0,0.12826716899871826,0
1745923207.9592967,0.030210018157958984,0.04133570194244385,0.036832332611083984,0.020455360412597656,0.0,0.0,0.12883341312408447,0
1745923207.9664993,0.029109954833984375,0.04232203960418701,0.037558555603027344,0.019983291625976562,0.0,0.0,0.1289738416671753,0
1745923207.980614,0.029451370239257812,0.04133570194244385,0.038378238677978516,0.019151687622070312,0.0,0.0,0.1283169984817505,0
1745923207.9919577,0.029641151428222656,0.039780378341674805,0.036850929260253906,0.017583847045898438,0.0,0.0,0.1238563060760498,0
1745923208.0043612,0.03028583526611328,0.04027354717254639,0.037111759185791016,0.017564773559570312,0.0,0.0,0.125235915184021,0
1745923208.0160542,0.03102588653564453,0.040311455726623535,0.03688812255859375,0.017206192016601562,0.0,0.0,0.12543165683746338,0
1745923208.028251,0.029868602752685547,0.0406339168548584,0.03804302215576172,0.019492149353027344,0.0,0.0,0.128037691116333,0
1745923208.0402792,0.028673648834228516,0.040576934814453125,0.038918495178222656,0.018830299377441406,0.0,0.0,0.1269993782043457,0
1745923208.0566666,0.030608654022216797,0.039514780044555664,0.036310672760009766,0.018962860107421875,0.0,0.0,0.1253969669342041,0
1745923208.0686646,0.030343055725097656,0.039381980895996094,0.035025596618652344,0.01884937286376953,0.0,0.0,0.12360000610351562,0
1745923208.0781693,0.03197431564331055,0.037409305572509766,0.035584449768066406,0.017980575561523438,0.0,0.0,0.12294864654541016,0
1745923208.0906322,0.030077457427978516,0.039381980895996094,0.03618049621582031,0.018622398376464844,0.0,0.0,0.12426233291625977,0
1745923208.1027386,0.029679298400878906,0.04042530059814453,0.038005828857421875,0.019227027893066406,0.0,0.0,0.12733745574951172,0
1745923208.1152675,0.030684471130371094,0.04072868824005127,0.037633419036865234,0.01941680908203125,0.0,0.0,0.12846338748931885,0
1745923208.1263103,0.030039310455322266,0.041146039962768555,0.03871345520019531,0.01907634735107422,0.0,0.0,0.12897515296936035,0
1745923208.1390073,0.032106876373291016,0.03856635093688965,0.03496980667114258,0.019623756408691406,0.0,0.0,0.12526679039001465,0
1745923208.1517806,0.03252410888671875,0.03968548774719238,0.036739349365234375,0.01928424835205078,0.0,0.0,0.1282331943511963,0
1745923208.1644456,0.03032398223876953,0.040406227111816406,0.03770780563354492,0.020380020141601562,0.0,0.0,0.12881803512573242,0
1745923208.1761038,0.030570507049560547,0.039875149726867676,0.036739349365234375,0.018320083618164062,0.0,0.0,0.12550508975982666,0
1745923208.1911392,0.031575679779052734,0.039040565490722656,0.03599405288696289,0.018471717834472656,0.0,0.0,0.12508201599121094,0
1745923208.2003887,0.030153274536132812,0.03799736499786377,0.03681373596191406,0.017980575561523438,0.0,0.0,0.12294495105743408,0
1745923208.2138667,0.028711795806884766,0.038812994956970215,0.03759574890136719,0.017206192016601562,0.0,0.0,0.12232673168182373,0
1745923208.2254622,0.03093099594116211,0.03839564323425293,0.0389556884765625,0.01745128631591797,0.0,0.0,0.1257336139678955,0
1745923208.2396336,0.03335905075073242,0.039476871490478516,0.0373539924621582,0.019095420837402344,0.0,0.0,0.12928533554077148,0
1745923208.250395,0.03163290023803711,0.04046320915222168,0.03780078887939453,0.019964218139648438,0.0,0.0,0.12986111640930176,0
1745923208.262987,0.03182268142700195,0.04029250144958496,0.03714895248413086,0.017867088317871094,0.0,0.0,0.12713122367858887,0
1745923208.2747679,0.031101703643798828,0.04143059253692627,0.036832332611083984,0.01669597625732422,0.0,0.0,0.1260606050491333,0
1745923208.2916927,0.02996349334716797,0.041278839111328125,0.038378238677978516,0.017073631286621094,0.0,0.0,0.1266942024230957,0
1745923208.2999911,0.03022909164428711,0.042208194732666016,0.037465572357177734,0.02056884765625,0.0,0.0,0.13047170639038086,0
1745923208.3120694,0.03339672088623047,0.03962862491607666,0.036478519439697266,0.02179718017578125,0.0,0.0,0.13130104541778564,0
1745923208.324489,0.03036212921142578,0.04190480709075928,0.03528642654418945,0.019700050354003906,0.0,0.0,0.12725341320037842,0
1745923208.336726,0.027953147888183594,0.04438960552215576,0.03653430938720703,0.017545700073242188,0.0,0.0,0.12642276287078857,0
1745923208.3493555,0.031348228454589844,0.04182887077331543,0.03554725646972656,0.016544342041015625,0.0,0.0,0.12526869773864746,0
1745923208.361046,0.031139850616455078,0.04103219509124756,0.03418731689453125,0.01629924774169922,0.0,0.0,0.1226586103439331,0
1745923208.3766131,0.031101703643798828,0.040045857429504395,0.03308868408203125,0.017961502075195312,0.0,0.0,0.12219774723052979,0
1745923208.3927588,0.02996349334716797,0.03981828689575195,0.03722333908081055,0.01784801483154297,0.0,0.0,0.12485313415527344,0
1745923208.3989265,0.030191421508789062,0.03995108604431152,0.03724193572998047,0.01947307586669922,0.0,0.0,0.12685751914978027,0
1745923208.4111266,0.02869272232055664,0.04201853275299072,0.03705596923828125,0.01986980438232422,0.0,0.0,0.12763702869415283,0
1745923208.425878,0.027194499969482422,0.040576934814453125,0.03778219223022461,0.01739501953125,0.0,0.0,0.12294864654541016,0
1745923208.4353518,0.030077457427978516,0.04006481170654297,0.03660869598388672,0.014863014221191406,0.0,0.0,0.12161397933959961,0
1745923208.4500096,0.03163290023803711,0.040975332260131836,0.03526782989501953,0.0166015625,0.0,0.0,0.12447762489318848,0
1745923208.459878,0.02952718734741211,0.03924918174743652,0.036832332611083984,0.018698692321777344,0.0,0.0,0.12430739402770996,0
1745923208.4721997,0.029280662536621094,0.04002690315246582,0.03618049621582031,0.016203880310058594,0.0,0.0,0.12169194221496582,0
1745923208.4846406,0.030248165130615234,0.03911638259887695,0.03543519973754883,0.0173187255859375,0.0,0.0,0.12211847305297852,0
1745923208.4976811,0.028711795806884766,0.0392681360244751,0.03442955017089844,0.018698692321777344,0.0,0.0,0.12110817432403564,0
1745923208.5093777,0.028237342834472656,0.04177200794219971,0.032958030700683594,0.019888877868652344,0.0,0.0,0.1228562593460083,0
1745923208.525232,0.027137279510498047,0.04249274730682373,0.03511857986450195,0.019605636596679688,0.0,0.0,0.12435424327850342,0
1745923208.534066,0.028825759887695312,0.042113423347473145,0.036832332611083984,0.018207550048828125,0.0,0.0,0.12597906589508057,0
1745923208.5471146,0.02816152572631836,0.03957164287567139,0.03614330291748047,0.017867088317871094,0.0,0.0,0.12174355983734131,0
1745923208.5600753,0.029508590698242188,0.03776967525482178,0.03489542007446289,0.019303321838378906,0.0,0.0,0.12147700786590576,0
1745923208.5786958,0.030855178833007812,0.04089939594268799,0.03418731689453125,0.01864147186279297,0.0,0.0,0.12458336353302002,0
1745923208.5967062,0.03066539764404297,0.04162025451660156,0.0344853401184082,0.016790390014648438,0.0,0.0,0.12356138229370117,0
1745923208.5967062,0.03159475326538086,0.041961669921875,0.03480195999145508,0.017961502075195312,0.0,0.0,0.12631988525390625,0
1745923208.6086154,0.029679298400878906,0.04059600830078125,0.03247404098510742,0.016393661499023438,0.0,0.0,0.11914300918579102,0
1745923208.6255708,0.029641151428222656,0.03915441036224365,0.033609867095947266,0.017470359802246094,0.0,0.0,0.11987578868865967,0
1745923208.6338124,0.029053211212158203,0.03949582576751709,0.03400135040283203,0.01616668701171875,0.0,0.0,0.11871707439422607,0
1745923208.646987,0.029280662536621094,0.04120290279388428,0.034317970275878906,0.01741313934326172,0.0,0.0,0.122214674949646,0
1745923208.6588888,0.02685260772705078,0.04103219509124756,0.036571502685546875,0.020549774169921875,0.0,0.0,0.1250060796737671,0
1745923208.6751223,0.026871681213378906,0.04072868824005127,0.03554725646972656,0.02011585235595703,0.0,0.0,0.12326347827911377,0
1745923208.6840568,0.027782440185546875,0.03883194923400879,0.03469038009643555,0.018604278564453125,0.0,0.0,0.11990904808044434,0
1745923208.69669,0.029053211212158203,0.039647579193115234,0.03299522399902344,0.019700050354003906,0.0,0.0,0.12139606475830078,0
1745923208.7071993,0.030684471130371094,0.04033041000366211,0.03446674346923828,0.01854705810546875,0.0,0.0,0.12402868270874023,0
1745923208.7252212,0.029887676239013672,0.04099428653717041,0.034951210021972656,0.017734527587890625,0.0,0.0,0.12356770038604736,0
1745923208.7326162,0.030836105346679688,0.04002690315246582,0.03301382064819336,0.016771316528320312,0.0,0.0,0.12064814567565918,0
1745923208.7457042,0.030039310455322266,0.040140748023986816,0.03374052047729492,0.01780986785888672,0.0,0.0,0.12173044681549072,0
1745923208.7603729,0.02966022491455078,0.041449546813964844,0.033609867095947266,0.01934051513671875,0.0,0.0,0.12406015396118164,0
1745923208.768615,0.02846527099609375,0.03957164287567139,0.034578800201416016,0.017545700073242188,0.0,0.0,0.12016141414642334,0
1745923208.7818575,0.02939462661743164,0.03695404529571533,0.0349884033203125,0.01780986785888672,0.0,0.0,0.11914694309234619,0
1745923208.7935572,0.027915000915527344,0.03955268859863281,0.034783363342285156,0.017564773559570312,0.0,0.0,0.11981582641601562,0
1745923208.8056812,0.028370380401611328,0.041411638259887695,0.03480195999145508,0.018301963806152344,0.0,0.0,0.12288594245910645,0
1745923208.817906,0.029736042022705078,0.03849053382873535,0.03416872024536133,0.01607227325439453,0.0,0.0,0.11846756935119629,0
1745923208.8313184,0.030418872833251953,0.040140748023986816,0.03551006317138672,0.012708663940429688,0.0,0.0,0.11877834796905518,0
1745923208.8422756,0.03197431564331055,0.03923022747039795,0.0367579460144043,0.015901565551757812,0.0,0.0,0.1238640546798706,0
1745923208.8583174,0.029736042022705078,0.038016319274902344,0.036925315856933594,0.017129898071289062,0.0,0.0,0.12180757522583008,0
1745923208.8680525,0.02873086929321289,0.03721964359283447,0.03379631042480469,0.015504837036132812,0.0,0.0,0.11525166034698486,0
1745923208.8793073,0.03132915496826172,0.040178656578063965,0.03325605392456055,0.015750885009765625,0.0,0.0,0.12051475048065186,0
1745923208.8920887,0.030248165130615234,0.03979933261871338,0.034503936767578125,0.019397735595703125,0.0,0.0,0.12394917011260986,0
1745923208.9085624,0.026776790618896484,0.03665053844451904,0.033125877380371094,0.019019126892089844,0.0,0.0,0.11557233333587646,0
1745923208.9172225,0.028502941131591797,0.03710579872131348,0.03357267379760742,0.015939712524414062,0.0,0.0,0.11512112617492676,0
1745923208.9315152,0.02933788299560547,0.04069077968597412,0.03560304641723633,0.01607227325439453,0.0,0.0,0.12170398235321045,0
1745923208.9414907,0.028977394104003906,0.03957164287567139,0.03632926940917969,0.01563739776611328,0.0,0.0,0.12051570415496826,0
1745923208.9578147,0.026966571807861328,0.03721964359283447,0.03813600540161133,0.014466285705566406,0.0,0.0,0.11678850650787354,0
1745923208.9672866,0.029508590698242188,0.0357590913772583,0.038285255432128906,0.013767242431640625,0.0,0.0,0.11732017993927002,0
1745923208.9789312,0.031613826751708984,0.038016319274902344,0.037093162536621094,0.01722431182861328,0.0,0.0,0.1239476203918457,0
1745923208.9908557,0.03127241134643555,0.03803527355194092,0.03586387634277344,0.017867088317871094,0.0,0.0,0.123038649559021,0
1745923209.0043902,0.03005838394165039,0.038774967193603516,0.0351557731628418,0.017867088317871094,0.0,0.0,0.1218562126159668,0
1745923209.0160377,0.029318809509277344,0.036745429039001465,0.03733539581298828,0.016336441040039062,0.0,0.0,0.11973607540130615,0
1745923209.0280442,0.02793407440185547,0.03672647476196289,0.03688812255859375,0.015240669250488281,0.0,0.0,0.11678934097290039,0
1745923209.0409112,0.027649402618408203,0.038281798362731934,0.036925315856933594,0.015051841735839844,0.0,0.0,0.11790835857391357,0
1745923209.0585332,0.028882503509521484,0.03627121448516846,0.036199092864990234,0.015467643737792969,0.0,0.0,0.11682045459747314,0
1745923209.0648015,0.031386375427246094,0.03596770763397217,0.035416603088378906,0.015504837036132812,0.0,0.0,0.11827552318572998,0
1745923209.0787876,0.03076028823852539,0.03668856620788574,0.03707456588745117,0.016185760498046875,0.0,0.0,0.12070918083190918,0
1745923209.0931985,0.031234264373779297,0.0372006893157959,0.0362548828125,0.016733169555664062,0.0,0.0,0.12142300605773926,0
1745923209.1018147,0.03142404556274414,0.037674903869628906,0.036664485931396484,0.015996932983398438,0.0,0.0,0.12176036834716797,0
1745923209.11487,0.030418872833251953,0.038111090660095215,0.0332188606262207,0.015883445739746094,0.0,0.0,0.11763226985931396,0
1745923209.126746,0.02886343002319336,0.03862321376800537,0.034578800201416016,0.015202522277832031,0.0,0.0,0.11726796627044678,0
1745923209.1393604,0.027858257293701172,0.03695404529571533,0.03394508361816406,0.014674186706542969,0.0,0.0,0.11343157291412354,0
1745923209.1511414,0.028882503509521484,0.03680229187011719,0.0333867073059082,0.01626110076904297,0.0,0.0,0.11533260345458984,0
1745923209.1655877,0.029185771942138672,0.038414597511291504,0.03418731689453125,0.014655113220214844,0.0,0.0,0.11644279956817627,0
1745923209.1768823,0.028123855590820312,0.04112708568572998,0.035305023193359375,0.0169219970703125,0.0,0.0,0.12147796154022217,0
1745923209.1916642,0.02895832061767578,0.039381980895996094,0.036217689514160156,0.020946502685546875,0.0,0.0,0.1255044937133789,0
1745923209.2010472,0.029906749725341797,0.0358349084854126,0.037297725677490234,0.019454002380371094,0.0,0.0,0.12249338626861572,0
1745923209.2139492,0.028332233428955078,0.03776967525482178,0.035565853118896484,0.01629924774169922,0.0,0.0,0.11796700954437256,0
1745923209.2279706,0.029508590698242188,0.039040565490722656,0.034578800201416016,0.01626110076904297,0.0,0.0,0.11938905715942383,0
1745923209.238417,0.03066539764404297,0.03805422782897949,0.03640413284301758,0.018263816833496094,0.0,0.0,0.12338757514953613,0
1745923209.2500489,0.02869272232055664,0.03788352012634277,0.03573322296142578,0.016393661499023438,0.0,0.0,0.11870312690734863,0
1745923209.2634933,0.028446197509765625,0.03816807270050049,0.03508138656616211,0.01616668701171875,0.0,0.0,0.11786234378814697,0
1745923209.2759814,0.02886343002319336,0.03989410400390625,0.032976627349853516,0.01490020751953125,0.0,0.0,0.11663436889648438,0
1745923209.2916038,0.027156352996826172,0.0406339168548584,0.0319523811340332,0.01576995849609375,0.0,0.0,0.11551260948181152,0
1745923209.3001425,0.028009891510009766,0.040178656578063965,0.03303241729736328,0.017281532287597656,0.0,0.0,0.11850249767303467,0
1745923209.3127398,0.02745962142944336,0.039438843727111816,0.03241777420043945,0.016998291015625,0.0,0.0,0.11631453037261963,0
1745923209.3252554,0.026871681213378906,0.038642287254333496,0.03336811065673828,0.019019126892089844,0.0,0.0,0.11790120601654053,0
1745923209.3370988,0.02728891372680664,0.038642287254333496,0.03400135040283203,0.01701641082763672,0.0,0.0,0.11694896221160889,0
1745923209.3492055,0.028370380401611328,0.03769385814666748,0.03353548049926758,0.016846656799316406,0.0,0.0,0.11644637584686279,0
1745923209.361794,0.02865457534790039,0.03646087646484375,0.031188488006591797,0.015883445739746094,0.0,0.0,0.11218738555908203,0
1745923209.3742986,0.027668476104736328,0.03721964359283447,0.03284645080566406,0.01537322998046875,0.0,0.0,0.11310780048370361,0
1745923209.3904123,0.026492595672607422,0.037409305572509766,0.03189659118652344,0.015750885009765625,0.0,0.0,0.11154937744140625,0
1745923209.4009748,0.027971744537353516,0.03778862953186035,0.035416603088378906,0.015618324279785156,0.0,0.0,0.11679530143737793,0
1745923209.4110825,0.027744293212890625,0.03695404529571533,0.036292076110839844,0.015410423278808594,0.0,0.0,0.1164008378982544,0
1745923209.426682,0.025752544403076172,0.038376688957214355,0.035677433013916016,0.01490020751953125,0.0,0.0,0.11470687389373779,0
1745923209.4359684,0.025714874267578125,0.03909742832183838,0.03627347946166992,0.0121612548828125,0.0,0.0,0.11324703693389893,0
1745923209.4477253,0.02802896499633789,0.038774967193603516,0.0349884033203125,0.015656471252441406,0.0,0.0,0.11744880676269531,0
1745923209.460784,0.02586650848388672,0.03923022747039795,0.03401994705200195,0.015958786010742188,0.0,0.0,0.11507546901702881,0
1745923209.4743738,0.027744293212890625,0.03632807731628418,0.03357267379760742,0.014787673950195312,0.0,0.0,0.11243271827697754,0
1745923209.491261,0.029148101806640625,0.03778862953186035,0.03573322296142578,0.01626110076904297,0.0,0.0,0.11893105506896973,0
1745923209.498496,0.028502941131591797,0.03955268859863281,0.03806161880493164,0.014749526977539062,0.0,0.0,0.12086677551269531,0
1745923209.509542,0.02666330337524414,0.03820598125457764,0.038359642028808594,0.015807151794433594,0.0,0.0,0.11903607845306396,0
1745923209.528171,0.02565765380859375,0.03735244274139404,0.035938262939453125,0.017961502075195312,0.0,0.0,0.11690986156463623,0
1745923209.5337253,0.02653026580810547,0.03702998161315918,0.03599405288696289,0.01903820037841797,0.0,0.0,0.11859250068664551,0
1745923209.547504,0.027194499969482422,0.03721964359283447,0.03526782989501953,0.017035484313964844,0.0,0.0,0.11671745777130127,0
1745923209.5601885,0.029148101806640625,0.03640401363372803,0.03474617004394531,0.016355514526367188,0.0,0.0,0.11665380001068115,0
1745923209.5707235,0.029432296752929688,0.036176323890686035,0.036664485931396484,0.016374588012695312,0.0,0.0,0.11864769458770752,0
1745923209.5842266,0.02728891372680664,0.03515207767486572,0.03433656692504883,0.014352798461914062,0.0,0.0,0.11113035678863525,0
1745923209.597026,0.026321887969970703,0.03558838367462158,0.036292076110839844,0.013521194458007812,0.0,0.0,0.11172354221343994,0
1745923209.6085389,0.02516460418701172,0.03574013710021973,0.03409433364868164,0.015089988708496094,0.0,0.0,0.11008906364440918,0
1745923209.6257603,0.02759265899658203,0.03746616840362549,0.03362846374511719,0.014655113220214844,0.0,0.0,0.11334240436553955,0
1745923209.6327112,0.027383804321289062,0.03795933723449707,0.0354914665222168,0.015108108520507812,0.0,0.0,0.11594271659851074,0
1745923209.647645,0.026264667510986328,0.03885090351104736,0.03653430938720703,0.015448570251464844,0.0,0.0,0.11709845066070557,0
1745923209.658468,0.027099609375,0.03917336463928223,0.03770780563354492,0.01646900177001953,0.0,0.0,0.12044978141784668,0
1745923209.670012,0.030513763427734375,0.03702998161315918,0.03623628616333008,0.016147613525390625,0.0,0.0,0.11992764472961426,0
1745923209.6828468,0.028522014617919922,0.037712812423706055,0.03221321105957031,0.017243385314941406,0.0,0.0,0.1156914234161377,0
1745923209.6952791,0.027953147888183594,0.03682124614715576,0.03411293029785156,0.01576995849609375,0.0,0.0,0.11465728282928467,0
1745923209.7108667,0.027858257293701172,0.037276506423950195,0.03536081314086914,0.01629924774169922,0.0,0.0,0.11679482460021973,0
1745923209.7264268,0.027687549591064453,0.03790247440338135,0.03543519973754883,0.01646900177001953,0.0,0.0,0.11749422550201416,0
1745923209.7325997,0.031044960021972656,0.038111090660095215,0.03463459014892578,0.015883445739746094,0.0,0.0,0.11967408657073975,0
1745923209.7479718,0.02886343002319336,0.03729546070098877,0.033516883850097656,0.014692306518554688,0.0,0.0,0.11436808109283447,0
1745923209.7590685,0.02789592742919922,0.03528487682342529,0.033498287200927734,0.014295578002929688,0.0,0.0,0.11097466945648193,0
1745923209.7691183,0.02890157699584961,0.037011027336120605,0.03394508361816406,0.013861656188964844,0.0,0.0,0.11371934413909912,0
1745923209.7814262,0.026151180267333984,0.03574013710021973,0.03320026397705078,0.01567554473876953,0.0,0.0,0.11076712608337402,0
1745923209.7943454,0.02520275115966797,0.03627121448516846,0.033777713775634766,0.01665782928466797,0.0,0.0,0.11190950870513916,0
1745923209.806318,0.02728891372680664,0.03659367561340332,0.03331184387207031,0.016053199768066406,0.0,0.0,0.11324763298034668,0
1745923209.8253813,0.027573585510253906,0.037542104721069336,0.03290224075317383,0.015410423278808594,0.0,0.0,0.11342835426330566,0
1745923209.8307874,0.027668476104736328,0.038073182106018066,0.0310211181640625,0.0157318115234375,0.0,0.0,0.1124945878982544,0
1745923209.8434334,0.026246070861816406,0.037580013275146484,0.031039714813232422,0.015712738037109375,0.0,0.0,0.11057853698730469,0
1745923209.8582304,0.025999069213867188,0.03830075263977051,0.031076908111572266,0.013975143432617188,0.0,0.0,0.10935187339782715,0
1745923209.8682265,0.026681900024414062,0.03955268859863281,0.03280925750732422,0.013861656188964844,0.0,0.0,0.11290550231933594,0
1745923209.8824284,0.023609161376953125,0.03866124153137207,0.03463459014892578,0.01529693603515625,0.0,0.0,0.11220192909240723,0
1745923209.894262,0.025771617889404297,0.037978410720825195,0.033684730529785156,0.014333724975585938,0.0,0.0,0.11176848411560059,0
1745923209.9049497,0.028522014617919922,0.03818702697753906,0.03226900100708008,0.014843940734863281,0.0,0.0,0.11382198333740234,0
1745923209.9164019,0.02759265899658203,0.03763687610626221,0.027351856231689453,0.015013694763183594,0.0,0.0,0.10759508609771729,0
1745923209.9295003,0.02825641632080078,0.037447214126586914,0.030052661895751953,0.013068199157714844,0.0,0.0,0.10882449150085449,0
1745923209.9415767,0.026720046997070312,0.03765594959259033,0.03163576126098633,0.011858940124511719,0.0,0.0,0.10787069797515869,0
1745923209.958514,0.028711795806884766,0.03682124614715576,0.029512405395507812,0.013672828674316406,0.0,0.0,0.10871827602386475,0
1745923209.9668114,0.02819967269897461,0.037845611572265625,0.03254842758178711,0.01603412628173828,0.0,0.0,0.11462783813476562,0
1745923209.981358,0.02909088134765625,0.03879404067993164,0.03303241729736328,0.018793106079101562,0.0,0.0,0.11971044540405273,0
1745923209.9923625,0.02683401107788086,0.03915441036224365,0.03215742111206055,0.017526626586914062,0.0,0.0,0.11567246913909912,0
1745923210.0045586,0.027099609375,0.039438843727111816,0.029754638671875,0.014919281005859375,0.0,0.0,0.11121237277984619,0
1745923210.0179238,0.028673648834228516,0.03799736499786377,0.029438018798828125,0.01696014404296875,0.0,0.0,0.11306917667388916,0
1745923210.0281844,0.03000164031982422,0.039381980895996094,0.033591270446777344,0.018263816833496094,0.0,0.0,0.12123870849609375,0
1745923210.0406327,0.029868602752685547,0.03941988945007324,0.03483915328979492,0.017772674560546875,0.0,0.0,0.12190032005310059,0
1745923210.0577066,0.029413700103759766,0.03776967525482178,0.03595685958862305,0.01661968231201172,0.0,0.0,0.11975991725921631,0
1745923210.064503,0.026985645294189453,0.03629016876220703,0.031859397888183594,0.015562057495117188,0.0,0.0,0.11069726943969727,0
1745923210.0777767,0.027042388916015625,0.037542104721069336,0.033237457275390625,0.0137481689453125,0.0,0.0,0.11157011985778809,0
1745923210.0940583,0.028142452239990234,0.035607337951660156,0.034857749938964844,0.015089988708496094,0.0,0.0,0.11369752883911133,0
1745923210.1022677,0.029109954833984375,0.03678333759307861,0.033684730529785156,0.016846656799316406,0.0,0.0,0.11642467975616455,0
1745923210.114841,0.028578758239746094,0.036214351654052734,0.033051490783691406,0.01576995849609375,0.0,0.0,0.11361455917358398,0
1745923210.1273882,0.02745962142944336,0.03663158416748047,0.035025596618652344,0.014314651489257812,0.0,0.0,0.11343145370483398,0
1745923210.138994,0.02653026580810547,0.03778862953186035,0.03552865982055664,0.013030052185058594,0.0,0.0,0.11287760734558105,0
1745923210.1518176,0.025714874267578125,0.03638505935668945,0.03392648696899414,0.012217521667480469,0.0,0.0,0.10824394226074219,0
1745923210.1637821,0.026492595672607422,0.03627121448516846,0.0338892936706543,0.013010978698730469,0.0,0.0,0.10966408252716064,0
1745923210.1760428,0.029148101806640625,0.03721964359283447,0.032865047454833984,0.012217521667480469,0.0,0.0,0.11145031452178955,0
1745923210.1925895,0.03022909164428711,0.036214351654052734,0.034224510192871094,0.012066841125488281,0.0,0.0,0.11273479461669922,0
1745923210.2004645,0.028389453887939453,0.036309123039245605,0.03416872024536133,0.013276100158691406,0.0,0.0,0.11214339733123779,0
1745923210.214422,0.02379894256591797,0.037674903869628906,0.032697200775146484,0.013105392456054688,0.0,0.0,0.10727643966674805,0
1745923210.2256827,0.024937152862548828,0.03469681739807129,0.03215742111206055,0.012652397155761719,0.0,0.0,0.10444378852844238,0
1745923210.2383184,0.02736520767211914,0.032913804054260254,0.03111410140991211,0.015316009521484375,0.0,0.0,0.10670912265777588,0
1745923210.2498837,0.02736520767211914,0.03462100028991699,0.030630111694335938,0.015845298767089844,0.0,0.0,0.10846161842346191,0
1745923210.2705526,0.02776336669921875,0.03763687610626221,0.03182172775268555,0.015486717224121094,0.0,0.0,0.1127086877822876,0
1745923210.2750523,0.026113033294677734,0.03928720951080322,0.031076908111572266,0.014863014221191406,0.0,0.0,0.11134016513824463,0
1745923210.291885,0.026397705078125,0.03983724117279053,0.03210115432739258,0.0129547119140625,0.0,0.0,0.1112908124923706,0
1745923210.2998266,0.027706623077392578,0.038680195808410645,0.031598567962646484,0.015977859497070312,0.0,0.0,0.11396324634552002,0
1745923210.3117583,0.027402877807617188,0.03843355178833008,0.033759117126464844,0.01775360107421875,0.0,0.0,0.11734914779663086,0
1745923210.3282938,0.024671554565429688,0.03682124614715576,0.03353548049926758,0.014050483703613281,0.0,0.0,0.10907876491546631,0
1745923210.3364515,0.027156352996826172,0.03536069393157959,0.032604217529296875,0.013237953186035156,0.0,0.0,0.10835921764373779,0
1745923210.3492224,0.02776336669921875,0.03869915008544922,0.03416872024536133,0.013540267944335938,0.0,0.0,0.11417150497436523,0
1745923210.3628829,0.027516841888427734,0.03923022747039795,0.03396415710449219,0.015448570251464844,0.0,0.0,0.11615979671478271,0
1745923210.3872094,0.02529764175415039,0.03962862491607666,0.031877994537353516,0.015429496765136719,0.0,0.0,0.11223375797271729,0
1745923210.3944604,0.025183677673339844,0.03412783145904541,0.032436370849609375,0.013484001159667969,0.0,0.0,0.1052318811416626,0
1745923210.3986015,0.027706623077392578,0.03352081775665283,0.036049842834472656,0.015694618225097656,0.0,0.0,0.11297190189361572,0
1745923210.4107256,0.029679298400878906,0.03496241569519043,0.033759117126464844,0.016979217529296875,0.0,0.0,0.11538004875183105,0
1745923210.4269128,0.028578758239746094,0.03629016876220703,0.03191518783569336,0.014031410217285156,0.0,0.0,0.11081552505493164,0
1745923210.438068,0.02590465545654297,0.03545558452606201,0.03273439407348633,0.013956069946289062,0.0,0.0,0.10805070400238037,0
1745923210.4479673,0.027782440185546875,0.03539872169494629,0.034317970275878906,0.0133514404296875,0.0,0.0,0.11085057258605957,0
1745923210.4615066,0.027649402618408203,0.03416574001312256,0.032492637634277344,0.013861656188964844,0.0,0.0,0.10816943645477295,0
1745923210.472355,0.025942325592041016,0.034108877182006836,0.03228759765625,0.015032768249511719,0.0,0.0,0.10737156867980957,0
1745923210.4849043,0.02345752716064453,0.03585398197174072,0.03394508361816406,0.016242027282714844,0.0,0.0,0.10949862003326416,0
1745923210.4999442,0.025088787078857422,0.03336906433105469,0.034299373626708984,0.015504837036132812,0.0,0.0,0.1082620620727539,0
1745923210.510453,0.02749776840209961,0.03488659858703613,0.03048086166381836,0.014787673950195312,0.0,0.0,0.10765290260314941,0
1745923210.5270379,0.027915000915527344,0.03492450714111328,0.030909061431884766,0.012369155883789062,0.0,0.0,0.10611772537231445,0
1745923210.5352237,0.02618885040283203,0.03350186347961426,0.03174734115600586,0.013823509216308594,0.0,0.0,0.10526156425476074,0
1745923210.546372,0.025999069213867188,0.034943461418151855,0.034951210021972656,0.013218879699707031,0.0,0.0,0.10911262035369873,0
1745923210.5592203,0.025449275970458984,0.03408992290496826,0.033125877380371094,0.011839866638183594,0.0,0.0,0.10450494289398193,0
1745923210.571473,0.026814937591552734,0.03333115577697754,0.03236198425292969,0.014333724975585938,0.0,0.0,0.1068418025970459,0
1745923210.5830734,0.027877330780029297,0.03405189514160156,0.03320026397705078,0.01563739776611328,0.0,0.0,0.11076688766479492,0
1745923210.5987856,0.03089284896850586,0.036707520484924316,0.03474617004394531,0.014863014221191406,0.0,0.0,0.1172095537185669,0
1745923210.6077564,0.027611732482910156,0.03574013710021973,0.03342390060424805,0.015581130981445312,0.0,0.0,0.11235690116882324,0
1745923210.627042,0.024747371673583984,0.034507155418395996,0.03217601776123047,0.014352798461914062,0.0,0.0,0.10578334331512451,0
1745923210.6327622,0.027516841888427734,0.03456413745880127,0.03416872024536133,0.013484001159667969,0.0,0.0,0.1097337007522583,0
1745923210.6465786,0.027137279510498047,0.03606259822845459,0.03400135040283203,0.0133514404296875,0.0,0.0,0.11055266857147217,0
1745923210.6601965,0.027004718780517578,0.03759896755218506,0.03264141082763672,0.010366439819335938,0.0,0.0,0.10761153697967529,0
1745923210.6691658,0.028844356536865234,0.0358349084854126,0.03189659118652344,0.010894775390625,0.0,0.0,0.10747063159942627,0
1745923210.6816041,0.03022909164428711,0.035341739654541016,0.032324790954589844,0.014220237731933594,0.0,0.0,0.11211585998535156,0
1745923210.6982963,0.029413700103759766,0.034639954566955566,0.033777713775634766,0.014258384704589844,0.0,0.0,0.11208975315093994,0
1745923210.7070832,0.027971744537353516,0.03572118282318115,0.03392648696899414,0.014428138732910156,0.0,0.0,0.11204755306243896,0
1745923210.7256072,0.029280662536621094,0.03545558452606201,0.03241777420043945,0.014768600463867188,0.0,0.0,0.11192262172698975,0
1745923210.732044,0.02692890167236328,0.03496241569519043,0.03150510787963867,0.013370513916015625,0.0,0.0,0.10676693916320801,0
1745923210.7456787,0.02573394775390625,0.03663158416748047,0.030052661895751953,0.012179374694824219,0.0,0.0,0.10459756851196289,0
1745923210.7605963,0.025316238403320312,0.038945674896240234,0.031095504760742188,0.013880729675292969,0.0,0.0,0.1092381477355957,0
1745923210.769068,0.02410268783569336,0.040709733963012695,0.030313491821289062,0.012595176696777344,0.0,0.0,0.10772109031677246,0
1745923210.7801528,0.024785518646240234,0.03913545608520508,0.030350685119628906,0.012822151184082031,0.0,0.0,0.10709381103515625,0
1745923210.7934563,0.02613210678100586,0.038642287254333496,0.03284645080566406,0.013975143432617188,0.0,0.0,0.1115959882736206,0
1745923210.8059707,0.02393198013305664,0.038111090660095215,0.03198957443237305,0.015883445739746094,0.0,0.0,0.109916090965271,0
1745923210.8183854,0.023912906646728516,0.0386042594909668,0.029810428619384766,0.014258384704589844,0.0,0.0,0.10658597946166992,0
1745923210.8311684,0.02472829818725586,0.037447214126586914,0.031002521514892578,0.014730453491210938,0.0,0.0,0.10790848731994629,0
1745923210.843271,0.025639057159423828,0.0351710319519043,0.032511234283447266,0.013162612915039062,0.0,0.0,0.10648393630981445,0
1745923210.8588474,0.026473522186279297,0.033615708351135254,0.033051490783691406,0.013294219970703125,0.0,0.0,0.10643494129180908,0
1745923210.8674312,0.027251243591308594,0.034108877182006836,0.03409433364868164,0.017389297485351562,0.0,0.0,0.11284375190734863,0
1745923210.8803625,0.029906749725341797,0.013899445533752441,0.06005859375,0.23781108856201172,0.0,0.0,0.34167587757110596,0
1745923210.892823,0.09068059921264648,0.22962403297424316,0.3085637092590332,0.47147655487060547,-0.6099392175674438,-8.774020195007324,1.1003448963165283,0
1745923210.907167,0.2799258232116699,0.39790940284729004,0.7374038696289062,0.691009521484375,2.1852035522460938,-7.483513832092285,2.106248617172241,0
1745923210.9169395,0.3541860580444336,0.5374389886856079,1.0263645648956299,1.003464698791504,1.9758235216140747,-8.181640625,2.921454429626465,0
1745923210.9295096,0.6820693016052246,0.7039222717285156,1.4089384078979492,1.4323654174804688,-0.010425839573144913,-7.22957706451416,4.227295398712158,0
1745923210.9419417,0.9167237281799316,0.876247763633728,1.8157999515533447,2.122744560241699,-1.6972438097000122,-7.8612775802612305,5.731515884399414,0
1745923210.9592862,1.2615456581115723,1.179510235786438,2.5267090797424316,3.0775299072265625,-2.202526807785034,-8.256608009338379,8.045294761657715,0
1745923210.9672089,1.7218074798583984,1.6769115924835205,3.7106575965881348,4.138199806213379,-1.1760987043380737,-8.308714866638184,11.247576713562012,0
1745923210.9786558,2.214390754699707,2.891024112701416,5.237897872924805,5.143699645996094,1.3936368227005005,-7.1543707847595215,15.48701286315918,0
1745923210.9943662,2.7111663818359375,3.4032583236694336,6.766106605529785,5.954132080078125,2.235976457595825,-7.365254878997803,18.83466339111328,0
1745923211.0044498,3.158738374710083,3.806824207305908,8.061809539794922,6.532676696777344,2.827549934387207,-7.430752754211426,21.560049057006836,0
1745923211.0160773,3.5153961181640625,4.119817733764648,9.050411224365234,7.0117034912109375,3.1230363845825195,-7.467715740203857,23.697328567504883,0
1745923211.0287764,3.8141252994537354,4.3894877433776855,10.404989242553711,7.610937118530273,3.5982182025909424,-7.8589701652526855,26.219539642333984,0
1745923211.0411181,4.15494441986084,4.712097644805908,11.191594123840332,8.379915237426758,3.3168818950653076,-7.904545783996582,28.43855094909668,0
1745923211.0605092,4.621257305145264,5.122302532196045,12.086563110351562,9.26949691772461,2.987403631210327,-7.841333866119385,31.099620819091797,0
1745923211.065047,5.765377521514893,5.535580158233643,13.008186340332031,10.296798706054688,2.007878541946411,-7.284430503845215,34.60594177246094,0
1745923211.0782409,6.402384281158447,6.343148708343506,13.977770805358887,11.329486846923828,1.9050731658935547,-6.932375431060791,38.052791595458984,0
1745923211.091524,6.997926712036133,6.683683395385742,14.898163795471191,12.249431610107422,1.6009550094604492,-6.926063537597656,40.82920455932617,0
1745923211.1016397,7.52607536315918,6.987420082092285,15.710732460021973,13.06793212890625,1.3608944416046143,-6.919694900512695,43.29216003417969,0
1745923211.1153407,8.032050132751465,7.285713195800781,16.439186096191406,13.839651107788086,1.1380139589309692,-6.890481472015381,45.59660339355469,0
1745923211.127226,8.553086280822754,7.6009063720703125,17.117595672607422,14.55752182006836,0.9412899017333984,-6.814754486083984,47.82910919189453,0
1745923211.141105,9.089714050292969,7.9273481369018555,17.749286651611328,15.18364143371582,0.7866237163543701,-6.691356658935547,49.949989318847656,0
1745923211.1590457,9.600317001342773,8.229928016662598,18.289993286132812,15.73971939086914,0.6370377540588379,-6.559758186340332,51.85995864868164,0
1745923211.1657786,10.096693992614746,8.50830364227295,18.70844268798828,16.268230438232422,0.44513383507728577,-6.416470050811768,53.581668853759766,0
1745923211.1765015,10.631423950195312,9.07103157043457,19.00650978088379,16.833492279052734,0.30883586406707764,-6.101431369781494,55.542457580566406,0
1745923211.1940024,11.238290786743164,9.398098945617676,19.221229553222656,17.477863311767578,-0.04728561267256737,-5.883211135864258,57.33548355102539,0
1745923211.2003996,11.960312843322754,9.746696472167969,19.422666549682617,18.05478286743164,-0.4001132845878601,-5.595712661743164,59.1844596862793,0
1745923211.2138734,13.45936393737793,10.048384666442871,19.58493423461914,18.496078491210938,-1.0557029247283936,-4.969065189361572,61.58876037597656,0
1745923211.2258625,14.10048770904541,10.299844741821289,19.637832641601562,18.911582946777344,-1.3674874305725098,-4.720125675201416,62.94974899291992,0
1745923211.2376244,14.73794937133789,10.5308198928833,19.624439239501953,19.341861724853516,-1.7107086181640625,-4.478055477142334,64.23506927490234,0
1745923211.2508268,15.341819763183594,10.758304595947266,19.62944984436035,19.644775390625,-1.9696950912475586,-4.231874942779541,65.37435150146484,0
1745923211.2635581,15.795063018798828,10.916537284851074,19.552133560180664,19.76303482055664,-2.158276081085205,-4.008601188659668,66.02676391601562,0
1745923211.274721,16.072433471679688,10.951362609863281,19.36526107788086,19.792869567871094,-2.3475143909454346,-3.850311040878296,66.18193054199219,0
1745923211.2935731,16.25775146484375,10.895539283752441,19.114931106567383,19.81187629699707,-2.567434549331665,-3.7415785789489746,66.08009338378906,0
1745923211.300896,16.418298721313477,10.819761276245117,18.823139190673828,19.814786911010742,-2.8010995388031006,-3.6340582370758057,65.87598419189453,0
1745923211.311466,16.56363296508789,10.731199264526367,18.50696563720703,19.804224014282227,-3.0428829193115234,-3.5262539386749268,65.60601806640625,0
1745923211.3261797,16.693885803222656,10.634992599487305,18.17261505126953,19.807662963867188,-3.298624038696289,-3.424931526184082,65.30915832519531,0
1745923211.3377275,16.834592819213867,10.544610023498535,17.82915496826172,19.808778762817383,-3.5613536834716797,-3.3134846687316895,65.01713562011719,0
1745923211.3490999,16.987533569335938,10.450736045837402,17.478954315185547,19.80651092529297,-3.8347890377044678,-3.1949806213378906,64.72373962402344,0
1745923211.361704,17.244094848632812,10.340968132019043,17.122604370117188,19.855579376220703,-4.179015636444092,-3.0552291870117188,64.56324768066406,0
1745923211.3734145,17.36754035949707,10.128941535949707,16.80847930908203,19.967321395874023,-4.529609680175781,-3.0318777561187744,64.27228546142578,0
1745923211.3865173,17.500202178955078,10.035808563232422,16.552934646606445,20.13912582397461,-4.817462921142578,-2.9936611652374268,64.22807312011719,0
1745923211.4052265,17.656330108642578,9.95767879486084,16.32998275756836,20.38148307800293,-5.114678859710693,-2.9699978828430176,64.32547760009766,0
1745923211.4197574,17.857830047607422,9.905231475830078,16.14881134033203,20.654375076293945,-5.402646541595459,-2.9402759075164795,64.56624603271484,0
1745923211.4265838,18.078712463378906,9.865588188171387,16.01107406616211,20.905290603637695,-5.658367156982422,-2.9048943519592285,64.86066436767578,0
1745923211.4352307,18.281084060668945,9.825357437133789,15.888646125793457,21.072050094604492,-5.869255065917969,-2.857653856277466,65.067138671875,0
1745923211.4478443,18.43593978881836,9.763653755187988,15.754186630249023,21.229402542114258,-6.077182292938232,-2.8299312591552734,65.18318176269531,0
1745923211.4613307,18.54168701171875,9.66096019744873,15.55844783782959,21.60114860534668,-6.3929266929626465,-2.8777451515197754,65.36224365234375,0
1745923211.4732192,18.749767303466797,9.584271430969238,15.362076759338379,22.146211624145508,-6.78271484375,-2.92607045173645,65.84232330322266,0
1745923211.4848108,19.137401580810547,9.600641250610352,15.265445709228516,22.618284225463867,-7.0984110832214355,-2.8828320503234863,66.62177276611328,0
1745923211.4979622,19.795669555664062,9.592978477478027,15.23624038696289,22.894784927368164,-7.40694522857666,-2.7190585136413574,67.5196762084961,0
1745923211.509056,19.897794723510742,9.545196533203125,15.162128448486328,22.998327255249023,-7.5334367752075195,-2.70794939994812,67.60344696044922,0
1745923211.5253878,19.885787963867188,9.458683013916016,15.07266902923584,23.051477432250977,-7.638595104217529,-2.732724905014038,67.46862030029297,0
1745923211.5350049,19.859384536743164,9.371392250061035,14.995800018310547,23.120893478393555,-7.738470554351807,-2.7707674503326416,67.34747314453125,0
1745923211.548031,19.853656768798828,9.31090259552002,14.969090461730957,23.190614700317383,-7.804018974304199,-2.805795192718506,67.32426452636719,0
1745923211.55952,19.850658416748047,9.268754959106445,14.964247703552246,23.2431583404541,-7.843871116638184,-2.8346476554870605,67.32682037353516,0
1745923211.571099,19.854812622070312,9.241896629333496,14.966334342956543,23.194372177124023,-7.843696594238281,-2.830080509185791,67.25741577148438,0
1745923211.5837994,19.8022518157959,9.15652084350586,14.9329195022583,23.055368423461914,-7.849621295928955,-2.8323850631713867,66.94705963134766,0
1745923211.5957432,19.695215225219727,9.0921049118042,14.852493286132812,22.92673683166504,-7.85628604888916,-2.8367111682891846,66.5665512084961,0
1745923211.6093614,19.588727951049805,9.045025825500488,14.758284568786621,22.91046714782715,-7.89539909362793,-2.8616552352905273,66.30250549316406,0
1745923211.6266034,19.554054260253906,9.047758102416992,14.71490478515625,23.130338668823242,-7.973392486572266,-2.921304225921631,66.44705963134766,0
1745923211.634074,19.646636962890625,9.141706466674805,14.793319702148438,23.587980270385742,-8.045130729675293,-2.9991543292999268,67.16964721679688,0
1745923211.6462634,20.28178596496582,9.335238456726074,15.050932884216309,23.956586837768555,-8.100042343139648,-2.8736133575439453,68.62454223632812,0
1745923211.6601274,20.4710693359375,9.54075813293457,15.390387535095215,24.057161331176758,-7.899846076965332,-2.8527486324310303,69.4593734741211,0
1745923211.6707208,20.45172119140625,9.66482925415039,15.661616325378418,23.999082565307617,-7.674163341522217,-2.872384548187256,69.77725219726562,0
1745923211.682233,20.340415954589844,9.788046836853027,15.866202354431152,23.879365921020508,-7.439600467681885,-2.8903322219848633,69.87403106689453,0
1745923211.6956315,20.206140518188477,9.837401390075684,16.052570343017578,23.735658645629883,-7.238125324249268,-2.9304494857788086,69.83177185058594,0
1745923211.7072375,20.069570541381836,9.87877082824707,16.21927261352539,23.74281883239746,-7.094817161560059,-3.0079734325408936,69.91043090820312,0
1745923211.7283921,19.9849910736084,9.91405200958252,16.354867935180664,24.164823532104492,-7.109826564788818,-3.167247772216797,70.41873931884766,0
1745923211.732914,20.104812622070312,9.958342552185059,16.482845306396484,24.675764083862305,-7.209915637969971,-3.2715349197387695,71.22176361083984,0
1745923211.745221,20.344493865966797,10.004055976867676,16.703617095947266,25.21183204650879,-7.303253650665283,-3.3613548278808594,72.26399993896484,0
1745923211.760114,20.624387741088867,10.006503105163574,16.640233993530273,25.717519760131836,-7.555487632751465,-3.3740060329437256,72.9886474609375,0
1745923211.769423,21.108055114746094,10.01427936553955,16.491302490234375,26.008020401000977,-7.83864164352417,-3.2451963424682617,73.62165832519531,0
1745923211.7813282,21.6251277923584,9.840607643127441,16.26792335510254,26.069578170776367,-8.1895170211792,-3.0934560298919678,73.80323791503906,0
1745923211.7934952,21.492597579956055,9.638937950134277,15.990845680236816,25.941133499145508,-8.355888366699219,-3.104276657104492,73.06351470947266,0
1745923211.8071704,21.29271125793457,9.393280982971191,15.622353553771973,25.68345069885254,-8.541177749633789,-3.0977981090545654,71.9917984008789,0
1745923211.818078,21.07931900024414,9.130894660949707,15.18163013458252,25.403799057006836,-8.768569946289062,-3.0775845050811768,70.79563903808594,0
1745923211.8314397,20.835939407348633,8.877860069274902,14.766907691955566,25.23503303527832,-9.007059097290039,-3.0990278720855713,69.71573638916016,0
1745923211.8432503,20.613861083984375,8.638785362243652,14.398228645324707,25.189970016479492,-9.260068893432617,-3.1528751850128174,68.8408432006836,0
1745923211.859612,20.428674697875977,8.403068542480469,14.03614330291748,25.25288963317871,-9.553412437438965,-3.223731279373169,68.12077331542969,0
1745923211.8686516,20.231464385986328,8.169513702392578,13.693950653076172,25.561735153198242,-9.903422355651855,-3.3691999912261963,67.65666198730469,0
1745923211.8807876,19.994665145874023,7.717997074127197,13.421791076660156,26.45604133605957,-10.4852876663208,-3.7796521186828613,67.59049224853516,0
1745923211.8932824,19.714279174804688,7.500811576843262,13.237786293029785,28.42775535583496,-11.139507293701172,-4.405584812164307,68.88063049316406,0
1745923211.9059596,19.428543090820312,7.298592567443848,13.240934371948242,31.329030990600586,-11.867317199707031,-5.255465030670166,71.29710388183594,0
1745923211.9177728,19.09054946899414,7.065587997436523,13.508829116821289,34.20878601074219,-12.403563499450684,-6.129254341125488,73.87374877929688,0
1745923211.9312246,17.931957244873047,6.756046772003174,13.882630348205566,36.35087585449219,-12.573644638061523,-7.160233974456787,74.9215087890625,0
1745923211.9514756,17.075014114379883,6.382545471191406,14.152685165405273,37.773292541503906,-12.745038032531738,-7.930601596832275,75.38353729248047,0
1745923211.961381,16.136680603027344,5.953296661376953,14.235960960388184,38.773841857910156,-12.945383071899414,-8.646048545837402,75.09977722167969,0
1745923211.966457,15.23768424987793,5.486016273498535,14.113161087036133,39.579627990722656,-13.251200675964355,-9.303728103637695,74.41648864746094,0
1745923211.979702,14.465339660644531,4.648857593536377,13.868064880371094,40.22040557861328,-13.834565162658691,-10.03323745727539,73.20266723632812,0
1745923211.9930627,13.813821792602539,4.304965496063232,13.346821784973145,40.64020538330078,-14.290977478027344,-10.446216583251953,72.10581970214844,0
1745923212.0033224,13.230855941772461,3.9943432807922363,13.065404891967773,40.93714904785156,-14.58745002746582,-10.84302806854248,71.22775268554688,0
1745923212.0167196,12.712190628051758,3.7155685424804688,12.787693977355957,41.29402160644531,-14.892786026000977,-11.214564323425293,70.50947570800781,0
1745923212.027873,12.2835111618042,3.4735922813415527,12.55472183227539,41.817848205566406,-15.201059341430664,-11.563220977783203,70.12966918945312,0
1745923212.040441,11.96329116821289,3.2795863151550293,12.397296905517578,42.51850128173828,-15.486858367919922,-11.874958038330078,70.15867614746094,0
1745923212.0596418,11.737531661987305,3.1262288093566895,12.321956634521484,43.316490173339844,-15.729487419128418,-12.145272254943848,70.50220489501953,0
1745923212.0658212,11.572319984436035,2.998478412628174,12.305192947387695,44.09636688232422,-15.924797058105469,-12.377296447753906,70.97235870361328,0
1745923212.0779657,11.313802719116211,2.7838921546936035,12.297704696655273,44.70378112792969,-16.12125015258789,-12.672152519226074,71.09918212890625,0
1745923212.0930421,11.205533027648926,2.679377555847168,12.255126953125,45.069786071777344,-16.255380630493164,-12.810592651367188,71.20982360839844,0
1745923212.102827,11.103863716125488,2.5734405517578125,12.154546737670898,45.212493896484375,-16.390810012817383,-12.914251327514648,71.04434204101562,0
1745923212.1141236,11.00014591217041,2.4624581336975098,11.982295989990234,45.23155975341797,-16.554798126220703,-12.999749183654785,70.67646026611328,0
1745923212.1289961,10.885616302490234,2.3438313007354736,11.760108947753906,45.19318389892578,-16.746227264404297,-13.083000183105469,70.1827392578125,0
1745923212.1395454,10.750259399414062,2.218945026397705,11.51374626159668,45.136634826660156,-16.95381736755371,-13.175958633422852,69.61958312988281,0
1745923212.1514106,10.59538459777832,2.0881407260894775,11.246819496154785,45.07530212402344,-17.178308486938477,-13.28022575378418,69.00564575195312,0
1745923212.1636035,10.462702751159668,1.960257649421692,10.976839065551758,45.00701904296875,-17.409282684326172,-13.372627258300781,68.40681457519531,0
1745923212.1786187,10.375468254089355,1.7361871004104614,10.690671920776367,45.041534423828125,-17.742563247680664,-13.502056121826172,67.84385681152344,0
1745923212.1936038,10.358264923095703,1.6457090377807617,10.40780258178711,45.253684997558594,-18.02450180053711,-13.549123764038086,67.66546630859375,0
1745923212.2008617,10.395631790161133,1.5634253025054932,10.154733657836914,45.59077453613281,-18.307640075683594,-13.581291198730469,67.7045669555664,0
1745923212.2134814,10.486583709716797,1.4819761514663696,9.931819915771484,45.98388671875,-18.584379196166992,-13.595052719116211,67.88426208496094,0
1745923212.2286248,10.504528045654297,1.3867371082305908,9.483757972717285,46.39591979980469,-19.01757049560547,-13.630570411682129,67.77094268798828,0
1745923212.238448,10.528693199157715,1.275773525238037,9.222829818725586,46.78355407714844,-19.329975128173828,-13.688669204711914,67.81085205078125,0
1745923212.249876,10.564826965332031,1.1650944948196411,8.933906555175781,47.148193359375,-19.66012191772461,-13.734966278076172,67.81201934814453,0
1745923212.2627976,10.605210304260254,1.0428069829940796,8.658636093139648,47.54096984863281,-19.992631912231445,-13.789478302001953,67.84762573242188,0
1745923212.2751744,10.644038200378418,0.8499389886856079,8.445575714111328,47.95794677734375,-20.333316802978516,-13.890061378479004,67.89749908447266,0
1745923212.2943342,10.679887771606445,0.8187743425369263,8.344083786010742,48.38574981689453,-20.479385375976562,-13.921670913696289,68.22850036621094,0
1745923212.2991428,10.760066032409668,0.8217902779579163,8.343803405761719,48.707862854003906,-20.52153778076172,-13.912531852722168,68.6335220336914,0
1745923212.3127506,10.871200561523438,0.8407773375511169,8.361368179321289,48.835906982421875,-20.521757125854492,-13.861579895019531,68.90925598144531,0
1745923212.3289533,10.99589729309082,0.8561035990715027,8.354029655456543,48.74859619140625,-20.52018928527832,-13.780990600585938,68.95462799072266,0
1745923212.3362167,11.093469619750977,0.8661566972732544,8.316815376281738,48.50569152832031,-20.52354621887207,-13.697168350219727,68.78213500976562,0
1745923212.3485315,11.13836669921875,0.8647341132164001,8.261068344116211,48.24639129638672,-20.540639877319336,-13.641569137573242,68.51055908203125,0
1745923212.3610744,11.156120300292969,0.8660618662834167,8.202173233032227,48.03539276123047,-20.560457229614258,-13.602788925170898,68.25975036621094,0
1745923212.3745027,11.169702529907227,0.8623441457748413,8.1482515335083,47.83375549316406,-20.58104133605957,-13.569976806640625,68.01405334472656,0
1745923212.3864741,11.19198989868164,0.8569761514663696,8.094329833984375,47.64579772949219,-20.60540199279785,-13.534838676452637,67.78909301757812,0
1745923212.398311,11.21613597869873,0.8523289561271667,8.037353515625,47.483795166015625,-20.634634017944336,-13.500688552856445,67.58961486816406,0
1745923212.4110482,11.22573471069336,0.8480421304702759,7.98861026763916,47.39636993408203,-20.664369583129883,-13.48283576965332,67.45875549316406,0
1745923212.4272048,11.212911605834961,0.8431293964385986,7.950222492218018,47.542991638183594,-20.710094451904297,-13.50393295288086,67.54925537109375,0
1745923212.437546,11.187057495117188,0.8379131555557251,7.938525199890137,47.87725067138672,-20.75537872314453,-13.555377006530762,67.84074401855469,0
1745923212.447275,11.154945373535156,0.8344040513038635,7.974678039550781,48.26544952392578,-20.769861221313477,-13.619719505310059,68.22947692871094,0
1745923212.4619694,11.098173141479492,0.8287326097488403,8.03912353515625,48.71209716796875,-20.769168853759766,-13.706117630004883,68.67813110351562,0
1745923212.4725773,11.016401290893555,0.8138995170593262,8.196809768676758,49.20378112792969,-20.711349487304688,-13.822962760925293,69.23089599609375,0
1745923212.48559,10.932790756225586,0.7903600335121155,8.29397964477539,49.76416778564453,-20.709753036499023,-13.944064140319824,69.78129577636719,0
1745923212.4992821,10.852611541748047,0.7790361046791077,8.404747009277344,50.287803649902344,-20.68684196472168,-14.053183555603027,70.32420349121094,0
1745923212.5100186,10.694417953491211,0.7709556818008423,8.511194229125977,50.563133239746094,-20.631093978881836,-14.173408508300781,70.53970336914062,0
1745923212.526862,10.574007987976074,0.7543585300445557,8.575024604797363,50.58244323730469,-20.58793830871582,-14.24983024597168,70.48583221435547,0
1745923212.5351138,10.433435440063477,0.7284101247787476,8.595587730407715,50.47374725341797,-20.56535530090332,-14.324938774108887,70.2311782836914,0
1745923212.5479007,10.291288375854492,0.7045482397079468,8.595438003540039,50.253326416015625,-20.54345703125,-14.387819290161133,69.8446044921875,0
1745923212.5616298,10.159231185913086,0.6793206334114075,8.572566032409668,49.983192443847656,-20.533889770507812,-14.440108299255371,69.3943099975586,0
1745923212.5714471,10.030513763427734,0.656008780002594,8.536674499511719,49.708465576171875,-20.531875610351562,-14.488710403442383,68.9316635131836,0
1745923212.5845687,9.907638549804688,0.6165739893913269,8.507245063781738,49.473915100097656,-20.541696548461914,-14.547704696655273,68.50537109375,0
1745923212.597046,9.793791770935059,0.5988008975982666,8.482640266418457,49.325767517089844,-20.5432071685791,-14.599963188171387,68.20100402832031,0
1745923212.6086156,9.693108558654785,0.5882924795150757,8.478189468383789,49.193504333496094,-20.528329849243164,-14.64533805847168,67.95309448242188,0
1745923212.6206925,9.599709510803223,0.5786566734313965,8.48915958404541,49.07970428466797,-20.5045223236084,-14.689905166625977,67.74723052978516,0
1745923212.6337793,9.502004623413086,0.5703107118606567,8.504451751708984,49.06477355957031,-20.487064361572266,-14.745895385742188,67.64154052734375,0
1745923212.6476674,9.309440612792969,0.5604662895202637,8.533041954040527,49.16770935058594,-20.46364402770996,-14.865144729614258,67.57066345214844,0
1745923212.660029,9.22000503540039,0.5507166385650635,8.57817268371582,49.34229278564453,-20.447795867919922,-14.937610626220703,67.6911849975586,0
1745923212.6706946,9.130589485168457,0.5399616956710815,8.63594913482666,49.51225280761719,-20.423171997070312,-15.011049270629883,67.81875610351562,0
1745923212.6821904,9.041458129882812,0.5135201215744019,8.695887565612793,49.686134338378906,-20.408750534057617,-15.092924118041992,67.93699645996094,0
1745923212.6956148,8.949690818786621,0.4987250566482544,8.749268531799316,49.88896179199219,-20.39369773864746,-15.171639442443848,68.0866470336914,0
1745923212.7076197,8.857429504394531,0.4815019369125366,8.864171981811523,50.112335205078125,-20.339099884033203,-15.25847053527832,68.31543731689453,0
1745923212.7268677,8.767520904541016,0.4672948122024536,8.926679611206055,50.327537536621094,-20.319026947021484,-15.336871147155762,68.48902893066406,0
1745923212.7336357,8.695384979248047,0.4591764211654663,8.994253158569336,50.50559997558594,-20.28902816772461,-15.399608612060547,68.6544189453125,0
1745923212.7447553,8.643280029296875,0.45506036281585693,9.069148063659668,50.59668731689453,-20.24370002746582,-15.442887306213379,68.76417541503906,0
1745923212.7626257,8.591837882995605,0.452120304107666,9.135623931884766,50.56831359863281,-20.190109252929688,-15.4747953414917,68.74789428710938,0
1745923212.7687886,8.537172317504883,0.4505079984664917,9.202862739562988,50.45545196533203,-20.124977111816406,-15.501025199890137,68.64599609375,0
1745923212.781627,8.495650291442871,0.5348782539367676,9.329368591308594,50.3154296875,-19.956388473510742,-15.47716999053955,68.67532348632812,0
1745923212.794373,8.507752418518066,0.6111491322517395,9.547979354858398,50.14354705810547,-19.732196807861328,-15.434074401855469,68.8104248046875,0
1745923212.805676,8.535123825073242,0.701646089553833,9.846551895141602,49.88348388671875,-19.43502426147461,-15.374911308288574,68.96680450439453,0
1745923212.818594,8.614258766174316,0.8587402105331421,10.311208724975586,49.41987609863281,-18.961267471313477,-15.25083065032959,69.20408630371094,0
1745923212.830336,8.758397102355957,1.0886908769607544,10.918502807617188,48.726402282714844,-18.324024200439453,-15.04855728149414,69.49198913574219,0
1745923212.843068,8.947907447814941,1.386566400527954,11.609630584716797,47.85900115966797,-17.57371711730957,-14.781826972961426,69.8031005859375,0
1745923212.8599901,9.157278060913086,1.7472834587097168,12.409311294555664,46.78907012939453,-16.691356658935547,-14.466869354248047,70.10294342041016,0
1745923212.868639,9.359648704528809,2.1428260803222656,13.311749458312988,45.42707824707031,-15.678813934326172,-14.122223854064941,70.24130249023438,0
1745923212.8797293,9.533397674560547,2.9254322052001953,14.217689514160156,43.721092224121094,-14.36296272277832,-13.566922187805176,70.39761352539062,0
1745923212.8966868,9.661394119262695,3.2486114501953125,14.96370792388916,41.762939453125,-13.354121208190918,-13.213579177856445,69.63665771484375,0
1745923212.9059868,9.743260383605957,3.5372493267059326,15.499217987060547,39.74346160888672,-12.442605972290039,-12.859960556030273,68.523193359375,0
1745923212.9172668,9.792805671691895,3.8260393142700195,15.930144309997559,37.763755798339844,-11.564088821411133,-12.502479553222656,67.312744140625,0
1745923212.9306839,9.833776473999023,4.121126174926758,16.369787216186523,35.83097839355469,-10.654681205749512,-12.140503883361816,66.15567016601562,0
1745923212.942105,9.909687042236328,4.43512487411499,16.857894897460938,33.92962646484375,-9.692516326904297,-11.7498779296875,65.13233184814453,0
1745923212.9554973,9.97370433807373,4.785902500152588,18.153486251831055,32.01226806640625,-8.214115142822266,-11.452059745788574,64.92536163330078,0
1745923212.968187,10.086450576782227,5.1960883140563965,19.05950164794922,30.02449607849121,-6.897216796875,-11.027944564819336,64.36653900146484,0
1745923212.9789298,10.260445594787598,6.2519307136535645,20.12428092956543,27.878591537475586,-5.105136394500732,-10.250295639038086,64.51525115966797,0
1745923212.9926133,10.470176696777344,6.835087299346924,21.22610855102539,25.517919540405273,-3.465350866317749,-9.652159690856934,64.0492935180664,0
1745923213.0036688,10.684876441955566,7.427404880523682,22.313108444213867,23.067838668823242,-1.7693489789962769,-9.01894474029541,63.49323272705078,0
1745923213.027499,10.903977394104004,8.034859657287598,23.403072357177734,20.760087966918945,-0.10034210234880447,-8.39451789855957,63.10199737548828,0
1745923213.0280719,11.11285400390625,8.660447120666504,24.540605545043945,18.940244674682617,1.3934695720672607,-7.87076473236084,63.254150390625,0
1745923213.0412142,11.301227569580078,9.301437377929688,25.773351669311523,17.87626838684082,2.5699362754821777,-7.532589435577393,64.25228118896484,0
1745923213.0535798,11.484573364257812,9.949958801269531,27.14000129699707,17.465110778808594,3.451376438140869,-7.368031024932861,66.03964233398438,0
1745923213.0655923,11.666686058044434,10.575432777404785,28.55531883239746,17.252605438232422,4.201626777648926,-7.272322177886963,68.050048828125,0
1745923213.0776484,11.690547943115234,11.586852073669434,29.8544864654541,16.88176727294922,5.146604537963867,-7.036282539367676,70.01365661621094,0
1745923213.0936496,11.458738327026367,11.977234840393066,30.92878532409668,16.34942054748535,5.978152275085449,-7.08043098449707,70.71417999267578,0
1745923213.1020637,11.139561653137207,12.319306373596191,31.794679641723633,15.763998031616211,6.785533428192139,-7.126351356506348,71.01754760742188,0
1745923213.114587,10.771352767944336,12.626476287841797,32.527435302734375,15.142509460449219,7.580389499664307,-7.172230243682861,71.0677719116211,0
1745923213.1289525,10.377612113952637,12.902007102966309,33.15579605102539,14.481208801269531,8.369990348815918,-7.212766647338867,70.9166259765625,0
1745923213.1477833,9.977592468261719,13.181862831115723,33.65634536743164,13.831073760986328,9.127469062805176,-7.231562614440918,70.6468734741211,0
1745923213.1519146,9.584781646728516,13.486396789550781,34.08356475830078,13.217519760131836,9.854656219482422,-7.230520248413086,70.37226104736328,0
1745923213.1640096,9.20483112335205,13.770596504211426,34.461483001708984,12.659004211425781,10.532865524291992,-7.233606338500977,70.09591674804688,0
1745923213.175717,8.849007606506348,14.206351280212402,34.756553649902344,12.273540496826172,11.122566223144531,-7.183651924133301,70.08544921875,0
1745923213.1935103,8.54597282409668,14.355668067932129,35.05963134765625,12.12208366394043,11.485219955444336,-7.2753586769104,70.08335876464844,0
1745923213.2022514,8.410483360290527,14.534195899963379,35.133872985839844,12.025665283203125,11.675384521484375,-7.253658771514893,70.10421752929688,0
1745923213.214113,8.43624210357666,14.697663307189941,35.154136657714844,11.902702331542969,11.773061752319336,-7.157376766204834,70.19074249267578,0
1745923213.2274566,8.48500919342041,14.809442520141602,35.07335662841797,11.773483276367188,11.825851440429688,-7.051482677459717,70.14129638671875,0
1745923213.2385018,8.484933853149414,14.885675430297852,34.935264587402344,11.638975143432617,11.888178825378418,-6.966578483581543,69.9448471069336,0
1745923213.2510107,8.475810050964355,14.927424430847168,34.74345779418945,11.495132446289062,11.941076278686523,-6.88584041595459,69.6418228149414,0
1745923213.2645237,8.448514938354492,14.937192916870117,34.50728225708008,11.33857536315918,11.994625091552734,-6.812833309173584,69.2315673828125,0
1745923213.2755907,8.410730361938477,14.89699935913086,34.24003982543945,11.162290573120117,12.047616958618164,-6.752818584442139,68.7100601196289,0
1745923213.2931876,8.357258796691895,14.853544235229492,33.93846893310547,10.981887817382812,12.104304313659668,-6.691513538360596,68.13116455078125,0
1745923213.3006203,8.291193008422852,14.794571876525879,33.61160659790039,10.817829132080078,12.150158882141113,-6.638758659362793,67.51519775390625,0
1745923213.3125381,8.22347640991211,14.735960006713867,33.29850769042969,10.662971496582031,12.195658683776855,-6.590509414672852,66.92091369628906,0
1745923213.330154,8.160920143127441,14.689146995544434,33.007476806640625,10.511892318725586,12.244592666625977,-6.539988994598389,66.36943817138672,0
1745923213.336284,8.104433059692383,14.653145790100098,32.71928405761719,10.370960235595703,12.287680625915527,-6.484435558319092,65.84782409667969,0
1745923213.3500938,8.061565399169922,14.642997741699219,32.450401306152344,10.22921371459961,12.334381103515625,-6.4155592918396,65.3841781616211,0
1745923213.3623464,8.002307891845703,14.66261100769043,32.2083740234375,10.093477249145508,12.401812553405762,-6.347484588623047,64.96676635742188,0
1745923213.3748817,7.995347023010254,14.79326343536377,31.99820327758789,9.972970962524414,12.462181091308594,-6.220432758331299,64.75978088378906,0
1745923213.386179,8.000164985656738,14.898308753967285,31.829099655151367,9.87037467956543,12.50801944732666,-6.111974716186523,64.59794616699219,0
1745923213.3983343,8.014410018920898,15.02672290802002,31.70909309387207,9.77610969543457,12.560271263122559,-6.002594470977783,64.52633666992188,0
1745923213.4106078,8.03891658782959,15.18442440032959,31.637943267822266,9.687004089355469,12.621566772460938,-5.889137268066406,64.54828643798828,0
1745923213.4257956,8.07717514038086,15.375641822814941,31.62138557434082,9.574886322021484,12.709521293640137,-5.763617038726807,64.64909362792969,0
1745923213.435594,8.125373840332031,15.591840744018555,31.608291625976562,9.419631958007812,12.82480239868164,-5.6147050857543945,64.7451400756836,0
1745923213.4494152,8.16736888885498,15.81316089630127,31.523263931274414,9.244102478027344,12.940940856933594,-5.444555759429932,64.74789428710938,0
1745923213.4657102,8.204395294189453,16.034669876098633,31.414470672607422,9.059242248535156,13.060699462890625,-5.268320083618164,64.71277618408203,0
1745923213.472865,8.24168586730957,16.256938934326172,31.29677391052246,8.856864929199219,13.189706802368164,-5.084977626800537,64.65226745605469,0
1745923213.484276,8.27799129486084,16.73396873474121,31.1584415435791,8.637861251831055,13.38322639465332,-4.790611267089844,64.80826568603516,0
1745923213.5005472,8.31583309173584,16.982051849365234,30.99555778503418,8.422882080078125,13.515739440917969,-4.582022666931152,64.71632385253906,0
1745923213.5100574,8.391136169433594,17.248764038085938,30.840255737304688,8.213399887084961,13.626791000366211,-4.354203224182129,64.69355773925781,0
1745923213.5272214,8.441572189331055,17.549978256225586,30.713842391967773,7.990352630615234,13.776688575744629,-4.126477241516113,64.69573974609375,0
1745923213.5356925,8.507486343383789,17.89504623413086,30.613525390625,7.767267227172852,13.931777954101562,-3.8828420639038086,64.7833251953125,0
1745923213.5464394,8.600829124450684,18.31646156311035,30.567779541015625,7.546186447143555,14.09541130065918,-3.615649700164795,65.03125762939453,0
1745923213.5606248,8.713461875915527,18.805648803710938,30.584300994873047,7.3138427734375,14.279934883117676,-3.3318378925323486,65.41725158691406,0
1745923213.5715358,8.841402053833008,19.353410720825195,30.64164924621582,7.052854537963867,14.491310119628906,-3.0277063846588135,65.88932037353516,0
1745923213.5836625,8.970915794372559,20.536605834960938,30.70073127746582,6.791679382324219,14.825279235839844,-2.50272798538208,66.99993133544922,0
1745923213.5957656,9.090301513671875,21.117807388305664,30.734312057495117,6.560413360595703,15.01624870300293,-2.204631805419922,67.50283813476562,0
1745923213.6094875,9.208852767944336,21.71202278137207,30.779945373535156,6.333984375,15.206562995910645,-1.9115824699401855,68.03480529785156,0
1745923213.6276824,9.337627410888672,22.352746963500977,30.87639045715332,6.085145950317383,15.419502258300781,-1.6124008893966675,68.65190887451172,0
1745923213.6328673,9.477194786071777,23.047094345092773,30.99822235107422,5.792661666870117,15.663424491882324,-1.2926254272460938,69.31517028808594,0
1745923213.645973,9.612569808959961,23.765607833862305,31.087942123413086,5.459272384643555,15.929661750793457,-0.951725423336029,69.9253921508789,0
1745923213.6621783,9.816192626953125,24.474769592285156,31.104890823364258,5.121837615966797,16.13730812072754,-0.5764672160148621,70.51768493652344,0
1745923213.6713798,9.881423950195312,25.143169403076172,30.903324127197266,4.822137832641602,16.361854553222656,-0.20803207159042358,70.75005340576172,0
1745923213.68296,9.926682472229004,26.290285110473633,30.80108642578125,4.593931198120117,16.644994735717773,0.24103407561779022,71.61198425292969,0
1745923213.6952405,9.972888946533203,26.801969528198242,30.787954330444336,4.4186859130859375,16.80367660522461,0.4575134515762329,71.98149871826172,0
1745923213.7077982,10.014371871948242,27.256351470947266,30.825151443481445,4.284876823425293,16.936870574951172,0.6268873810768127,72.38074493408203,0
1745923213.7201405,10.042349815368652,27.647550582885742,30.887956619262695,4.178955078125,17.054040908813477,0.7570807337760925,72.7568130493164,0
1745923213.732014,10.052213668823242,27.97146987915039,30.93897247314453,4.084445953369141,17.162429809570312,0.8625328540802002,73.04710388183594,0
1745923213.7446787,10.04644775390625,28.23108673095703,30.937911987304688,3.9987030029296875,17.257152557373047,0.958275318145752,73.21414947509766,0
1745923213.7597823,10.03233528137207,28.42998504638672,30.88726806640625,3.910977363586426,17.3418025970459,1.0502997636795044,73.26056671142578,0
1745923213.768785,9.994683265686035,28.555233001708984,30.77214241027832,3.8174686431884766,17.424591064453125,1.1370922327041626,73.1395263671875,0
1745923213.781221,9.926454544067383,28.536226272583008,30.573833465576172,3.7087135314941406,17.50351333618164,1.206715703010559,72.74522399902344,0
1745923213.7948623,9.706158638000488,28.369647979736328,30.270343780517578,3.587808609008789,17.6507568359375,1.2312778234481812,71.93395233154297,0
1745923213.8062654,9.548419952392578,28.081371307373047,29.831558227539062,3.442946434020996,17.739456176757812,1.289921760559082,70.904296875,0
1745923213.8178432,9.354433059692383,27.655763626098633,29.21737289428711,3.2759580612182617,17.82351303100586,1.3647388219833374,69.50352478027344,0
1745923213.831788,9.133644104003906,27.1132755279541,28.436729431152344,3.097879409790039,17.894515991210938,1.4599624872207642,67.78152465820312,0
1745923213.8439357,8.886090278625488,26.47137451171875,27.53365707397461,2.9110898971557617,17.960186004638672,1.5678354501724243,65.80220794677734,0
1745923213.860854,8.611299514770508,25.726970672607422,26.530733108520508,2.719331741333008,18.021514892578125,1.6803767681121826,63.58833312988281,0
1745923213.8672895,8.31442928314209,24.901134490966797,25.448444366455078,2.5270261764526367,18.07826042175293,1.7983347177505493,61.191036224365234,0
1745923213.880123,7.999557971954346,23.063142776489258,24.320783615112305,2.333169937133789,17.974597930908203,1.6041069030761719,57.716651916503906,0
1745923213.8952606,7.673173427581787,22.079492568969727,23.15836524963379,2.1357812881469727,18.021194458007812,1.7008957862854004,55.04681396484375,0
1745923213.9052818,7.336451053619385,21.050792694091797,20.750926971435547,1.9395265579223633,17.830108642578125,2.3421692848205566,51.077693939208984,0
1745923213.9188135,6.9834160804748535,19.979833602905273,19.511642456054688,1.7393035888671875,17.86870574951172,2.488029956817627,48.214195251464844,0
1745923213.9303966,6.621485233306885,18.86056137084961,18.25143814086914,1.5412912368774414,17.903528213500977,2.638901710510254,45.27477264404297,0
1745923213.9420137,5.874330520629883,17.69512176513672,16.97045135498047,1.3432035446166992,18.349763870239258,2.63523268699646,41.88310623168945,0
1745923213.9538996,5.481291770935059,16.489431381225586,15.659771919250488,1.140183448791504,18.436006546020508,2.800727605819702,38.77067565917969,0
1745923213.9658976,5.0672173500061035,15.238539695739746,14.314729690551758,0.9352750778198242,18.546127319335938,2.986036539077759,35.555763244628906,0
1745923213.9785903,4.645024299621582,12.617789268493652,12.941803932189941,0.7336158752441406,18.26435089111328,2.4350216388702393,30.938232421875,0
1745923213.9935398,4.216078758239746,11.264886856079102,11.549972534179688,0.5369453430175781,18.34494972229004,2.5854361057281494,27.567882537841797,0
1745923214.003631,3.7784841060638428,9.896279335021973,10.13351821899414,0.35283946990966797,18.42452621459961,2.7712507247924805,24.161121368408203,0
1745923214.0154924,3.335312604904175,8.530078887939453,8.708608627319336,0.18008899688720703,18.51451873779297,3.0119640827178955,20.75408935546875,0
1745923214.0310154,2.8967695236206055,7.200565338134766,7.316740989685059,0.02239704132080078,18.624631881713867,3.321894884109497,17.436473846435547,0
1745923214.0405655,2.474045753479004,5.9333038330078125,5.987716197967529,0.10793590545654297,18.0302734375,3.347282886505127,14.50300121307373,0
1745923214.052373,2.065756320953369,4.70836067199707,4.723695755004883,0.21242141723632812,17.105430603027344,3.296091079711914,11.710233688354492,0
1745923214.0649302,1.657088279724121,3.5431485176086426,3.545316219329834,0.28779125213623047,15.943197250366211,3.1781933307647705,9.033344268798828,0
1745923214.0777304,0.9799065589904785,1.725413203239441,2.537977695465088,0.3230857849121094,14.891386032104492,-0.5875656604766846,5.566383361816406,0
1745923214.0934458,0.7607488632202148,1.1741423606872559,1.7689189910888672,0.33668994903564453,12.789859771728516,-0.8872841596603394,4.040500164031982,0
1745923214.102948,0.6386699676513672,0.847833514213562,1.2711820602416992,0.33933448791503906,10.315823554992676,-0.8408968448638916,3.097020149230957,0
1745923214.1149735,0.545346736907959,0.6042637228965759,0.9611930847167969,0.3147153854370117,8.143020629882812,-1.093480110168457,2.4255189895629883,0
1745923214.1296115,0.4374370574951172,0.3286566734313965,0.7284636497497559,0.2709941864013672,5.52988338470459,-2.775702714920044,1.7655515670776367,0
1745923214.1387234,0.29656076431274414,0.0036270618438720703,0.48858213424682617,0.2347545623779297,-1.0698050260543823,-8.681889533996582,1.023524522781372,0
1745923214.1518722,0.2083587646484375,0.2159184217453003,0.17470026016235352,0.21516132354736328,0.0,0.0,0.8141387701034546,0
1745923214.1644318,0.1943225860595703,0.24435162544250488,0.17194366455078125,0.20767879486083984,0.0,0.0,0.8182966709136963,0
1745923214.177919,0.18999767303466797,0.22483348846435547,0.1686844825744629,0.20365428924560547,0.0,0.0,0.7871699333190918,0
1745923214.195201,0.18415546417236328,0.21692371368408203,0.16602087020874023,0.19726848602294922,0.0,0.0,0.7643685340881348,0
1745923214.2013927,0.17929983139038086,0.21028482913970947,0.16020965576171875,0.19214820861816406,0.0,0.0,0.7419425249099731,0
1745923214.2133813,0.17747879028320312,0.2065671682357788,0.15767621994018555,0.18819904327392578,0.0,0.0,0.7299212217330933,0
1745923214.2292938,0.16977787017822266,0.20349431037902832,0.15896177291870117,0.18319225311279297,0.0,0.0,0.7154262065887451,0
1745923214.2411072,0.16689443588256836,0.202356219291687,0.15585088729858398,0.17911148071289062,0.0,0.0,0.70421302318573,0
1745923214.2510855,0.1647510528564453,0.20155954360961914,0.15309429168701172,0.1765604019165039,0.0,0.0,0.6959652900695801,0
1745923214.2628531,0.16374588012695312,0.19839191436767578,0.15106439590454102,0.17376422882080078,0.0,0.0,0.6869664192199707,0
1745923214.2761903,0.1610713005065918,0.19607770442962646,0.1492018699645996,0.17166709899902344,0.0,0.0,0.6780179738998413,0
1745923214.294219,0.15797948837280273,0.1882249116897583,0.14836359024047852,0.17149639129638672,0.0,0.0,0.6660643815994263,0
1745923214.301774,0.15604496002197266,0.188149094581604,0.14882898330688477,0.16873836517333984,0.0,0.0,0.6617614030838013,0
1745923214.3115587,0.15424299240112305,0.18367254734039307,0.1463332176208496,0.16563892364501953,0.0,0.0,0.6498876810073853,0
1745923214.328214,0.15025949478149414,0.1822119951248169,0.14469432830810547,0.16550731658935547,0.0,0.0,0.642673134803772,0
1745923214.3367028,0.14915943145751953,0.1824396848678589,0.14620304107666016,0.1639575958251953,0.0,0.0,0.6417597532272339,0
1745923214.3486524,0.15025949478149414,0.1791771650314331,0.1435394287109375,0.15968799591064453,0.0,0.0,0.6326640844345093,0
1745923214.362115,0.14785051345825195,0.1779252290725708,0.14035463333129883,0.1580057144165039,0.0,0.0,0.6241360902786255,0
1745923214.3732467,0.14621925354003906,0.17532658576965332,0.13938570022583008,0.15961170196533203,0.0,0.0,0.6205432415008545,0
1745923214.3949406,0.1443796157836914,0.17240548133850098,0.13871526718139648,0.15534210205078125,0.0,0.0,0.6108424663543701,0
1745923214.3986187,0.14295673370361328,0.17282283306121826,0.13573503494262695,0.15330123901367188,0.0,0.0,0.6048158407211304,0
1745923214.4109874,0.14174270629882812,0.16940855979919434,0.1364431381225586,0.15175247192382812,0.0,0.0,0.5993468761444092,0
1745923214.4266036,0.13978910446166992,0.16536831855773926,0.13364934921264648,0.1514120101928711,0.0,0.0,0.5902187824249268,0
1745923214.4357255,0.13933372497558594,0.16464757919311523,0.13249444961547852,0.14939022064208984,0.0,0.0,0.5858659744262695,0
1745923214.449252,0.1386890411376953,0.1652735471725464,0.13422632217407227,0.14997577667236328,0.0,0.0,0.5881646871566772,0
1745923214.4599583,0.13756990432739258,0.16311109066009521,0.13148832321166992,0.1473684310913086,0.0,0.0,0.5795377492904663,0
1745923214.4721432,0.13652658462524414,0.15994346141815186,0.12837791442871094,0.1434192657470703,0.0,0.0,0.5682672262191772,0
1745923214.4863987,0.13700056076049805,0.15927958488464355,0.12888097763061523,0.14258861541748047,0.0,0.0,0.5677497386932373,0
1745923214.4967647,0.13612842559814453,0.15728795528411865,0.1298680305480957,0.14239978790283203,0.0,0.0,0.5656841993331909,0
1745923214.5093515,0.13349151611328125,0.15724992752075195,0.12692546844482422,0.14026451110839844,0.0,0.0,0.5579314231872559,0
1745923214.5260658,0.13296079635620117,0.1561877727508545,0.12394523620605469,0.13871479034423828,0.0,0.0,0.5518085956573486,0
1745923214.5344424,0.13254308700561523,0.15430986881256104,0.1243734359741211,0.13939476013183594,0.0,0.0,0.5506211519241333,0
1745923214.5472858,0.13288450241088867,0.1555238962173462,0.12645959854125977,0.1386585235595703,0.0,0.0,0.5535265207290649,0
1745923214.5611212,0.13005828857421875,0.15258383750915527,0.12670183181762695,0.13763809204101562,0.0,0.0,0.5469820499420166,0
1745923214.5718248,0.1289205551147461,0.15140783786773682,0.1263103485107422,0.1366748809814453,0.0,0.0,0.5433136224746704,0
1745923214.5837262,0.12958431243896484,0.1495678424835205,0.12686920166015625,0.13397216796875,0.0,0.0,0.5399935245513916,0
1745923214.5968804,0.1304945945739746,0.14700722694396973,0.12469005584716797,0.1322345733642578,0.0,0.0,0.5344264507293701,0
1745923214.6085863,0.13093090057373047,0.14419984817504883,0.12495088577270508,0.1301746368408203,0.0,0.0,0.5302562713623047,0
1745923214.628001,0.13013410568237305,0.14364981651306152,0.1251373291015625,0.13108158111572266,0.0,0.0,0.5300028324127197,0
1745923214.6336691,0.12757349014282227,0.14622950553894043,0.1246342658996582,0.13244247436523438,0.0,0.0,0.5308797359466553,0
1745923214.6525745,0.12780141830444336,0.1439722776412964,0.12089061737060547,0.13115692138671875,0.0,0.0,0.523821234703064,0
1745923214.6607933,0.12567663192749023,0.14239788055419922,0.1189718246459961,0.13091182708740234,0.0,0.0,0.5179581642150879,0
1745923214.674466,0.12508869171142578,0.14372575283050537,0.12027597427368164,0.1269245147705078,0.0,0.0,0.5160149335861206,0
1745923214.681809,0.1267390251159668,0.13894569873809814,0.11979150772094727,0.12361812591552734,0.0,0.0,0.5090943574905396,0
1745923214.6951654,0.12709951400756836,0.1365368366241455,0.12215709686279297,0.12535667419433594,0.0,0.0,0.5111501216888428,0
1745923214.7073843,0.12482309341430664,0.13873708248138428,0.12113285064697266,0.1261310577392578,0.0,0.0,0.5108240842819214,0
1745923214.7198482,0.12396955490112305,0.1363281011581421,0.1199030876159668,0.12463855743408203,0.0,0.0,0.504839301109314,0
1745923214.739887,0.1231541633605957,0.13543665409088135,0.12191486358642578,0.12346744537353516,0.0,0.0,0.503973126411438,0
1745923214.744169,0.12250900268554688,0.1367264986038208,0.12029457092285156,0.12352371215820312,0.0,0.0,0.5030537843704224,0
1745923214.7631361,0.12161779403686523,0.1370868682861328,0.1175379753112793,0.12486553192138672,0.0,0.0,0.5011081695556641,0
1745923214.7683396,0.11981582641601562,0.13797831535339355,0.11701631546020508,0.12499809265136719,0.0,0.0,0.49980854988098145,0
1745923214.7818856,0.11892414093017578,0.13685917854309082,0.11826419830322266,0.1238260269165039,0.0,0.0,0.49787354469299316,0
1745923214.7948775,0.11780500411987305,0.1350952386856079,0.11809682846069336,0.11987781524658203,0.0,0.0,0.49087488651275635,0
1745923214.8063095,0.11915159225463867,0.13611948490142822,0.11675548553466797,0.11861133575439453,0.0,0.0,0.4906378984451294,0
1745923214.8192744,0.1184687614440918,0.13646090030670166,0.11729574203491211,0.117156982421875,0.0,0.0,0.48938238620758057,0
1745923214.8316526,0.11930370330810547,0.13371050357818604,0.11750078201293945,0.11774253845214844,0.0,0.0,0.4882575273513794,0
1745923214.8427074,0.11860179901123047,0.1310739517211914,0.11623382568359375,0.11830902099609375,0.0,0.0,0.4842185974121094,0
1745923214.861826,0.116363525390625,0.13116884231567383,0.11502313613891602,0.11717510223388672,0.0,0.0,0.47973060607910156,0
1745923214.8685598,0.11583232879638672,0.13274312019348145,0.11440849304199219,0.11698627471923828,0.0,0.0,0.47997021675109863,0
1745923214.8798018,0.11634445190429688,0.1303342580795288,0.113067626953125,0.117156982421875,0.0,0.0,0.4769033193588257,0
1745923214.8961926,0.11569976806640625,0.1298600435256958,0.11090707778930664,0.1139822006225586,0.0,0.0,0.4704490900039673,0
1745923214.9053764,0.11552906036376953,0.12838053703308105,0.1122293472290039,0.1154937744140625,0.0,0.0,0.471632719039917,0
1745923214.9277265,0.11329078674316406,0.12853217124938965,0.11444616317749023,0.11849784851074219,0.0,0.0,0.47476696968078613,0
1745923214.930901,0.11196279525756836,0.13094115257263184,0.1099386215209961,0.11679744720458984,0.0,0.0,0.46964001655578613,0
1745923214.9425206,0.1135563850402832,0.12989795207977295,0.10897016525268555,0.11328315734863281,0.0,0.0,0.4657076597213745,0
1745923214.9613802,0.11315774917602539,0.12809598445892334,0.10887670516967773,0.11309432983398438,0.0,0.0,0.46322476863861084,0
1745923214.9664805,0.11103343963623047,0.1281338930130005,0.10785245895385742,0.11273574829101562,0.0,0.0,0.459755539894104,0
1745923214.9789581,0.10932636260986328,0.1292719841003418,0.1085042953491211,0.11107254028320312,0.0,0.0,0.4581751823425293,0
1745923214.994658,0.10839700698852539,0.1289684772491455,0.10775947570800781,0.11092185974121094,0.0,0.0,0.45604681968688965,0
1745923215.003367,0.1079416275024414,0.1278303861618042,0.11029243469238281,0.11118602752685547,0.0,0.0,0.4572504758834839,0
1745923215.01679,0.11008501052856445,0.12699580192565918,0.11219215393066406,0.11086463928222656,0.0,0.0,0.46013760566711426,0
1745923215.0300853,0.11184883117675781,0.12468171119689941,0.1103668212890625,0.11093997955322266,0.0,0.0,0.4578373432159424,0
1745923215.041061,0.1115264892578125,0.12422645092010498,0.10924959182739258,0.11101627349853516,0.0,0.0,0.4560188055038452,0
1745923215.0525222,0.11023664474487305,0.12633192539215088,0.11232280731201172,0.10769081115722656,0.0,0.0,0.4565821886062622,0
1745923215.0654347,0.11071109771728516,0.1260284185409546,0.11094427108764648,0.10712337493896484,0.0,0.0,0.4548071622848511,0
1745923215.077227,0.10955381393432617,0.12331593036651611,0.10924959182739258,0.10944747924804688,0.0,0.0,0.45156681537628174,0
1745923215.0950704,0.10701227188110352,0.1259145736694336,0.10734939575195312,0.1085214614868164,0.0,0.0,0.44879770278930664,0
1745923215.102684,0.10638618469238281,0.12676823139190674,0.10653018951416016,0.1078042984008789,0.0,0.0,0.4474889039993286,0
1745923215.1140609,0.10627222061157227,0.12523174285888672,0.10692119598388672,0.10878658294677734,0.0,0.0,0.44721174240112305,0
1745923215.1285646,0.10648107528686523,0.12502312660217285,0.1072378158569336,0.10876750946044922,0.0,0.0,0.4475095272064209,0
1745923215.1485684,0.1055135726928711,0.12574386596679688,0.1032705307006836,0.10774707794189453,0.0,0.0,0.4422750473022461,0
1745923215.1609178,0.10426187515258789,0.12278485298156738,0.10267448425292969,0.10857868194580078,0.0,0.0,0.43829989433288574,0
1745923215.163998,0.10553264617919922,0.12377119064331055,0.10368013381958008,0.10778522491455078,0.0,0.0,0.4407691955566406,0
1745923215.176595,0.10557079315185547,0.12327802181243896,0.10451841354370117,0.10451602935791016,0.0,0.0,0.43788325786590576,0
1745923215.1932144,0.10329437255859375,0.12202620506286621,0.10191059112548828,0.10393047332763672,0.0,0.0,0.43116164207458496,0
1745923215.2023296,0.10232686996459961,0.12196922302246094,0.10287952423095703,0.10094547271728516,0.0,0.0,0.42812108993530273,0
1745923215.213862,0.10230827331542969,0.12238657474517822,0.10306549072265625,0.10179519653320312,0.0,0.0,0.4295555353164673,0
1745923215.2278035,0.10344600677490234,0.12238657474517822,0.10187339782714844,0.10236263275146484,0.0,0.0,0.43006861209869385,0
1745923215.2403245,0.10225105285644531,0.1224813461303711,0.10077476501464844,0.10175800323486328,0.0,0.0,0.4272651672363281,0
1745923215.252185,0.10291528701782227,0.12196922302246094,0.09969425201416016,0.10221099853515625,0.0,0.0,0.4267897605895996,0
1745923215.2637074,0.10350322723388672,0.12016725540161133,0.10016012191772461,0.10120964050292969,0.0,0.0,0.42504024505615234,0
1745923215.2748435,0.1020803451538086,0.12047076225280762,0.0986328125,0.10009479522705078,0.0,0.0,0.421278715133667,0
1745923215.2946093,0.10211849212646484,0.11798596382141113,0.09717988967895508,0.09918785095214844,0.0,0.0,0.4164721965789795,0
1745923215.3007994,0.1031804084777832,0.11908614635467529,0.10027170181274414,0.10056781768798828,0.0,0.0,0.4231060743331909,0
1745923215.3119192,0.10035419464111328,0.12130534648895264,0.10114717483520508,0.1006622314453125,0.0,0.0,0.4234689474105835,0
1745923215.3298836,0.10031652450561523,0.11836528778076172,0.10101699829101562,0.10200309753417969,0.0,0.0,0.42170190811157227,0
1745923215.3366268,0.09866619110107422,0.11625981330871582,0.09967565536499023,0.10092639923095703,0.0,0.0,0.4155280590057373,0
1745923215.3487763,0.09878015518188477,0.11635470390319824,0.09995508193969727,0.09964179992675781,0.0,0.0,0.4147317409515381,0
1745923215.3626223,0.09969043731689453,0.11703753471374512,0.10122156143188477,0.10060501098632812,0.0,0.0,0.41855454444885254,0
1745923215.373974,0.09959554672241211,0.11785316467285156,0.10103559494018555,0.10102081298828125,0.0,0.0,0.41950511932373047,0
1745923215.386025,0.09965276718139648,0.11730313301086426,0.09999227523803711,0.09992504119873047,0.0,0.0,0.4168732166290283,0
1745923215.3983526,0.09970951080322266,0.11548209190368652,0.1017618179321289,0.09826183319091797,0.0,0.0,0.41521525382995605,0
1745923215.413006,0.10039234161376953,0.11718928813934326,0.10205984115600586,0.09956645965576172,0.0,0.0,0.41920793056488037,0
1745923215.4278636,0.09976625442504883,0.11563384532928467,0.10127735137939453,0.09739303588867188,0.0,0.0,0.4140704870223999,0
1745923215.435631,0.09669351577758789,0.11256110668182373,0.1002345085144043,0.09516334533691406,0.0,0.0,0.40465247631073,0
1745923215.449896,0.09836292266845703,0.11362326145172119,0.09898662567138672,0.0960702896118164,0.0,0.0,0.40704309940338135,0
1745923215.461657,0.09730052947998047,0.11493206024169922,0.09915399551391602,0.09682655334472656,0.0,0.0,0.40821313858032227,0
1745923215.4727216,0.09532785415649414,0.1139078140258789,0.0973663330078125,0.09520149230957031,0.0,0.0,0.40180349349975586,0
1745923215.4843984,0.09728145599365234,0.11470448970794678,0.09867000579833984,0.09491825103759766,0.0,0.0,0.4055742025375366,0
1745923215.497536,0.09730052947998047,0.11375606060028076,0.09900522232055664,0.09612751007080078,0.0,0.0,0.40618932247161865,0
1745923215.509955,0.09783172607421875,0.11386990547180176,0.09852075576782227,0.09508800506591797,0.0,0.0,0.40531039237976074,0
1745923215.5224535,0.09585905075073242,0.11280763149261475,0.09883737564086914,0.09365177154541016,0.0,0.0,0.40115582942962646,0
1745923215.5360653,0.09648466110229492,0.11273181438446045,0.0963602066040039,0.09537124633789062,0.0,0.0,0.4009479284286499,0
1745923215.5466228,0.09678840637207031,0.11178338527679443,0.09511232376098633,0.0962972640991211,0.0,0.0,0.39998137950897217,0
1745923215.5605803,0.09671258926391602,0.11271286010742188,0.09641599655151367,0.09478569030761719,0.0,0.0,0.40062713623046875,0
1745923215.5720356,0.09500551223754883,0.11085391044616699,0.0986328125,0.09476661682128906,0.0,0.0,0.3992588520050049,0
1745923215.5840025,0.09434127807617188,0.11102461814880371,0.09548473358154297,0.09435081481933594,0.0,0.0,0.3952014446258545,0
1745923215.595851,0.09345006942749023,0.11136603355407715,0.09777593612670898,0.09435081481933594,0.0,0.0,0.3969428539276123,0
1745923215.6080463,0.09382915496826172,0.111441969871521,0.09745931625366211,0.0939168930053711,0.0,0.0,0.3966473340988159,0
1745923215.6277196,0.09392404556274414,0.1092226505279541,0.09557819366455078,0.09325504302978516,0.0,0.0,0.3919799327850342,0
1745923215.6350346,0.09185647964477539,0.10893809795379639,0.0950007438659668,0.09115791320800781,0.0,0.0,0.3869532346725464,0
1745923215.6478603,0.09221696853637695,0.10819840431213379,0.09457206726074219,0.09136581420898438,0.0,0.0,0.3863532543182373,0
1745923215.6609292,0.09447431564331055,0.10736382007598877,0.09438610076904297,0.0920267105102539,0.0,0.0,0.3882509469985962,0
1745923215.6705182,0.09238767623901367,0.10687065124511719,0.09244871139526367,0.09159278869628906,0.0,0.0,0.3832998275756836,0
1745923215.6829414,0.09104108810424805,0.10996246337890625,0.09015798568725586,0.09229183197021484,0.0,0.0,0.383453369140625,0
1745923215.6951385,0.09348773956298828,0.11060738563537598,0.09308195114135742,0.09280204772949219,0.0,0.0,0.38997912406921387,0
1745923215.707568,0.09542274475097656,0.10994350910186768,0.0939946174621582,0.08977890014648438,0.0,0.0,0.3891397714614868,0
1745923215.7194822,0.09360170364379883,0.10878634452819824,0.09496355056762695,0.08747386932373047,0.0,0.0,0.3848254680633545,0
1745923215.7325773,0.09168577194213867,0.10514450073242188,0.09488868713378906,0.08881473541259766,0.0,0.0,0.38053369522094727,0
1745923215.7447205,0.09168577194213867,0.10632050037384033,0.09276533126831055,0.09183788299560547,0.0,0.0,0.382609486579895,0
1745923215.762982,0.08895444869995117,0.10795176029205322,0.09269094467163086,0.0900430679321289,0.0,0.0,0.37964022159576416,0
1745923215.7690198,0.0883474349975586,0.10802769660949707,0.09099626541137695,0.08873939514160156,0.0,0.0,0.3761107921600342,0
1745923215.7808018,0.08819580078125,0.10588431358337402,0.09149885177612305,0.0886068344116211,0.0,0.0,0.37418580055236816,0
1745923215.7948556,0.08903026580810547,0.10630154609680176,0.09284019470214844,0.08960914611816406,0.0,0.0,0.3777811527252197,0
1745923215.8061578,0.09130668640136719,0.10713613033294678,0.09056758880615234,0.09155464172363281,0.0,0.0,0.3805650472640991,0
1745923215.8187287,0.0890493392944336,0.10624468326568604,0.09164810180664062,0.08983516693115234,0.0,0.0,0.3767772912979126,0
1745923215.8310883,0.08755064010620117,0.10651028156280518,0.09360361099243164,0.08881473541259766,0.0,0.0,0.37647926807403564,0
1745923215.8433216,0.08705759048461914,0.10673785209655762,0.09250497817993164,0.0748147964477539,0.0,0.0,0.3611152172088623,0
1745923215.8602724,0.09925413131713867,0.09945404529571533,0.11614084243774414,0.013364791870117188,0.0,0.0,0.32821381092071533,0
1745923215.867711,0.17068815231323242,0.04732966423034668,0.26900291442871094,0.3266143798828125,0.0,0.0,0.8136351108551025,0
1745923215.8796005,0.43115854263305664,0.6178259253501892,0.7836518287658691,0.6562442779541016,3.533355236053467,-3.2983274459838867,2.4888806343078613,0
1745923215.8959773,0.8558931350708008,0.8906825184822083,1.2847788333892822,0.9162483215332031,2.8607120513916016,-2.41753888130188,3.9476027488708496,0
1745923215.9055202,1.012664794921875,1.0518927574157715,1.6830353736877441,1.1893091201782227,3.022688627243042,-3.4360668659210205,4.936902046203613,0
1745923215.919799,1.1129870414733887,1.1838160753250122,2.1271860599517822,1.6068916320800781,2.7444515228271484,-5.004703044891357,6.030880928039551,0
1745923215.9306495,1.2046222686767578,1.4103145599365234,2.6857175827026367,2.2009286880493164,2.5772523880004883,-6.3594441413879395,7.501583099365234,0
1745923215.9412825,1.9135184288024902,1.7869268655776978,3.481523036956787,2.807209014892578,1.535284161567688,-5.441291332244873,9.989177703857422,0
1745923215.9545002,2.3210487365722656,2.2157583236694336,4.345554828643799,3.24259090423584,2.303914785385132,-5.284812927246094,12.124953269958496,0
1745923215.9678538,2.5983057022094727,2.571904182434082,5.062592029571533,3.50571346282959,3.119213104248047,-5.19415807723999,13.73851490020752,0
1745923215.9789147,2.794625997543335,3.0363388061523438,5.567648887634277,3.7268896102905273,3.8550260066986084,-4.808768272399902,15.125503540039062,0
1745923215.9947238,3.007657289505005,3.287837505340576,5.948285102844238,4.012155532836914,3.817477226257324,-4.734508037567139,16.255935668945312,0
1745923216.0030575,3.307410478591919,3.615473747253418,6.340730667114258,4.379574775695801,3.6012845039367676,-4.519922733306885,17.6431884765625,0
1745923216.0172534,3.6877975463867188,4.0291876792907715,6.848692893981934,4.734750747680664,3.5620603561401367,-4.206933975219727,19.30042839050293,0
1745923216.030339,4.063802719116211,4.437628746032715,7.458110332489014,5.056539535522461,3.6976969242095947,-4.010148048400879,21.016080856323242,0
1745923216.040822,4.41966438293457,4.839828968048096,8.054805755615234,5.338706970214844,3.8765435218811035,-3.832357406616211,22.653005599975586,0
1745923216.0639448,4.75054407119751,5.215663433074951,8.639730453491211,5.577701568603516,4.0837602615356445,-3.691574811935425,24.183639526367188,0
1745923216.0684817,5.016382694244385,5.539032459259033,9.177122116088867,5.797271728515625,4.280095100402832,-3.6349098682403564,25.529808044433594,0
1745923216.0778046,5.250089168548584,6.16420316696167,10.168554306030273,6.060394287109375,5.087090492248535,-3.657595157623291,27.64324188232422,0
1745923216.0945442,5.756253719329834,6.535883903503418,10.781379699707031,6.397941589355469,4.905285835266113,-3.482381820678711,29.471458435058594,0
1745923216.10273,6.054129123687744,6.9801554679870605,11.6505708694458,6.9316864013671875,4.999202728271484,-3.685014247894287,31.61654281616211,0
1745923216.114598,6.408302307128906,7.5755839347839355,13.227784156799316,7.884279251098633,5.194389343261719,-4.265213966369629,35.095947265625,0
1745923216.1296153,6.875430583953857,8.467939376831055,16.168350219726562,8.920310974121094,6.122258186340332,-5.061608791351318,40.432029724121094,0
1745923216.1399055,7.310161113739014,9.430610656738281,19.629356384277344,9.506111145019531,7.4727888107299805,-5.673712730407715,45.87623977661133,0
1745923216.1517146,7.604470729827881,10.049806594848633,21.701326370239258,9.58030891418457,8.3345308303833,-5.847944736480713,48.9359130859375,0
1745923216.164715,7.759535312652588,10.19127082824707,21.790618896484375,9.4476318359375,8.410249710083008,-5.672731876373291,49.189056396484375,0
1745923216.1809254,7.8539018630981445,9.962610244750977,20.93986701965332,9.34146499633789,7.979549407958984,-5.442264556884766,48.097843170166016,0
1745923216.189032,7.926284313201904,9.890247344970703,20.157527923583984,9.359718322753906,7.54914665222168,-5.191112995147705,47.333778381347656,0
1745923216.2009408,7.986147403717041,9.905383110046387,19.810306549072266,9.53447151184082,7.228804588317871,-5.091807842254639,47.236305236816406,0
1745923216.2127693,8.070574760437012,10.038104057312012,20.013717651367188,9.840085983276367,7.087883949279785,-5.142510890960693,47.962486267089844,0
1745923216.2286782,8.188480377197266,10.287895202636719,20.785608291625977,10.212549209594727,7.171957969665527,-5.315005779266357,49.47453308105469,0
1745923216.238067,8.505210876464844,10.61452579498291,21.98445701599121,10.563417434692383,7.332446098327637,-5.457788467407227,51.66761016845703,0
1745923216.2499576,8.663082122802734,10.9480619430542,23.311992645263672,10.832283020019531,7.690598487854004,-5.677487850189209,53.75542068481445,0
1745923216.2639573,8.795232772827148,11.23271656036377,24.452411651611328,11.020357131958008,8.006149291992188,-5.843910217285156,55.50071716308594,0
1745923216.276199,8.903806686401367,11.437192916870117,25.26011848449707,11.140619277954102,8.217597961425781,-5.943675994873047,56.741737365722656,0
1745923216.2873085,8.998438835144043,11.655156135559082,25.748003005981445,11.20820426940918,8.357995986938477,-5.9426493644714355,57.60980224609375,0
1745923216.2996762,9.06736946105957,11.689166069030762,25.95560646057129,11.247182846069336,8.372183799743652,-5.95885705947876,57.959327697753906,0
1745923216.3123262,9.122035026550293,11.694097518920898,25.892854690551758,11.269989013671875,8.304010391235352,-5.920783042907715,57.978973388671875,0
1745923216.3285055,9.166041374206543,11.683874130249023,25.7733154296875,11.277376174926758,8.227646827697754,-5.8758673667907715,57.900604248046875,0
1745923216.3369803,9.20329475402832,11.673043251037598,25.622726440429688,11.274787902832031,8.150663375854492,-5.823476314544678,57.77385330200195,0
1745923216.3492565,9.238670349121094,11.659253120422363,25.44930076599121,11.285009384155273,8.057583808898926,-5.770453929901123,57.632232666015625,0
1745923216.3648934,9.27055549621582,11.654548645019531,25.325326919555664,11.321664810180664,7.970081329345703,-5.734715938568115,57.57209777832031,0
1745923216.3770385,9.383055686950684,11.676172256469727,25.286361694335938,11.389400482177734,7.851774215698242,-5.6802167892456055,57.734989166259766,0
1745923216.3873024,9.473761558532715,11.815911293029785,25.291484832763672,11.474632263183594,7.793400287628174,-5.598155498504639,58.055789947509766,0
1745923216.398969,9.587133407592773,11.916707992553711,25.30657196044922,11.56192398071289,7.710472106933594,-5.5275797843933105,58.372337341308594,0
1745923216.4113905,9.71226692199707,12.02787971496582,25.321304321289062,11.658266067504883,7.619283199310303,-5.45009183883667,58.71971893310547,0
1745923216.429083,9.84049129486084,12.150812149047852,25.348480224609375,11.755779266357422,7.534991264343262,-5.370489597320557,59.09556198120117,0
1745923216.4369185,9.97637939453125,12.28212833404541,25.400203704833984,11.84112548828125,7.465820789337158,-5.288069725036621,59.49983596801758,0
1745923216.4479077,10.112703323364258,12.412022590637207,25.4303035736084,11.909391403198242,7.3994951248168945,-5.196981906890869,59.86442565917969,0
1745923216.4610908,10.248210906982422,12.535106658935547,25.403221130371094,11.963125228881836,7.321001052856445,-5.091360569000244,60.14966583251953,0
1745923216.4741209,10.38284683227539,12.645140647888184,25.297649383544922,12.01361083984375,7.214165687561035,-4.971038341522217,60.33924865722656,0
1745923216.4865005,10.521902084350586,12.863710403442383,25.14499282836914,12.079986572265625,7.117416858673096,-4.794982433319092,60.610591888427734,0
1745923216.4971347,10.666990280151367,12.990171432495117,25.024986267089844,12.166107177734375,6.986194610595703,-4.670841693878174,60.8482551574707,0
1745923216.5097806,10.811565399169922,13.132773399353027,25.00649070739746,12.254192352294922,6.895809173583984,-4.568957805633545,61.205020904541016,0
1745923216.5223022,11.07391357421875,13.273991584777832,25.087066650390625,12.330318450927734,6.7803635597229,-4.443581581115723,61.765289306640625,0
1745923216.5354507,11.179224014282227,13.398138046264648,25.2023983001709,12.391611099243164,6.768897533416748,-4.396711349487305,62.17137145996094,0
1745923216.5473304,11.262835502624512,13.502387046813965,25.320167541503906,12.43960189819336,6.77110481262207,-4.364422798156738,62.52499008178711,0
1745923216.5625029,11.322092056274414,13.589280128479004,25.63473892211914,12.48005485534668,6.851319313049316,-4.3993120193481445,63.02616882324219,0
1745923216.5729554,11.357049942016602,13.663976669311523,25.866666793823242,12.512100219726562,6.916769981384277,-4.424502849578857,63.39979553222656,0
1745923216.5840938,11.37332534790039,13.784500122070312,26.106773376464844,12.526288986206055,7.019286155700684,-4.436057090759277,63.79088592529297,0
1745923216.5973535,11.381728172302246,13.813653945922852,26.264347076416016,12.507112503051758,7.086430549621582,-4.456960201263428,63.96684265136719,0
1745923216.609138,11.380533218383789,13.8023681640625,26.2890625,12.450202941894531,7.122716426849365,-4.453598499298096,63.92216491699219,0
1745923216.6215298,11.354394912719727,13.752594947814941,26.21869468688965,12.38412857055664,7.134183883666992,-4.448489665985107,63.70981216430664,0
1745923216.6329677,11.301454544067383,13.681180000305176,26.134748458862305,12.317262649536133,7.149435997009277,-4.459028244018555,63.43464660644531,0
1745923216.6464286,11.2412691116333,13.61244010925293,26.061214447021484,12.222734451293945,7.188580513000488,-4.466986179351807,63.137657165527344,0
1745923216.6623633,11.099766731262207,13.54045581817627,25.927927017211914,12.089019775390625,7.274965286254883,-4.483304500579834,62.657169342041016,0
1745923216.6704564,11.009572982788086,13.440436363220215,25.68506622314453,11.927339553833008,7.303624153137207,-4.453746795654297,62.062416076660156,0
1745923216.684159,10.91710376739502,13.177462577819824,25.320335388183594,11.75517463684082,7.243975639343262,-4.456423759460449,61.170074462890625,0
1745923216.6967123,10.847471237182617,13.048081398010254,24.83062744140625,11.588848114013672,7.1688079833984375,-4.360477924346924,60.31502914428711,0
1745923216.7075884,10.819228172302246,12.944552421569824,24.22311019897461,11.431194305419922,7.029555320739746,-4.2024407386779785,59.418087005615234,0
1745923216.7195687,10.846580505371094,12.879947662353516,23.496294021606445,11.269157409667969,6.826476573944092,-3.96323299407959,58.491981506347656,0
1745923216.732723,10.931291580200195,12.859442710876465,22.649248123168945,11.108461380004883,6.5532660484313965,-3.6370491981506348,57.548439025878906,0
1745923216.7440798,11.070158004760742,12.888862609863281,21.721759796142578,11.01264762878418,6.18729305267334,-3.250519275665283,56.69342803955078,0
1745923216.7621732,11.227895736694336,12.949275970458984,20.84412956237793,10.98863410949707,5.787410736083984,-2.870337724685669,56.00993347167969,0
1745923216.76951,11.386924743652344,13.030345916748047,20.255146026611328,10.894445419311523,5.544948577880859,-2.544299364089966,55.566864013671875,0
1745923216.7815313,11.488518714904785,12.949370384216309,19.877954483032227,10.60866928100586,5.470123291015625,-2.3126912117004395,54.92451095581055,0
1745923216.796213,11.463082313537598,12.643054008483887,18.755321502685547,10.094989776611328,5.202927589416504,-1.881313443183899,52.95644760131836,0
1745923216.8056476,10.902137756347656,12.150186538696289,17.811683654785156,9.388927459716797,5.388392448425293,-1.7335110902786255,50.252933502197266,0
1745923216.8186495,10.387361526489258,11.505212783813477,16.654687881469727,8.523738861083984,5.501612663269043,-1.4659322500228882,47.07100296020508,0
1745923216.8317947,9.748514175415039,10.745538711547852,15.322757720947266,7.545032501220703,5.666110515594482,-1.1495932340621948,43.36184310913086,0
1745923216.8432548,9.012020111083984,9.898327827453613,13.85757827758789,6.514688491821289,5.865635395050049,-0.7815241813659668,39.282615661621094,0
1745923216.8634326,8.200411796569824,8.988349914550781,12.30878734588623,5.483266830444336,6.094107151031494,-0.36217281222343445,34.98081970214844,0
1745923216.8687782,7.320650577545166,8.0271577835083,10.741203308105469,4.498571395874023,6.361269950866699,0.07417116314172745,30.587583541870117,0
1745923216.8793316,6.396485328674316,6.029795169830322,9.201484680175781,3.586127281188965,5.828638553619385,-0.3009432256221771,25.21389389038086,0
1745923216.8977866,5.462494373321533,5.029358386993408,7.7369384765625,2.7396059036254883,6.094767093658447,0.015331453643739223,20.968395233154297,0
1745923216.905982,4.525164604187012,4.0478715896606445,6.340842247009277,1.9602537155151367,6.476912498474121,0.3384318947792053,16.87413215637207,0
1745923216.9175122,3.6197588443756104,3.1139373779296875,5.02139139175415,1.2558355331420898,7.015071868896484,0.7367541193962097,13.0109224319458,0
1745923216.9295921,2.772888660430908,2.231293201446533,3.7790141105651855,0.6327581405639648,7.745417594909668,1.321225881576538,9.415953636169434,0
1745923216.9432774,1.998703956604004,1.4120595455169678,2.6162991523742676,0.12967872619628906,8.640824317932129,2.267514228820801,6.156741142272949,0
1745923216.953926,0.7360901832580566,0.6828486919403076,1.5645382404327393,0.16713237762451172,11.945816993713379,-2.084474802017212,3.1506094932556152,0
1745923216.9661002,0.3828468322753906,0.14532971382141113,0.7645230293273926,0.25192928314208984,4.986405372619629,-6.638352870941162,1.5446288585662842,0
1745923216.9788575,0.21606016159057617,0.2584829330444336,0.3209686279296875,0.2330160140991211,3.5492584705352783,-1.6220005750656128,1.0285277366638184,0
1745923216.9944506,0.1922926902770996,0.23892676830291748,0.18384552001953125,0.220489501953125,0.0,0.0,0.8355544805526733,0
1745923217.0036235,0.18582487106323242,0.22862708568572998,0.18317508697509766,0.2116851806640625,0.0,0.0,0.8093122243881226,0
1745923217.0165222,0.1799635887145996,0.21618402004241943,0.17630243301391602,0.20180320739746094,0.0,0.0,0.774253249168396,0
1745923217.03064,0.17376089096069336,0.21045565605163574,0.17101240158081055,0.1937732696533203,0.0,0.0,0.74900221824646,0
1745923217.041156,0.17053651809692383,0.2050306797027588,0.1652383804321289,0.19141101837158203,0.0,0.0,0.7322165966033936,0
1745923217.053826,0.16875362396240234,0.19932126998901367,0.1609358787536621,0.18617725372314453,0.0,0.0,0.7151880264282227,0
1745923217.0655575,0.16494083404541016,0.19581222534179688,0.15488243103027344,0.1793375015258789,0.0,0.0,0.6949729919433594,0
1745923217.0777705,0.1602935791015625,0.19133567810058594,0.15452861785888672,0.17391490936279297,0.0,0.0,0.6800727844238281,0
1745923217.0941467,0.15456533432006836,0.1895906925201416,0.15182781219482422,0.17249774932861328,0.0,0.0,0.6684815883636475,0
1745923217.1024106,0.15103721618652344,0.18390023708343506,0.1497788429260254,0.16707515716552734,0.0,0.0,0.6517914533615112,0
1745923217.114531,0.1492161750793457,0.17951858043670654,0.1485123634338379,0.1648082733154297,0.0,0.0,0.6420553922653198,0
1745923217.1290073,0.14576387405395508,0.1765974760055542,0.14527177810668945,0.16339111328125,0.0,0.0,0.6310242414474487,0
1745923217.1395805,0.14597272872924805,0.17451095581054688,0.14290618896484375,0.16023540496826172,0.0,0.0,0.6236252784729004,0
1745923217.154183,0.1435256004333496,0.1744920015335083,0.1417698860168457,0.1563243865966797,0.0,0.0,0.6161118745803833,0
1745923217.1643026,0.14075660705566406,0.17373323440551758,0.14232873916625977,0.15341472625732422,0.0,0.0,0.6102333068847656,0
1745923217.1759105,0.13893556594848633,0.17035698890686035,0.13998174667358398,0.15143108367919922,0.0,0.0,0.6007053852081299,0
1745923217.1956255,0.1388406753540039,0.16861188411712646,0.13707637786865234,0.14742565155029297,0.0,0.0,0.5919545888900757,0
1745923217.2024193,0.13980817794799805,0.16758763790130615,0.13800764083862305,0.14568710327148438,0.0,0.0,0.5910905599594116,0
1745923217.2140424,0.1367354393005371,0.16424918174743652,0.13571643829345703,0.1437978744506836,0.0,0.0,0.5804989337921143,0
1745923217.230279,0.13510417938232422,0.16218173503875732,0.1346735954284668,0.14313602447509766,0.0,0.0,0.575095534324646,0
1745923217.23849,0.13622331619262695,0.15967786312103271,0.13320207595825195,0.139678955078125,0.0,0.0,0.5687822103500366,0
1745923217.250872,0.13256216049194336,0.15523934364318848,0.1322336196899414,0.13544654846191406,0.0,0.0,0.5554816722869873,0
1745923217.2642152,0.1297926902770996,0.15671885013580322,0.13301563262939453,0.1369953155517578,0.0,0.0,0.5565224885940552,0
1745923217.2764382,0.13043785095214844,0.1555997133255005,0.13262462615966797,0.13652324676513672,0.0,0.0,0.5551854372024536,0
1745923217.2884753,0.13241052627563477,0.15235614776611328,0.13249444961547852,0.1350870132446289,0.0,0.0,0.5523481369018555,0
1745923217.3005617,0.13051366806030273,0.1502697467803955,0.1306319236755371,0.1352386474609375,0.0,0.0,0.5466539859771729,0
1745923217.3119018,0.12615108489990234,0.1500610113143921,0.12735366821289062,0.13425636291503906,0.0,0.0,0.5378221273422241,0
1745923217.3299644,0.12675809860229492,0.14789867401123047,0.12694406509399414,0.1329336166381836,0.0,0.0,0.5345344543457031,0
1745923217.3374772,0.12873077392578125,0.1478039026260376,0.12763309478759766,0.13147830963134766,0.0,0.0,0.5356460809707642,0
1745923217.3498356,0.12774419784545898,0.1473296880722046,0.12785673141479492,0.12994766235351562,0.0,0.0,0.5328782796859741,0
1745923217.3623846,0.12577152252197266,0.14647603034973145,0.12629175186157227,0.1314411163330078,0.0,0.0,0.5299804210662842,0
1745923217.3738003,0.12044143676757812,0.146836519241333,0.1261429786682129,0.12957000732421875,0.0,0.0,0.5229909420013428,0
1745923217.386673,0.12231922149658203,0.1452242136001587,0.12604999542236328,0.12705707550048828,0.0,0.0,0.5206505060195923,0
1745923217.4003832,0.12133312225341797,0.14315664768218994,0.12487649917602539,0.12932491302490234,0.0,0.0,0.5186911821365356,0
1745923217.4101996,0.12082099914550781,0.14180994033813477,0.1211700439453125,0.12694358825683594,0.0,0.0,0.510744571685791,0
1745923217.4289558,0.12156057357788086,0.13828182220458984,0.12103939056396484,0.12427997589111328,0.0,0.0,0.5051617622375488,0
1745923217.435369,0.11953115463256836,0.13894569873809814,0.12148666381835938,0.12123775482177734,0.0,0.0,0.5012012720108032,0
1745923217.4486325,0.11814641952514648,0.13896465301513672,0.1206669807434082,0.12339210510253906,0.0,0.0,0.5011701583862305,0
1745923217.462972,0.11888599395751953,0.1386042833328247,0.12059259414672852,0.12301349639892578,0.0,0.0,0.5010963678359985,0
1745923217.472569,0.11752033233642578,0.1366884708404541,0.12113285064697266,0.12038707733154297,0.0,0.0,0.4957287311553955,0
1745923217.4855967,0.11605978012084961,0.13684022426605225,0.12018251419067383,0.11853599548339844,0.0,0.0,0.4916185140609741,0
1745923217.4980364,0.11738777160644531,0.13687825202941895,0.11869239807128906,0.11511611938476562,0.0,0.0,0.48807454109191895,0
1745923217.5100038,0.11672401428222656,0.13456404209136963,0.11822700500488281,0.1159658432006836,0.0,0.0,0.4854809045791626,0
1745923217.5224774,0.11304426193237305,0.13416576385498047,0.11699771881103516,0.11662769317626953,0.0,0.0,0.4808354377746582,0
1745923217.5350623,0.11380290985107422,0.13242065906524658,0.11629009246826172,0.11670303344726562,0.0,0.0,0.47921669483184814,0
1745923217.5467374,0.11372709274291992,0.13200342655181885,0.11452054977416992,0.11360454559326172,0.0,0.0,0.4738556146621704,0
1745923217.563345,0.11374568939208984,0.13200342655181885,0.11507940292358398,0.11445426940917969,0.0,0.0,0.47528278827667236,0
1745923217.5729809,0.11200094223022461,0.12953758239746094,0.11496734619140625,0.11687278747558594,0.0,0.0,0.47337865829467773,0
1745923217.5837572,0.11192512512207031,0.13073253631591797,0.11344003677368164,0.1152486801147461,0.0,0.0,0.471346378326416,0
1745923217.5976663,0.11241817474365234,0.13141536712646484,0.11278820037841797,0.11530494689941406,0.0,0.0,0.4719266891479492,0
1745923217.6092725,0.1115264892578125,0.1304100751876831,0.1096963882446289,0.1156454086303711,0.0,0.0,0.4672783613204956,0
1745923217.6211965,0.1099710464477539,0.1300497055053711,0.10936117172241211,0.11345291137695312,0.0,0.0,0.46283483505249023,0
1745923217.6328309,0.10989522933959961,0.12978410720825195,0.1110372543334961,0.11046791076660156,0.0,0.0,0.4611845016479492,0
1745923217.6457076,0.10974359512329102,0.13020145893096924,0.11008739471435547,0.10721778869628906,0.0,0.0,0.4572502374649048,0
1745923217.661588,0.11017990112304688,0.12838053703308105,0.10939836502075195,0.1092214584350586,0.0,0.0,0.4571802616119385,0
1745923217.670208,0.10703134536743164,0.12741315364837646,0.10829925537109375,0.11196041107177734,0.0,0.0,0.4547041654586792,0
1745923217.682394,0.10809326171875,0.12257623672485352,0.10617589950561523,0.10890007019042969,0.0,0.0,0.44574546813964844,0
1745923217.6950982,0.10839700698852539,0.12411260604858398,0.10535669326782227,0.10837078094482422,0.0,0.0,0.44623708724975586,0
1745923217.7084303,0.1083211898803711,0.125421404838562,0.10744285583496094,0.10791683197021484,0.0,0.0,0.4491022825241089,0
1745923217.728871,0.10619640350341797,0.1238471269607544,0.1094355583190918,0.10753917694091797,0.0,0.0,0.44701826572418213,0
1745923217.733187,0.10448932647705078,0.12198817729949951,0.10908174514770508,0.10752010345458984,0.0,0.0,0.4430793523788452,0
1745923217.7437284,0.10526704788208008,0.12293660640716553,0.10787105560302734,0.10500717163085938,0.0,0.0,0.4410818815231323,0
1745923217.7565467,0.10429954528808594,0.12379014492034912,0.1071634292602539,0.10837078094482422,0.0,0.0,0.4436239004135132,0
1745923217.7687864,0.10483074188232422,0.12405574321746826,0.10634374618530273,0.10789871215820312,0.0,0.0,0.44312894344329834,0
1745923217.780847,0.10350322723388672,0.12337291240692139,0.10856008529663086,0.1051778793334961,0.0,0.0,0.44061410427093506,0
1745923217.795424,0.10198545455932617,0.1236194372177124,0.1084299087524414,0.10491275787353516,0.0,0.0,0.43894755840301514,0
1745923217.8121002,0.10623455047607422,0.12331593036651611,0.10701417922973633,0.10489463806152344,0.0,0.0,0.4414592981338501,0
1745923217.8182836,0.10492563247680664,0.12100183963775635,0.10582208633422852,0.10300445556640625,0.0,0.0,0.43475401401519775,0
1745923217.8322003,0.10245990753173828,0.11844122409820557,0.1057291030883789,0.105499267578125,0.0,0.0,0.43212950229644775,0
1745923217.843867,0.10181474685668945,0.11978793144226074,0.10703277587890625,0.10266494750976562,0.0,0.0,0.43130040168762207,0
1745923217.8626378,0.10196685791015625,0.11956024169921875,0.10559892654418945,0.10194683074951172,0.0,0.0,0.42907285690307617,0
1745923217.8708537,0.10175800323486328,0.11933267116546631,0.10291671752929688,0.10241889953613281,0.0,0.0,0.4264262914657593,0
1745923217.88056,0.10105609893798828,0.11779630184173584,0.10090494155883789,0.09803581237792969,0.0,0.0,0.4177931547164917,0
1745923217.8957224,0.09970951080322266,0.12001550197601318,0.10138940811157227,0.10060501098632812,0.0,0.0,0.42171943187713623,0
1745923217.904729,0.09697818756103516,0.11901021003723145,0.10191059112548828,0.10060501098632812,0.0,0.0,0.418503999710083,0
1745923217.916799,0.09682607650756836,0.11825144290924072,0.10476064682006836,0.10047245025634766,0.0,0.0,0.4203106164932251,0
1745923217.9297304,0.09866619110107422,0.11815667152404785,0.10343790054321289,0.1019277572631836,0.0,0.0,0.42218852043151855,0
1745923217.9420538,0.09657955169677734,0.11682891845703125,0.0991353988647461,0.09933948516845703,0.0,0.0,0.4118833541870117,0
1745923217.9558442,0.09737634658813477,0.11902916431427002,0.0998992919921875,0.09760093688964844,0.0,0.0,0.4139057397842407,0
1745923217.9690619,0.09635210037231445,0.11792898178100586,0.1017618179321289,0.09675121307373047,0.0,0.0,0.4127941131591797,0
1745923217.9790413,0.09898853302001953,0.11658227443695068,0.10125875473022461,0.09616470336914062,0.0,0.0,0.41299426555633545,0
1745923217.9960299,0.0972437858581543,0.1174548864364624,0.09978723526000977,0.09639167785644531,0.0,0.0,0.4108775854110718,0
1745923218.0031948,0.09597253799438477,0.11510276794433594,0.10153818130493164,0.09692096710205078,0.0,0.0,0.4095344543457031,0
1745923218.0176718,0.0983438491821289,0.11574769020080566,0.10151958465576172,0.09767627716064453,0.0,0.0,0.4132874011993408,0
1745923218.0298622,0.1006770133972168,0.11440098285675049,0.1018362045288086,0.09865951538085938,0.0,0.0,0.41557371616363525,0
1745923218.0414917,0.09853363037109375,0.11220061779022217,0.10118436813354492,0.09703445434570312,0.0,0.0,0.40895307064056396,0
1745923218.0531213,0.096466064453125,0.1114039421081543,0.10034608840942383,0.09703445434570312,0.0,0.0,0.40525054931640625,0
1745923218.0653963,0.09726238250732422,0.1132439374923706,0.10148239135742188,0.09729862213134766,0.0,0.0,0.40928733348846436,0
1745923218.0783026,0.09563112258911133,0.1167529821395874,0.1006627082824707,0.0944833755493164,0.0,0.0,0.40753018856048584,0
1745923218.0956147,0.09363985061645508,0.11533045768737793,0.0993962287902832,0.09399223327636719,0.0,0.0,0.4023587703704834,0
1745923218.1038232,0.09511899948120117,0.1147613525390625,0.09952688217163086,0.09529590606689453,0.0,0.0,0.40470314025878906,0
1745923218.1168966,0.09439849853515625,0.11407852172851562,0.09852075576782227,0.09540939331054688,0.0,0.0,0.402407169342041,0
1745923218.1297164,0.09335517883300781,0.11436307430267334,0.09833478927612305,0.09484195709228516,0.0,0.0,0.40089499950408936,0
1745923218.1388335,0.09314632415771484,0.11313009262084961,0.09725427627563477,0.09440803527832031,0.0,0.0,0.39793872833251953,0
1745923218.1548831,0.09229278564453125,0.1119920015335083,0.09608078002929688,0.09387874603271484,0.0,0.0,0.39424431324005127,0
1745923218.1651316,0.09259653091430664,0.11246621608734131,0.09505653381347656,0.09338760375976562,0.0,0.0,0.39350688457489014,0
1745923218.177761,0.09263420104980469,0.1114039421081543,0.09611797332763672,0.09316062927246094,0.0,0.0,0.39331674575805664,0
1745923218.1878827,0.09149646759033203,0.1119920015335083,0.09775733947753906,0.09406757354736328,0.0,0.0,0.3953133821487427,0
1745923218.201426,0.09098386764526367,0.11299729347229004,0.09781312942504883,0.09325504302978516,0.0,0.0,0.3950493335723877,0
1745923218.213658,0.0914773941040039,0.110740065574646,0.09528017044067383,0.09078025817871094,0.0,0.0,0.38827788829803467,0
1745923218.2305565,0.0890493392944336,0.111214280128479,0.09410667419433594,0.09215927124023438,0.0,0.0,0.3865295648574829,0
1745923218.237936,0.09299468994140625,0.1128455400466919,0.09608078002929688,0.09263134002685547,0.0,0.0,0.3945523500442505,0
1745923218.2497659,0.09193229675292969,0.111214280128479,0.09313821792602539,0.09006214141845703,0.0,0.0,0.3863469362258911,0
1745923218.266155,0.09159088134765625,0.10986757278442383,0.0935664176940918,0.0886831283569336,0.0,0.0,0.38370800018310547,0
1745923218.2743359,0.08992195129394531,0.11098670959472656,0.0951681137084961,0.08890914916992188,0.0,0.0,0.38498592376708984,0
1745923218.2884023,0.08950471878051758,0.11028492450714111,0.09501934051513672,0.09008121490478516,0.0,0.0,0.38489019870758057,0
1745923218.299566,0.0904531478881836,0.1098107099533081,0.09216928482055664,0.08802127838134766,0.0,0.0,0.380454421043396,0
1745923218.3121164,0.09214115142822266,0.10992443561553955,0.09228134155273438,0.08775711059570312,0.0,0.0,0.3821040391921997,0
1745923218.329384,0.09109783172607422,0.10814154148101807,0.0933990478515625,0.08817291259765625,0.0,0.0,0.38081133365631104,0
1745923218.3372517,0.0890493392944336,0.1071171760559082,0.09459066390991211,0.08981609344482422,0.0,0.0,0.3805732727050781,0
1745923218.3493757,0.08815765380859375,0.10770523548126221,0.09444189071655273,0.09045886993408203,0.0,0.0,0.3807636499404907,0
1745923218.364145,0.08971309661865234,0.10836911201477051,0.09468412399291992,0.0888528823852539,0.0,0.0,0.3816192150115967,0
1745923218.373568,0.08963727951049805,0.10897612571716309,0.09595060348510742,0.0890798568725586,0.0,0.0,0.38364386558532715,0
1745923218.3858452,0.0900735855102539,0.10709822177886963,0.09479570388793945,0.09095001220703125,0.0,0.0,0.38291752338409424,0
1745923218.39825,0.08844232559204102,0.10565662384033203,0.09310102462768555,0.08875846862792969,0.0,0.0,0.3759584426879883,0
1745923218.4108455,0.08935260772705078,0.10364603996276855,0.09313821792602539,0.08902263641357422,0.0,0.0,0.37515950202941895,0
1745923218.4292285,0.08940982818603516,0.10468924045562744,0.09425544738769531,0.08815383911132812,0.0,0.0,0.37650835514068604,0
1745923218.4355297,0.08954238891601562,0.10525834560394287,0.0935664176940918,0.0868692398071289,0.0,0.0,0.3752363920211792,0
1745923218.448042,0.09104108810424805,0.10404431819915771,0.0941624641418457,0.08679389953613281,0.0,0.0,0.3760417699813843,0
1745923218.462357,0.08982706069946289,0.10449957847595215,0.09324979782104492,0.08724689483642578,0.0,0.0,0.37482333183288574,0
1745923218.472378,0.0869441032409668,0.10601699352264404,0.09403228759765625,0.08802127838134766,0.0,0.0,0.37501466274261475,0
1745923218.4852362,0.08567285537719727,0.10577046871185303,0.08904027938842773,0.08796501159667969,0.0,0.0,0.3684486150741577,0
1745923218.4973319,0.0855402946472168,0.10613083839416504,0.08967351913452148,0.08605670928955078,0.0,0.0,0.3674013614654541,0
1745923218.5095918,0.08447790145874023,0.10349428653717041,0.09049320220947266,0.08531951904296875,0.0,0.0,0.36378490924835205,0
1745923218.522277,0.08798694610595703,0.10522043704986572,0.0884256362915039,0.08516883850097656,0.0,0.0,0.3668018579483032,0
1745923218.535183,0.08755064010620117,0.10463237762451172,0.08704757690429688,0.08498001098632812,0.0,0.0,0.3642106056213379,0
1745923218.5459843,0.08737993240356445,0.1053152084350586,0.09071683883666992,0.08586788177490234,0.0,0.0,0.3692798614501953,0
1745923218.5632114,0.0868678092956543,0.10690855979919434,0.09321260452270508,0.08231544494628906,0.0,0.0,0.3693044185638428,0
1745923218.5718648,0.08684921264648438,0.10544800758361816,0.0906982421875,0.08067131042480469,0.0,0.0,0.3636667728424072,0
1745923218.587671,0.08755064010620117,0.10205268859863281,0.09231853485107422,0.0832223892211914,0.0,0.0,0.3651442527770996,0
1745923218.5967574,0.0869441032409668,0.10135090351104736,0.09190893173217773,0.08469581604003906,0.0,0.0,0.36489975452423096,0
1745923218.6086347,0.08639383316040039,0.10059213638305664,0.09177827835083008,0.08494186401367188,0.0,0.0,0.363706111907959,0
1745923218.6349697,0.08464860916137695,0.10097157955169678,0.09116363525390625,0.0834493637084961,0.0,0.0,0.3602331876754761,0
1745923218.6364264,0.08573007583618164,0.09926438331604004,0.09107065200805664,0.0838460922241211,0.0,0.0,0.3599112033843994,0
1745923218.645856,0.0854644775390625,0.10051631927490234,0.0912008285522461,0.08259868621826172,0.0,0.0,0.35978031158447266,0
1745923218.6615982,0.0832071304321289,0.10231828689575195,0.08952474594116211,0.08261775970458984,0.0,0.0,0.3576679229736328,0
1745923218.6707537,0.08489513397216797,0.10273551940917969,0.0885934829711914,0.0814657211303711,0.0,0.0,0.35768985748291016,0
1745923218.6847677,0.0835866928100586,0.1029062271118164,0.08924531936645508,0.08021831512451172,0.0,0.0,0.3559565544128418,0
1745923218.6963992,0.08394670486450195,0.10265970230102539,0.0912942886352539,0.08121967315673828,0.0,0.0,0.35912036895751953,0
1745923218.7068954,0.0856161117553711,0.10195791721343994,0.09121942520141602,0.0818624496459961,0.0,0.0,0.36065590381622314,0
1745923218.7216048,0.08388996124267578,0.09979546070098877,0.09028816223144531,0.08229637145996094,0.0,0.0,0.3562699556350708,0
1745923218.7324495,0.08267593383789062,0.09926438331604004,0.08939409255981445,0.08169174194335938,0.0,0.0,0.3530261516571045,0
1745923218.7459037,0.08394670486450195,0.09799349308013916,0.09021377563476562,0.0833740234375,0.0,0.0,0.35552799701690674,0
1745923218.7568314,0.08404159545898438,0.09987139701843262,0.08836984634399414,0.0826559066772461,0.0,0.0,0.3549387454986572,0
1745923218.7686443,0.08493328094482422,0.0997765064239502,0.08684253692626953,0.08229637145996094,0.0,0.0,0.3538486957550049,0
1745923218.7822826,0.08597660064697266,0.0983729362487793,0.08520364761352539,0.0828256607055664,0.0,0.0,0.35237884521484375,0
1745923218.7959266,0.08588171005249023,0.09772801399230957,0.08745718002319336,0.07961368560791016,0.0,0.0,0.3506805896759033,0
1745923218.8061814,0.08239173889160156,0.0960777997970581,0.08971071243286133,0.07978343963623047,0.0,0.0,0.34796369075775146,0
1745923218.8206506,0.08315038681030273,0.09473097324371338,0.09123802185058594,0.07974624633789062,0.0,0.0,0.3488656282424927,0
1745923218.8303168,0.0839090347290039,0.09327042102813721,0.08928251266479492,0.0781402587890625,0.0,0.0,0.34460222721099854,0
1745923218.8436506,0.08432626724243164,0.0949397087097168,0.08931970596313477,0.0786123275756836,0.0,0.0,0.3471980094909668,0
1745923218.8556442,0.08419370651245117,0.0956794023513794,0.08891010284423828,0.07936763763427734,0.0,0.0,0.3481508493423462,0
1745923218.868694,0.08284664154052734,0.09268248081207275,0.08727073669433594,0.08042621612548828,0.0,0.0,0.3432260751724243,0
1745923218.8805249,0.0832829475402832,0.09230303764343262,0.08693552017211914,0.07880115509033203,0.0,0.0,0.341322660446167,0
1745923218.8961494,0.08322620391845703,0.09406709671020508,0.08835124969482422,0.07770538330078125,0.0,0.0,0.3433499336242676,0
1745923218.904743,0.0814051628112793,0.09385848045349121,0.09092140197753906,0.07984066009521484,0.0,0.0,0.3460257053375244,0
1745923218.9173162,0.07994461059570312,0.09454131126403809,0.08561325073242188,0.07919788360595703,0.0,0.0,0.3392970561981201,0
1745923218.9318354,0.08062744140625,0.09598290920257568,0.08626508712768555,0.07725143432617188,0.0,0.0,0.3401268720626831,0
1745923218.9544024,0.08030509948730469,0.09554660320281982,0.08907747268676758,0.07591056823730469,0.0,0.0,0.3408397436141968,0
1745923218.9630752,0.08334016799926758,0.09372568130493164,0.08801603317260742,0.05523967742919922,0.0,0.0,0.32032155990600586,0
1745923218.9671957,0.11177301406860352,0.08714377880096436,0.17360162734985352,0.07114410400390625,0.0,0.0,0.44366252422332764,0
1745923218.9784417,0.2648458480834961,0.29789042472839355,0.5187745094299316,0.18301677703857422,8.166263580322266,-2.3092856407165527,1.2645275592803955,0
1745923218.9956174,0.35845375061035156,0.42457854747772217,0.7848811149597168,0.3193016052246094,7.888725280761719,-3.573604106903076,1.8872150182724,0
1745923219.0040069,0.4230780601501465,0.5631977319717407,1.0345227718353271,0.5157651901245117,7.27305269241333,-4.669409275054932,2.5365638732910156,0
1745923219.015553,0.5438485145568848,0.7167068123817444,1.3340439796447754,0.7404747009277344,6.43463134765625,-5.125293254852295,3.335073947906494,0
1745923219.0324697,0.6920843124389648,0.8979852795600891,1.658970832824707,0.9853067398071289,5.816202163696289,-5.228283882141113,4.234347343444824,0
1745923219.041496,0.8518338203430176,1.1012667417526245,2.049013614654541,1.259237289428711,5.530491828918457,-5.408905982971191,5.261351585388184,0
1745923219.0527987,1.0414581298828125,1.3865853548049927,2.5789172649383545,1.5612430572509766,5.8095703125,-5.474017143249512,6.568203926086426,0
1745923219.0668612,1.2747855186462402,1.7628183364868164,3.232384443283081,1.853367805480957,6.435442924499512,-5.294748306274414,8.123355865478516,0
1745923219.0785363,1.522603988647461,2.485011100769043,3.86677885055542,2.123103141784668,7.578928470611572,-4.163802623748779,9.99749755859375,0
1745923219.0973969,1.7544326782226562,2.8037896156311035,4.408714771270752,2.3940858840942383,7.551397800445557,-4.148934841156006,11.36102294921875,0
1745923219.1021817,2.25297212600708,3.160883665084839,4.945342540740967,2.646343231201172,6.90424919128418,-3.5165348052978516,13.00554084777832,0
1745923219.115139,2.525639057159424,3.5386152267456055,5.522313594818115,2.8418426513671875,7.167560577392578,-3.3474199771881104,14.428410530090332,0
1745923219.1301022,2.7630629539489746,3.870481491088867,6.043313980102539,2.959535598754883,7.505151748657227,-3.182025671005249,15.636394500732422,0
1745923219.141868,2.9479265213012695,4.127651214599609,6.434325218200684,3.041102409362793,7.736238479614258,-3.0449416637420654,16.551006317138672,0
1745923219.1523743,3.091553211212158,4.319248676300049,6.688324928283691,3.2405319213867188,7.549957275390625,-3.049607515335083,17.339658737182617,0
1745923219.1644363,3.3099334239959717,4.575204372406006,6.981457710266113,3.5482444763183594,7.14410400390625,-3.0158207416534424,18.414840698242188,0
1745923219.1766346,3.6314053535461426,5.507867813110352,7.523952484130859,3.925166130065918,7.446281909942627,-2.356024980545044,20.588390350341797,0
1745923219.1890955,4.002687454223633,6.048497676849365,8.211206436157227,4.447858810424805,7.162247657775879,-2.411486864089966,22.710250854492188,0
1745923219.2019644,4.4263787269592285,6.645690441131592,9.888701438903809,5.241855621337891,7.3371429443359375,-3.2526605129241943,26.202625274658203,0
1745923219.2137935,4.972831726074219,7.300982475280762,10.990734100341797,6.431308746337891,6.494244575500488,-3.640669345855713,29.695858001708984,0
1745923219.2299445,5.724121570587158,8.058626174926758,12.320280075073242,7.846340179443359,5.615317344665527,-3.9488611221313477,33.94936752319336,0
1745923219.2384229,7.939599990844727,8.934100151062012,13.76552963256836,8.949464797973633,4.109654903411865,-3.098541259765625,39.58869171142578,0
1745923219.2505355,8.850202560424805,9.771411895751953,15.026458740234375,9.612751007080078,4.100192070007324,-2.921107292175293,43.26082229614258,0
1745923219.2627146,9.427725791931152,10.453372955322266,16.05486297607422,10.149574279785156,4.210999488830566,-2.881382942199707,46.08553695678711,0
1745923219.2751641,9.853275299072266,11.512591361999512,17.010440826416016,10.79838752746582,4.48194694519043,-2.7514593601226807,49.17469787597656,0
1745923219.2868676,10.296390533447266,12.022682189941406,18.027130126953125,11.57182502746582,4.412430763244629,-2.944594383239746,51.91802978515625,0
1745923219.2999969,10.806594848632812,12.554245948791504,19.119997024536133,12.441812515258789,4.295557975769043,-3.1356894969940186,54.922645568847656,0
1745923219.311542,11.397642135620117,13.136472702026367,20.25704574584961,13.415645599365234,4.127462387084961,-3.297039031982422,58.20680618286133,0
1745923219.3324509,12.098154067993164,13.777633666992188,21.415550231933594,14.41717529296875,3.9375429153442383,-3.388441562652588,61.70851135253906,0
1745923219.33677,12.897016525268555,14.438009262084961,22.54231834411621,15.28266716003418,3.7817370891571045,-3.380741596221924,65.1600112915039,0
1745923219.3496222,13.69250202178955,15.046089172363281,23.5267276763916,15.901983261108398,3.687885284423828,-3.2932581901550293,68.16730499267578,0
1745923219.3631613,14.364145278930664,15.547341346740723,24.298320770263672,16.221071243286133,3.681516647338867,-3.16290283203125,70.43087768554688,0
1745923219.373952,14.834383964538574,15.91623306274414,24.848247528076172,16.308420181274414,3.7465877532958984,-3.0390117168426514,71.90728759765625,0
1745923219.3864663,15.189183235168457,16.29777717590332,25.203123092651367,16.2838191986084,3.8476920127868652,-2.8777356147766113,72.97390747070312,0
1745923219.400813,15.21200180053711,16.376741409301758,25.42424964904785,16.234882354736328,3.957998752593994,-2.887157917022705,73.24787902832031,0
1745923219.4109206,15.211223602294922,16.415626525878906,25.568952560424805,16.17234230041504,4.045740127563477,-2.8950350284576416,73.3681411743164,0
1745923219.42934,15.199463844299316,16.41370964050293,25.648839950561523,16.088376998901367,4.113022327423096,-2.8984832763671875,73.35039520263672,0
1745923219.4367292,15.185541152954102,16.373857498168945,25.557218551635742,15.986404418945312,4.120974063873291,-2.8681273460388184,73.10301971435547,0
1745923219.4487941,15.1641263961792,16.3099365234375,25.41007423400879,15.877723693847656,4.109136581420898,-2.8323681354522705,72.7618637084961,0
1745923219.4622982,15.137911796569824,16.224390029907227,25.208227157592773,15.754476547241211,4.080558776855469,-2.787534713745117,72.32500457763672,0
1745923219.4728897,15.10600757598877,15.949028968811035,24.94023895263672,15.58841323852539,3.987719774246216,-2.779207229614258,71.58369445800781,0
1745923219.484275,15.044740676879883,15.756180763244629,24.61762237548828,15.374588012695312,3.9371790885925293,-2.7264938354492188,70.79313659667969,0
1745923219.4983792,14.942294120788574,15.535429000854492,24.256710052490234,15.123273849487305,3.898552894592285,-2.6761181354522705,69.85770416259766,0
1745923219.510217,14.8006591796875,15.2931489944458,23.87633514404297,14.859869003295898,3.868236541748047,-2.636791229248047,68.83000946044922,0
1745923219.5227258,14.424273490905762,15.038691520690918,23.503036499023438,14.613260269165039,3.937857151031494,-2.6889896392822266,67.57926177978516,0
1745923219.5348399,14.2269287109375,14.781332015991211,23.15082359313965,14.409069061279297,3.9101641178131104,-2.6977498531341553,66.56815338134766,0
1745923219.547042,14.047187805175781,14.530004501342773,22.825485229492188,14.244802474975586,3.865769386291504,-2.716860294342041,65.6474838256836,0
1745923219.5628946,13.89168643951416,14.287933349609375,22.519519805908203,14.108535766601562,3.805142879486084,-2.7375948429107666,64.80767822265625,0
1745923219.57103,13.756139755249023,13.841802597045898,22.22303581237793,13.998023986816406,3.6462321281433105,-2.8374857902526855,63.819000244140625,0
1745923219.583587,13.641761779785156,13.649446487426758,21.952085494995117,13.927112579345703,3.5604395866394043,-2.854940176010132,63.170406341552734,0
1745923219.5962827,13.547452926635742,13.489185333251953,21.722002029418945,13.902984619140625,3.467848777770996,-2.8782413005828857,62.661624908447266,0
1745923219.6103716,13.482183456420898,13.36911678314209,21.553848266601562,13.907766342163086,3.3849236965179443,-2.9017529487609863,62.31291198730469,0
1745923219.621068,13.445158004760742,13.278543472290039,21.439802169799805,13.931440353393555,3.3105578422546387,-2.924527168273926,62.094947814941406,0
1745923219.633066,13.433170318603516,13.216423034667969,21.357065200805664,13.981037139892578,3.2338645458221436,-2.943466901779175,61.98769760131836,0
1745923219.645034,13.446428298950195,13.177349090576172,21.29474449157715,14.065855026245117,3.1439313888549805,-2.9599921703338623,61.984375,0
1745923219.6629522,13.494266510009766,13.169723510742188,21.261869430541992,14.130132675170898,3.071443557739258,-2.95359468460083,62.055992126464844,0
1745923219.670264,13.613006591796875,13.185334205627441,21.239704132080078,14.097654342651367,3.025676965713501,-2.8859314918518066,62.13569641113281,0
1745923219.6830328,13.592388153076172,13.149029731750488,21.160917282104492,14.010948181152344,3.033034324645996,-2.8594746589660645,61.91328430175781,0
1745923219.6972353,13.549766540527344,13.106521606445312,21.04979705810547,13.982076644897461,3.006821870803833,-2.8512330055236816,61.68816375732422,0
1745923219.7080276,13.560672760009766,13.095937728881836,20.963075637817383,13.998855590820312,2.9534225463867188,-2.8305068016052246,61.6185417175293,0
1745923219.720349,13.62453842163086,13.131464958190918,20.913436889648438,14.022964477539062,2.9035534858703613,-2.7845945358276367,61.692405700683594,0
1745923219.7324853,13.717161178588867,13.22757625579834,20.941469192504883,14.070634841918945,2.883861780166626,-2.7343990802764893,61.95684051513672,0
1745923219.7443326,13.835939407348633,13.384746551513672,21.06669044494629,14.12605094909668,2.9113056659698486,-2.682325839996338,62.413429260253906,0
1745923219.7636387,13.953731536865234,13.571051597595215,21.24968910217285,14.143793106079102,2.9919772148132324,-2.6263067722320557,62.91826629638672,0
1745923219.7698665,14.039694786071777,13.918338775634766,21.440025329589844,14.130887985229492,3.1679718494415283,-2.516498565673828,63.52894592285156,0
1745923219.7826083,14.090965270996094,14.085941314697266,21.63850212097168,14.111446380615234,3.2946536540985107,-2.4877469539642334,63.92685317993164,0
1745923219.7966413,14.124614715576172,14.258058547973633,21.853740692138672,14.103208541870117,3.431033134460449,-2.4721899032592773,64.3396224975586,0
1745923219.8062239,14.186393737792969,14.436187744140625,22.0925235748291,14.129623413085938,3.5462465286254883,-2.461122751235962,64.8447265625,0
1745923219.8183072,14.251493453979492,14.619420051574707,22.34328269958496,14.12242317199707,3.6807239055633545,-2.4410603046417236,65.33661651611328,0
1745923219.8328981,14.288082122802734,14.792941093444824,22.57634735107422,14.003955841064453,3.8708174228668213,-2.3984415531158447,65.66133117675781,0
1745923219.8432138,14.259193420410156,14.941082000732422,22.75766944885254,13.809440612792969,4.0999555587768555,-2.3522825241088867,65.76738739013672,0
1745923219.85584,14.183245658874512,15.067902565002441,22.892724990844727,13.615262985229492,4.326993465423584,-2.3174517154693604,65.75914001464844,0
1745923219.8679116,14.10894775390625,15.195198059082031,23.016660690307617,13.456418991088867,4.531991004943848,-2.2887496948242188,65.77722930908203,0
1745923219.8797338,14.061412811279297,15.480194091796875,23.160768508911133,13.340578079223633,4.764946937561035,-2.213022470474243,66.04295349121094,0
1745923219.8997202,14.033378601074219,15.629985809326172,23.312400817871094,13.256875991821289,4.925965309143066,-2.189617156982422,66.2326431274414,0
1745923219.9059198,14.023761749267578,15.788141250610352,23.490985870361328,13.179882049560547,5.085732460021973,-2.1665501594543457,66.48277282714844,0
1745923219.918957,14.019872665405273,15.923687934875488,23.83803939819336,13.122745513916016,5.281197547912598,-2.202572822570801,66.90434265136719,0
1745923219.930532,14.010293960571289,16.03806495666504,23.9766902923584,13.099996566772461,5.382864475250244,-2.1988048553466797,67.12504577636719,0
1745923219.9425292,14.02131462097168,16.148517608642578,24.117874145507812,13.117361068725586,5.453240394592285,-2.2012219429016113,67.40506744384766,0
1745923219.9549403,14.118602752685547,16.27190399169922,24.276994705200195,13.157567977905273,5.479335784912109,-2.180980682373047,67.8250732421875,0
1745923219.9669988,14.193848609924316,16.415266036987305,24.461761474609375,13.206050872802734,5.526898384094238,-2.1710500717163086,68.27693176269531,0
1745923219.9790902,14.273704528808594,16.74403953552246,24.669662475585938,13.278623580932617,5.627676486968994,-2.110334873199463,68.96603393554688,0
1745923219.9964507,14.371561050415039,16.92639923095703,24.907625198364258,13.322532653808594,5.694357872009277,-2.0937728881835938,69.52812194824219,0
1745923220.004852,14.448097229003906,17.09568977355957,25.1296443939209,13.34067153930664,5.773463249206543,-2.0775396823883057,70.01409912109375,0
1745923220.015923,14.5167236328125,17.273517608642578,25.33881378173828,13.340425491333008,5.862752437591553,-2.0529301166534424,70.469482421875,0
1745923220.0303593,14.574671745300293,17.434234619140625,25.525108337402344,13.365140914916992,5.931620121002197,-2.038222074508667,70.89915466308594,0
1745923220.0412214,14.631860733032227,17.581579208374023,25.701400756835938,13.43828010559082,5.96973991394043,-2.0384674072265625,71.35311889648438,0
1745923220.052629,14.711280822753906,17.739355087280273,25.904775619506836,13.520772933959961,6.003909587860107,-2.037853240966797,71.87619018554688,0
1745923220.0652359,14.81082534790039,17.902822494506836,26.117780685424805,13.550870895385742,6.0574116706848145,-2.017829179763794,72.3823013305664,0
1745923220.0781512,14.89589786529541,18.1248836517334,26.27770233154297,13.517107009887695,6.148522853851318,-1.953627347946167,72.81558990478516,0
1745923220.1004434,14.92579174041748,18.185504913330078,26.359636306762695,13.482172012329102,6.193582534790039,-1.9374189376831055,72.9531021118164,0
1745923220.1025043,14.947016716003418,18.23798942565918,26.399551391601562,13.451581954956055,6.225554466247559,-1.9167048931121826,73.03614044189453,0
1745923220.114048,14.96867847442627,18.2939453125,26.423076629638672,13.384979248046875,6.270288467407227,-1.8811115026474,73.0706787109375,0
1745923220.1323714,14.975336074829102,18.344648361206055,26.427490234375,13.322967529296875,6.312640190124512,-1.8480788469314575,73.07044219970703,0
1745923220.1395996,14.991023063659668,18.397531509399414,26.412626266479492,13.288957595825195,6.332523345947266,-1.8138375282287598,73.09013366699219,0
1745923220.151748,15.020195960998535,18.447607040405273,26.39986801147461,13.24493408203125,6.350554466247559,-1.7742077112197876,73.11260986328125,0
1745923220.1655264,15.034099578857422,18.463388442993164,26.28898811340332,13.187761306762695,6.342710494995117,-1.7206681966781616,72.97423553466797,0
1745923220.1771905,15.028522491455078,18.42920684814453,26.196977615356445,13.134025573730469,6.333147048950195,-1.6944751739501953,72.78873443603516,0
1745923220.1890702,15.009384155273438,18.382394790649414,26.096622467041016,13.1119384765625,6.3087239265441895,-1.6825329065322876,72.600341796875,0
1745923220.202018,14.99343204498291,18.32330894470215,25.98902130126953,13.131095886230469,6.257291316986084,-1.6824429035186768,72.43685913085938,0
1745923220.2135222,14.99432373046875,18.254472732543945,25.87514305114746,13.133817672729492,6.200597763061523,-1.6740553379058838,72.25775909423828,0
1745923220.2301958,15.010882377624512,18.18419647216797,25.753032684326172,13.04620361328125,6.176098346710205,-1.6346747875213623,71.99431610107422,0
1745923220.238674,14.914088249206543,18.079814910888672,25.570964813232422,12.937448501586914,6.186915397644043,-1.6195940971374512,71.5023193359375,0
1745923220.2506945,14.826000213623047,17.93379783630371,25.34402847290039,12.86037826538086,6.151841163635254,-1.6111900806427002,70.96420288085938,0
1745923220.263244,14.757391929626465,17.7773494720459,25.115955352783203,12.77197265625,6.108689785003662,-1.5963175296783447,70.42266845703125,0
1745923220.275609,14.668601989746094,17.395103454589844,24.856237411499023,12.6524658203125,6.008814334869385,-1.643539309501648,69.5724105834961,0
1745923220.2882216,14.546655654907227,17.15159034729004,24.545875549316406,12.537853240966797,5.948691368103027,-1.644255518913269,68.78197479248047,0
1745923220.3001444,14.41994857788086,16.898479461669922,24.209884643554688,12.45753288269043,5.860994815826416,-1.6522382497787476,67.98584747314453,0
1745923220.313151,14.315187454223633,16.654529571533203,23.880990982055664,12.363269805908203,5.772576808929443,-1.647952914237976,67.21397399902344,0
1745923220.3319194,14.21124267578125,16.411603927612305,23.559900283813477,12.213985443115234,5.712566375732422,-1.6291745901107788,66.396728515625,0
1745923220.3371525,14.071125030517578,16.157470703125,23.227468490600586,12.064739227294922,5.661930084228516,-1.6229321956634521,65.52079772949219,0
1745923220.3500662,13.904661178588867,15.898669242858887,22.879501342773438,11.967226028442383,5.589724063873291,-1.638224720954895,64.65005493164062,0
1745923220.3648612,13.762228965759277,15.6506986618042,22.546098709106445,11.918838500976562,5.486100673675537,-1.66085946559906,63.877864837646484,0
1745923220.3754964,13.657012939453125,15.406976699829102,22.223501205444336,11.882240295410156,5.359438419342041,-1.6760690212249756,63.16973114013672,0
1745923220.387955,13.486394882202148,14.893281936645508,21.892353057861328,11.830997467041016,5.170614719390869,-1.8069514036178589,62.10302734375,0
1745923220.402383,13.384137153625488,14.616669654846191,21.172075271606445,11.760635375976562,4.89108943939209,-1.6997202634811401,60.93351745605469,0
1745923220.4108276,13.269076347351074,14.327860832214355,20.78357696533203,11.68736457824707,4.733644485473633,-1.7039730548858643,60.06787872314453,0
1745923220.4247434,13.154888153076172,14.049731254577637,20.413558959960938,11.609066009521484,4.585413932800293,-1.7083032131195068,59.22724533081055,0
1745923220.435702,13.039182662963867,13.793718338012695,20.066913604736328,11.525232315063477,4.4551801681518555,-1.7106385231018066,58.425048828125,0
1745923220.4505653,12.929887771606445,13.563141822814941,19.746700286865234,11.446025848388672,4.336425304412842,-1.710883378982544,57.68575668334961,0
1745923220.4626064,12.827669143676758,13.349977493286133,19.44585418701172,11.378875732421875,4.219121932983398,-1.7120119333267212,57.002376556396484,0
1745923220.4767377,12.73385238647461,13.150585174560547,19.161476135253906,11.306661605834961,4.109897613525391,-1.7081331014633179,56.352577209472656,0
1745923220.4867792,12.649728775024414,12.803126335144043,18.900959014892578,11.202119827270508,3.95750093460083,-1.7577730417251587,55.555931091308594,0
1745923220.4988244,12.549842834472656,12.625262260437012,18.634479522705078,11.095291137695312,3.883244276046753,-1.7420666217803955,54.904876708984375,0
1745923220.509289,12.431406021118164,12.450091361999512,18.370887756347656,11.02175521850586,3.801053762435913,-1.7454736232757568,54.274139404296875,0
1745923220.5220454,12.32326889038086,12.290285110473633,18.129066467285156,10.966224670410156,3.7170042991638184,-1.7523459196090698,53.70884704589844,0
1745923220.539144,12.16158390045166,12.146241188049316,17.910457611083984,10.914379119873047,3.678727865219116,-1.7852905988693237,53.13266372680664,0
1745923220.5464354,12.08186149597168,11.999560356140137,17.702388763427734,10.881786346435547,3.582461357116699,-1.795438528060913,52.66559600830078,0
1745923220.5624237,12.007789611816406,11.862933158874512,17.518756866455078,10.836326599121094,3.505012273788452,-1.803161382675171,52.225807189941406,0
1745923220.5710845,11.923192977905273,11.732526779174805,17.351943969726562,10.749847412109375,3.4684829711914062,-1.8039411306381226,51.757511138916016,0
1745923220.5978403,11.804830551147461,11.445975303649902,17.186342239379883,10.63328742980957,3.3960464000701904,-1.8786861896514893,51.0704345703125,0
1745923220.6040874,11.655324935913086,11.289981842041016,17.014015197753906,10.485176086425781,3.4211440086364746,-1.8957781791687012,50.444496154785156,0
1745923220.6083753,11.485692977905273,11.129928588867188,16.835617065429688,10.298065185546875,3.479245662689209,-1.9071476459503174,49.749305725097656,0
1745923220.6333861,11.296655654907227,10.977462768554688,16.654184341430664,10.064249038696289,3.5838260650634766,-1.9049959182739258,48.9925537109375,0
1745923220.6497278,11.08497142791748,10.846981048583984,16.33706283569336,9.78555679321289,3.678701162338257,-1.8313344717025757,48.05457305908203,0
1745923220.6497278,10.849026679992676,10.747264862060547,16.217912673950195,9.48995590209961,3.9221391677856445,-1.8252758979797363,47.30415725708008,0
1745923220.6676426,10.606443405151367,10.67880916595459,16.12655258178711,9.190103530883789,4.211133003234863,-1.8166531324386597,46.601905822753906,0
1745923220.6718488,10.147889137268066,10.640247344970703,16.05801010131836,8.824291229248047,4.736766338348389,-1.8825631141662598,45.67043685913086,0
1745923220.6825802,9.886072158813477,10.61822509765625,15.976858139038086,8.347190856933594,5.222833156585693,-1.7893763780593872,44.828346252441406,0
1745923220.700817,9.55236530303955,10.59075927734375,15.849178314208984,7.7579345703125,5.842936992645264,-1.662705898284912,43.75023651123047,0
1745923220.7080534,9.144701957702637,10.511624336242676,15.632746696472168,7.113071441650391,6.528554439544678,-1.5300959348678589,42.40214538574219,0
1745923220.7195919,8.696067810058594,10.385656356811523,15.322347640991211,6.478336334228516,7.21436882019043,-1.3966436386108398,40.882408142089844,0
1745923220.7325509,8.235483169555664,10.210638046264648,14.932025909423828,5.96760368347168,7.785037994384766,-1.309510588645935,39.34574890136719,0
1745923220.7461665,7.843298435211182,10.013463973999023,14.510337829589844,5.554159164428711,8.215383529663086,-1.2225974798202515,37.92125701904297,0
1745923220.757481,7.533985137939453,9.803866386413574,14.065852165222168,5.207183837890625,8.511112213134766,-1.1100214719772339,36.61088943481445,0
1745923220.7691329,7.216155052185059,9.517446517944336,13.578266143798828,4.8665008544921875,8.765772819519043,-1.0214941501617432,35.178367614746094,0
1745923220.7814314,6.907297134399414,8.782299041748047,13.050243377685547,4.47007942199707,8.814976692199707,-1.1576439142227173,33.20991897583008,0
1745923220.800625,6.539087772369385,8.270120620727539,12.380012512207031,4.044200897216797,9.024681091308594,-1.085859775543213,31.233421325683594,0
1745923220.8062453,6.117520809173584,7.713956832885742,11.592309951782227,3.602168083190918,9.247730255126953,-0.9861173629760742,29.025955200195312,0
1745923220.8183947,5.2085490226745605,7.120121479034424,10.730475425720215,3.1671457290649414,10.115699768066406,-1.2562952041625977,26.22629165649414,0
1745923220.8336425,4.760483741760254,6.537382125854492,9.83332633972168,2.7397375106811523,10.404858589172363,-1.1218312978744507,23.870929718017578,0
1745923220.8429594,4.322964668273926,5.976892948150635,8.95506477355957,2.3263492584228516,10.746076583862305,-0.9551185965538025,21.58127212524414,0
1745923220.855729,3.900411367416382,5.4197797775268555,8.079988479614258,1.9616889953613281,11.045146942138672,-0.7825281620025635,19.36186981201172,0
1745923220.8685486,3.515054702758789,4.891232490539551,7.233669757843018,1.6564521789550781,11.256387710571289,-0.5874351859092712,17.296409606933594,0
1745923220.8836672,3.1816518306732178,4.020784854888916,5.812074661254883,1.4120349884033203,10.168533325195312,-0.03154859319329262,14.426546096801758,0
1745923220.8957007,2.9050586223602295,3.6860923767089844,5.267587184906006,1.2137203216552734,10.355912208557129,0.17645636200904846,13.072458267211914,0
1745923220.904718,2.6699862480163574,3.401475429534912,4.813323020935059,1.0486412048339844,10.549592018127441,0.3686658442020416,11.933425903320312,0
1745923220.916915,2.4704794883728027,3.1476058959960938,4.415699481964111,0.8870000839233398,10.783393859863281,0.606467604637146,10.920784950256348,0
1745923220.931287,2.2877025604248047,2.8895254135131836,4.015170574188232,0.722808837890625,10.996963500976562,0.9303103685379028,9.915206909179688,0
1745923220.9422436,2.098173141479492,2.6139373779296875,3.601231098175049,0.56103515625,11.219593048095703,1.3011313676834106,8.87437629699707,0
1745923220.955247,1.690661907196045,2.3174655437469482,3.174327850341797,0.40929508209228516,12.509819984436035,1.1742470264434814,7.591750144958496,0
1745923220.969743,1.4902825355529785,2.0159859657287598,2.7619900703430176,0.2816648483276367,12.850349426269531,1.4832059144973755,6.549923419952393,0
1745923220.9782045,1.3016443252563477,1.459669589996338,2.379751682281494,0.17196369171142578,12.467985153198242,0.8284481167793274,5.3130292892456055,0
1745923220.9982917,1.123969554901123,1.212913155555725,2.0346157550811768,0.0800619125366211,12.853455543518066,1.048240065574646,4.451560020446777,0
1745923221.0044968,0.9660787582397461,0.9896771907806396,1.7280912399291992,0.007300376892089844,13.232442855834961,1.2537161111831665,3.691147565841675,0
1745923221.0153315,0.8281235694885254,0.7884821891784668,1.4539382457733154,0.052745819091796875,12.2061767578125,0.7390782833099365,3.1232898235321045,0
1745923221.031422,0.7066326141357422,0.6022720336914062,1.20774245262146,0.10699176788330078,10.633674621582031,-0.04666077718138695,2.623638868331909,0
1745923221.0401013,0.5911550521850586,0.42315590381622314,0.9825193881988525,0.15566349029541016,8.570518493652344,-1.2085100412368774,2.152493953704834,0
1745923221.0528245,0.4790530204772949,0.25020456314086914,0.770688533782959,0.1977214813232422,5.675622463226318,-2.9582948684692383,1.6976675987243652,0
1745923221.0654206,0.37546825408935547,0.08377814292907715,0.5641283988952637,0.2234935760498047,1.0991151332855225,-5.53056526184082,1.246868371963501,0
1745923221.0788443,0.2789773941040039,0.19507241249084473,0.3641061782836914,0.2194690704345703,1.6078472137451172,-2.1747162342071533,1.0576250553131104,0
1745923221.0996366,0.20674657821655273,0.22693896293640137,0.22029638290405273,0.20694255828857422,0.0,0.0,0.860924482345581,0
1745923221.1028323,0.18275213241577148,0.21605122089385986,0.17877960205078125,0.2010660171508789,0.0,0.0,0.7786489725112915,0
1745923221.115439,0.17601823806762695,0.2136991024017334,0.17261409759521484,0.19585132598876953,0.0,0.0,0.7581827640533447,0
1745923221.1308858,0.17002439498901367,0.2079707384109497,0.16713809967041016,0.1928091049194336,0.0,0.0,0.7379423379898071,0
1745923221.1444173,0.1673116683959961,0.20463240146636963,0.16402769088745117,0.18889808654785156,0.0,0.0,0.7248698472976685,0
1745923221.1522195,0.1660599708557129,0.20328569412231445,0.1620163917541504,0.1832866668701172,0.0,0.0,0.7146487236022949,0
1745923221.1674347,0.16260766983032227,0.19848668575286865,0.1604328155517578,0.1813974380493164,0.0,0.0,0.7029246091842651,0
1745923221.1782467,0.15900373458862305,0.19234097003936768,0.15683841705322266,0.17918682098388672,0.0,0.0,0.6873699426651001,0
1745923221.1896348,0.15720176696777344,0.19050109386444092,0.15261030197143555,0.1751995086669922,0.0,0.0,0.6755126714706421,0
1745923221.2029855,0.15464115142822266,0.18733346462249756,0.15084075927734375,0.1710052490234375,0.0,0.0,0.6638206243515015,0
1745923221.212897,0.1522512435913086,0.18395709991455078,0.1502819061279297,0.16705608367919922,0.0,0.0,0.6535463333129883,0
1745923221.2301006,0.15001296997070312,0.1842416524887085,0.1508779525756836,0.1647510528564453,0.0,0.0,0.6498836278915405,0
1745923221.237982,0.14900779724121094,0.18217408657073975,0.15056133270263672,0.16104793548583984,0.0,0.0,0.6427911520004272,0
1745923221.2551906,0.14933013916015625,0.17836153507232666,0.14821434020996094,0.16040611267089844,0.0,0.0,0.6363121271133423,0
1745923221.2747765,0.14669370651245117,0.17447304725646973,0.14679908752441406,0.16080284118652344,0.0,0.0,0.6287686824798584,0
1745923221.2747765,0.14394330978393555,0.1727849245071411,0.1464076042175293,0.1579113006591797,0.0,0.0,0.6210471391677856,0
1745923221.2881398,0.14159107208251953,0.1693516969680786,0.14357662200927734,0.15819549560546875,0.0,0.0,0.6127148866653442,0
1745923221.300444,0.14115476608276367,0.16662025451660156,0.1400003433227539,0.15645694732666016,0.0,0.0,0.6042323112487793,0
1745923221.3119519,0.1393718719482422,0.16468548774719238,0.14102506637573242,0.1523571014404297,0.0,0.0,0.5974395275115967,0
1745923221.3315332,0.13783550262451172,0.1652735471725464,0.1409316062927246,0.15042972564697266,0.0,0.0,0.5944703817367554,0
1745923221.336819,0.13732337951660156,0.16536831855773926,0.13884592056274414,0.14810562133789062,0.0,0.0,0.5896432399749756,0
1745923221.3508487,0.13810110092163086,0.16331982612609863,0.13761663436889648,0.14867210388183594,0.0,0.0,0.5877096652984619,0
1745923221.365232,0.13542652130126953,0.1601710319519043,0.13716936111450195,0.1475381851196289,0.0,0.0,0.5803050994873047,0
1745923221.3742487,0.13447809219360352,0.15948820114135742,0.1356978416442871,0.14521503448486328,0.0,0.0,0.5748791694641113,0
1745923221.3861837,0.1329793930053711,0.15922272205352783,0.13370513916015625,0.1454792022705078,0.0,0.0,0.571386456489563,0
1745923221.398572,0.1330552101135254,0.1583501100540161,0.13161897659301758,0.14410018920898438,0.0,0.0,0.5671244859695435,0
1745923221.4123473,0.1319742202758789,0.15719306468963623,0.13065052032470703,0.14058589935302734,0.0,0.0,0.5604037046432495,0
1745923221.4235964,0.1300206184387207,0.15544795989990234,0.1301102638244629,0.1394519805908203,0.0,0.0,0.5550308227539062,0
1745923221.4371884,0.12939453125,0.15393054485321045,0.13141393661499023,0.13852596282958984,0.0,0.0,0.5532649755477905,0
1745923221.4485002,0.1289205551147461,0.15165436267852783,0.12904834747314453,0.13803482055664062,0.0,0.0,0.5476580858230591,0
1745923221.4648633,0.12727022171020508,0.15271663665771484,0.128936767578125,0.13716602325439453,0.0,0.0,0.5460896492004395,0
1745923221.4731886,0.12522172927856445,0.15176820755004883,0.12988662719726562,0.13748645782470703,0.0,0.0,0.5443630218505859,0
1745923221.487337,0.12649250030517578,0.15140783786773682,0.12807989120483398,0.13384056091308594,0.0,0.0,0.5398207902908325,0
1745923221.4994626,0.1271371841430664,0.1496058702468872,0.12306976318359375,0.1313648223876953,0.0,0.0,0.5311776399612427,0
1745923221.5096087,0.12486124038696289,0.14814531803131104,0.12495088577270508,0.1336517333984375,0.0,0.0,0.5316091775894165,0
1745923221.522641,6.787304401397705,0.15091466903686523,0.12582635879516602,0.1323099136352539,-25.846479415893555,19.49344253540039,7.19635534286499,0
1745923221.5383258,0.12283182144165039,0.14681756496429443,0.12469005584716797,0.128814697265625,0.0,0.0,0.5231541395187378,0
1745923221.5472288,0.1224522590637207,0.1473296880722046,0.1253046989440918,0.12943744659423828,0.0,0.0,0.5245240926742554,0
1745923221.565436,0.1219778060913086,0.14727270603179932,0.12400102615356445,0.1271514892578125,0.0,0.0,0.5204030275344849,0
1745923221.5709615,0.12010002136230469,0.14797461032867432,0.12299537658691406,0.12560272216796875,0.0,0.0,0.5166727304458618,0
1745923221.5853922,0.12133312225341797,0.14501547813415527,0.11967992782592773,0.12630176544189453,0.0,0.0,0.5123302936553955,0
1745923221.5981426,0.12036561965942383,0.14346015453338623,0.11764955520629883,0.12649059295654297,0.0,0.0,0.5079659223556519,0
1745923221.609329,0.11996746063232422,0.1399320363998413,0.11826419830322266,0.12598037719726562,0.0,0.0,0.5041440725326538,0
1745923221.620641,0.11837387084960938,0.1405390501022339,0.11932611465454102,0.12467670440673828,0.0,0.0,0.5029157400131226,0
1745923221.6344547,0.11583232879638672,0.14154434204101562,0.11964273452758789,0.12333488464355469,0.0,0.0,0.5003542900085449,0
1745923221.645473,0.11681890487670898,0.14110815525054932,0.11967992782592773,0.1239776611328125,0.0,0.0,0.5015846490859985,0
1745923221.6810641,0.1175394058227539,0.13905954360961914,0.11891603469848633,0.12269306182861328,0.0,0.0,0.49820804595947266,0
1745923221.6810641,0.1170654296875,0.13869917392730713,0.11697912216186523,0.12341022491455078,0.0,0.0,0.49615395069122314,0
1745923221.6898632,0.11613607406616211,0.1376938819885254,0.11453914642333984,0.12594223022460938,0.0,0.0,0.4943113327026367,0
1745923221.6999447,0.11526346206665039,0.13676440715789795,0.11634588241577148,0.12329769134521484,0.0,0.0,0.49167144298553467,0
1745923221.7071514,0.11604118347167969,0.13678336143493652,0.11817121505737305,0.12291908264160156,0.0,0.0,0.4939148426055908,0
1745923221.719052,0.11435270309448242,0.1355884075164795,0.11723995208740234,0.11846065521240234,0.0,0.0,0.4856417179107666,0
1745923221.733778,0.11321496963500977,0.13494348526000977,0.1165318489074707,0.1188192367553711,0.0,0.0,0.48350954055786133,0
1745923221.7456977,0.1123042106628418,0.13496243953704834,0.11511659622192383,0.12053871154785156,0.0,0.0,0.4829219579696655,0
1745923221.7564788,0.11359405517578125,0.13549351692199707,0.1138315200805664,0.11878108978271484,0.0,0.0,0.48170018196105957,0
1745923221.7693558,0.11270284652709961,0.1348865032196045,0.11448335647583008,0.11693000793457031,0.0,0.0,0.4790027141571045,0
1745923221.7838693,0.11046457290649414,0.12891161441802979,0.11368227005004883,0.11607933044433594,0.0,0.0,0.4691377878189087,0
1745923221.7973719,0.1102747917175293,0.12857019901275635,0.11405467987060547,0.11498355865478516,0.0,0.0,0.46788322925567627,0
1745923221.8058834,0.11133670806884766,0.12978410720825195,0.11386871337890625,0.11625003814697266,0.0,0.0,0.4712395668029785,0
1745923221.8190012,0.10978174209594727,0.12961339950561523,0.11163330078125,0.11744022369384766,0.0,0.0,0.46846866607666016,0
1745923221.8371308,0.10841560363769531,0.13158607482910156,0.11282539367675781,0.11492729187011719,0.0,0.0,0.4677543640136719,0
1745923221.8425014,0.10974359512329102,0.13003075122833252,0.11189413070678711,0.11290550231933594,0.0,0.0,0.4645739793777466,0
1745923221.8630376,0.11033153533935547,0.12779247760772705,0.11325407028198242,0.11420917510986328,0.0,0.0,0.4655872583389282,0
1745923221.868177,0.1089468002319336,0.12748897075653076,0.11137247085571289,0.11386871337890625,0.0,0.0,0.4616769552230835,0
1745923221.8801029,0.10714483261108398,0.12826669216156006,0.11088848114013672,0.1138315200805664,0.0,0.0,0.46013152599334717,0
1745923221.8927214,0.10786581039428711,0.1260852813720703,0.11193132400512695,0.11513519287109375,0.0,0.0,0.4610176086425781,0
1745923221.908182,0.10725879669189453,0.12898743152618408,0.10870933532714844,0.11392593383789062,0.0,0.0,0.4588814973831177,0
1745923221.9186006,0.10574150085449219,0.13006865978240967,0.10857868194580078,0.11063766479492188,0.0,0.0,0.4550265073776245,0
1745923221.9318967,0.10553264617919922,0.1279442310333252,0.10924959182739258,0.11124229431152344,0.0,0.0,0.45396876335144043,0
1745923221.9422488,0.10363578796386719,0.12616121768951416,0.10885810852050781,0.11179065704345703,0.0,0.0,0.4504457712173462,0
1745923221.954726,0.10568428039550781,0.125649094581604,0.1058969497680664,0.11063766479492188,0.0,0.0,0.4478679895401001,0
1745923221.9663289,0.10344600677490234,0.125174880027771,0.10587787628173828,0.11061954498291016,0.0,0.0,0.4451183080673218,0
1745923221.9790113,0.10302877426147461,0.12513697147369385,0.1072378158569336,0.1093912124633789,0.0,0.0,0.44479477405548096,0
1745923221.9987965,0.10390138626098633,0.12623703479766846,0.1065673828125,0.10878658294677734,0.0,0.0,0.44549238681793213,0
1745923222.0049477,0.10316181182861328,0.12555420398712158,0.10613870620727539,0.10810661315917969,0.0,0.0,0.44296133518218994,0
1745923222.015716,0.1027064323425293,0.12293660640716553,0.10451841354370117,0.10659503936767578,0.0,0.0,0.4367564916610718,0
1745923222.0311475,0.10143566131591797,0.12454891204833984,0.10379219055175781,0.10485649108886719,0.0,0.0,0.4346332550048828,0
1745923222.0399823,0.10460329055786133,0.12487137317657471,0.10412740707397461,0.10396862030029297,0.0,0.0,0.4375706911087036,0
1745923222.0534637,0.1031045913696289,0.12183642387390137,0.10358715057373047,0.10608482360839844,0.0,0.0,0.4346129894256592,0
1745923222.065409,0.10173892974853516,0.12026214599609375,0.10340070724487305,0.10750198364257812,0.0,0.0,0.4329037666320801,0
1745923222.0812411,0.09999418258666992,0.12308835983276367,0.10334491729736328,0.1057443618774414,0.0,0.0,0.4321718215942383,0
1745923222.0979202,0.09921646118164062,0.12261414527893066,0.10047674179077148,0.10374164581298828,0.0,0.0,0.42604899406433105,0
1745923222.1026056,0.09965276718139648,0.12067937850952148,0.09792470932006836,0.10326957702636719,0.0,0.0,0.4215264320373535,0
1745923222.1143975,0.09986114501953125,0.12111568450927734,0.10004806518554688,0.10429000854492188,0.0,0.0,0.42531490325927734,0
1745923222.1332378,0.0983438491821289,0.12253832817077637,0.10425758361816406,0.10602760314941406,0.0,0.0,0.4311673641204834,0
1745923222.1395829,0.09718656539916992,0.12210202217102051,0.10472345352172852,0.1038360595703125,0.0,0.0,0.42784810066223145,0
1745923222.151333,0.09750890731811523,0.11923789978027344,0.10312128067016602,0.10275936126708984,0.0,0.0,0.42262744903564453,0
1745923222.1649141,0.09669351577758789,0.11925685405731201,0.10017871856689453,0.10207939147949219,0.0,0.0,0.4182084798812866,0
1745923222.1788776,0.09648466110229492,0.12079322338104248,0.10178041458129883,0.10268402099609375,0.0,0.0,0.42174232006073,0
1745923222.1895995,0.09595394134521484,0.11853599548339844,0.10278606414794922,0.10245704650878906,0.0,0.0,0.41973304748535156,0
1745923222.201643,0.09735727310180664,0.11902916431427002,0.10390377044677734,0.10198402404785156,0.0,0.0,0.42227423191070557,0
1745923222.21496,0.09680747985839844,0.11749279499053955,0.10464859008789062,0.10370349884033203,0.0,0.0,0.42265236377716064,0
1745923222.2336407,0.09686422348022461,0.11857390403747559,0.10405254364013672,0.10332584381103516,0.0,0.0,0.42281651496887207,0
1745923222.2378442,0.09363985061645508,0.1175307035446167,0.10185480117797852,0.10308074951171875,0.0,0.0,0.41610610485076904,0
1745923222.2504864,0.09542274475097656,0.11527347564697266,0.0989680290222168,0.10466766357421875,0.0,0.0,0.41433191299438477,0
1745923222.264488,0.09166717529296875,0.11754965782165527,0.09889364242553711,0.10005760192871094,0.0,0.0,0.40816807746887207,0
1745923222.277675,0.09257745742797852,0.11699962615966797,0.09988069534301758,0.09790325164794922,0.0,0.0,0.4073610305786133,0
1745923222.28745,0.09297561645507812,0.1163167953491211,0.10012292861938477,0.09888553619384766,0.0,0.0,0.40830087661743164,0
1745923222.3004904,0.09424638748168945,0.11654436588287354,0.09986209869384766,0.09922599792480469,0.0,0.0,0.40987884998321533,0
1745923222.3123503,0.09231185913085938,0.11578559875488281,0.10045814514160156,0.09958457946777344,0.0,0.0,0.4081401824951172,0
1745923222.332729,0.09028244018554688,0.11861193180084229,0.0993032455444336,0.09816741943359375,0.0,0.0,0.4063650369644165,0
1745923222.3368523,0.0931086540222168,0.11688578128814697,0.10019731521606445,0.09886646270751953,0.0,0.0,0.40905821323394775,0
1745923222.3517265,0.09339284896850586,0.11504590511322021,0.09827899932861328,0.09909343719482422,0.0,0.0,0.4058111906051636,0
1745923222.3664386,0.09206533432006836,0.11269378662109375,0.09824132919311523,0.09659957885742188,0.0,0.0,0.3996000289916992,0
1745923222.3751023,0.09246349334716797,0.1135474443435669,0.10237646102905273,0.0956735610961914,0.0,0.0,0.404060959815979,0
1745923222.3870597,0.09113597869873047,0.11404061317443848,0.10016012191772461,0.0958251953125,0.0,0.0,0.40116190910339355,0
1745923222.398477,0.09136343002319336,0.1132439374923706,0.09825992584228516,0.0968637466430664,0.0,0.0,0.3997310400009155,0
1745923222.4113839,0.09168577194213867,0.1135474443435669,0.09842777252197266,0.0969400405883789,0.0,0.0,0.40060102939605713,0
1745923222.4246457,0.09090805053710938,0.11070215702056885,0.10053253173828125,0.09418106079101562,0.0,0.0,0.3963238000869751,0
1745923222.4363322,0.08977031707763672,0.11108160018920898,0.09716129302978516,0.09514427185058594,0.0,0.0,0.3931574821472168,0
1745923222.4495485,0.08872699737548828,0.11271286010742188,0.09773874282836914,0.09580612182617188,0.0,0.0,0.39498472213745117,0
1745923222.4653788,0.08992195129394531,0.11394572257995605,0.09734725952148438,0.09591960906982422,0.0,0.0,0.39713454246520996,0
1745923222.47385,0.08885955810546875,0.11466646194458008,0.09775733947753906,0.09705257415771484,0.0,0.0,0.39833593368530273,0
1745923222.4873283,0.08700084686279297,0.11445784568786621,0.09671401977539062,0.09724235534667969,0.0,0.0,0.3954150676727295,0
1745923222.5007129,0.08772134780883789,0.11373710632324219,0.09570837020874023,0.0959005355834961,0.0,0.0,0.3930673599243164,0
1745923222.5097213,0.09016847610473633,0.11360430717468262,0.09477710723876953,0.0928964614868164,0.0,0.0,0.3914463520050049,0
1745923222.522811,0.08876466751098633,0.10724997520446777,0.09466552734375,0.09168720245361328,0.0,0.0,0.3823673725128174,0
1745923222.5362525,0.0876455307006836,0.10992443561553955,0.09693765640258789,0.09314155578613281,0.0,0.0,0.38764917850494385,0
1745923222.5465717,0.08916330337524414,0.11180233955383301,0.09546613693237305,0.09425640106201172,0.0,0.0,0.3906881809234619,0
1745923222.5653257,0.08916330337524414,0.11026597023010254,0.09565258026123047,0.09253692626953125,0.0,0.0,0.3876187801361084,0
1745923222.571452,0.08887863159179688,0.11053144931793213,0.09541034698486328,0.09166812896728516,0.0,0.0,0.38648855686187744,0
1745923222.5849524,0.08737993240356445,0.10950720310211182,0.09375286102294922,0.09176254272460938,0.0,0.0,0.38240253925323486,0
1745923222.598329,0.08711481094360352,0.10908985137939453,0.09121942520141602,0.0932931900024414,0.0,0.0,0.38071727752685547,0
1745923222.6096709,0.08586263656616211,0.1092226505279541,0.09080982208251953,0.09270763397216797,0.0,0.0,0.3786027431488037,0
1745923222.62271,0.08451604843139648,0.10740172863006592,0.09295177459716797,0.09234809875488281,0.0,0.0,0.3772176504135132,0
1745923222.6382878,0.08684921264648438,0.10814154148101807,0.09278392791748047,0.09321784973144531,0.0,0.0,0.3809925317764282,0
1745923222.6480112,0.08963727951049805,0.10836911201477051,0.09367799758911133,0.09248065948486328,0.0,0.0,0.38416504859924316,0
1745923222.6683316,0.08823394775390625,0.10787594318389893,0.09302616119384766,0.09157371520996094,0.0,0.0,0.38070976734161377,0
1745923222.6714518,0.08514213562011719,0.10673785209655762,0.09174108505249023,0.09002399444580078,0.0,0.0,0.3736450672149658,0
1745923222.68299,0.08622312545776367,0.10641539096832275,0.08991575241088867,0.08962726593017578,0.0,0.0,0.3721815347671509,0
1745923222.6992657,0.0866403579711914,0.1079707145690918,0.08857488632202148,0.09096908569335938,0.0,0.0,0.37415504455566406,0
1745923222.7086062,0.08673524856567383,0.10596013069152832,0.09041881561279297,0.0921783447265625,0.0,0.0,0.3752925395965576,0
1745923222.719298,0.08318805694580078,0.10489797592163086,0.09257936477661133,0.09076118469238281,0.0,0.0,0.3714265823364258,0
1745923222.7323961,0.08423137664794922,0.1050117015838623,0.09220695495605469,0.08991146087646484,0.0,0.0,0.37136149406433105,0
1745923222.7461045,0.08573007583618164,0.1053152084350586,0.09155464172363281,0.08722782135009766,0.0,0.0,0.3698277473449707,0
1745923222.7630134,0.08241033554077148,0.10303902626037598,0.0927281379699707,0.08892822265625,0.0,0.0,0.36710572242736816,0
1745923222.771824,0.08347272872924805,0.10341846942901611,0.09183406829833984,0.08955192565917969,0.0,0.0,0.3682771921157837,0
1745923222.7886188,0.08665943145751953,0.10603606700897217,0.09140586853027344,0.08798408508300781,0.0,0.0,0.37208545207977295,0
1745923222.805796,0.08793020248413086,0.10740172863006592,0.09211349487304688,0.08792686462402344,0.0,0.0,0.3753722906112671,0
1745923222.807879,0.08555936813354492,0.10425305366516113,0.09175968170166016,0.08734130859375,0.0,0.0,0.3689134120941162,0
1745923222.819304,0.08400392532348633,0.10366499423980713,0.09181547164916992,0.08873939514160156,0.0,0.0,0.36822378635406494,0
1745923222.832131,0.08480072021484375,0.10527729988098145,0.09285879135131836,0.0884561538696289,0.0,0.0,0.37139296531677246,0
1745923222.843379,0.08544540405273438,0.10152161121368408,0.09310102462768555,0.0876626968383789,0.0,0.0,0.3677307367324829,0
1745923222.8561351,0.08464860916137695,0.10146474838256836,0.09222555160522461,0.08569717407226562,0.0,0.0,0.36403608322143555,0
1745923222.8680413,0.08269500732421875,0.10349428653717041,0.08974838256835938,0.0860757827758789,0.0,0.0,0.36201345920562744,0
1745923222.8828444,0.08407974243164062,0.10605502128601074,0.08917093276977539,0.08703899383544922,0.0,0.0,0.366344690322876,0
1745923222.9015882,0.08267593383789062,0.10347533226013184,0.0899343490600586,0.086151123046875,0.0,0.0,0.36223673820495605,0
1745923222.9077342,0.08206892013549805,0.10072493553161621,0.09088420867919922,0.08565998077392578,0.0,0.0,0.35933804512023926,0
1745923222.9176524,0.08324527740478516,0.10218548774719238,0.0921320915222168,0.08505535125732422,0.0,0.0,0.36261820793151855,0
1745923222.9316633,0.08510398864746094,0.10129404067993164,0.09101486206054688,0.08310890197753906,0.0,0.0,0.3605217933654785,0
1745923222.945598,0.08444023132324219,0.10279250144958496,0.091796875,0.08375167846679688,0.0,0.0,0.362781286239624,0
1745923222.9559813,0.08136701583862305,0.10491693019866943,0.09075403213500977,0.08292007446289062,0.0,0.0,0.35995805263519287,0
1745923222.9672089,0.08459186553955078,0.1031339168548584,0.09084701538085938,0.08524417877197266,0.0,0.0,0.3638169765472412,0
1745923222.9796615,0.08364343643188477,0.10485994815826416,0.08851861953735352,0.08575439453125,0.0,0.0,0.36277639865875244,0
1745923222.9912512,0.08106374740600586,0.10300111770629883,0.08758735656738281,0.0817108154296875,0.0,0.0,0.353363037109375,0
1745923223.0034451,0.08248615264892578,0.10112321376800537,0.09006500244140625,0.08074760437011719,0.0,0.0,0.3544219732284546,0
1745923223.0161874,0.08091211318969727,0.09909367561340332,0.08823966979980469,0.08426189422607422,0.0,0.0,0.3525073528289795,0
1745923223.0325358,0.08150005340576172,0.10009896755218506,0.08643293380737305,0.08467769622802734,0.0,0.0,0.35270965099334717,0
1745923223.0407743,0.08267593383789062,0.10021281242370605,0.08823966979980469,0.08465862274169922,0.0,0.0,0.3557870388031006,0
1745923223.0540109,0.08235359191894531,0.10212862491607666,0.08898448944091797,0.08431816101074219,0.0,0.0,0.35778486728668213,0
1745923223.0655544,0.0798497200012207,0.09998524188995361,0.08669376373291016,0.08227729797363281,0.0,0.0,0.3488060235977173,0
1745923223.0779214,0.08009624481201172,0.09869539737701416,0.08809041976928711,0.08428096771240234,0.0,0.0,0.35116302967071533,0
1745923223.0980997,0.08205032348632812,0.09916961193084717,0.08728933334350586,0.08365726470947266,0.0,0.0,0.3521665334701538,0
1745923223.1028178,0.08043766021728516,0.09905576705932617,0.0859670639038086,0.08156013488769531,0.0,0.0,0.34702062606811523,0
1745923223.1157348,0.08066558837890625,0.09983348846435547,0.0873270034790039,0.08108711242675781,0.0,0.0,0.34891319274902344,0
1745923223.1321425,0.0818033218383789,0.09867632389068604,0.08762502670288086,0.08144664764404297,0.0,0.0,0.34955132007598877,0
1745923223.1411457,0.08172750473022461,0.09753835201263428,0.08777379989624023,0.08193778991699219,0.0,0.0,0.3489774465560913,0
1745923223.152433,0.0828089714050293,0.09869539737701416,0.08840703964233398,0.0840158462524414,0.0,0.0,0.35392725467681885,0
1745923223.1648245,0.08081722259521484,0.09852468967437744,0.08822107315063477,0.08460140228271484,0.0,0.0,0.3521643877029419,0
1745923223.1771228,0.07770633697509766,0.09744346141815186,0.08693552017211914,0.08314704895019531,0.0,0.0,0.34523236751556396,0
1745923223.1902194,0.079925537109375,0.09941613674163818,0.08637666702270508,0.08235359191894531,0.0,0.0,0.3480719327926636,0
1745923223.2014198,0.07880640029907227,0.10009896755218506,0.08654451370239258,0.078857421875,0.0,0.0,0.3443073034286499,0
1745923223.213161,0.07806682586669922,0.09810733795166016,0.08501720428466797,0.07842350006103516,0.0,0.0,0.3396148681640625,0
1745923223.2249503,0.07960319519042969,0.09704506397247314,0.0865631103515625,0.07882022857666016,0.0,0.0,0.3420315980911255,0
1745923223.239123,0.07884454727172852,0.09755730628967285,0.0856318473815918,0.0786123275756836,0.0,0.0,0.34064602851867676,0
1745923223.2507875,0.07668209075927734,0.09824013710021973,0.0849614143371582,0.08205127716064453,0.0,0.0,0.3419349193572998,0
1745923223.26888,0.07869291305541992,0.0976710319519043,0.08375072479248047,0.08095550537109375,0.0,0.0,0.34107017517089844,0
1745923223.2750766,0.07952737808227539,0.09562253952026367,0.08712196350097656,0.07829093933105469,0.0,0.0,0.3405628204345703,0
1745923223.2875772,0.07901525497436523,0.09573626518249512,0.08753156661987305,0.08029365539550781,0.0,0.0,0.3425767421722412,0
1745923223.3007414,0.07848405838012695,0.09594500064849854,0.08704757690429688,0.0814657211303711,0.0,0.0,0.34294235706329346,0
1745923223.312322,0.07967901229858398,0.09511041641235352,0.08583688735961914,0.08046340942382812,0.0,0.0,0.34108972549438477,0
1745923223.3354604,0.07653045654296875,0.09507238864898682,0.08587408065795898,0.07902812957763672,0.0,0.0,0.33650505542755127,0
1745923223.3405828,0.07451963424682617,0.09717786312103271,0.08540821075439453,0.07898998260498047,0.0,0.0,0.3360956907272339,0
1745923223.349887,0.07598018646240234,0.09621047973632812,0.08505439758300781,0.0781402587890625,0.0,0.0,0.3353853225708008,0
1745923223.36469,0.0770425796508789,0.09539484977722168,0.08611631393432617,0.07993507385253906,0.0,0.0,0.3384888172149658,0
1745923223.3864386,0.07666301727294922,0.09729170799255371,0.08561325073242188,0.07936763763427734,0.0,0.0,0.33893561363220215,0
1745923223.3864386,0.0725092887878418,0.09647607803344727,0.08801603317260742,0.07787513732910156,0.0,0.0,0.33487653732299805,0
1745923223.4005663,0.07472848892211914,0.09624850749969482,0.08680534362792969,0.07810211181640625,0.0,0.0,0.3358844518661499,0
1745923223.4110732,0.0766444206237793,0.09687435626983643,0.08498001098632812,0.08029365539550781,0.0,0.0,0.33879244327545166,0
1745923223.423769,0.07560110092163086,0.09806942939758301,0.08233499526977539,0.07883930206298828,0.0,0.0,0.33484482765197754,0
1745923223.4373798,0.07448196411132812,0.09801244735717773,0.08227920532226562,0.0790090560913086,0.0,0.0,0.3337826728820801,0
1745923223.448202,0.07467126846313477,0.09854364395141602,0.08376932144165039,0.07613658905029297,0.0,0.0,0.33312082290649414,0
1745923223.466396,0.07694768905639648,0.0968174934387207,0.08414173126220703,0.07330322265625,0.0,0.0,0.3312101364135742,0
1745923223.4724748,0.07666301727294922,0.09640026092529297,0.0824284553527832,0.07267951965332031,0.0,0.0,0.3281712532043457,0
1745923223.4853232,0.07685279846191406,0.09624850749969482,0.08101272583007812,0.07468223571777344,0.0,0.0,0.32879626750946045,0
1745923223.5008218,0.07654953002929688,0.09418094158172607,0.08214902877807617,0.0773458480834961,0.0,0.0,0.3302253484725952,0
1745923223.5110915,0.07628393173217773,0.09332740306854248,0.08265161514282227,0.07653427124023438,0.0,0.0,0.32879722118377686,0
1745923223.5229845,0.07615089416503906,0.0942378044128418,0.08270740509033203,0.07796955108642578,0.0,0.0,0.33106565475463867,0
1745923223.5550056,0.07558202743530273,0.09655189514160156,0.08337831497192383,0.07870674133300781,0.0,0.0,0.33421897888183594,0
1745923223.556332,0.07324886322021484,0.0961536169052124,0.08159017562866211,0.07577800750732422,0.0,0.0,0.3267706632614136,0
1745923223.5666971,0.07203483581542969,0.09630537033081055,0.08127355575561523,0.07458782196044922,0.0,0.0,0.3242015838623047,0
1745923223.5725222,0.07506990432739258,0.09543287754058838,0.08155298233032227,0.07381343841552734,0.0,0.0,0.32586920261383057,0
1745923223.584393,0.0767202377319336,0.09306180477142334,0.08134794235229492,0.074493408203125,0.0,0.0,0.32562339305877686,0
1745923223.600523,0.07681512832641602,0.09457921981811523,0.07933616638183594,0.07462596893310547,0.0,0.0,0.32535648345947266,0
1745923223.609012,0.07628393173217773,0.09353601932525635,0.07909440994262695,0.07239627838134766,0.0,0.0,0.3213106393814087,0
1745923223.622777,0.07639741897583008,0.09484481811523438,0.08315467834472656,0.07190513610839844,0.0,0.0,0.32630205154418945,0
1745923223.6343036,0.07586669921875,0.09389638900756836,0.08145952224731445,0.07419109344482422,0.0,0.0,0.32541370391845703,0
1745923223.6470122,0.07518386840820312,0.09296703338623047,0.07948541641235352,0.07577800750732422,0.0,0.0,0.32341432571411133,0
1745923223.658432,0.07300233840942383,0.0933084487915039,0.08144092559814453,0.07555103302001953,0.0,0.0,0.3233027458190918,0
1745923223.6704729,0.07489919662475586,0.09512937068939209,0.07833051681518555,0.07553291320800781,0.0,0.0,0.3238919973373413,0
1745923223.6829877,0.07362842559814453,0.0942758321762085,0.07892656326293945,0.07339763641357422,0.0,0.0,0.3202284574508667,0
1745923223.701507,0.07304000854492188,0.0933842658996582,0.08131074905395508,0.07143211364746094,0.0,0.0,0.3191671371459961,0
1745923223.7067797,0.07345771789550781,0.09162020683288574,0.08119869232177734,0.07347297668457031,0.0,0.0,0.3197495937347412,0
1745923223.719443,0.07285070419311523,0.09402918815612793,0.08222341537475586,0.07386970520019531,0.0,0.0,0.32297301292419434,0
1745923223.733176,0.07207298278808594,0.09473097324371338,0.08134794235229492,0.07300090789794922,0.0,0.0,0.32115280628204346,0
1745923223.7456565,0.07302141189575195,0.09063386917114258,0.08198118209838867,0.07162094116210938,0.0,0.0,0.3172574043273926,0
1745923223.7568822,0.07387495040893555,0.08894574642181396,0.07959699630737305,0.07198047637939453,0.0,0.0,0.3143981695175171,0
1745923223.770255,0.07378005981445312,0.08934402465820312,0.08250284194946289,0.07279300689697266,0.0,0.0,0.3184199333190918,0
1745923223.7815623,0.07406473159790039,0.08983719348907471,0.08365774154663086,0.07192325592041016,0.0,0.0,0.3194829225540161,0
1745923223.8001487,0.07569599151611328,0.08879399299621582,0.08140373229980469,0.07228279113769531,0.0,0.0,0.3181765079498291,0
1745923223.8068936,0.07412147521972656,0.08885085582733154,0.07836771011352539,0.07383155822753906,0.0,0.0,0.31517159938812256,0
1745923223.8187172,0.0718832015991211,0.08905959129333496,0.07777166366577148,0.07028007507324219,0.0,0.0,0.3089945316314697,0
1745923223.8336537,0.07239532470703125,0.09053909778594971,0.07834911346435547,0.06961822509765625,0.0,0.0,0.3109017610549927,0
1745923223.843139,0.07421636581420898,0.09053909778594971,0.07818174362182617,0.05620384216308594,0.0,0.0,0.2991410493850708,0
1745923223.8563318,0.08910608291625977,0.08077049255371094,0.09602499008178711,0.034134864807128906,0.0,0.0,0.3000364303588867,0
1745923223.8671,0.11368894577026367,0.0515216588973999,0.12949562072753906,0.004546165466308594,0.0,0.0,0.29925239086151123,0
1745923223.880593,0.14204645156860352,0.008057355880737305,0.16892623901367188,0.028102874755859375,0.0,0.0,0.34713292121887207,0
1745923223.8931718,0.17305898666381836,0.057488322257995605,0.21113252639770508,0.13793563842773438,0.0,0.0,0.5796154737472534,0
1745923223.9066913,0.2629871368408203,0.2118319272994995,0.32951784133911133,0.33791255950927734,-1.4597493410110474,-3.541116237640381,1.1422494649887085,0
1745923223.9182067,0.45481204986572266,0.46200263500213623,0.6247367858886719,0.5108518600463867,1.651777744293213,-2.2384746074676514,2.052403450012207,0
1745923223.9322624,0.646674633026123,0.6437174081802368,0.9456591606140137,0.6364431381225586,2.9852962493896484,-2.1326119899749756,2.8724942207336426,0
1745923223.9427931,0.7540721893310547,0.7136908769607544,1.11452054977417,0.7918863296508789,2.3422298431396484,-2.730010747909546,3.3741698265075684,0
1745923223.9544883,0.8329606056213379,0.7651703953742981,1.2122313976287842,1.0307855606079102,0.8284908533096313,-3.5256664752960205,3.8411478996276855,0
1745923223.9680011,1.1604266166687012,1.1176362037658691,1.4154200553894043,1.3324899673461914,0.22362056374549866,-1.963160514831543,5.025972843170166,0
1745923223.9811113,1.4095349311828613,1.3614146709442139,1.7667770385742188,1.6581897735595703,0.273256778717041,-2.216679573059082,6.195916175842285,0
1745923223.9925327,1.6623611450195312,1.5902842283248901,2.175184726715088,2.020167350769043,0.3118067681789398,-2.658008098602295,7.447997570037842,0
1745923224.003652,1.9267768859863281,1.840967059135437,3.050149917602539,2.434368133544922,1.603847622871399,-3.89658784866333,9.252262115478516,0
1745923224.016717,2.2274789810180664,2.13199520111084,3.5835366249084473,2.8724517822265625,1.5937210321426392,-4.070727348327637,10.815462112426758,0
1745923224.0316215,2.546257495880127,2.432450294494629,4.1370391845703125,3.298933982849121,1.633577585220337,-4.156576633453369,12.414681434631348,0
1745923224.0426662,2.8647701740264893,2.7306294441223145,4.6758646965026855,3.6927852630615234,1.7022490501403809,-4.1705851554870605,13.96405029296875,0
1745923224.053321,3.1811017990112305,3.024976968765259,5.1790032386779785,4.046430587768555,1.7717347145080566,-4.108893871307373,15.431512832641602,0
1745923224.0676427,3.4753735065460205,3.2953298091888428,5.635595798492432,4.403589248657227,1.7522399425506592,-4.083198070526123,16.80988883972168,0
1745923224.0777745,3.7488560676574707,3.785238742828369,6.079448223114014,4.778547286987305,2.0358726978302,-3.7952146530151367,18.39208984375,0
1745923224.090705,4.016325950622559,4.04216194152832,6.538033485412598,5.1383514404296875,2.0225367546081543,-3.8498268127441406,19.734872817993164,0
1745923224.102147,4.296579837799072,4.333114147186279,7.0100483894348145,5.477409362792969,2.080624580383301,-3.8363616466522217,21.117151260375977,0
1745923224.1162744,4.951568603515625,4.654510498046875,7.4728803634643555,5.763942718505859,1.73063063621521,-3.3378255367279053,22.84290313720703,0
1745923224.127168,5.297528266906738,4.983038425445557,7.896225929260254,5.962823867797852,1.8778077363967896,-3.113062620162964,24.139616012573242,0
1745923224.139706,5.617008686065674,5.290493011474609,8.238493919372559,6.0942535400390625,2.0164737701416016,-2.849820137023926,25.240249633789062,0
1745923224.1525815,5.906746864318848,5.561471462249756,8.482733726501465,6.244556427001953,2.0232949256896973,-2.6126816272735596,26.195507049560547,0
1745923224.1652524,6.200506210327148,5.808778285980225,8.682625770568848,6.503068923950195,1.8407514095306396,-2.4528279304504395,27.194978713989258,0
1745923224.1757004,6.5579986572265625,6.44883918762207,8.948806762695312,6.896995544433594,1.8852434158325195,-2.0663015842437744,28.85264015197754,0
1745923224.201876,7.002991199493408,6.868015766143799,9.348012924194336,7.3777618408203125,1.6795138120651245,-1.9593603610992432,30.596782684326172,0
1745923224.2050717,7.5147705078125,7.298440456390381,9.873223304748535,7.902910232543945,1.506980538368225,-1.9092552661895752,32.58934783935547,0
1745923224.2134712,8.035218238830566,7.71259069442749,10.448871612548828,8.465789794921875,1.3412997722625732,-1.9186145067214966,34.66246795654297,0
1745923224.2330897,8.551985740661621,8.10299301147461,11.039756774902344,9.053308486938477,1.1714576482772827,-1.9647246599197388,36.748046875,0
1745923224.2382202,9.05634880065918,8.462837219238281,12.215155601501465,9.730291366577148,1.3419078588485718,-2.3553104400634766,39.464630126953125,0
1745923224.2507908,10.122983932495117,8.802252769470215,12.798738479614258,10.698511123657227,0.514488160610199,-2.2632405757904053,42.4224853515625,0
1745923224.2647648,10.932998657226562,9.138349533081055,13.418344497680664,12.15008544921875,-0.32294026017189026,-2.529344320297241,45.63977813720703,0
1745923224.275622,12.12939453125,9.96959114074707,14.128732681274414,13.79149055480957,-1.0202423334121704,-2.4439806938171387,50.01921081542969,0
1745923224.2874515,13.448932647705078,10.375868797302246,14.811777114868164,15.061319351196289,-1.7325258255004883,-2.365347146987915,53.697898864746094,0
1745923224.3002849,14.494436264038086,10.616385459899902,15.279582977294922,15.61715316772461,-2.1075258255004883,-2.1694254875183105,56.0075569152832,0
1745923224.3124456,14.98675537109375,10.642029762268066,15.441459655761719,15.544824600219727,-2.1998836994171143,-1.9872360229492188,56.61506652832031,0
1745923224.3251486,14.965814590454102,10.50350570678711,15.369601249694824,15.104833602905273,-2.1008801460266113,-1.8788045644760132,55.943756103515625,0
1745923224.3385353,14.605077743530273,10.26788330078125,15.15693187713623,14.547357559204102,-1.9123964309692383,-1.8589775562286377,54.577247619628906,0
1745923224.3508227,14.111489295959473,10.006768226623535,14.892873764038086,14.032108306884766,-1.7123898267745972,-1.902998685836792,53.04323959350586,0
1745923224.3654814,13.623743057250977,9.754643440246582,14.61384105682373,13.677236557006836,-1.5891371965408325,-1.9966623783111572,51.669464111328125,0
1745923224.3748243,13.233150482177734,9.356539726257324,14.346579551696777,13.596973419189453,-1.7326440811157227,-2.2248940467834473,50.53324508666992,0
1745923224.3906865,13.034231185913086,9.291062355041504,14.161290168762207,13.81045913696289,-1.8884899616241455,-2.3575050830841064,50.29704284667969,0
1745923224.402884,13.262001037597656,9.325678825378418,14.119531631469727,14.250112533569336,-2.234679698944092,-2.3828022480010986,50.95732879638672,0
1745923224.4124327,13.64500617980957,9.418072700500488,14.190998077392578,14.870807647705078,-2.6357626914978027,-2.4167582988739014,52.12488555908203,0
1745923224.4241285,14.147642135620117,9.537097930908203,14.327153205871582,15.595895767211914,-3.0708236694335938,-2.443758964538574,53.6077880859375,0
1745923224.4364326,14.709990501403809,9.656274795532227,14.4889554977417,16.318130493164062,-3.493008613586426,-2.4514963626861572,55.1733512878418,0
1745923224.4495714,15.253674507141113,9.758304595947266,14.647050857543945,16.974538803100586,-3.867671489715576,-2.450875997543335,56.633567810058594,0
1745923224.4651852,15.73997974395752,9.828125953674316,14.777580261230469,17.564268112182617,-4.205826282501221,-2.456376075744629,57.90995788574219,0
1745923224.472876,16.176000595092773,9.915227890014648,14.879742622375488,18.10547637939453,-4.496245861053467,-2.450617551803589,59.076446533203125,0
1745923224.485412,16.572738647460938,9.945937156677246,15.034989356994629,18.58367156982422,-4.737714767456055,-2.4793190956115723,60.13733673095703,0
1745923224.500609,16.930286407470703,9.967541694641113,15.091052055358887,18.95462417602539,-4.974063873291016,-2.4630165100097656,60.943504333496094,0
1745923224.5118394,17.236263275146484,9.977140426635742,15.120294570922852,19.214948654174805,-5.1651129722595215,-2.4299256801605225,61.54864501953125,0
1745923224.5234642,17.472036361694336,9.969230651855469,15.112826347351074,19.383769989013672,-5.322509765625,-2.392106056213379,61.937862396240234,0
1745923224.536633,17.74608612060547,9.942731857299805,15.073525428771973,19.483247756958008,-5.493819713592529,-2.3170650005340576,62.24559020996094,0
1745923224.5478733,17.820499420166016,9.902728080749512,15.010086059570312,19.553213119506836,-5.601613521575928,-2.3061411380767822,62.286529541015625,0
1745923224.565507,17.878902435302734,9.851893424987793,14.934334754943848,19.613487243652344,-5.712594985961914,-2.2986621856689453,62.27861785888672,0
1745923224.5722032,17.932659149169922,9.801722526550293,14.859552383422852,19.68998908996582,-5.826841354370117,-2.297837495803833,62.28392028808594,0
1745923224.5848615,17.998172760009766,9.730307579040527,14.80097484588623,19.795570373535156,-5.958262920379639,-2.314148426055908,62.32502746582031,0
1745923224.6006665,18.08110237121582,9.713293075561523,14.767280578613281,19.93297004699707,-6.0635271072387695,-2.3205654621124268,62.49464416503906,0
1745923224.6091073,18.177289962768555,9.696449279785156,14.74153995513916,20.09294891357422,-6.176271915435791,-2.331045150756836,62.708229064941406,0
1745923224.6233923,18.29330062866211,9.676305770874023,14.71989631652832,20.237092971801758,-6.289191246032715,-2.3318445682525635,62.926597595214844,0
1745923224.6340952,18.404090881347656,9.646638870239258,14.6851224899292,20.34280776977539,-6.398738861083984,-2.32283353805542,63.07865905761719,0
1745923224.647142,18.489315032958984,9.60551643371582,14.633901596069336,20.413150787353516,-6.5022664070129395,-2.3121988773345947,63.141883850097656,0
1745923224.6574855,18.5526123046875,9.565549850463867,14.573795318603516,20.45347023010254,-6.592221260070801,-2.2977311611175537,63.145423889160156,0
1745923224.6703186,18.604206085205078,9.533285140991211,14.51672649383545,20.45583152770996,-6.659489631652832,-2.2743823528289795,63.11004638671875,0
1745923224.6838381,18.647396087646484,9.472530364990234,14.460514068603516,20.406538009643555,-6.7217841148376465,-2.2495062351226807,62.986976623535156,0
1745923224.7052073,18.62194061279297,9.427992820739746,14.394298553466797,20.29262351989746,-6.735812187194824,-2.2216081619262695,62.736854553222656,0
1745923224.7082844,18.55035400390625,9.371392250061035,14.311395645141602,20.10778045654297,-6.726074695587158,-2.188707113265991,62.340919494628906,0
1745923224.7202442,18.429946899414062,9.308171272277832,14.102861404418945,19.857072830200195,-6.751064777374268,-2.1177031993865967,61.69805145263672,0
1745923224.7348642,18.26021957397461,9.23825454711914,13.988722801208496,19.576169967651367,-6.698999404907227,-2.0862715244293213,61.06336975097656,0
1745923224.7463837,18.059402465820312,9.1653413772583,13.877991676330566,19.29936981201172,-6.6360650062561035,-2.069546699523926,60.402103424072266,0
1745923224.7562625,17.861318588256836,9.093451499938965,13.773259162902832,19.028575897216797,-6.570806503295898,-2.0548083782196045,59.7566032409668,0
1745923224.7706757,17.669721603393555,9.026058197021484,13.674468040466309,18.74962043762207,-6.4974236488342285,-2.034755229949951,59.11986541748047,0
1745923224.7810998,17.47658920288086,8.910807609558105,13.582680702209473,18.46883201599121,-6.445261478424072,-2.035398006439209,58.43891143798828,0
1745923224.7994833,17.274730682373047,8.857544898986816,13.494505882263184,18.210792541503906,-6.358102321624756,-2.0234858989715576,57.83757400512695,0
1745923224.806188,17.07765007019043,8.807772636413574,13.412999153137207,17.976219177246094,-6.273750305175781,-2.017991065979004,57.27463912963867,0
1745923224.8189323,16.739126205444336,8.766270637512207,13.343915939331055,17.754457473754883,-6.1256537437438965,-2.0749943256378174,56.60376739501953,0
1745923224.8354273,16.58514404296875,8.743964195251465,13.297500610351562,17.54161262512207,-6.024547100067139,-2.060063123703003,56.16822052001953,0
1745923224.8430352,16.436016082763672,8.748649597167969,13.291540145874023,17.320039749145508,-5.879325866699219,-2.042524576187134,55.796241760253906,0
1745923224.856144,16.279338836669922,8.777195930480957,13.324507713317871,17.07103157043457,-5.679908752441406,-2.0219099521636963,55.45207214355469,0
1745923224.8684654,16.103750228881836,8.831710815429688,13.394001007080078,16.782155990600586,-5.416016578674316,-1.9969403743743896,55.11161804199219,0
1745923224.8821154,15.90449047088623,8.988349914550781,13.492344856262207,16.479772567749023,-5.054225921630859,-1.9441336393356323,54.864959716796875,0
1745923224.8988407,15.70082950592041,9.102519035339355,13.615015029907227,16.17668914794922,-4.6978535652160645,-1.9187721014022827,54.595054626464844,0
1745923224.9061673,15.498003005981445,9.243584632873535,13.773036003112793,15.855070114135742,-4.293212413787842,-1.8873904943466187,54.36969757080078,0
1745923224.9179711,15.293716430664062,9.402859687805176,13.968029022216797,15.508472442626953,-3.840956687927246,-1.8529213666915894,54.17307662963867,0
1745923224.9333096,15.077972412109375,9.57051944732666,14.1846284866333,15.145513534545898,-3.355280876159668,-1.8213632106781006,53.97863006591797,0
1745923224.9418013,14.841421127319336,9.737628936767578,14.407671928405762,14.761165618896484,-2.8429765701293945,-1.793290138244629,53.747886657714844,0
1745923224.9567266,14.596200942993164,9.909841537475586,14.635614395141602,14.356561660766602,-2.3067047595977783,-1.7609710693359375,53.49821472167969,0
1745923224.9711924,14.072092056274414,10.079909324645996,15.090027809143066,13.96335220336914,-1.5080091953277588,-1.9345591068267822,53.205379486083984,0
1745923224.9795637,13.820308685302734,10.428467750549316,15.324825286865234,13.600109100341797,-0.8778683543205261,-1.8467649221420288,53.173709869384766,0
1745923224.991259,13.588214874267578,10.612401962280273,15.569437026977539,13.237735748291016,-0.3402353823184967,-1.8249709606170654,53.007789611816406,0
1745923225.0054421,13.357088088989258,10.787212371826172,15.804829597473145,12.875192642211914,0.19069410860538483,-1.803149938583374,52.82432556152344,0
1745923225.0163422,13.127517700195312,10.94777774810791,16.018394470214844,12.621139526367188,0.646694540977478,-1.8182555437088013,52.71482849121094,0
1745923225.0290208,12.953559875488281,11.104605674743652,16.227840423583984,12.501386642456055,0.9958820343017578,-1.8582518100738525,52.787391662597656,0
1745923225.0409381,12.881860733032227,11.267522811889648,16.443359375,12.396051406860352,1.2856144905090332,-1.858705759048462,52.988792419433594,0
1745923225.053192,12.807809829711914,11.380952835083008,16.60681915283203,12.279983520507812,1.5298829078674316,-1.858837366104126,53.075565338134766,0
1745923225.0706995,12.733415603637695,11.46703052520752,16.707660675048828,12.121498107910156,1.7528650760650635,-1.8329938650131226,53.029605865478516,0
1745923225.0784814,12.641212463378906,11.4954252243042,16.733884811401367,11.90568733215332,1.9536731243133545,-1.7917468547821045,52.776206970214844,0
1745923225.0907497,12.508416175842285,11.432374954223633,16.670948028564453,11.636178970336914,2.1215076446533203,-1.754960536956787,52.24791717529297,0
1745923225.1027904,12.10566520690918,11.321563720703125,16.531646728515625,11.297252655029297,2.431088447570801,-1.8033956289291382,51.25613021850586,0
1745923225.1156375,11.822149276733398,11.149901390075684,16.30971908569336,10.882673263549805,2.653958797454834,-1.7667334079742432,50.16444396972656,0
1745923225.1271062,11.476890563964844,10.913463592529297,15.989243507385254,10.41152572631836,2.877574920654297,-1.7261070013046265,48.79112243652344,0
1745923225.140773,11.091249465942383,10.62621021270752,15.578228950500488,9.887474060058594,3.101106882095337,-1.6682449579238892,47.183162689208984,0
1745923225.154052,10.669626235961914,10.296070098876953,15.098503112792969,9.304357528686523,3.3454113006591797,-1.5909795761108398,45.368560791015625,0
1745923225.165766,10.20431900024414,9.924294471740723,14.541610717773438,8.655658721923828,3.6229138374328613,-1.4873740673065186,43.32588195800781,0
1745923225.1763642,9.688973426818848,9.02408504486084,13.898983001708984,7.93193244934082,3.6617164611816406,-1.6149131059646606,40.543975830078125,0
1745923225.1894174,9.117596626281738,8.481388092041016,13.155591011047363,7.145437240600586,3.9701948165893555,-1.4971750974655151,37.90000915527344,0
1745923225.2068992,8.488556861877441,7.883133411407471,11.34425163269043,6.332849502563477,3.623253345489502,-0.8051275014877319,34.048789978027344,0
1745923225.2141824,7.816819190979004,7.240872383117676,10.323259353637695,5.517522811889648,3.8330094814300537,-0.5322237610816956,30.898473739624023,0
1745923225.2320385,7.119607448577881,6.566517353057861,9.263489723205566,4.712305068969727,4.0469584465026855,-0.2199077159166336,27.66192054748535,0
1745923225.238403,6.402498245239258,5.861604690551758,8.179338455200195,3.9350109100341797,4.253598690032959,0.12900018692016602,24.37845230102539,0
1745923225.250669,4.938309669494629,5.144058704376221,7.101202964782715,3.1970748901367188,5.646365642547607,-0.22247032821178436,20.380645751953125,0
1745923225.2656868,4.2057414054870605,4.420823097229004,6.042736530303955,2.514082908630371,6.10034704208374,0.08523503690958023,17.18338394165039,0
1745923225.2751477,3.4969401359558105,3.012951135635376,5.026905059814453,1.9010381698608398,5.504798412322998,-0.6533110737800598,13.437834739685059,0
1745923225.2882142,2.859971284866333,2.4089298248291016,4.103717803955078,1.3679170608520508,5.956245422363281,-0.3963874578475952,10.740535736083984,0
1745923225.3016338,2.2995009422302246,1.8849921226501465,3.290757656097412,0.9224834442138672,6.514308929443359,-0.0718894824385643,8.397733688354492,0
1745923225.3127925,1.817368984222412,1.4353903532028198,2.590446710586548,0.574223518371582,7.13040018081665,0.2882577180862427,6.4174299240112305,0
1745923225.325539,1.4163446426391602,1.064790964126587,2.0069005489349365,0.30841827392578125,7.86289119720459,0.7259846329689026,4.796454429626465,0
1745923225.3375938,1.0944175720214844,0.7693812847137451,1.5372886657714844,0.1245584487915039,8.63825511932373,1.2028963565826416,3.5256459712982178,0
1745923225.353975,0.8428621292114258,0.5311794281005859,1.1713850498199463,0.007720947265625,9.34355640411377,1.603372573852539,2.553147554397583,0
1745923225.3697543,0.6503543853759766,0.33650946617126465,0.8778426647186279,0.10793590545654297,6.473414421081543,0.011553492397069931,1.972642421722412,0
1745923225.3843205,0.4912877082824707,0.01943814754486084,0.6331181526184082,0.17372608184814453,-0.2647371292114258,-4.719662189483643,1.3175700902938843,0
1745923225.3889701,0.3537306785583496,0.1086726188659668,0.42681884765625,0.2037677764892578,-0.5637706518173218,-3.231365442276001,1.0929899215698242,0
1745923225.40129,0.1683359146118164,0.20402538776397705,0.2616081237792969,0.1939992904663086,0.0,0.0,0.8279687166213989,0
1745923225.411261,0.16266489028930664,0.20059216022491455,0.17201805114746094,0.1873493194580078,0.0,0.0,0.7226244211196899,0
1745923225.4231472,0.1568603515625,0.19308078289031982,0.16594648361206055,0.18054676055908203,0.0,0.0,0.6964343786239624,0
1745923225.4391057,0.15621566772460938,0.18782663345336914,0.15819787979125977,0.1748971939086914,0.0,0.0,0.6771373748779297,0
1745923225.4484088,0.1494441032409668,0.18687820434570312,0.1558694839477539,0.16911602020263672,0.0,0.0,0.6613078117370605,0
1745923225.4600816,0.14481544494628906,0.18331217765808105,0.15141820907592773,0.16613101959228516,0.0,0.0,0.645676851272583,0
1745923225.4739237,0.1414961814880371,0.17576289176940918,0.14968585968017578,0.1667919158935547,0.0,0.0,0.6337368488311768,0
1745923225.4862027,0.13918209075927734,0.17248141765594482,0.14655685424804688,0.16174697875976562,0.0,0.0,0.6199673414230347,0
1745923225.5007033,0.13834762573242188,0.16908609867095947,0.14337158203125,0.15570068359375,0.0,0.0,0.6065059900283813,0
1745923225.5117502,0.13506603240966797,0.16667711734771729,0.14152765274047852,0.1562490463256836,0.0,0.0,0.5995198488235474,0
1745923225.5219226,0.13476276397705078,0.166601300239563,0.13867807388305664,0.15437793731689453,0.0,0.0,0.5944200754165649,0
1745923225.5367463,0.13324499130249023,0.167075514793396,0.1387338638305664,0.1506938934326172,0.0,0.0,0.5897482633590698,0
1745923225.547264,0.12725114822387695,0.16498899459838867,0.13828706741333008,0.1466503143310547,0.0,0.0,0.5771775245666504,0
1745923225.5599067,0.1256389617919922,0.16307318210601807,0.13601446151733398,0.1434764862060547,0.0,0.0,0.5682030916213989,0
1745923225.572317,0.12804794311523438,0.16349053382873535,0.1342639923095703,0.14224815368652344,0.0,0.0,0.5680506229400635,0
1745923225.5842311,0.12690973281860352,0.15935540199279785,0.12981224060058594,0.13988685607910156,0.0,0.0,0.5559642314910889,0
1745923225.5988288,0.12309694290161133,0.15819835662841797,0.1290111541748047,0.14096355438232422,0.0,0.0,0.5512700080871582,0
1745923225.608772,0.12146568298339844,0.15683269500732422,0.12863874435424805,0.13977336883544922,0.0,0.0,0.5467104911804199,0
1745923225.6204712,0.12040376663208008,0.153114914894104,0.1272420883178711,0.1349172592163086,0.0,0.0,0.5356780290603638,0
1745923225.6343532,0.12173128128051758,0.15068697929382324,0.1274094581604004,0.13227176666259766,0.0,0.0,0.5320994853973389,0
1745923225.6477644,0.11865854263305664,0.14888501167297363,0.12668323516845703,0.1308736801147461,0.0,0.0,0.5251004695892334,0
1745923225.6582997,0.11615467071533203,0.14837288856506348,0.12524890899658203,0.12883281707763672,0.0,0.0,0.5186092853546143,0
1745923225.671215,0.11738777160644531,0.14803147315979004,0.12552833557128906,0.1305522918701172,0.0,0.0,0.5214998722076416,0
1745923225.6827404,0.11600303649902344,0.14264452457427979,0.1243734359741211,0.1304769515991211,0.0,0.0,0.5134979486465454,0
1745923225.7023082,0.11435270309448242,0.1412029266357422,0.12282752990722656,0.12958908081054688,0.0,0.0,0.507972240447998,0
1745923225.7085865,0.1136322021484375,0.14017868041992188,0.12271595001220703,0.12745380401611328,0.0,0.0,0.5039806365966797,0
1745923225.719474,0.11376476287841797,0.14097535610198975,0.1221013069152832,0.12322139739990234,0.0,0.0,0.5000628232955933,0
1745923225.733952,0.11497879028320312,0.13807320594787598,0.1231069564819336,0.12046337127685547,0.0,0.0,0.49662232398986816,0
1745923225.7440128,0.11476993560791016,0.13833880424499512,0.12245512008666992,0.11908340454101562,0.0,0.0,0.4946472644805908,0
1745923225.7581728,0.11289215087890625,0.13858532905578613,0.11852502822875977,0.1200094223022461,0.0,0.0,0.49001193046569824,0
1745923225.7687552,0.11171627044677734,0.13748514652252197,0.11768674850463867,0.120330810546875,0.0,0.0,0.487218976020813,0
1745923225.7850437,0.10972452163696289,0.13693511486053467,0.11731433868408203,0.11585330963134766,0.0,0.0,0.47982728481292725,0
1745923225.7978144,0.10777091979980469,0.13333117961883545,0.11655044555664062,0.11676025390625,0.0,0.0,0.47441279888153076,0
1745923225.8074577,0.10744857788085938,0.13452613353729248,0.11671829223632812,0.11698627471923828,0.0,0.0,0.47567927837371826,0
1745923225.8208368,0.10843467712402344,0.13217413425445557,0.11541461944580078,0.11615562438964844,0.0,0.0,0.4721790552139282,0
1745923225.8351116,0.10644292831420898,0.13101708889007568,0.11412954330444336,0.11292457580566406,0.0,0.0,0.4645141363143921,0
1745923225.849016,0.10788488388061523,0.13187062740325928,0.11351490020751953,0.11230087280273438,0.0,0.0,0.4655712842941284,0
1745923225.8651268,0.10632944107055664,0.1311877965927124,0.11159610748291016,0.1154184341430664,0.0,0.0,0.4645317792892456,0
1745923225.8805556,0.10452747344970703,0.1305239200592041,0.11044120788574219,0.11148834228515625,0.0,0.0,0.45698094367980957,0
1745923225.8815486,0.1025547981262207,0.1284184455871582,0.11001300811767578,0.10952281951904297,0.0,0.0,0.45050907135009766,0
1745923225.8998241,0.10264968872070312,0.1281338930130005,0.11332845687866211,0.1121683120727539,0.0,0.0,0.45628035068511963,0
1745923225.9123712,0.10407209396362305,0.12538349628448486,0.11114931106567383,0.1139822006225586,0.0,0.0,0.45458710193634033,0
1745923225.9380393,0.10276317596435547,0.12348675727844238,0.11038541793823242,0.1097879409790039,0.0,0.0,0.4464232921600342,0
1745923225.9401023,0.10054397583007812,0.12195026874542236,0.10829925537109375,0.10782241821289062,0.0,0.0,0.43861591815948486,0
1745923225.9421914,0.10117006301879883,0.12231063842773438,0.1053009033203125,0.10765266418457031,0.0,0.0,0.436434268951416,0
1745923225.9537294,0.10194778442382812,0.12301254272460938,0.1078338623046875,0.1087484359741211,0.0,0.0,0.4415426254272461,0
1745923225.967609,0.10134077072143555,0.12225377559661865,0.10831785202026367,0.10903167724609375,0.0,0.0,0.4409440755844116,0
1745923225.9804316,0.102630615234375,0.12126743793487549,0.10774087905883789,0.1055746078491211,0.0,0.0,0.4372135400772095,0
1745923226.0088332,0.1010751724243164,0.12031900882720947,0.10824346542358398,0.10570621490478516,0.0,0.0,0.435343861579895,0
1745923226.0088332,0.10088539123535156,0.12056565284729004,0.1084299087524414,0.10657596588134766,0.0,0.0,0.43645691871643066,0
1745923226.0221207,0.09961462020874023,0.11973106861114502,0.10550546646118164,0.10519695281982422,0.0,0.0,0.4300481081008911,0
1745923226.0338507,0.09807825088500977,0.12176060676574707,0.10550546646118164,0.10453510284423828,0.0,0.0,0.42987942695617676,0
1745923226.040755,0.09767961502075195,0.12367641925811768,0.1062321662902832,0.10262680053710938,0.0,0.0,0.4302150011062622,0
1745923226.0529478,0.09750890731811523,0.11961722373962402,0.10328912734985352,0.1037607192993164,0.0,0.0,0.4241759777069092,0
1745923226.0676172,0.10027837753295898,0.11901021003723145,0.1040339469909668,0.10481834411621094,0.0,0.0,0.42814087867736816,0
1745923226.0779994,0.0977935791015625,0.11887741088867188,0.10321474075317383,0.10270214080810547,0.0,0.0,0.42258787155151367,0
1745923226.0929244,0.09703493118286133,0.11603224277496338,0.1027674674987793,0.0985269546508789,0.0,0.0,0.4143615961074829,0
1745923226.1053529,0.09750890731811523,0.1187446117401123,0.10312128067016602,0.10005760192871094,0.0,0.0,0.4194324016571045,0
1745923226.1164484,0.09705400466918945,0.1195223331451416,0.10228347778320312,0.10028362274169922,0.0,0.0,0.4191434383392334,0
1745923226.1332755,0.09762287139892578,0.11773931980133057,0.1015939712524414,0.0993204116821289,0.0,0.0,0.41627657413482666,0
1745923226.1394365,0.09511899948120117,0.11495101451873779,0.10189199447631836,0.09945297241210938,0.0,0.0,0.4114149808883667,0
1745923226.1520133,0.0949864387512207,0.11155569553375244,0.10069990158081055,0.09877204895019531,0.0,0.0,0.406014084815979,0
1745923226.1684291,0.09346914291381836,0.11123323440551758,0.10097932815551758,0.09922599792480469,0.0,0.0,0.4049077033996582,0
1745923226.1758196,0.0910029411315918,0.11404061317443848,0.10222721099853516,0.09998130798339844,0.0,0.0,0.40725207328796387,0
1745923226.187993,0.09160995483398438,0.11330080032348633,0.10286092758178711,0.09983062744140625,0.0,0.0,0.40760231018066406,0
1745923226.2073212,0.09542274475097656,0.11328184604644775,0.10235786437988281,0.09729862213134766,0.0,0.0,0.4083610773086548,0
1745923226.2148159,0.09510040283203125,0.11307322978973389,0.09980630874633789,0.09633541107177734,0.0,0.0,0.40431535243988037,0
1745923226.2263277,0.09426546096801758,0.1140974760055542,0.0975337028503418,0.0959005355834961,0.0,0.0,0.40179717540740967,0
1745923226.2388098,0.09250164031982422,0.1126558780670166,0.09876298904418945,0.09688282012939453,0.0,0.0,0.4008033275604248,0
1745923226.251132,0.09056663513183594,0.11176443099975586,0.10105419158935547,0.09597587585449219,0.0,0.0,0.39936113357543945,0
1745923226.2667892,0.09197044372558594,0.11206793785095215,0.09988069534301758,0.0937652587890625,0.0,0.0,0.39768433570861816,0
1745923226.2757525,0.08990287780761719,0.11358535289764404,0.09792470932006836,0.0942373275756836,0.0,0.0,0.3956502676010132,0
1745923226.2878423,0.0904531478881836,0.11314904689788818,0.0979619026184082,0.09584426879882812,0.0,0.0,0.3974083662033081,0
1745923226.3011029,0.09214115142822266,0.11134707927703857,0.09833478927612305,0.09421920776367188,0.0,0.0,0.39604222774505615,0
1745923226.3128462,0.09062385559082031,0.11100566387176514,0.09825992584228516,0.09276390075683594,0.0,0.0,0.39265334606170654,0
1745923226.3252573,0.08884048461914062,0.11170744895935059,0.09822273254394531,0.09283924102783203,0.0,0.0,0.39160990715026855,0
1745923226.3367176,0.08865118026733398,0.11094880104064941,0.09919166564941406,0.09172439575195312,0.0,0.0,0.3905160427093506,0
1745923226.3496735,0.0909271240234375,0.10654819011688232,0.09745931625366211,0.09115791320800781,0.0,0.0,0.38609254360198975,0
1745923226.3672059,0.09013032913208008,0.10541009902954102,0.0973663330078125,0.09221649169921875,0.0,0.0,0.38512325286865234,0
1745923226.3743887,0.08813905715942383,0.10840702056884766,0.09623003005981445,0.09215927124023438,0.0,0.0,0.3849353790283203,0
1745923226.3875465,0.08677339553833008,0.1073068380355835,0.09716129302978516,0.09157371520996094,0.0,0.0,0.38281524181365967,0
1745923226.4041314,0.08627986907958984,0.10859668254852295,0.09760808944702148,0.0901947021484375,0.0,0.0,0.3826793432235718,0
1745923226.4117239,0.08758878707885742,0.11049354076385498,0.0944976806640625,0.09030818939208984,0.0,0.0,0.38288819789886475,0
1745923226.4239671,0.08939075469970703,0.1085587739944458,0.0937342643737793,0.08804035186767578,0.0,0.0,0.3797241449356079,0
1745923226.4387324,0.0882716178894043,0.10552382469177246,0.09481430053710938,0.08830451965332031,0.0,0.0,0.37691426277160645,0
1745923226.4492447,0.08857536315917969,0.10489797592163086,0.0955967903137207,0.09168720245361328,0.0,0.0,0.38075733184814453,0
1745923226.4658883,0.0867161750793457,0.10804665088653564,0.09554100036621094,0.09032630920410156,0.0,0.0,0.38063013553619385,0
1745923226.4735053,0.08774042129516602,0.10616874694824219,0.0954289436340332,0.08830451965332031,0.0,0.0,0.3776426315307617,0
1745923226.4856446,0.08648872375488281,0.10747754573822021,0.09369659423828125,0.08911705017089844,0.0,0.0,0.3767799139022827,0
1745923226.4988723,0.08438301086425781,0.10768628120422363,0.0927281379699707,0.08917427062988281,0.0,0.0,0.37397170066833496,0
1745923226.509921,0.08364343643188477,0.10719311237335205,0.09451627731323242,0.08787059783935547,0.0,0.0,0.3732234239578247,0
1745923226.5226684,0.08261919021606445,0.10626363754272461,0.0935664176940918,0.08777618408203125,0.0,0.0,0.3702254295349121,0
1745923226.5382516,0.0833587646484375,0.10267865657806396,0.09218835830688477,0.08494186401367188,0.0,0.0,0.3631676435470581,0
1745923226.5471287,0.08419370651245117,0.10264074802398682,0.09209489822387695,0.08339214324951172,0.0,0.0,0.36232149600982666,0
1745923226.5586622,0.08303642272949219,0.10412025451660156,0.09170389175415039,0.0860757827758789,0.0,0.0,0.36493635177612305,0
1745923226.5747733,0.08383321762084961,0.10503065586090088,0.09203910827636719,0.0859994888305664,0.0,0.0,0.3669024705886841,0
1745923226.5845337,0.0856161117553711,0.10449957847595215,0.09401369094848633,0.0856027603149414,0.0,0.0,0.369732141494751,0
1745923226.6003122,0.08436441421508789,0.10404431819915771,0.09224414825439453,0.08594322204589844,0.0,0.0,0.3665961027145386,0
1745923226.6098988,0.08205032348632812,0.1018819808959961,0.09198331832885742,0.08533859252929688,0.0,0.0,0.3612542152404785,0
1745923226.6225421,0.08094978332519531,0.10248899459838867,0.091796875,0.0828256607055664,0.0,0.0,0.3580613136291504,0
1745923226.6341963,0.0828847885131836,0.10406339168548584,0.08965492248535156,0.08244800567626953,0.0,0.0,0.3590511083602905,0
1745923226.6457024,0.08248615264892578,0.104347825050354,0.09034395217895508,0.08301448822021484,0.0,0.0,0.3601924180984497,0
1745923226.6582031,0.08415555953979492,0.10267865657806396,0.091796875,0.08214569091796875,0.0,0.0,0.36077678203582764,0
1745923226.6711333,0.08451604843139648,0.10028862953186035,0.09231853485107422,0.08293914794921875,0.0,0.0,0.3600623607635498,0
1745923226.6826682,0.08294153213500977,0.10009896755218506,0.09017658233642578,0.0818624496459961,0.0,0.0,0.3550795316696167,0
1745923226.7002077,0.08165168762207031,0.09945404529571533,0.09101486206054688,0.08373260498046875,0.0,0.0,0.35585319995880127,0
1745923226.7099826,0.08307456970214844,0.09916961193084717,0.0919647216796875,0.08352470397949219,0.0,0.0,0.3577336072921753,0
1745923226.721838,0.08334016799926758,0.10009896755218506,0.09205770492553711,0.08254241943359375,0.0,0.0,0.3580392599105835,0
1745923226.734448,0.08423137664794922,0.09915053844451904,0.08900308609008789,0.08103084564208984,0.0,0.0,0.353415846824646,0
1745923226.7449722,0.08186054229736328,0.09890401363372803,0.08877944946289062,0.08053970336914062,0.0,0.0,0.35008370876312256,0
1745923226.7573047,0.08076047897338867,0.09971964359283447,0.08898448944091797,0.08008575439453125,0.0,0.0,0.34955036640167236,0
1745923226.7709098,0.08341598510742188,0.1003645658493042,0.08905887603759766,0.07870674133300781,0.0,0.0,0.35154616832733154,0
1745923226.7819052,0.08519887924194336,0.09856259822845459,0.09110784530639648,0.08050155639648438,0.0,0.0,0.3553708791732788,0
1745923226.7999873,0.08536958694458008,0.09850561618804932,0.08972930908203125,0.08154106140136719,0.0,0.0,0.35514557361602783,0
1745923226.8074217,0.08229684829711914,0.0981452465057373,0.09067964553833008,0.07995414733886719,0.0,0.0,0.3510758876800537,0
1745923226.8182604,0.08068418502807617,0.0961536169052124,0.09161090850830078,0.0797271728515625,0.0,0.0,0.34817588329315186,0
1745923226.8341112,0.08197402954101562,0.09596395492553711,0.08898448944091797,0.0809926986694336,0.0,0.0,0.3479151725769043,0
1745923226.843466,0.0805516242980957,0.09858155250549316,0.0871591567993164,0.08284473419189453,0.0,0.0,0.3491370677947998,0
1745923226.8590224,0.07969808578491211,0.0990368127822876,0.08509159088134766,0.08133316040039062,0.0,0.0,0.345159649848938,0
1745923226.8680434,0.07698583602905273,0.0983349084854126,0.08440256118774414,0.08343029022216797,0.0,0.0,0.34315359592437744,0
1745923226.8817246,0.07709932327270508,0.09588801860809326,0.08769941329956055,0.08014297485351562,0.0,0.0,0.3408297300338745,0
1745923226.8922062,0.07871150970458984,0.09799349308013916,0.08451414108276367,0.07870674133300781,0.0,0.0,0.3399258852005005,0
1745923226.906291,0.07964134216308594,0.09793663024902344,0.08231639862060547,0.07625007629394531,0.0,0.0,0.33614444732666016,0
1745923226.9172587,0.07901525497436523,0.09712100028991699,0.0851287841796875,0.07906532287597656,0.0,0.0,0.3403303623199463,0
1745923226.9338245,0.07952737808227539,0.09531903266906738,0.08671236038208008,0.08025646209716797,0.0,0.0,0.3418152332305908,0
1745923226.942122,0.08094978332519531,0.09410500526428223,0.08438396453857422,0.07883930206298828,0.0,0.0,0.33827805519104004,0
1745923226.9550521,0.07956504821777344,0.09419989585876465,0.08449554443359375,0.07804584503173828,0.0,0.0,0.3363063335418701,0
1745923226.9671235,0.07893943786621094,0.09636223316192627,0.0873270034790039,0.07855510711669922,0.0,0.0,0.34118378162384033,0
1745923226.97873,0.07890129089355469,0.09812629222869873,0.0884256362915039,0.07842350006103516,0.0,0.0,0.3438767194747925,0
1745923226.991033,0.07755470275878906,0.09658992290496826,0.08673095703125,0.07530593872070312,0.0,0.0,0.33618152141571045,0
1745923227.0067906,0.07618904113769531,0.09704506397247314,0.08663749694824219,0.07659053802490234,0.0,0.0,0.336462140083313,0
1745923227.0173025,0.07738399505615234,0.09717786312103271,0.08745718002319336,0.07815837860107422,0.0,0.0,0.34017741680145264,0
1745923227.0344584,0.07560110092163086,0.0961536169052124,0.08570623397827148,0.07643890380859375,0.0,0.0,0.3338998556137085,0
1745923227.0409858,0.07527828216552734,0.09630537033081055,0.08501720428466797,0.07596683502197266,0.0,0.0,0.3325676918029785,0
1745923227.0534444,0.07577180862426758,0.09632432460784912,0.08498001098632812,0.07672309875488281,0.0,0.0,0.33379924297332764,0
1745923227.065886,0.0753164291381836,0.09632432460784912,0.08410453796386719,0.0762319564819336,0.0,0.0,0.3319772481918335,0
1745923227.0805564,0.0756387710571289,0.09376358985900879,0.08356428146362305,0.07744121551513672,0.0,0.0,0.33040785789489746,0
1745923227.0914893,0.07662534713745117,0.09456026554107666,0.08680534362792969,0.07715702056884766,0.0,0.0,0.3351479768753052,0
1745923227.1036959,0.07645463943481445,0.09609675407409668,0.08544540405273438,0.0778188705444336,0.0,0.0,0.3358156681060791,0
1745923227.1191297,0.07527828216552734,0.09721589088439941,0.08367633819580078,0.0767984390258789,0.0,0.0,0.33296895027160645,0
1745923227.1355815,0.07362842559814453,0.09793663024902344,0.08186960220336914,0.07572174072265625,0.0,0.0,0.32915639877319336,0
1745923227.139685,0.07336282730102539,0.09744346141815186,0.0825958251953125,0.07747840881347656,0.0,0.0,0.3308805227279663,0
1745923227.15131,0.07381772994995117,0.09712100028991699,0.08015584945678711,0.07717609405517578,0.0,0.0,0.32827067375183105,0
1745923227.1661606,0.0743870735168457,0.09385848045349121,0.08034229278564453,0.07454967498779297,0.0,0.0,0.3231375217437744,0
1745923227.1776373,0.07455778121948242,0.09270143508911133,0.08112430572509766,0.07358646392822266,0.0,0.0,0.32196998596191406,0
1745923227.1895409,0.07658720016479492,0.09277725219726562,0.07980203628540039,0.07286834716796875,0.0,0.0,0.3220348358154297,0
1745923227.201937,0.07592344284057617,0.09273934364318848,0.07937335968017578,0.07292461395263672,0.0,0.0,0.32096076011657715,0
1745923227.2139072,0.07370424270629883,0.09055805206298828,0.08250284194946289,0.07526779174804688,0.0,0.0,0.3220329284667969,0
1745923227.233807,0.07520246505737305,0.09190475940704346,0.08250284194946289,0.07468223571777344,0.0,0.0,0.32429230213165283,0
1745923227.2395751,0.07577180862426758,0.0922461748123169,0.08110570907592773,0.0741720199584961,0.0,0.0,0.3232957124710083,0
1745923227.2507892,0.07482337951660156,0.09131669998168945,0.07916879653930664,0.07424736022949219,0.0,0.0,0.31955623626708984,0
1745923227.268577,0.07400751113891602,0.09353601932525635,0.07959699630737305,0.07358646392822266,0.0,0.0,0.32072699069976807,0
1745923227.2753813,0.07254695892333984,0.09285318851470947,0.0818324089050293,0.07228279113769531,0.0,0.0,0.3195153474807739,0
1745923227.2910843,0.07230043411254883,0.09359288215637207,0.08408594131469727,0.07199954986572266,0.0,0.0,0.3219788074493408,0
1745923227.3003047,0.07459545135498047,0.0933842658996582,0.0851287841796875,0.07228279113769531,0.0,0.0,0.3253912925720215,0
1745923227.3147767,0.07506990432739258,0.09277725219726562,0.0831918716430664,0.07343482971191406,0.0,0.0,0.32447385787963867,0
1745923227.3249364,0.07359027862548828,0.09133577346801758,0.08017444610595703,0.07332134246826172,0.0,0.0,0.3184218406677246,0
1745923227.3380835,0.07324886322021484,0.0927962064743042,0.08106851577758789,0.07371902465820312,0.0,0.0,0.32083261013031006,0
1745923227.3673499,0.07209205627441406,0.09359288215637207,0.08127355575561523,0.07398319244384766,0.0,0.0,0.320941686630249,0
1745923227.3688564,0.07252788543701172,0.09294795989990234,0.07900094985961914,0.07468223571777344,0.0,0.0,0.31915903091430664,0
1745923227.380563,0.07385587692260742,0.0914684534072876,0.07818174362182617,0.07368087768554688,0.0,0.0,0.31718695163726807,0
1745923227.387178,0.0724334716796875,0.09317564964294434,0.07864713668823242,0.07252788543701172,0.0,0.0,0.316784143447876,0
1745923227.4014447,0.07307815551757812,0.0921323299407959,0.08121776580810547,0.07109260559082031,0.0,0.0,0.3175208568572998,0
1745923227.4118035,0.07332468032836914,0.09065282344818115,0.07672882080078125,0.0717916488647461,0.0,0.0,0.31249797344207764,0
1745923227.423253,0.07359027862548828,0.09203755855560303,0.0792245864868164,0.0713949203491211,0.0,0.0,0.3162473440170288,0
1745923227.4382122,0.07140874862670898,0.0912787914276123,0.08121776580810547,0.07033634185791016,0.0,0.0,0.3142416477203369,0
1745923227.4494734,0.07343864440917969,0.09198057651519775,0.07821893692016602,0.0705251693725586,0.0,0.0,0.31416332721710205,0
1745923227.4661553,0.07444381713867188,0.08860433101654053,0.07847976684570312,0.07213115692138672,0.0,0.0,0.31365907192230225,0
1745923227.4739606,0.07432985305786133,0.09027349948883057,0.0791316032409668,0.07300090789794922,0.0,0.0,0.3167358636856079,0
1745923227.4855993,0.07072591781616211,0.09105122089385986,0.07952260971069336,0.07267951965332031,0.0,0.0,0.31397926807403564,0
1745923227.4988208,0.06972074508666992,0.09107017517089844,0.07853555679321289,0.07216930389404297,0.0,0.0,0.3114957809448242,0
1745923227.5102377,0.07120037078857422,0.09021663665771484,0.07806968688964844,0.07101631164550781,0.0,0.0,0.3105030059814453,0
1745923227.523103,0.07190227508544922,0.09048211574554443,0.07700824737548828,0.07122421264648438,0.0,0.0,0.3106168508529663,0
1745923227.537462,0.07015705108642578,0.09148740768432617,0.07805109024047852,0.07075214385986328,0.0,0.0,0.31044769287109375,0
1745923227.5468686,0.06994867324829102,0.09131669998168945,0.07777166366577148,0.06937313079833984,0.0,0.0,0.3084101676940918,0
1745923227.5653322,0.0704793930053711,0.09135472774505615,0.07657957077026367,0.06935405731201172,0.0,0.0,0.30776774883270264,0
1745923227.5721524,0.07046079635620117,0.09120297431945801,0.07818174362182617,0.0687112808227539,0.0,0.0,0.30855679512023926,0
1745923227.5839384,0.07159852981567383,0.08998894691467285,0.07713842391967773,0.06948661804199219,0.0,0.0,0.3082125186920166,0
1745923227.599113,0.0703277587890625,0.09175300598144531,0.07747364044189453,0.06795597076416016,0.0,0.0,0.3075103759765625,0
1745923227.6080487,0.06901884078979492,0.09082353115081787,0.07596492767333984,0.06706809997558594,0.0,0.0,0.3028753995895386,0
1745923227.623408,0.06879138946533203,0.0900648832321167,0.07531309127807617,0.06901359558105469,0.0,0.0,0.3031829595565796,0
1745923227.6345558,0.07044172286987305,0.08824396133422852,0.07691478729248047,0.07039356231689453,0.0,0.0,0.30599403381347656,0
1745923227.6464942,0.07093477249145508,0.08856642246246338,0.0781254768371582,0.06702995300292969,0.0,0.0,0.30465662479400635,0
1745923227.6612775,0.07044172286987305,0.09074771404266357,0.07775306701660156,0.06827735900878906,0.0,0.0,0.30721986293792725,0
1745923227.6721628,0.07057428359985352,0.08915436267852783,0.07855415344238281,0.07073307037353516,0.0,0.0,0.3090158700942993,0
1745923227.682246,0.069000244140625,0.08932507038116455,0.0793924331665039,0.07137584686279297,0.0,0.0,0.3090935945510864,0
1745923227.6995401,0.0704035758972168,0.08839559555053711,0.08104991912841797,0.06999683380126953,0.0,0.0,0.3098459243774414,0
1745923227.706926,0.07082080841064453,0.0887371301651001,0.07963418960571289,0.06761550903320312,0.0,0.0,0.30680763721466064,0
1745923227.7227428,0.07097291946411133,0.08739030361175537,0.07654237747192383,0.06750202178955078,0.0,0.0,0.3024076223373413,0
1745923227.7350926,0.0715036392211914,0.08801627159118652,0.07587194442749023,0.06897640228271484,0.0,0.0,0.304368257522583,0
1745923227.744888,0.07000541687011719,0.08642292022705078,0.07633781433105469,0.06742668151855469,0.0,0.0,0.30019283294677734,0
1745923227.758375,0.06708431243896484,0.0851900577545166,0.07630014419555664,0.06786155700683594,0.0,0.0,0.296436071395874,0
1745923227.7709582,0.06801366806030273,0.08744728565216064,0.07548093795776367,0.0693349838256836,0.0,0.0,0.30027687549591064,0
1745923227.7815466,0.06706523895263672,0.08627116680145264,0.07708263397216797,0.0685415267944336,0.0,0.0,0.2989605665206909,0
1745923227.8033228,0.06522560119628906,0.08572113513946533,0.07996940612792969,0.0659341812133789,0.0,0.0,0.296850323677063,0
1745923227.805959,0.0654149055480957,0.08520901203155518,0.07952260971069336,0.06793689727783203,0.0,0.0,0.29808342456817627,0
1745923227.818071,0.0657186508178711,0.08556938171386719,0.07527589797973633,0.0700531005859375,0.0,0.0,0.2966170310974121,0
1745923227.8343656,0.06939840316772461,0.08583498001098633,0.07501506805419922,0.06723785400390625,0.0,0.0,0.2974863052368164,0
1745923227.8454642,0.0697774887084961,0.08617639541625977,0.0765237808227539,0.06597232818603516,0.0,0.0,0.2984499931335449,0
1745923227.8568046,0.06928443908691406,0.08494341373443604,0.0755925178527832,0.06754016876220703,0.0,0.0,0.29736053943634033,0
1745923227.867584,0.06879138946533203,0.08380532264709473,0.07326412200927734,0.06719970703125,0.0,0.0,0.2930605411529541,0
1745923227.8803196,0.06918954849243164,0.08429849147796631,0.07536888122558594,0.06646347045898438,0.0,0.0,0.29532039165496826,0
1745923227.8929694,0.06882953643798828,0.08255350589752197,0.07635641098022461,0.0675210952758789,0.0,0.0,0.29526054859161377,0
1745923227.9056745,0.06856393814086914,0.08020138740539551,0.07801389694213867,0.06725692749023438,0.0,0.0,0.2940361499786377,0
1745923227.917402,0.06763410568237305,0.08240175247192383,0.07833051681518555,0.06638717651367188,0.0,0.0,0.2947535514831543,0
1745923227.933463,0.06879138946533203,0.08291387557983398,0.0778651237487793,0.06659507751464844,0.0,0.0,0.29616546630859375,0
1745923227.9424412,0.06926536560058594,0.08353984355926514,0.07585334777832031,0.06582069396972656,0.0,0.0,0.29447925090789795,0
1745923227.9541757,0.06791877746582031,0.08340704441070557,0.0775294303894043,0.06472492218017578,0.0,0.0,0.29358017444610596,0
1745923227.967699,0.06780481338500977,0.08113086223602295,0.07672882080078125,0.06510257720947266,0.0,0.0,0.2907670736312866,0
1745923227.978754,0.07036590576171875,0.08668851852416992,0.07641220092773438,0.06742668151855469,0.0,0.0,0.30089330673217773,0
1745923228.0036914,0.06918954849243164,0.08505725860595703,0.0775294303894043,0.06754016876220703,0.0,0.0,0.29931640625,0
1745923228.0047197,0.06757736206054688,0.08395707607269287,0.07488489151000977,0.06693553924560547,0.0,0.0,0.293354868888855,0
1745923228.0166914,0.06643915176391602,0.08321738243103027,0.07587194442749023,0.06498908996582031,0.0,0.0,0.29051756858825684,0
1745923228.0341399,0.06869649887084961,0.08342599868774414,0.07734346389770508,0.066009521484375,0.0,0.0,0.29547548294067383,0
1745923228.043449,0.06769132614135742,0.08333110809326172,0.07810688018798828,0.0648946762084961,0.0,0.0,0.2940239906311035,0
1745923228.053786,0.06827926635742188,0.08111190795898438,0.07749223709106445,0.06438446044921875,0.0,0.0,0.29126787185668945,0
1745923228.0667927,0.06594610214233398,0.08012557029724121,0.07831192016601562,0.06629276275634766,0.0,0.0,0.2906763553619385,0
1745923228.0931463,0.06803274154663086,0.08270525932312012,0.07978343963623047,0.06413936614990234,0.0,0.0,0.2946608066558838,0
1745923228.0941942,0.0696258544921875,0.08321738243103027,0.07611417770385742,0.06374263763427734,0.0,0.0,0.29270005226135254,0
1745923228.104468,0.06922769546508789,0.08291387557983398,0.07743644714355469,0.06185340881347656,0.0,0.0,0.2914314270019531,0
1745923228.115155,0.06452369689941406,0.07989788055419922,0.07900094985961914,0.066009521484375,0.0,0.0,0.2894320487976074,0
1745923228.128171,0.06740665435791016,0.07985997200012207,0.07799530029296875,0.06572628021240234,0.0,0.0,0.2909882068634033,0
1745923228.1398814,0.06700849533081055,0.07796323299407959,0.07708263397216797,0.06464958190917969,0.0,0.0,0.2867039442062378,0
1745923228.1527238,0.06651496887207031,0.07779252529144287,0.07404661178588867,0.06368541717529297,0.0,0.0,0.2820395231246948,0
1745923228.1665514,0.0684499740600586,0.08012557029724121,0.0754251480102539,0.06317520141601562,0.0,0.0,0.28717589378356934,0
1745923228.1777186,0.06782388687133789,0.07862710952758789,0.07877779006958008,0.06430912017822266,0.0,0.0,0.2895379066467285,0
1745923228.1885493,0.06818437576293945,0.08099806308746338,0.0786285400390625,0.06304359436035156,0.0,0.0,0.2908545732498169,0
1745923228.2025986,0.06717920303344727,0.08046698570251465,0.07723140716552734,0.06181526184082031,0.0,0.0,0.28669285774230957,0
1745923228.214365,0.06670475006103516,0.08162403106689453,0.07505226135253906,0.06017112731933594,0.0,0.0,0.2835521697998047,0
1745923228.22609,0.06566143035888672,0.08027732372283936,0.07587194442749023,0.06357192993164062,0.0,0.0,0.28538262844085693,0
1745923228.2397423,0.06433391571044922,0.0791771411895752,0.0746612548828125,0.06565093994140625,0.0,0.0,0.28382325172424316,0
1745923228.2501957,0.06590843200683594,0.07925295829772949,0.07548093795776367,0.06415843963623047,0.0,0.0,0.28480076789855957,0
1745923228.2672026,0.0669703483581543,0.07908225059509277,0.078460693359375,0.06294918060302734,0.0,0.0,0.2874624729156494,0
1745923228.2766728,0.06738758087158203,0.08078944683074951,0.07771587371826172,0.06468677520751953,0.0,0.0,0.2905796766281128,0
1745923228.2872772,0.06846904754638672,0.07989788055419922,0.07462406158447266,0.06389331817626953,0.0,0.0,0.2868843078613281,0
1745923228.3002694,0.06638240814208984,0.07866501808166504,0.07451248168945312,0.06143760681152344,0.0,0.0,0.28099751472473145,0
1745923228.3148425,0.06378364562988281,0.08096015453338623,0.07773447036743164,0.06257057189941406,0.0,0.0,0.28504884243011475,0
1745923228.3255157,0.06315803527832031,0.08058083057403564,0.07436323165893555,0.06289196014404297,0.0,0.0,0.2809940576553345,0
1745923228.3379683,0.06311988830566406,0.07868397235870361,0.07501506805419922,0.06253337860107422,0.0,0.0,0.2793523073196411,0
1745923228.3495302,0.06772899627685547,0.07891154289245605,0.07492208480834961,0.061248779296875,0.0,0.0,0.28281140327453613,0
1745923228.3707237,0.06632566452026367,0.08133947849273682,0.07585334777832031,0.05992603302001953,0.0,0.0,0.28344452381134033,0
1745923228.3740592,0.06458044052124023,0.08139646053314209,0.0757603645324707,0.060832977294921875,0.0,0.0,0.2825702428817749,0
1745923228.3866022,0.06281661987304688,0.07987892627716064,0.07447481155395508,0.06342124938964844,0.0,0.0,0.28059160709381104,0
1745923228.399438,0.06334733963012695,0.07597148418426514,0.07240772247314453,0.06294918060302734,0.0,0.0,0.27467572689056396,0
1745923228.4160585,0.06492185592651367,0.07691991329193115,0.07318973541259766,0.06104087829589844,0.0,0.0,0.2760723829269409,0
1745923228.4237359,0.06477022171020508,0.07805800437927246,0.07419586181640625,0.060756683349609375,0.0,0.0,0.27778077125549316,0
1745923228.4362075,0.0667428970336914,0.07809591293334961,0.07441902160644531,0.06281661987304688,0.0,0.0,0.2820744514465332,0
1745923228.448928,0.06613588333129883,0.07824766635894775,0.0738229751586914,0.0644979476928711,0.0,0.0,0.2827044725418091,0
1745923228.469415,0.06395435333251953,0.07885468006134033,0.07354354858398438,0.058112144470214844,0.0,0.0,0.2744647264480591,0
1745923228.4736433,0.06319570541381836,0.07904434204101562,0.07656097412109375,0.057677268981933594,0.0,0.0,0.27647829055786133,0
1745923228.4863734,0.06480789184570312,0.07946169376373291,0.07531309127807617,0.05939674377441406,0.0,0.0,0.27897942066192627,0
1745923228.5030851,0.06516838073730469,0.07953751087188721,0.07438182830810547,0.06002044677734375,0.0,0.0,0.2791081666946411,0
1745923228.5117056,0.06380271911621094,0.07737517356872559,0.07451248168945312,0.061135292053222656,0.0,0.0,0.2768256664276123,0
1745923228.5233989,0.06387853622436523,0.07602846622467041,0.07548093795776367,0.061324119567871094,0.0,0.0,0.2767120599746704,0
1745923228.536246,0.0612797737121582,0.07764077186584473,0.07352495193481445,0.06219291687011719,0.0,0.0,0.27463841438293457,0
1745923228.549047,0.0626835823059082,0.07948064804077148,0.07201623916625977,0.06277847290039062,0.0,0.0,0.2769589424133301,0
1745923228.5702786,0.0599522590637207,0.07978415489196777,0.0714578628540039,0.0603790283203125,0.0,0.0,0.2715733051300049,0
1745923228.572562,0.06232309341430664,0.07908225059509277,0.07276153564453125,0.0579986572265625,0.0,0.0,0.27216553688049316,0
1745923228.584036,0.06315803527832031,0.07845640182495117,0.07475423812866211,0.05701637268066406,0.0,0.0,0.27338504791259766,0
1745923228.5996482,0.06173515319824219,0.07673025131225586,0.07587194442749023,0.05858421325683594,0.0,0.0,0.2729215621948242,0
1745923228.6170678,0.06302499771118164,0.07587671279907227,0.07555532455444336,0.057715415954589844,0.0,0.0,0.2721724510192871,0
1745923228.6367338,0.06232309341430664,0.07741308212280273,0.07332038879394531,0.058017730712890625,0.0,0.0,0.2710742950439453,0
1745923228.6377347,0.06063508987426758,0.07663536071777344,0.07410240173339844,0.0591888427734375,0.0,0.0,0.27056169509887695,0
1745923228.6486812,0.06389760971069336,0.07608532905578613,0.07566690444946289,0.058508872985839844,0.0,0.0,0.2741587162017822,0
1745923228.6588259,0.06410646438598633,0.07619917392730713,0.07386016845703125,0.06007671356201172,0.0,0.0,0.2742425203323364,0
1745923228.6712115,0.06241798400878906,0.07638883590698242,0.073394775390625,0.0611724853515625,0.0,0.0,0.273374080657959,0
1745923228.68277,0.0636129379272461,0.07959449291229248,0.07346916198730469,0.06007671356201172,0.0,0.0,0.276753306388855,0
1745923228.70122,0.06304407119750977,0.07963240146636963,0.07147645950317383,0.05983161926269531,0.0,0.0,0.27398455142974854,0
1745923228.7077599,0.0628352165222168,0.07602846622467041,0.06905508041381836,0.06058692932128906,0.0,0.0,0.26850569248199463,0
1745923228.7200773,0.06270265579223633,0.07525074481964111,0.07041454315185547,0.06015205383300781,0.0,0.0,0.2685199975967407,0
1745923228.7352126,0.06300592422485352,0.07741308212280273,0.07175540924072266,0.05935859680175781,0.0,0.0,0.2715330123901367,0
1745923228.7444863,0.06249380111694336,0.07597148418426514,0.07296609878540039,0.057242393493652344,0.0,0.0,0.26867377758026123,0
1745923228.757204,0.062342166900634766,0.07631289958953857,0.07207250595092773,0.05558013916015625,0.0,0.0,0.2663077116012573,0
1745923228.7704098,0.06243705749511719,0.07788729667663574,0.07114076614379883,0.05618476867675781,0.0,0.0,0.26764988899230957,0
1745923228.7813387,0.06357526779174805,0.0783236026763916,0.0727243423461914,0.058035850524902344,0.0,0.0,0.2726590633392334,0
1745923228.7997208,0.0613560676574707,0.07502317428588867,0.0721282958984375,0.060341835021972656,0.0,0.0,0.26884937286376953,0
1745923228.806094,0.0615077018737793,0.07380914688110352,0.07138299942016602,0.06087017059326172,0.0,0.0,0.26757001876831055,0
1745923228.8221996,0.06304407119750977,0.07600951194763184,0.07397222518920898,0.059472084045410156,0.0,0.0,0.27249789237976074,0
1745923228.8361225,0.061640262603759766,0.07616126537322998,0.07240772247314453,0.05438995361328125,0.0,0.0,0.2645992040634155,0
1745923228.8435836,0.06222820281982422,0.07545936107635498,0.0741581916809082,0.05488109588623047,0.0,0.0,0.26672685146331787,0
1745923228.8553307,0.060312747955322266,0.07604742050170898,0.07447481155395508,0.05694007873535156,0.0,0.0,0.2677750587463379,0
1745923228.8701954,0.0620574951171875,0.07693886756896973,0.07171821594238281,0.05750751495361328,0.0,0.0,0.2682220935821533,0
1745923228.8809,0.0619816780090332,0.07737517356872559,0.07034015655517578,0.057621002197265625,0.0,0.0,0.2673180103302002,0
1745923228.8931315,0.06336641311645508,0.07819080352783203,0.07177448272705078,0.05624103546142578,0.0,0.0,0.26957273483276367,0
1745923228.9053152,0.06359434127807617,0.07857012748718262,0.07451248168945312,0.057280540466308594,0.0,0.0,0.2739574909210205,0
1745923228.9207773,0.061242103576660156,0.07714760303497314,0.07330179214477539,0.058716773986816406,0.0,0.0,0.2704082727432251,0
1745923228.9446688,0.06008481979370117,0.07709062099456787,0.07210969924926758,0.06130504608154297,0.0,0.0,0.2705901861190796,0
1745923228.9451828,0.06095743179321289,0.07710957527160645,0.07050752639770508,0.05856513977050781,0.0,0.0,0.2671396732330322,0
1745923228.9589417,0.06245613098144531,0.07826662063598633,0.06968832015991211,0.05939674377441406,0.0,0.0,0.2698078155517578,0
1745923228.9702022,0.06029367446899414,0.07834255695343018,0.07099199295043945,0.060341835021972656,0.0,0.0,0.2699700593948364,0
1745923228.9787242,0.06126117706298828,0.07743203639984131,0.06838417053222656,0.05814933776855469,0.0,0.0,0.26522672176361084,0
1745923228.9917622,0.06251287460327148,0.0785132646560669,0.06663370132446289,0.05869770050048828,0.0,0.0,0.26635754108428955,0
1745923229.0037365,0.061944007873535156,0.07862710952758789,0.0700235366821289,0.058811187744140625,0.0,0.0,0.2694058418273926,0
1745923229.0163844,0.06262683868408203,0.07718551158905029,0.07000494003295898,0.05716705322265625,0.0,0.0,0.26698434352874756,0
1745923229.0347981,0.06179237365722656,0.07834255695343018,0.06952047348022461,0.05558013916015625,0.0,0.0,0.2652355432510376,0
1745923229.0412118,0.06308174133300781,0.07927203178405762,0.07175540924072266,0.05438995361328125,0.0,0.0,0.26849913597106934,0
1745923229.0535698,0.0636129379272461,0.07743203639984131,0.07138299942016602,0.056487083435058594,0.0,0.0,0.268915057182312,0
1745923229.0694137,0.059554100036621094,0.07669234275817871,0.07054519653320312,0.05816841125488281,0.0,0.0,0.26496005058288574,0
1745923229.077584,0.059515953063964844,0.07306945323944092,0.0697627067565918,0.05690288543701172,0.0,0.0,0.2592509984970093,0
1745923229.089894,0.06200075149536133,0.07652163505554199,0.0711970329284668,0.05773353576660156,0.0,0.0,0.2674529552459717,0
1745923229.1022701,0.059326171875,0.07669234275817871,0.07082414627075195,0.057582855224609375,0.0,0.0,0.26442551612854004,0
1745923229.1148677,0.057675838470458984,0.07490932941436768,0.06763935089111328,0.05454063415527344,0.0,0.0,0.2547651529312134,0
1745923229.133665,0.05981922149658203,0.07500410079956055,0.06698751449584961,0.053879737854003906,0.0,0.0,0.2556905746459961,0
1745923229.1404657,0.05892801284790039,0.07756483554840088,0.07032155990600586,0.054823875427246094,0.0,0.0,0.2616382837295532,0
1745923229.152195,0.0587005615234375,0.07701480388641357,0.06931543350219727,0.055599212646484375,0.0,0.0,0.2606300115585327,0
1745923229.1669192,0.05697441101074219,0.07726132869720459,0.06905508041381836,0.05454063415527344,0.0,0.0,0.2578314542770386,0
1745923229.178556,0.05699300765991211,0.07545936107635498,0.06965112686157227,0.055504798889160156,0.0,0.0,0.2576082944869995,0
1745923229.188718,0.05803632736206055,0.07373332977294922,0.07089900970458984,0.05508899688720703,0.0,0.0,0.25775766372680664,0
1745923229.2047684,0.059554100036621094,0.07263314723968506,0.07007932662963867,0.054635047912597656,0.0,0.0,0.2569016218185425,0
1745923229.2141132,0.060749053955078125,0.07399880886077881,0.06916666030883789,0.05539131164550781,0.0,0.0,0.25930583477020264,0
1745923229.2266054,0.057505130767822266,0.07346773147583008,0.07041454315185547,0.05539131164550781,0.0,0.0,0.2567787170410156,0
1745923229.2400472,0.05832099914550781,0.07213997840881348,0.06842184066772461,0.05726146697998047,0.0,0.0,0.25614428520202637,0
1745923229.2521665,0.059117794036865234,0.07318317890167236,0.06750917434692383,0.055466651916503906,0.0,0.0,0.25527679920196533,0
1745923229.2669985,0.06012296676635742,0.0743023157119751,0.06743431091308594,0.05474853515625,0.0,0.0,0.25660812854766846,0
1745923229.27674,0.06038856506347656,0.0728607177734375,0.06862640380859375,0.055901527404785156,0.0,0.0,0.25777721405029297,0
1745923229.2889335,0.05981922149658203,0.07432126998901367,0.07287311553955078,0.05775260925292969,0.0,0.0,0.26476621627807617,0
1745923229.3038583,0.06126117706298828,0.07367634773254395,0.07207250595092773,0.056052207946777344,0.0,0.0,0.2630622386932373,0
1745923229.313569,0.06177330017089844,0.07447302341461182,0.07047033309936523,0.05533409118652344,0.0,0.0,0.2620507478713989,0
1745923229.325153,0.061109066009521484,0.07327806949615479,0.07155084609985352,0.05618476867675781,0.0,0.0,0.2621227502822876,0
1745923229.3397133,0.058472633361816406,0.07064151763916016,0.07192325592041016,0.05495643615722656,0.0,0.0,0.2559938430786133,0
1745923229.3504443,0.06169748306274414,0.07085013389587402,0.07184886932373047,0.05574989318847656,0.0,0.0,0.2601463794708252,0
1745923229.368168,0.06226634979248047,0.07191228866577148,0.07071256637573242,0.05539131164550781,0.0,0.0,0.2602825164794922,0
1745923229.3745189,0.06072998046875,0.07227277755737305,0.07142019271850586,0.05289745330810547,0.0,0.0,0.2573204040527344,0
1745923229.3873787,0.058624267578125,0.07270896434783936,0.06998634338378906,0.05535316467285156,0.0,0.0,0.256672739982605,0
1745923229.4029357,0.05873823165893555,0.07255721092224121,0.06678247451782227,0.05631732940673828,0.0,0.0,0.2543952465057373,0
1745923229.4110105,0.05583620071411133,0.07354354858398438,0.06531095504760742,0.05491828918457031,0.0,0.0,0.24960899353027344,0
1745923229.4236128,0.05632925033569336,0.07276594638824463,0.06654024124145508,0.05429553985595703,0.0,0.0,0.2499309778213501,0
1745923229.4371443,0.055873870849609375,0.07350564002990723,0.0689244270324707,0.05329418182373047,0.0,0.0,0.2515981197357178,0
1745923229.4490721,0.056784629821777344,0.07274699211120605,0.07060098648071289,0.053142547607421875,0.0,0.0,0.25327515602111816,0
1745923229.466524,0.06006622314453125,0.07155191898345947,0.0711970329284668,0.051952362060546875,0.0,0.0,0.2547675371170044,0
1745923229.4735491,0.060312747955322266,0.07267105579376221,0.06916666030883789,0.053086280822753906,0.0,0.0,0.25523674488067627,0
1745923229.486448,0.059079647064208984,0.07177960872650146,0.07071256637573242,0.053483009338378906,0.0,0.0,0.2550548315048218,0
1745923229.502606,0.05923128128051758,0.07128643989562988,0.07117843627929688,0.054276466369628906,0.0,0.0,0.25597262382507324,0
1745923229.5126512,0.0601038932800293,0.07121050357818604,0.07015371322631836,0.05289745330810547,0.0,0.0,0.25436556339263916,0
1745923229.5257382,0.05879497528076172,0.07232964038848877,0.06717348098754883,0.05297279357910156,0.0,0.0,0.2512708902359009,0
1745923229.543946,0.0585484504699707,0.0709829330444336,0.06797456741333008,0.05157470703125,0.0,0.0,0.24908065795898438,0
1745923229.551835,0.05689859390258789,0.07196927070617676,0.06853342056274414,0.05029010772705078,0.0,0.0,0.24769139289855957,0
1745923229.5594635,0.05557060241699219,0.0735245943069458,0.0699305534362793,0.05183887481689453,0.0,0.0,0.2508646249771118,0
1745923229.577563,0.0558929443359375,0.07272791862487793,0.06978130340576172,0.05455970764160156,0.0,0.0,0.2529618740081787,0
1745923229.5860057,0.05716371536254883,0.07143819332122803,0.06853342056274414,0.054729461669921875,0.0,0.0,0.25186479091644287,0
1745923229.6000044,0.05773305892944336,0.07058453559875488,0.06912946701049805,0.05474853515625,0.0,0.0,0.2521955966949463,0
1745923229.6099782,0.057315826416015625,0.07318317890167236,0.06795597076416016,0.05438995361328125,0.0,0.0,0.2528449296951294,0
1745923229.6223648,0.05475473403930664,0.07337284088134766,0.06806755065917969,0.054106712341308594,0.0,0.0,0.2503018379211426,0
1745923229.6345873,0.05528593063354492,0.07168471813201904,0.0688314437866211,0.052840232849121094,0.0,0.0,0.24864232540130615,0
1745923229.648766,0.05849170684814453,0.07229173183441162,0.06817960739135742,0.05144214630126953,0.0,0.0,0.2504051923751831,0
1745923229.6580334,0.054982662200927734,0.07270896434783936,0.06844043731689453,0.0511016845703125,0.0,0.0,0.24723374843597412,0
1745923229.6754503,0.054717063903808594,0.06946539878845215,0.06681966781616211,0.05289745330810547,0.0,0.0,0.24389958381652832,0
1745923229.683012,0.0580744743347168,0.06944644451141357,0.06525516510009766,0.05533409118652344,0.0,0.0,0.24811017513275146,0
1745923229.7015836,0.05648088455200195,0.06948447227478027,0.06540441513061523,0.05469226837158203,0.0,0.0,0.2460620403289795,0
1745923229.7115963,0.05619668960571289,0.06906712055206299,0.06609344482421875,0.05093193054199219,0.0,0.0,0.24228918552398682,0
1745923229.7215934,0.056120872497558594,0.06815659999847412,0.06745290756225586,0.050327301025390625,0.0,0.0,0.2420576810836792,0
1745923229.7346096,0.05733442306518555,0.0680997371673584,0.06674528121948242,0.05095100402832031,0.0,0.0,0.24313044548034668,0
1745923229.7448874,0.05706930160522461,0.06993961334228516,0.06702470779418945,0.050667762756347656,0.0,0.0,0.24470138549804688,0
1745923229.757754,0.05619668960571289,0.07071733474731445,0.06525516510009766,0.05130958557128906,0.0,0.0,0.24347877502441406,0
1745923229.7697048,0.05420494079589844,0.0702052116394043,0.06417512893676758,0.05091285705566406,0.0,0.0,0.23949813842773438,0
1745923229.7823033,0.05629158020019531,0.07016730308532715,0.06519937515258789,0.05098915100097656,0.0,0.0,0.24264740943908691,0
1745923229.7941284,0.05813121795654297,0.07172262668609619,0.0652923583984375,0.0507049560546875,0.0,0.0,0.24585115909576416,0
1745923229.8123171,0.057448387145996094,0.0723106861114502,0.06864500045776367,0.05017662048339844,0.0,0.0,0.2485806941986084,0
1745923229.8191018,0.05720186233520508,0.06929469108581543,0.06845903396606445,0.05251884460449219,0.0,0.0,0.24747443199157715,0
1745923229.8356812,0.05629158020019531,0.06834638118743896,0.06626081466674805,0.053558349609375,0.0,0.0,0.24445712566375732,0
1745923229.8504007,0.05680370330810547,0.06956028938293457,0.0661306381225586,0.05333137512207031,0.0,0.0,0.24582600593566895,0
1745923229.8594913,0.05697441101074219,0.07109665870666504,0.06637287139892578,0.05193328857421875,0.0,0.0,0.24637722969055176,0
1745923229.8760161,0.05515336990356445,0.07045185565948486,0.06680107116699219,0.049477577209472656,0.0,0.0,0.24188387393951416,0
1745923229.8801634,0.05585527420043945,0.07174158096313477,0.06758356094360352,0.0511016845703125,0.0,0.0,0.24628210067749023,0
1745923229.8939066,0.05412912368774414,0.06893432140350342,0.0649571418762207,0.05053520202636719,0.0,0.0,0.23855578899383545,0
1745923229.9086652,0.05460309982299805,0.06971204280853271,0.06544160842895508,0.05040264129638672,0.0,0.0,0.24015939235687256,0
1745923229.9183753,0.055684566497802734,0.069427490234375,0.0649571418762207,0.048796653747558594,0.0,0.0,0.23886585235595703,0
1745923229.93557,0.0559687614440918,0.0693516731262207,0.06572103500366211,0.04875946044921875,0.0,0.0,0.23980093002319336,0
1745923229.9463441,0.052649497985839844,0.0714191198348999,0.06691312789916992,0.04972267150878906,0.0,0.0,0.24070441722869873,0
1745923229.9550607,0.05447053909301758,0.07191228866577148,0.06566524505615234,0.05134773254394531,0.0,0.0,0.24339580535888672,0
1745923229.9692354,0.05583620071411133,0.06995868682861328,0.0635976791381836,0.05011940002441406,0.0,0.0,0.23951196670532227,0
1745923229.9890218,0.05513429641723633,0.07014834880828857,0.0648641586303711,0.04868316650390625,0.0,0.0,0.23882997035980225,0
1745923229.9961574,0.05445146560668945,0.06855499744415283,0.06607484817504883,0.05134773254394531,0.0,0.0,0.24042904376983643,0
1745923230.0040631,0.052308082580566406,0.06796693801879883,0.06421232223510742,0.05134773254394531,0.0,0.0,0.23583507537841797,0
1745923230.0162437,0.05321836471557617,0.06842219829559326,0.06315040588378906,0.04936408996582031,0.0,0.0,0.2341550588607788,0
1745923230.0337532,0.05492544174194336,0.06878256797790527,0.06411886215209961,0.049231529235839844,0.0,0.0,0.23705840110778809,0
1745923230.0444207,0.055513858795166016,0.07073628902435303,0.06421232223510742,0.05108356475830078,0.0,0.0,0.24154603481292725,0
1745923230.0567214,0.052269935607910156,0.0715329647064209,0.06251716613769531,0.05074310302734375,0.0,0.0,0.23706316947937012,0
1745923230.0725183,0.05156850814819336,0.07287967205047607,0.06514358520507812,0.05176353454589844,0.0,0.0,0.241355299949646,0
1745923230.0810778,0.05302906036376953,0.07388508319854736,0.0647897720336914,0.05138587951660156,0.0,0.0,0.24308979511260986,0
1745923230.090397,0.05429983139038086,0.07217788696289062,0.06443548202514648,0.04813575744628906,0.0,0.0,0.23904895782470703,0
1745923230.1036167,0.05557060241699219,0.06844115257263184,0.0635976791381836,0.04915618896484375,0.0,0.0,0.23676562309265137,0
1745923230.1150885,0.05435657501220703,0.06745481491088867,0.06585121154785156,0.04915618896484375,0.0,0.0,0.23681879043579102,0
1745923230.127941,0.05515336990356445,0.0707932710647583,0.06609344482421875,0.04955291748046875,0.0,0.0,0.24159300327301025,0
1745923230.1458104,0.05355978012084961,0.07014834880828857,0.06484556198120117,0.050063133239746094,0.0,0.0,0.23861682415008545,0
1745923230.151893,0.05560874938964844,0.06950342655181885,0.06415653228759766,0.04849433898925781,0.0,0.0,0.23776304721832275,0
1745923230.1678126,0.05566549301147461,0.06842219829559326,0.06467771530151367,0.04938316345214844,0.0,0.0,0.23814857006072998,0
1745923230.178322,0.05365467071533203,0.0654442310333252,0.06475257873535156,0.04885387420654297,0.0,0.0,0.23270535469055176,0
1745923230.1888373,0.05363607406616211,0.06916201114654541,0.06553459167480469,0.04807853698730469,0.0,0.0,0.2364112138748169,0
1745923230.2026708,0.05426168441772461,0.07031905651092529,0.06573963165283203,0.049080848693847656,0.0,0.0,0.2394012212753296,0
1745923230.2136173,0.05374956130981445,0.06933271884918213,0.06598186492919922,0.049628257751464844,0.0,0.0,0.23869240283966064,0
1745923230.2276235,0.05429983139038086,0.06992065906524658,0.06464052200317383,0.05004405975341797,0.0,0.0,0.23890507221221924,0
1745923230.2390342,0.05342721939086914,0.07130539417266846,0.06285238265991211,0.04798412322998047,0.0,0.0,0.23556911945343018,0
1745923230.252265,0.05141639709472656,0.06971204280853271,0.0638585090637207,0.0495147705078125,0.0,0.0,0.23450171947479248,0
1745923230.2678616,0.053863525390625,0.07005345821380615,0.0638585090637207,0.04930686950683594,0.0,0.0,0.2370823621749878,0
1745923230.2772264,0.052478790283203125,0.07035696506500244,0.06449174880981445,0.04936408996582031,0.0,0.0,0.23669159412384033,0
1745923230.2901878,0.053180694580078125,0.06872570514678955,0.06350421905517578,0.050894737243652344,0.0,0.0,0.2363053560256958,0
1745923230.300139,0.054318904876708984,0.06758761405944824,0.06356048583984375,0.05091285705566406,0.0,0.0,0.23637986183166504,0
1745923230.314831,0.055475711822509766,0.06671512126922607,0.06527376174926758,0.04906177520751953,0.0,0.0,0.23652637004852295,0
1745923230.3250887,0.054242610931396484,0.06726515293121338,0.06372785568237305,0.04906177520751953,0.0,0.0,0.23429739475250244,0
1745923230.3378792,0.05327558517456055,0.0679858922958374,0.06380224227905273,0.0471343994140625,0.0,0.0,0.23219811916351318,0
1745923230.349681,0.05272531509399414,0.06726515293121338,0.06121349334716797,0.047059059143066406,0.0,0.0,0.2282630205154419,0
1745923230.3688908,0.05115079879760742,0.06720829010009766,0.06372785568237305,0.048399925231933594,0.0,0.0,0.23048686981201172,0
1745923230.3773608,0.049880027770996094,0.06650638580322266,0.06681966781616211,0.04807853698730469,0.0,0.0,0.23128461837768555,0
1745923230.3864045,0.053351402282714844,0.06889641284942627,0.06691312789916992,0.047814369201660156,0.0,0.0,0.2369753122329712,0
1745923230.400934,0.05445146560668945,0.069427490234375,0.06568384170532227,0.05083751678466797,0.0,0.0,0.2404003143310547,0
1745923230.4139924,0.05496358871459961,0.0673220157623291,0.06464052200317383,0.0523681640625,0.0,0.0,0.23929429054260254,0
1745923230.424049,0.05403423309326172,0.06768250465393066,0.06238698959350586,0.05021381378173828,0.0,0.0,0.23431754112243652,0
1745923230.4372623,0.05321836471557617,0.0693516731262207,0.0627593994140625,0.04828643798828125,0.0,0.0,0.23361587524414062,0
1745923230.4525177,0.05316162109375,0.06808078289031982,0.0648641586303711,0.048702239990234375,0.0,0.0,0.2348088026046753,0
1745923230.470489,0.053673744201660156,0.06901025772094727,0.06603765487670898,0.04942035675048828,0.0,0.0,0.2381420135498047,0
1745923230.4783537,0.053446292877197266,0.06817567348480225,0.06300163269042969,0.04921245574951172,0.0,0.0,0.23383605480194092,0
1745923230.4849145,0.052269935607910156,0.06849813461303711,0.06229352951049805,0.04756927490234375,0.0,0.0,0.23063087463378906,0
1745923230.5048027,0.04946279525756836,0.06944644451141357,0.06130647659301758,0.04892921447753906,0.0,0.0,0.22914493083953857,0
1745923230.5155642,0.05025959014892578,0.06893432140350342,0.06179094314575195,0.04938316345214844,0.0,0.0,0.2303680181503296,0
1745923230.5251315,0.050714969635009766,0.06641161441802979,0.06423091888427734,0.05055427551269531,0.0,0.0,0.2319117784500122,0
1745923230.5360765,0.05006980895996094,0.06779623031616211,0.06279659271240234,0.049477577209472656,0.0,0.0,0.23014020919799805,0
1745923230.5478277,0.052611351013183594,0.0673600435256958,0.0630946159362793,0.048211097717285156,0.0,0.0,0.23127710819244385,0
1745923230.5695322,0.05228900909423828,0.06792902946472168,0.06341123580932617,0.046662330627441406,0.0,0.0,0.23029160499572754,0
1745923230.5715425,0.054280757904052734,0.06730306148529053,0.06432390213012695,0.047379493713378906,0.0,0.0,0.23328721523284912,0
1745923230.5866935,0.05376863479614258,0.06548213958740234,0.06609344482421875,0.04894828796386719,0.0,0.0,0.23429250717163086,0
1745923230.6023355,0.054148197174072266,0.06601321697235107,0.06523656845092773,0.049495697021484375,0.0,0.0,0.23489367961883545,0
1745923230.6108208,0.05211830139160156,0.06641161441802979,0.06220054626464844,0.0499114990234375,0.0,0.0,0.23064196109771729,0
1745923230.6216207,0.05259275436401367,0.06806182861328125,0.05998420715332031,0.05104541778564453,0.0,0.0,0.23168420791625977,0
1745923230.6358745,0.05369281768798828,0.06775832176208496,0.060468196868896484,0.049098968505859375,0.0,0.0,0.2310183048248291,0
1745923230.650659,0.05392026901245117,0.06764447689056396,0.061921119689941406,0.045830726623535156,0.0,0.0,0.2293165922164917,0
1745923230.6579504,0.05259275436401367,0.0686877965927124,0.06354188919067383,0.046756744384765625,0.0,0.0,0.23157918453216553,0
1745923230.6770175,0.04950094223022461,0.06703758239746094,0.06383991241455078,0.04683208465576172,0.0,0.0,0.22721052169799805,0
1745923230.6837761,0.049443721771240234,0.06988275051116943,0.06423091888427734,0.04703998565673828,0.0,0.0,0.2305973768234253,0
1745923230.6949866,0.054053306579589844,0.07077431678771973,0.06519937515258789,0.04749298095703125,0.0,0.0,0.2375199794769287,0
1745923230.7130058,0.052687644958496094,0.06889641284942627,0.06382083892822266,0.04573631286621094,0.0,0.0,0.23114120960235596,0
1745923230.7205222,0.053673744201660156,0.06728410720825195,0.06376504898071289,0.04639720916748047,0.0,0.0,0.23112010955810547,0
1745923230.737455,0.054110050201416016,0.06506490707397461,0.06426811218261719,0.04486656188964844,0.0,0.0,0.22830963134765625,0
1745923230.7454004,0.055873870849609375,0.06699955463409424,0.06456613540649414,0.04575538635253906,0.0,0.0,0.23319494724273682,0
1745923230.7706363,0.05536174774169922,0.06519758701324463,0.06395149230957031,0.04639720916748047,0.0,0.0,0.23090803623199463,0
1745923230.7825153,0.05409097671508789,0.06468546390533447,0.06255435943603516,0.04656791687011719,0.0,0.0,0.2278987169265747,0
1745923230.7825153,0.05217552185058594,0.06593739986419678,0.062349796295166016,0.04613304138183594,0.0,0.0,0.22659575939178467,0
1745923230.794709,0.05217552185058594,0.06904816627502441,0.0635228157043457,0.04520702362060547,0.0,0.0,0.22995352745056152,0
1745923230.8061485,0.05255460739135742,0.06956028938293457,0.06261014938354492,0.044791221618652344,0.0,0.0,0.22951626777648926,0
1745923230.8184035,0.05363607406616211,0.06751179695129395,0.06283378601074219,0.04620838165283203,0.0,0.0,0.23019003868103027,0
1745923230.8393643,0.05092334747314453,0.0651407241821289,0.06238698959350586,0.046624183654785156,0.0,0.0,0.22507524490356445,0
1745923230.8491013,0.050638675689697266,0.06500792503356934,0.061530113220214844,0.04694557189941406,0.0,0.0,0.2241222858428955,0
1745923230.8567753,0.05200481414794922,0.06417334079742432,0.06119489669799805,0.048003196716308594,0.0,0.0,0.22537624835968018,0
1745923230.870742,0.054717063903808594,0.06633567810058594,0.06251716613769531,0.04756927490234375,0.0,0.0,0.2311391830444336,0
1745923230.8831084,0.05329418182373047,0.06405949592590332,0.06378364562988281,0.047417640686035156,0.0,0.0,0.22855496406555176,0
1745923230.8931217,0.05257368087768555,0.06565284729003906,0.06257295608520508,0.04955291748046875,0.0,0.0,0.23035240173339844,0
1745923230.9124026,0.05122709274291992,0.06768250465393066,0.060822486877441406,0.047908782958984375,0.0,0.0,0.22764086723327637,0
1745923230.918487,0.05232715606689453,0.0661081075668335,0.06048727035522461,0.04571723937988281,0.0,0.0,0.22463977336883545,0
1745923230.9356828,0.05325651168823242,0.06534934043884277,0.06223773956298828,0.04407310485839844,0.0,0.0,0.22491669654846191,0
1745923230.949328,0.052649497985839844,0.06625986099243164,0.06257295608520508,0.043487548828125,0.0,0.0,0.22496986389160156,0
1745923230.9538999,0.05249786376953125,0.06840324401855469,0.06112051010131836,0.04615211486816406,0.0,0.0,0.22817373275756836,0
1745923230.971009,0.055646419525146484,0.06542527675628662,0.058997154235839844,0.04603862762451172,0.0,0.0,0.22610747814178467,0
1745923230.9818401,0.05139780044555664,0.06552004814147949,0.06069183349609375,0.04664325714111328,0.0,0.0,0.22425293922424316,0
1745923230.9923182,0.05166292190551758,0.06586146354675293,0.0613250732421875,0.043506622314453125,0.0,0.0,0.22235608100891113,0
1745923231.0079951,0.05266857147216797,0.0667719841003418,0.06035661697387695,0.044261932373046875,0.0,0.0,0.2240591049194336,0
1745923231.0304484,0.05060100555419922,0.06612706184387207,0.06214475631713867,0.04530143737792969,0.0,0.0,0.22417426109313965,0
1745923231.0304484,0.051776885986328125,0.06508386135101318,0.05931377410888672,0.04581165313720703,0.0,0.0,0.22198617458343506,0
1745923231.0433102,0.052346229553222656,0.06574773788452148,0.06041240692138672,0.046662330627441406,0.0,0.0,0.22516870498657227,0
1745923231.0529642,0.05052518844604492,0.06808078289031982,0.06231260299682617,0.04811668395996094,0.0,0.0,0.22903525829315186,0
1745923231.07053,0.049747467041015625,0.06625986099243164,0.06238698959350586,0.04717254638671875,0.0,0.0,0.22556686401367188,0
1745923231.0802746,0.05003166198730469,0.06531143188476562,0.0613250732421875,0.047814369201660156,0.0,0.0,0.22448253631591797,0
1745923231.091727,0.05092334747314453,0.0652165412902832,0.058214664459228516,0.04696464538574219,0.0,0.0,0.22131919860839844,0
1745923231.1040416,0.05135965347290039,0.06709444522857666,0.058754920959472656,0.04758739471435547,0.0,0.0,0.22479641437530518,0
1745923231.1151326,0.0503544807434082,0.06777727603912354,0.06084108352661133,0.045925140380859375,0.0,0.0,0.22489798069000244,0
1745923231.1277983,0.052744388580322266,0.06656336784362793,0.061641693115234375,0.04369544982910156,0.0,0.0,0.22464489936828613,0
1745923231.1410122,0.0510563850402832,0.06474244594573975,0.06069183349609375,0.04207038879394531,0.0,0.0,0.218561053276062,0
1745923231.1524763,0.049045562744140625,0.06497001647949219,0.06188392639160156,0.04413032531738281,0.0,0.0,0.2200298309326172,0
1745923231.1638415,0.04995584487915039,0.06552004814147949,0.06095266342163086,0.04382801055908203,0.0,0.0,0.22025656700134277,0
1745923231.1767976,0.0516819953918457,0.06625986099243164,0.058028221130371094,0.04422473907470703,0.0,0.0,0.22019481658935547,0
1745923231.190462,0.0523838996887207,0.06445789337158203,0.05797243118286133,0.04547119140625,0.0,0.0,0.22028541564941406,0
1745923231.204448,0.05189085006713867,0.06531143188476562,0.05909013748168945,0.04448890686035156,0.0,0.0,0.2207813262939453,0
1745923231.2144725,0.05149221420288086,0.06569075584411621,0.060375213623046875,0.042713165283203125,0.0,0.0,0.22027134895324707,0
1745923231.2262876,0.0510563850402832,0.06595635414123535,0.06031942367553711,0.04405498504638672,0.0,0.0,0.22138714790344238,0
1745923231.2408726,0.049216270446777344,0.06597530841827393,0.060263633728027344,0.0455474853515625,0.0,0.0,0.2210026979446411,0
1745923231.250834,0.04783153533935547,0.0652165412902832,0.06179094314575195,0.046057701110839844,0.0,0.0,0.22089672088623047,0
1745923231.2711961,0.05101823806762695,0.06379401683807373,0.06020784378051758,0.0487213134765625,0.0,0.0,0.22374141216278076,0
1745923231.276003,0.050449371337890625,0.06582355499267578,0.06158590316772461,0.04584980010986328,0.0,0.0,0.2237086296081543,0
1745923231.287673,0.05333232879638672,0.06552004814147949,0.0618281364440918,0.04392242431640625,0.0,0.0,0.22460293769836426,0
1745923231.30437,0.0539393424987793,0.06690478324890137,0.06175374984741211,0.043959617614746094,0.0,0.0,0.22655749320983887,0
1745923231.3140712,0.052744388580322266,0.06527352333068848,0.06112051010131836,0.04564189910888672,0.0,0.0,0.22478032112121582,0
1745923231.328472,0.0516819953918457,0.06377506256103516,0.06110191345214844,0.04584980010986328,0.0,0.0,0.22240877151489258,0
1745923231.3389788,0.05312347412109375,0.061745405197143555,0.06179094314575195,0.044602394104003906,0.0,0.0,0.22126221656799316,0
1745923231.3489866,0.05363607406616211,0.06440091133117676,0.062274932861328125,0.044281005859375,0.0,0.0,0.224592924118042,0
1745923231.3629003,0.05187177658081055,0.06451475620269775,0.06372785568237305,0.04418659210205078,0.0,0.0,0.22430098056793213,0
1745923231.375154,0.05069589614868164,0.06515967845916748,0.06188392639160156,0.043997764587402344,0.0,0.0,0.22173726558685303,0
1745923231.3871872,0.05285835266113281,0.06368017196655273,0.062181949615478516,0.04581165313720703,0.0,0.0,0.2245321273803711,0
1745923231.4036186,0.05259275436401367,0.06474244594573975,0.06272220611572266,0.04378986358642578,0.0,0.0,0.22384727001190186,0
1745923231.411338,0.049311161041259766,0.06451475620269775,0.06097126007080078,0.043847084045410156,0.0,0.0,0.21864426136016846,0
1745923231.4244316,0.05012655258178711,0.06328189373016357,0.062591552734375,0.04413032531738281,0.0,0.0,0.2201303243637085,0
1745923231.4393194,0.05056285858154297,0.06313014030456543,0.061362266540527344,0.04295825958251953,0.0,0.0,0.21801352500915527,0
1745923231.4478736,0.05346488952636719,0.063149094581604,0.06030082702636719,0.043412208557128906,0.0,0.0,0.22032701969146729,0
1745923231.4608912,0.0530858039855957,0.06288349628448486,0.05935096740722656,0.041919708251953125,0.0,0.0,0.21723997592926025,0
1745923231.4765162,0.05185270309448242,0.06328189373016357,0.059648990631103516,0.043109893798828125,0.0,0.0,0.21789348125457764,0
1745923231.4860384,0.05096149444580078,0.06220066547393799,0.06300163269042969,0.04327964782714844,0.0,0.0,0.2194434404373169,0
1745923231.49693,0.05147361755371094,0.06364226341247559,0.0636906623840332,0.041975975036621094,0.0,0.0,0.22078251838684082,0
1745923231.5101955,0.04934883117675781,0.06462860107421875,0.06294584274291992,0.04248619079589844,0.0,0.0,0.21940946578979492,0
1745923231.5221355,0.04942512512207031,0.061650633811950684,0.06223773956298828,0.04409217834472656,0.0,0.0,0.21740567684173584,0
1745923231.5385687,0.049216270446777344,0.061309218406677246,0.06247997283935547,0.045981407165527344,0.0,0.0,0.2189868688583374,0
1745923231.547572,0.049918174743652344,0.06151783466339111,0.0609898567199707,0.04339313507080078,0.0,0.0,0.21581900119781494,0
1745923231.5604475,0.0496525764465332,0.062011003494262695,0.060747623443603516,0.041352272033691406,0.0,0.0,0.21376347541809082,0
1745923231.5753665,0.05056285858154297,0.06282663345336914,0.061437129974365234,0.042845726013183594,0.0,0.0,0.21767234802246094,0
1745923231.5880344,0.04995584487915039,0.06313014030456543,0.06108283996582031,0.04388427734375,0.0,0.0,0.21805310249328613,0
1745923231.607205,0.04950094223022461,0.06356632709503174,0.060543060302734375,0.04331779479980469,0.0,0.0,0.2169281244277954,0
1745923231.6184292,0.04555559158325195,0.0644768476486206,0.059909820556640625,0.0394439697265625,0.0,0.0,0.20938622951507568,0
1745923231.6224554,0.04618120193481445,0.0641164779663086,0.06059885025024414,0.04080486297607422,0.0,0.0,0.2117013931274414,0
1745923231.638192,0.04857158660888672,0.06339561939239502,0.058624267578125,0.04089927673339844,0.0,0.0,0.21149075031280518,0
1745923231.6458848,0.04923534393310547,0.06347155570983887,0.05869913101196289,0.041749000549316406,0.0,0.0,0.21315503120422363,0
1745923231.658238,0.049178123474121094,0.06345260143280029,0.061455726623535156,0.04295825958251953,0.0,0.0,0.21704471111297607,0
1745923231.6773095,0.04843854904174805,0.06428718566894531,0.06059885025024414,0.04414939880371094,0.0,0.0,0.21747398376464844,0
1745923231.6826034,0.04942512512207031,0.0638129711151123,0.06031942367553711,0.04409217834472656,0.0,0.0,0.2176496982574463,0
1745923231.6953313,0.04813528060913086,0.06607019901275635,0.0597233772277832,0.042316436767578125,0.0,0.0,0.21624529361724854,0
1745923231.70876,0.047148704528808594,0.0644768476486206,0.06020784378051758,0.041390419006347656,0.0,0.0,0.21322381496429443,0
1745923231.7200766,0.04711103439331055,0.06271278858184814,0.059741973876953125,0.04091835021972656,0.0,0.0,0.21048414707183838,0
1745923231.737595,0.046712398529052734,0.06163156032562256,0.05979776382446289,0.038613319396972656,0.0,0.0,0.20675504207611084,0
1745923231.7446232,0.046845436096191406,0.06254208087921143,0.059108734130859375,0.04235363006591797,0.0,0.0,0.21084988117218018,0
1745923231.7574692,0.04919719696044922,0.06385087966918945,0.0587921142578125,0.043148040771484375,0.0,0.0,0.21498823165893555,0
1745923231.775485,0.049880027770996094,0.06252312660217285,0.0609898567199707,0.04173088073730469,0.0,0.0,0.21512389183044434,0
1745923231.781776,0.0512080192565918,0.06039869785308838,0.06195831298828125,0.04053974151611328,0.0,0.0,0.2141047716140747,0
1745923231.796558,0.05215644836425781,0.06180238723754883,0.06175374984741211,0.04246711730957031,0.0,0.0,0.21817970275878906,0
1745923231.8063035,0.049747467041015625,0.062409281730651855,0.061437129974365234,0.043544769287109375,0.0,0.0,0.2171386480331421,0
1745923231.819208,0.04969024658203125,0.061650633811950684,0.06071043014526367,0.04322338104248047,0.0,0.0,0.21527469158172607,0
1745923231.8314238,0.05109405517578125,0.06072115898132324,0.0597233772277832,0.044829368591308594,0.0,0.0,0.2163679599761963,0
1745923231.8441458,0.04963350296020508,0.059981346130371094,0.05907154083251953,0.04547119140625,0.0,0.0,0.2141575813293457,0
1745923231.8553874,0.05005073547363281,0.0632249116897583,0.0584568977355957,0.04520702362060547,0.0,0.0,0.21693956851959229,0
1745923231.872303,0.04995584487915039,0.0644768476486206,0.05864286422729492,0.04448890686035156,0.0,0.0,0.21756446361541748,0
1745923231.882606,0.05153036117553711,0.06246626377105713,0.05745124816894531,0.04275035858154297,0.0,0.0,0.21419823169708252,0
1745923231.8943853,0.050013065338134766,0.05962097644805908,0.05916452407836914,0.041107177734375,0.0,0.0,0.209905743598938,0
1745923231.9059227,0.04857158660888672,0.059677958488464355,0.05968618392944336,0.04154205322265625,0.0,0.0,0.20947778224945068,0
1745923231.9185915,0.0490264892578125,0.06129014492034912,0.05853128433227539,0.04046440124511719,0.0,0.0,0.2093123197555542,0
1745923231.9293637,0.04933023452758789,0.0618213415145874,0.06212615966796875,0.039897918701171875,0.0,0.0,0.21317565441131592,0
1745923231.9450958,0.04752826690673828,0.05863463878631592,0.06240558624267578,0.038367271423339844,0.0,0.0,0.20693576335906982,0
1745923231.9555368,0.049481868743896484,0.05850183963775635,0.061362266540527344,0.040200233459472656,0.0,0.0,0.20954620838165283,0
1745923231.9734573,0.051549434661865234,0.06129014492034912,0.05864286422729492,0.04116344451904297,0.0,0.0,0.21264588832855225,0
1745923231.9796243,0.050847530364990234,0.057515501976013184,0.06112051010131836,0.0398406982421875,0.0,0.0,0.20932424068450928,0
1745923231.9942772,0.05202341079711914,0.06055045127868652,0.061921119689941406,0.03982257843017578,0.0,0.0,0.21431756019592285,0
1745923232.005419,0.05031633377075195,0.06015205383300781,0.06158590316772461,0.04199504852294922,0.0,0.0,0.2140493392944336,0
1745923232.0157602,0.048779964447021484,0.05770516395568848,0.05933237075805664,0.04116344451904297,0.0,0.0,0.20698094367980957,0
1745923232.0426154,0.047205448150634766,0.061309218406677246,0.0576930046081543,0.039765357971191406,0.0,0.0,0.20597302913665771,0
1745923232.0449054,0.049083709716796875,0.06015205383300781,0.05916452407836914,0.037970542907714844,0.0,0.0,0.20637083053588867,0
1745923232.0539768,0.04976654052734375,0.05880534648895264,0.05817747116088867,0.039066314697265625,0.0,0.0,0.20581567287445068,0
1745923232.0708447,0.050411224365234375,0.05956411361694336,0.05854988098144531,0.041446685791015625,0.0,0.0,0.20997190475463867,0
1745923232.0784833,0.04896974563598633,0.06072115898132324,0.05890369415283203,0.04173088073730469,0.0,0.0,0.2103254795074463,0
1745923232.0901146,0.05012655258178711,0.0611194372177124,0.059481143951416016,0.04116344451904297,0.0,0.0,0.2118905782699585,0
1745923232.105113,0.051245689392089844,0.06305420398712158,0.05866193771362305,0.03878307342529297,0.0,0.0,0.21174490451812744,0
1745923232.1310165,0.048779964447021484,0.06100571155548096,0.058196067810058594,0.04014301300048828,0.0,0.0,0.20812475681304932,0
1745923232.1310165,0.047641754150390625,0.06098675727844238,0.060282230377197266,0.040635108947753906,0.0,0.0,0.20954585075378418,0
1745923232.1467123,0.0463709831237793,0.0617833137512207,0.05806589126586914,0.038405418395996094,0.0,0.0,0.20462560653686523,0
1745923232.1575818,0.04876089096069336,0.062409281730651855,0.05691099166870117,0.03938770294189453,0.0,0.0,0.20746886730194092,0
1745923232.173317,0.04868507385253906,0.06265592575073242,0.055402278900146484,0.03961467742919922,0.0,0.0,0.2063579559326172,0
1745923232.1766963,0.051283836364746094,0.06168854236602783,0.05754423141479492,0.04097461700439453,0.0,0.0,0.21149122714996338,0
1745923232.1887667,0.04959583282470703,0.06280767917633057,0.057935237884521484,0.041579246520996094,0.0,0.0,0.21191799640655518,0
1745923232.2095442,0.045783042907714844,0.06307315826416016,0.056761741638183594,0.03970909118652344,0.0,0.0,0.20532703399658203,0
1745923232.2138987,0.04804039001464844,0.06225752830505371,0.05618429183959961,0.04053974151611328,0.0,0.0,0.20702195167541504,0
1745923232.2266595,0.04959583282470703,0.06432509422302246,0.05691099166870117,0.040350914001464844,0.0,0.0,0.2111828327178955,0
1745923232.2385192,0.048514366149902344,0.06413543224334717,0.05698537826538086,0.039463043212890625,0.0,0.0,0.209098219871521,0
1745923232.25116,0.04889392852783203,0.06301629543304443,0.05665016174316406,0.041088104248046875,0.0,0.0,0.2096484899520874,0
1745923232.264599,0.04929208755493164,0.06250417232513428,0.05519723892211914,0.04265594482421875,0.0,0.0,0.2096494436264038,0
1745923232.2755392,0.043772220611572266,0.06003832817077637,0.055141448974609375,0.04290199279785156,0.0,0.0,0.20185399055480957,0
1745923232.2875717,0.04400014877319336,0.06280767917633057,0.05357694625854492,0.04040813446044922,0.0,0.0,0.20079290866851807,0
1745923232.3074317,0.0428619384765625,0.061574697494506836,0.056407928466796875,0.040955543518066406,0.0,0.0,0.20180010795593262,0
1745923232.313084,0.04661750793457031,0.06015205383300781,0.05886650085449219,0.041825294494628906,0.0,0.0,0.20746135711669922,0
1745923232.3244452,0.047414302825927734,0.060246944427490234,0.05961179733276367,0.044791221618652344,0.0,0.0,0.21206426620483398,0
1745923232.3387747,0.047016143798828125,0.06216275691986084,0.06058025360107422,0.04331779479980469,0.0,0.0,0.21307694911956787,0
1745923232.352623,0.04749011993408203,0.06125223636627197,0.059220314025878906,0.041843414306640625,0.0,0.0,0.20980608463287354,0
1745923232.3626337,0.0483245849609375,0.061479926109313965,0.05691099166870117,0.04290199279785156,0.0,0.0,0.2096174955368042,0
1745923232.375292,0.047414302825927734,0.05865359306335449,0.05555105209350586,0.04225921630859375,0.0,0.0,0.20387816429138184,0
1745923232.3870442,0.04828691482543945,0.06079697608947754,0.05627775192260742,0.041579246520996094,0.0,0.0,0.2069408893585205,0
1745923232.404706,0.047452449798583984,0.05922269821166992,0.05737638473510742,0.039198875427246094,0.0,0.0,0.20325040817260742,0
1745923232.4111397,0.04690217971801758,0.05812251567840576,0.056314945220947266,0.03997325897216797,0.0,0.0,0.20131289958953857,0
1745923232.425528,0.04572629928588867,0.05969691276550293,0.05799102783203125,0.04084205627441406,0.0,0.0,0.20425629615783691,0
1745923232.441569,0.04705381393432617,0.05840706825256348,0.05923891067504883,0.03953838348388672,0.0,0.0,0.2042381763458252,0
1745923232.4486737,0.048779964447021484,0.05969691276550293,0.05771160125732422,0.038669586181640625,0.0,0.0,0.20485806465148926,0
1745923232.4616308,0.048552513122558594,0.0583500862121582,0.05905294418334961,0.04089927673339844,0.0,0.0,0.20685482025146484,0
1745923232.473142,0.047243595123291016,0.05798971652984619,0.05853128433227539,0.041126251220703125,0.0,0.0,0.20489084720611572,0
1745923232.485472,0.0483245849609375,0.05819833278656006,0.058121681213378906,0.03889656066894531,0.0,0.0,0.20354115962982178,0
1745923232.4981663,0.04756593704223633,0.05943131446838379,0.05942535400390625,0.03874492645263672,0.0,0.0,0.20516753196716309,0
1745923232.5126593,0.04532766342163086,0.059412360191345215,0.05707836151123047,0.03987884521484375,0.0,0.0,0.2016972303390503,0
1745923232.522745,0.04492950439453125,0.05793285369873047,0.056407928466796875,0.04076671600341797,0.0,0.0,0.20003700256347656,0
1745923232.5425258,0.0456690788269043,0.05662405490875244,0.05808448791503906,0.040332794189453125,0.0,0.0,0.20071041584014893,0
1745923232.5489037,0.04682636260986328,0.05869150161743164,0.058736324310302734,0.03923606872558594,0.0,0.0,0.2034902572631836,0
1745923232.5600011,0.04749011993408203,0.06146085262298584,0.05823326110839844,0.040785789489746094,0.0,0.0,0.2079700231552124,0
1745923232.5711246,0.048647403717041016,0.059241652488708496,0.057525634765625,0.041522979736328125,0.0,0.0,0.20693767070770264,0
1745923232.582946,0.04773664474487305,0.059943437576293945,0.05711555480957031,0.040256500244140625,0.0,0.0,0.20505213737487793,0
1745923232.596797,0.04726266860961914,0.06026589870452881,0.057413578033447266,0.03851890563964844,0.0,0.0,0.20346105098724365,0
1745923232.6106238,0.04460716247558594,0.06053149700164795,0.05754423141479492,0.03885841369628906,0.0,0.0,0.20154130458831787,0
1745923232.6209898,0.04695892333984375,0.059279561042785645,0.057842254638671875,0.039765357971191406,0.0,0.0,0.20384609699249268,0
1745923232.6394372,0.04709196090698242,0.058008670806884766,0.05728340148925781,0.04014301300048828,0.0,0.0,0.20252704620361328,0
1745923232.645752,0.04202747344970703,0.060910820960998535,0.05715322494506836,0.04040813446044922,0.0,0.0,0.20049965381622314,0
1745923232.6582763,0.04445505142211914,0.06032276153564453,0.05653858184814453,0.038631439208984375,0.0,0.0,0.19994783401489258,0
1745923232.6714513,0.04527091979980469,0.060512542724609375,0.0573577880859375,0.04040813446044922,0.0,0.0,0.20354938507080078,0
1745923232.6863964,0.043335914611816406,0.058672547340393066,0.055029869079589844,0.040747642517089844,0.0,0.0,0.19778597354888916,0
1745923232.6950731,0.04242563247680664,0.0577242374420166,0.05670595169067383,0.0390472412109375,0.0,0.0,0.19590306282043457,0
1745923232.707967,0.04462575912475586,0.060246944427490234,0.05655717849731445,0.040162086486816406,0.0,0.0,0.20159196853637695,0
1745923232.7194455,0.04510021209716797,0.058577775955200195,0.05610990524291992,0.040313720703125,0.0,0.0,0.20010161399841309,0
1745923232.737334,0.04553651809692383,0.05709826946258545,0.05637073516845703,0.03719615936279297,0.0,0.0,0.19620168209075928,0
1745923232.7467017,0.04602956771850586,0.0599055290222168,0.05722761154174805,0.03710174560546875,0.0,0.0,0.20026445388793945,0
1745923232.7606792,0.045783042907714844,0.06290245056152344,0.058847904205322266,0.0374603271484375,0.0,0.0,0.20499372482299805,0
1745923232.7717094,0.045821189880371094,0.060209035873413086,0.05916452407836914,0.038537025451660156,0.0,0.0,0.20373177528381348,0
1745923232.7816277,0.04502439498901367,0.058748483657836914,0.05705976486206055,0.03961467742919922,0.0,0.0,0.20044732093811035,0
1745923232.7952402,0.04276704788208008,0.05952620506286621,0.058475494384765625,0.03899097442626953,0.0,0.0,0.19975972175598145,0
1745923232.8064632,0.045384883880615234,0.058444976806640625,0.05925750732421875,0.039104461669921875,0.0,0.0,0.20219182968139648,0
1745923232.82113,0.046105384826660156,0.05982959270477295,0.056780338287353516,0.03899097442626953,0.0,0.0,0.20170629024505615,0
1745923232.83114,0.046750545501708984,0.0611574649810791,0.055513858795166016,0.03715801239013672,0.0,0.0,0.20057988166809082,0
1745923232.8431404,0.04650402069091797,0.05886232852935791,0.055234432220458984,0.038405418395996094,0.0,0.0,0.19900619983673096,0
1745923232.8578665,0.045403480529785156,0.058615684509277344,0.05467557907104492,0.04250526428222656,0.0,0.0,0.20120000839233398,0
1745923232.874368,0.04591560363769531,0.05711722373962402,0.056836605072021484,0.04133415222167969,0.0,0.0,0.2012035846710205,0
1745923232.880669,0.04483461380004883,0.0597916841506958,0.05700397491455078,0.03679943084716797,0.0,0.0,0.19842970371246338,0
1745923232.8933768,0.044512271881103516,0.060209035873413086,0.057488441467285156,0.03613758087158203,0.0,0.0,0.1983473300933838,0
1745923232.9068809,0.046105384826660156,0.059374451637268066,0.056855201721191406,0.03912353515625,0.0,0.0,0.20145857334136963,0
1745923232.9207127,0.04430341720581055,0.059374451637268066,0.053521156311035156,0.039406776428222656,0.0,0.0,0.19660580158233643,0
1745923232.9313207,0.04470205307006836,0.05626368522644043,0.05409860610961914,0.0382537841796875,0.0,0.0,0.19331812858581543,0
1745923232.9424644,0.047205448150634766,0.05685162544250488,0.055681705474853516,0.03657245635986328,0.0,0.0,0.19631123542785645,0
1745923232.9541824,0.04650402069091797,0.05878639221191406,0.05590486526489258,0.036194801330566406,0.0,0.0,0.19739007949829102,0
1745923232.9734628,0.04515695571899414,0.05863463878631592,0.05655717849731445,0.03740406036376953,0.0,0.0,0.19775283336639404,0
1745923232.9787025,0.04542255401611328,0.05755341053009033,0.058382511138916016,0.03849983215332031,0.0,0.0,0.19985830783843994,0
1745923232.9925091,0.04608631134033203,0.059241652488708496,0.05897855758666992,0.03489112854003906,0.0,0.0,0.1991976499557495,0
1745923233.0093536,0.04642772674560547,0.05933642387390137,0.0602264404296875,0.03662872314453125,0.0,0.0,0.20261931419372559,0
1745923233.0170903,0.044777870178222656,0.0577242374420166,0.05890369415283203,0.03882122039794922,0.0,0.0,0.2002270221710205,0
1745923233.0287516,0.044379234313964844,0.05922269821166992,0.05538368225097656,0.038971900939941406,0.0,0.0,0.19795751571655273,0
1745923233.042074,0.04472064971923828,0.05899500846862793,0.05411720275878906,0.03885841369628906,0.0,0.0,0.19669127464294434,0
1745923233.0533812,0.04487276077270508,0.05908989906311035,0.057301998138427734,0.03948211669921875,0.0,0.0,0.20074677467346191,0
1745923233.0699515,0.04458808898925781,0.05952620506286621,0.05743265151977539,0.037876129150390625,0.0,0.0,0.19942307472229004,0
1745923233.0783124,0.045574188232421875,0.05802762508392334,0.05754423141479492,0.037177085876464844,0.0,0.0,0.19832313060760498,0
1745923233.089949,0.046010494232177734,0.05977272987365723,0.056500911712646484,0.038272857666015625,0.0,0.0,0.20055699348449707,0
1745923233.1085343,0.04661750793457031,0.05918467044830322,0.05571889877319336,0.03802680969238281,0.0,0.0,0.1995478868484497,0
1745923233.1147714,0.04602956771850586,0.058008670806884766,0.05728340148925781,0.038234710693359375,0.0,0.0,0.1995563507080078,0
1745923233.1294339,0.04233074188232422,0.05895709991455078,0.05560731887817383,0.036345481872558594,0.0,0.0,0.19324064254760742,0
1745923233.1400836,0.04390525817871094,0.05776214599609375,0.055141448974609375,0.0382537841796875,0.0,0.0,0.19506263732910156,0
1745923233.1532497,0.04553651809692383,0.05903303623199463,0.05543947219848633,0.03802680969238281,0.0,0.0,0.1980358362197876,0
1745923233.172348,0.04312753677368164,0.06119537353515625,0.05391216278076172,0.03806495666503906,0.0,0.0,0.19630002975463867,0
1745923233.1764557,0.042881011962890625,0.059374451637268066,0.054228782653808594,0.03819751739501953,0.0,0.0,0.19468176364898682,0
1745923233.1892111,0.040111541748046875,0.05812251567840576,0.055029869079589844,0.039028167724609375,0.0,0.0,0.19229209423065186,0
1745923233.2053409,0.041344642639160156,0.05931746959686279,0.05545806884765625,0.04036998748779297,0.0,0.0,0.19649016857147217,0
1745923233.214677,0.04510021209716797,0.059545159339904785,0.053073883056640625,0.039803504943847656,0.0,0.0,0.19752275943756104,0
1745923233.2271657,0.04428434371948242,0.05738270282745361,0.052086830139160156,0.03602409362792969,0.0,0.0,0.18977797031402588,0
1745923233.2435145,0.04367780685424805,0.05622565746307373,0.05314826965332031,0.036156654357910156,0.0,0.0,0.18920838832855225,0
1745923233.252191,0.043317317962646484,0.05859673023223877,0.05393075942993164,0.03740406036376953,0.0,0.0,0.19324886798858643,0
1745923233.2633595,0.04193258285522461,0.05973482131958008,0.05480623245239258,0.036251068115234375,0.0,0.0,0.19272470474243164,0
1745923233.2767107,0.04172372817993164,0.05833113193511963,0.05430316925048828,0.03662872314453125,0.0,0.0,0.1909867525100708,0
1745923233.2880855,0.04392433166503906,0.06070220470428467,0.05385637283325195,0.03810310363769531,0.0,0.0,0.196586012840271,0
1745923233.3053966,0.04233074188232422,0.06100571155548096,0.054154396057128906,0.038613319396972656,0.0,0.0,0.19610416889190674,0
1745923233.3119688,0.03948545455932617,0.05992448329925537,0.0544896125793457,0.03859424591064453,0.0,0.0,0.19249379634857178,0
1745923233.3273113,0.041211605072021484,0.0584639310836792,0.05303668975830078,0.038802146911621094,0.0,0.0,0.19151437282562256,0
1745923233.342837,0.04049110412597656,0.05982959270477295,0.052813053131103516,0.037837982177734375,0.0,0.0,0.1909717321395874,0
1745923233.3518417,0.04166698455810547,0.06039869785308838,0.05534648895263672,0.037914276123046875,0.0,0.0,0.19532644748687744,0
1745923233.3626616,0.041704654693603516,0.058615684509277344,0.055048465728759766,0.03715801239013672,0.0,0.0,0.19252681732177734,0
1745923233.3746963,0.04274797439575195,0.05700337886810303,0.0549921989440918,0.037876129150390625,0.0,0.0,0.1926196813583374,0
1745923233.3877645,0.044037818908691406,0.05903303623199463,0.05277585983276367,0.03676128387451172,0.0,0.0,0.19260799884796143,0
1745923233.4055443,0.04436063766479492,0.05833113193511963,0.05327892303466797,0.03606224060058594,0.0,0.0,0.19203293323516846,0
1745923233.4105477,0.045346736907958984,0.05982959270477295,0.05508565902709961,0.035910606384277344,0.0,0.0,0.1961725950241089,0
1745923233.4231937,0.04589700698852539,0.058710575103759766,0.05663156509399414,0.034229278564453125,0.0,0.0,0.19546842575073242,0
1745923233.4393544,0.044739723205566406,0.05398750305175781,0.05506706237792969,0.03443717956542969,0.0,0.0,0.1882314682006836,0
1745923233.4480698,0.04485368728637695,0.055542826652526855,0.05443382263183594,0.03623199462890625,0.0,0.0,0.191062331199646,0
1745923233.4606545,0.045081138610839844,0.057041287422180176,0.05536508560180664,0.03538227081298828,0.0,0.0,0.19286978244781494,0
1745923233.4732275,0.04445505142211914,0.05616879463195801,0.053241729736328125,0.03577899932861328,0.0,0.0,0.18964457511901855,0
1745923233.4857173,0.04519510269165039,0.054082274436950684,0.055253028869628906,0.03606224060058594,0.0,0.0,0.19059264659881592,0
1745923233.4979734,0.046579837799072266,0.056643009185791016,0.05517864227294922,0.03630828857421875,0.0,0.0,0.19470977783203125,0
1745923233.5096107,0.043582916259765625,0.0564723014831543,0.055681705474853516,0.036685943603515625,0.0,0.0,0.19242286682128906,0
1745923233.5224202,0.04307079315185547,0.05467033386230469,0.05607271194458008,0.03602409362792969,0.0,0.0,0.18983793258666992,0
1745923233.5394123,0.04379129409790039,0.053740859031677246,0.05521583557128906,0.03600597381591797,0.0,0.0,0.18875396251678467,0
1745923233.546482,0.04318428039550781,0.05599808692932129,0.05473184585571289,0.03804588317871094,0.0,0.0,0.19196009635925293,0
1745923233.5588512,0.04712963104248047,0.05711722373962402,0.05512285232543945,0.03670501708984375,0.0,0.0,0.1960747241973877,0
1745923233.5767555,0.04730033874511719,0.05463242530822754,0.05597972869873047,0.03643989562988281,0.0,0.0,0.194352388381958,0
1745923233.584566,0.04515695571899414,0.05413925647735596,0.05534648895263672,0.03742218017578125,0.0,0.0,0.19206488132476807,0
1745923233.5965052,0.04458808898925781,0.05349433422088623,0.05700397491455078,0.03882122039794922,0.0,0.0,0.19390761852264404,0
1745923233.6082613,0.04646587371826172,0.05209064483642578,0.056761741638183594,0.035759925842285156,0.0,0.0,0.19107818603515625,0
1745923233.6207364,0.04532766342163086,0.052280306816101074,0.05609130859375,0.03438091278076172,0.0,0.0,0.18808019161224365,0
1745923233.637231,0.04498624801635742,0.05429089069366455,0.054340362548828125,0.03526878356933594,0.0,0.0,0.18888628482818604,0
1745923233.6457512,0.04739522933959961,0.0543668270111084,0.056147098541259766,0.03730964660644531,0.0,0.0,0.19521880149841309,0
1745923233.6596112,0.04766082763671875,0.051578521728515625,0.0565943717956543,0.036118507385253906,0.0,0.0,0.19195222854614258,0
1745923233.670953,0.04542255401611328,0.053076982498168945,0.05637073516845703,0.034173011779785156,0.0,0.0,0.18904328346252441,0
1745923233.6845212,0.04576396942138672,0.05070602893829346,0.05674314498901367,0.03415393829345703,0.0,0.0,0.18736708164215088,0
1745923233.6951547,0.045403480529785156,0.05353224277496338,0.05849409103393555,0.03186798095703125,0.0,0.0,0.18929779529571533,0
1745923233.7075286,0.04667472839355469,0.05406332015991211,0.05808448791503906,0.034323692321777344,0.0,0.0,0.1931462287902832,0
1745923233.721155,0.04462575912475586,0.05556178092956543,0.05665016174316406,0.035363197326660156,0.0,0.0,0.1922008991241455,0
1745923233.7384138,0.044379234313964844,0.05586528778076172,0.05571889877319336,0.03455066680908203,0.0,0.0,0.19051408767700195,0
1745923233.744448,0.046807289123535156,0.055315256118774414,0.05564451217651367,0.034626007080078125,0.0,0.0,0.19239306449890137,0
1745923233.756873,0.04500532150268555,0.05326664447784424,0.0543217658996582,0.03602409362792969,0.0,0.0,0.18861782550811768,0
1745923233.7744236,0.04405689239501953,0.05315291881561279,0.055663108825683594,0.03354930877685547,0.0,0.0,0.1864222288131714,0
1745923233.7810957,0.045214176177978516,0.05385470390319824,0.05471324920654297,0.033926963806152344,0.0,0.0,0.18770909309387207,0
1745923233.793715,0.04519510269165039,0.05383574962615967,0.053502559661865234,0.032774925231933594,0.0,0.0,0.1853083372116089,0
1745923233.806706,0.04432249069213867,0.05520141124725342,0.054340362548828125,0.032301902770996094,0.0,0.0,0.1861661672592163,0
1745923233.8190157,0.04409503936767578,0.055448055267333984,0.054769039154052734,0.034323692321777344,0.0,0.0,0.18863582611083984,0
1745923233.831221,0.04274797439575195,0.052811384201049805,0.05447101593017578,0.03441810607910156,0.0,0.0,0.1844484806060791,0
1745923233.8452237,0.04559326171875,0.0515974760055542,0.05624055862426758,0.033776283264160156,0.0,0.0,0.18720757961273193,0
1745923233.8564572,0.045119285583496094,0.05216646194458008,0.05380058288574219,0.034758567810058594,0.0,0.0,0.18584489822387695,0
1745923233.8727853,0.04642772674560547,0.05231821537017822,0.05409860610961914,0.0338897705078125,0.0,0.0,0.18673431873321533,0
1745923233.8815258,0.046579837799072266,0.05169236660003662,0.05547666549682617,0.034323692321777344,0.0,0.0,0.1880725622177124,0
1745923233.8937557,0.04506206512451172,0.05480313301086426,0.054340362548828125,0.035099029541015625,0.0,0.0,0.18930459022521973,0
1745923233.9052806,0.043753623962402344,0.0550307035446167,0.053241729736328125,0.036383628845214844,0.0,0.0,0.188409686088562,0
1745923233.917796,0.041742801666259766,0.05273556709289551,0.054154396057128906,0.035419464111328125,0.0,0.0,0.1840522289276123,0
1745923233.9311676,0.0427861213684082,0.052640676498413086,0.05365133285522461,0.03636455535888672,0.0,0.0,0.18544268608093262,0
1745923233.9422023,0.0420842170715332,0.055542826652526855,0.05311107635498047,0.03606224060058594,0.0,0.0,0.18680036067962646,0
1745923233.9548361,0.042311668395996094,0.05723106861114502,0.052869319915771484,0.033416748046875,0.0,0.0,0.1858288049697876,0
1745923233.9712903,0.04045295715332031,0.05552387237548828,0.05473184585571289,0.03481483459472656,0.0,0.0,0.18552350997924805,0
1745923233.9789019,0.04183769226074219,0.052944183349609375,0.05456399917602539,0.03687477111816406,0.0,0.0,0.18622064590454102,0
1745923233.9919913,0.04462575912475586,0.05355119705200195,0.05443382263183594,0.03657245635986328,0.0,0.0,0.18918323516845703,0
1745923234.0041714,0.045403480529785156,0.05550491809844971,0.052813053131103516,0.0346832275390625,0.0,0.0,0.18840467929840088,0
1745923234.0164146,0.045650482177734375,0.053911566734313965,0.05158376693725586,0.03430461883544922,0.0,0.0,0.18545043468475342,0
1745923234.0282001,0.04367780685424805,0.05368399620056152,0.05227327346801758,0.035721778869628906,0.0,0.0,0.18535685539245605,0
1745923234.0440984,0.0448155403137207,0.05728793144226074,0.052086830139160156,0.033965110778808594,0.0,0.0,0.1881554126739502,0
1745923234.0532026,0.04413270950317383,0.05596017837524414,0.05301809310913086,0.03275585174560547,0.0,0.0,0.1858668327331543,0
1745923234.06683,0.04487276077270508,0.05565667152404785,0.05597972869873047,0.03513622283935547,0.0,0.0,0.19164538383483887,0
1745923234.0784907,0.04536581039428711,0.05089569091796875,0.05573749542236328,0.03477764129638672,0.0,0.0,0.18677663803100586,0
1745923234.0939934,0.044246673583984375,0.05345630645751953,0.055234432220458984,0.035854339599609375,0.0,0.0,0.18879175186157227,0
1745923234.1106598,0.04555559158325195,0.056946516036987305,0.05327892303466797,0.03447532653808594,0.0,0.0,0.19025635719299316,0
1745923234.1192842,0.04453134536743164,0.05736374855041504,0.05320453643798828,0.03400230407714844,0.0,0.0,0.1891019344329834,0
1745923234.1275744,0.04360151290893555,0.05582737922668457,0.0549921989440918,0.033473968505859375,0.0,0.0,0.1878950595855713,0
1745923234.140099,0.04409503936767578,0.05649125576019287,0.05430316925048828,0.03226470947265625,0.0,0.0,0.18715417385101318,0
1745923234.1524992,0.04329824447631836,0.05709826946258545,0.053874969482421875,0.03336048126220703,0.0,0.0,0.18763196468353271,0
1745923234.172544,0.04183769226074219,0.05616879463195801,0.0548248291015625,0.03128242492675781,0.0,0.0,0.1841137409210205,0
1745923234.1766696,0.04166698455810547,0.05110430717468262,0.05257129669189453,0.03285026550292969,0.0,0.0,0.1781928539276123,0
1745923234.1894743,0.040984153747558594,0.051445722579956055,0.051807403564453125,0.03271770477294922,0.0,0.0,0.176954984664917,0
1745923234.205353,0.044379234313964844,0.05396854877471924,0.055253028869628906,0.03302001953125,0.0,0.0,0.186620831489563,0
1745923234.215483,0.047509193420410156,0.053513288497924805,0.05620288848876953,0.03438091278076172,0.0,0.0,0.1916062831878662,0
1745923234.2264202,0.04432249069213867,0.05203378200531006,0.055420875549316406,0.03324699401855469,0.0,0.0,0.18502414226531982,0
1745923234.2393851,0.04445505142211914,0.05216646194458008,0.05231046676635742,0.035363197326660156,0.0,0.0,0.1842951774597168,0
1745923234.254138,0.04462575912475586,0.05283045768737793,0.053595542907714844,0.0338897705078125,0.0,0.0,0.18494153022766113,0
1745923234.2641,0.04297590255737305,0.0514836311340332,0.053073883056640625,0.03528785705566406,0.0,0.0,0.18282127380371094,0
1745923234.275331,0.04439830780029297,0.05419611930847168,0.051975250244140625,0.0378570556640625,0.0,0.0,0.18842673301696777,0
1745923234.2876303,0.043848514556884766,0.0550307035446167,0.05346488952636719,0.035155296325683594,0.0,0.0,0.18749940395355225,0
1745923234.3053179,0.04155302047729492,0.055713534355163574,0.05186319351196289,0.03152751922607422,0.0,0.0,0.1806572675704956,0
1745923234.3125284,0.042140960693359375,0.055979132652282715,0.05158376693725586,0.03415393829345703,0.0,0.0,0.18385779857635498,0
1745923234.325387,0.04322242736816406,0.05485999584197998,0.050112247467041016,0.035948753356933594,0.0,0.0,0.18414342403411865,0
1745923234.34235,0.042406558990478516,0.056908607482910156,0.05041027069091797,0.03487205505371094,0.0,0.0,0.18459749221801758,0
1745923234.3497484,0.04219818115234375,0.05671882629394531,0.05014991760253906,0.03271770477294922,0.0,0.0,0.18178462982177734,0
1745923234.3623452,0.04339313507080078,0.054575443267822266,0.04988908767700195,0.0338134765625,0.0,0.0,0.181671142578125,0
1745923234.3749409,0.044075965881347656,0.05546700954437256,0.04988908767700195,0.033832550048828125,0.0,0.0,0.1832646131515503,0
1745923234.385643,0.04365873336791992,0.05658614635467529,0.0508575439453125,0.030582427978515625,0.0,0.0,0.18168485164642334,0
1745923234.406848,0.04193258285522461,0.05605494976043701,0.050820350646972656,0.03286933898925781,0.0,0.0,0.1816772222518921,0
1745923234.412107,0.043412208557128906,0.055846333503723145,0.05104398727416992,0.03538227081298828,0.0,0.0,0.18568480014801025,0
1745923234.4236853,0.043317317962646484,0.056643009185791016,0.05074596405029297,0.03447532653808594,0.0,0.0,0.1851816177368164,0
1745923234.4377828,0.04458808898925781,0.05480313301086426,0.050652503967285156,0.03305816650390625,0.0,0.0,0.18310189247131348,0
1745923234.4512367,0.04479646682739258,0.05288732051849365,0.04972124099731445,0.03245353698730469,0.0,0.0,0.17985856533050537,0
1745923234.4608872,0.044075965881347656,0.05451858043670654,0.049591064453125,0.031887054443359375,0.0,0.0,0.18007266521453857,0
1745923234.4726686,0.04316520690917969,0.054746150970458984,0.05137920379638672,0.03143310546875,0.0,0.0,0.1807236671447754,0
1745923234.485017,0.04202747344970703,0.05552387237548828,0.05408000946044922,0.031111717224121094,0.0,0.0,0.18274307250976562,0
1745923234.5052736,0.04274797439575195,0.05258381366729736,0.052887916564941406,0.03336048126220703,0.0,0.0,0.18158018589019775,0
1745923234.5110703,0.04443645477294922,0.05129396915435791,0.05139780044555664,0.03360557556152344,0.0,0.0,0.1807337999343872,0
1745923234.5229552,0.04307079315185547,0.054215073585510254,0.05219841003417969,0.033738136291503906,0.0,0.0,0.18322241306304932,0
1745923234.5400796,0.04155302047729492,0.055011749267578125,0.05122995376586914,0.03405952453613281,0.0,0.0,0.181854248046875,0
1745923234.5471554,0.0402064323425293,0.05345630645751953,0.05113697052001953,0.033832550048828125,0.0,0.0,0.17863225936889648,0
1745923234.561894,0.04445505142211914,0.053778767585754395,0.04987049102783203,0.033832550048828125,0.0,0.0,0.1819368600845337,0
1745923234.5723062,0.04166698455810547,0.05429089069366455,0.04914379119873047,0.03324699401855469,0.0,0.0,0.17834866046905518,0
1745923234.5834482,0.03999757766723633,0.057875871658325195,0.051342010498046875,0.033832550048828125,0.0,0.0,0.18304800987243652,0
1745923234.5967364,0.040813446044921875,0.0584639310836792,0.049646854400634766,0.031943321228027344,0.0,0.0,0.18086755275726318,0
1745923234.6090765,0.040604591369628906,0.05728793144226074,0.04817533493041992,0.03256702423095703,0.0,0.0,0.1786348819732666,0
1745923234.6215115,0.0395045280456543,0.05711722373962402,0.04934883117675781,0.03217029571533203,0.0,0.0,0.17814087867736816,0
1745923234.6377182,0.039277076721191406,0.05865359306335449,0.0497584342956543,0.030866622924804688,0.0,0.0,0.17855572700500488,0
1745923234.6456287,0.03904914855957031,0.057781100273132324,0.048920631408691406,0.03207588195800781,0.0,0.0,0.17782676219940186,0
1745923234.6616187,0.04119253158569336,0.05685162544250488,0.04744911193847656,0.033171653747558594,0.0,0.0,0.1786649227142334,0
1745923234.6718702,0.041686058044433594,0.0577242374420166,0.048584938049316406,0.03311443328857422,0.0,0.0,0.18110966682434082,0
1745923234.6875248,0.04079437255859375,0.05412018299102783,0.050652503967285156,0.03217029571533203,0.0,0.0,0.17773735523223877,0
1745923234.6970177,0.039580345153808594,0.053076982498168945,0.050633907318115234,0.03169727325439453,0.0,0.0,0.1749885082244873,0
1745923234.7078185,0.040604591369628906,0.052375197410583496,0.052440643310546875,0.028787612915039062,0.0,0.0,0.17420804500579834,0
1745923234.7216969,0.039940834045410156,0.054480671882629395,0.05095052719116211,0.031036376953125,0.0,0.0,0.17640841007232666,0
1745923234.7402253,0.04149627685546875,0.055448055267333984,0.05139780044555664,0.03407859802246094,0.0,0.0,0.1824207305908203,0
1745923234.7459402,0.04417085647583008,0.05248892307281494,0.05193758010864258,0.03441810607910156,0.0,0.0,0.18301546573638916,0
1745923234.7581334,0.04390525817871094,0.053513288497924805,0.05193758010864258,0.033965110778808594,0.0,0.0,0.18332123756408691,0
1745923234.773927,0.043108463287353516,0.05512559413909912,0.04931163787841797,0.03166007995605469,0.0,0.0,0.1792057752609253,0
1745923234.7843661,0.041306495666503906,0.0563584566116333,0.04769134521484375,0.030242919921875,0.0,0.0,0.17559921741485596,0
1745923234.7978797,0.04181861877441406,0.05161643028259277,0.04802656173706055,0.03156566619873047,0.0,0.0,0.17302727699279785,0
1745923234.808736,0.042444705963134766,0.053513288497924805,0.04806375503540039,0.032586097717285156,0.0,0.0,0.17660784721374512,0
1745923234.8203318,0.04386711120605469,0.05309593677520752,0.04743051528930664,0.031357765197753906,0.0,0.0,0.17575132846832275,0
1745923234.8312151,0.04449319839477539,0.05191993713378906,0.04852914810180664,0.031943321228027344,0.0,0.0,0.17688560485839844,0
1745923234.8428898,0.042387962341308594,0.05207169055938721,0.05314826965332031,0.032774925231933594,0.0,0.0,0.1803828477859497,0
1745923234.8555796,0.042349815368652344,0.05355119705200195,0.05534648895263672,0.032207489013671875,0.0,0.0,0.1834549903869629,0
1745923234.872582,0.04102182388305664,0.05332362651824951,0.055513858795166016,0.032698631286621094,0.0,0.0,0.18255794048309326,0
1745923234.8861742,0.04193258285522461,0.054309964179992676,0.05374431610107422,0.032604217529296875,0.0,0.0,0.18259108066558838,0
1745923234.895389,0.0442657470703125,0.05330455303192139,0.05409860610961914,0.028806686401367188,0.0,0.0,0.18047559261322021,0
1745923234.9056926,0.04487276077270508,0.04918849468231201,0.05417299270629883,0.027975082397460938,0.0,0.0,0.17620933055877686,0
1745923234.9180288,0.041249752044677734,0.04979550838470459,0.05309247970581055,0.031452178955078125,0.0,0.0,0.175589919090271,0
1745923234.9298315,0.04115486145019531,0.05119919776916504,0.05173301696777344,0.032340049743652344,0.0,0.0,0.17642712593078613,0
1745923234.9435291,0.04166698455810547,0.05150258541107178,0.051285743713378906,0.03116893768310547,0.0,0.0,0.17562425136566162,0
1745923234.9544935,0.039884090423583984,0.05155956745147705,0.05095052719116211,0.030658721923828125,0.0,0.0,0.17305290699005127,0
1745923234.971147,0.03973197937011719,0.0514836311340332,0.051174163818359375,0.03311443328857422,0.0,0.0,0.17550420761108398,0
1745923234.9794357,0.04183769226074219,0.05216646194458008,0.05074596405029297,0.033341407775878906,0.0,0.0,0.17809152603149414,0
1745923234.9922435,0.04016828536987305,0.05068695545196533,0.05104398727416992,0.030564308166503906,0.0,0.0,0.1724635362625122,0
1745923235.0048368,0.041647911071777344,0.05123710632324219,0.052813053131103516,0.033095359802246094,0.0,0.0,0.17879343032836914,0
1745923235.0173626,0.04233074188232422,0.05133187770843506,0.0524592399597168,0.03166007995605469,0.0,0.0,0.17778193950653076,0
1745923235.0299158,0.04111671447753906,0.0501558780670166,0.051546573638916016,0.030620574951171875,0.0,0.0,0.17343974113464355,0
1745923235.043224,0.039675235748291016,0.05260276794433594,0.05087614059448242,0.029977798461914062,0.0,0.0,0.17313194274902344,0
1745923235.0537658,0.03965616226196289,0.052545905113220215,0.05007505416870117,0.02831554412841797,0.0,0.0,0.17059266567230225,0
1745923235.0713058,0.04126882553100586,0.052849411964416504,0.05070829391479492,0.030961036682128906,0.0,0.0,0.1757875680923462,0
1745923235.078815,0.04242563247680664,0.054044365882873535,0.051527976989746094,0.03029918670654297,0.0,0.0,0.17829716205596924,0
1745923235.0903797,0.0402064323425293,0.054044365882873535,0.0505223274230957,0.03099822998046875,0.0,0.0,0.17577135562896729,0
1745923235.1043787,0.04109811782836914,0.05286836624145508,0.051174163818359375,0.03090381622314453,0.0,0.0,0.17604446411132812,0
1745923235.1162398,0.03937196731567383,0.053380489349365234,0.051267147064208984,0.03177356719970703,0.0,0.0,0.17579317092895508,0
1745923235.1284974,0.04105997085571289,0.05243206024169922,0.04972124099731445,0.03152751922607422,0.0,0.0,0.17474079132080078,0
1745923235.1435368,0.04303264617919922,0.05212855339050293,0.04877138137817383,0.03077220916748047,0.0,0.0,0.17470479011535645,0
1745923235.15198,0.04248237609863281,0.0509335994720459,0.05046653747558594,0.029788970947265625,0.0,0.0,0.17367148399353027,0
1745923235.164259,0.04202747344970703,0.049947261810302734,0.051900386810302734,0.029392242431640625,0.0,0.0,0.17326736450195312,0
1745923235.176845,0.04229307174682617,0.0502697229385376,0.05095052719116211,0.029297828674316406,0.0,0.0,0.17281115055084229,0
1745923235.189983,0.040149688720703125,0.05176818370819092,0.04960966110229492,0.03162193298339844,0.0,0.0,0.1731494665145874,0
1745923235.2039897,0.040775299072265625,0.05258381366729736,0.05096912384033203,0.029335975646972656,0.0,0.0,0.17366421222686768,0
1745923235.2134972,0.04143953323364258,0.053816795349121094,0.05242204666137695,0.029977798461914062,0.0,0.0,0.1776561737060547,0
1745923235.2266405,0.041704654693603516,0.05252695083618164,0.05109977722167969,0.03167915344238281,0.0,0.0,0.17701053619384766,0
1745923235.2380552,0.04176187515258789,0.05231821537017822,0.05095052719116211,0.03201866149902344,0.0,0.0,0.17704927921295166,0
1745923235.2510855,0.04136323928833008,0.05057322978973389,0.05264568328857422,0.0289764404296875,0.0,0.0,0.17355859279632568,0
1745923235.2643442,0.04166698455810547,0.05068695545196533,0.0513606071472168,0.02748394012451172,0.0,0.0,0.17119848728179932,0
1745923235.2781496,0.040415287017822266,0.053209781646728516,0.04888296127319336,0.030318260192871094,0.0,0.0,0.17282629013061523,0
1745923235.2896178,0.04022550582885742,0.05133187770843506,0.0484919548034668,0.030620574951171875,0.0,0.0,0.17066991329193115,0
1745923235.3047256,0.037873268127441406,0.05379772186279297,0.047039031982421875,0.02927875518798828,0.0,0.0,0.16798877716064453,0
1745923235.3120368,0.03980827331542969,0.05468928813934326,0.04933023452758789,0.030526161193847656,0.0,0.0,0.1743539571762085,0
1745923235.3262463,0.042710304260253906,0.05288732051849365,0.05022430419921875,0.03209400177001953,0.0,0.0,0.17791593074798584,0
1745923235.3399434,0.04056692123413086,0.053209781646728516,0.048100948333740234,0.032604217529296875,0.0,0.0,0.17448186874389648,0
1745923235.3505962,0.039884090423583984,0.05643439292907715,0.049367427825927734,0.029770851135253906,0.0,0.0,0.17545676231384277,0
1745923235.3625698,0.04149627685546875,0.05410122871398926,0.047672271728515625,0.03147125244140625,0.0,0.0,0.17474102973937988,0
1745923235.3768911,0.04119253158569336,0.05332362651824951,0.046480655670166016,0.031716346740722656,0.0,0.0,0.17271316051483154,0
1745923235.386431,0.039978981018066406,0.052678704261779785,0.046853065490722656,0.030658721923828125,0.0,0.0,0.17016947269439697,0
1745923235.4039931,0.0393528938293457,0.05286836624145508,0.04718828201293945,0.03094196319580078,0.0,0.0,0.17035150527954102,0
1745923235.4118803,0.04088926315307617,0.05442368984222412,0.04931163787841797,0.03179168701171875,0.0,0.0,0.176416277885437,0
1745923235.426882,0.03921985626220703,0.05339944362640381,0.04949760437011719,0.031887054443359375,0.0,0.0,0.1740039587020874,0
1745923235.43862,0.03768348693847656,0.052375197410583496,0.04852914810180664,0.029392242431640625,0.0,0.0,0.16798007488250732,0
1745923235.4508934,0.03785419464111328,0.05368399620056152,0.0494232177734375,0.030961036682128906,0.0,0.0,0.1719224452972412,0
1745923235.4608617,0.03948545455932617,0.054347872734069824,0.04906940460205078,0.031149864196777344,0.0,0.0,0.17405259609222412,0
1745923235.4746544,0.03933382034301758,0.05138885974884033,0.047467708587646484,0.03186798095703125,0.0,0.0,0.17005836963653564,0
1745923235.4869454,0.04003572463989258,0.052413105964660645,0.04888296127319336,0.031943321228027344,0.0,0.0,0.17327511310577393,0
1745923235.4984667,0.04117393493652344,0.054784178733825684,0.04895782470703125,0.030790328979492188,0.0,0.0,0.17570626735687256,0
1745923235.5106258,0.03969430923461914,0.05362701416015625,0.048212528228759766,0.031111717224121094,0.0,0.0,0.17264556884765625,0
1745923235.5258906,0.0406804084777832,0.051711320877075195,0.052161216735839844,0.03067779541015625,0.0,0.0,0.1752307415008545,0
1745923235.540374,0.04176187515258789,0.05169236660003662,0.04972124099731445,0.03098011016845703,0.0,0.0,0.174155592918396,0
1745923235.5467203,0.04250144958496094,0.05191993713378906,0.050429344177246094,0.03060150146484375,0.0,0.0,0.17545223236083984,0
1745923235.55987,0.03933382034301758,0.053608059883117676,0.05074596405029297,0.02875041961669922,0.0,0.0,0.17243826389312744,0
1745923235.5760942,0.03969430923461914,0.04820215702056885,0.04968404769897461,0.029241561889648438,0.0,0.0,0.16682207584381104,0
1745923235.5856652,0.03948545455932617,0.05019378662109375,0.048641204833984375,0.029883384704589844,0.0,0.0,0.16820383071899414,0
1745923235.596778,0.039845943450927734,0.049340248107910156,0.04862260818481445,0.02971363067626953,0.0,0.0,0.16752243041992188,0
1745923235.6090047,0.04115486145019531,0.050743937492370605,0.04972124099731445,0.030280113220214844,0.0,0.0,0.17190015316009521,0
1745923235.6237133,0.040642738342285156,0.04956793785095215,0.04996347427368164,0.02941131591796875,0.0,0.0,0.1695854663848877,0
1745923235.6388764,0.040338993072509766,0.05190098285675049,0.04743051528930664,0.03011035919189453,0.0,0.0,0.16978085041046143,0
1745923235.646086,0.04066181182861328,0.0522613525390625,0.047747135162353516,0.030280113220214844,0.0,0.0,0.17095041275024414,0
1745923235.6586018,0.03977012634277344,0.05233728885650635,0.05156517028808594,0.029977798461914062,0.0,0.0,0.17365038394927979,0
1745923235.6732397,0.03969430923461914,0.05191993713378906,0.051062583923339844,0.03186798095703125,0.0,0.0,0.1745448112487793,0
1745923235.6827166,0.039409637451171875,0.05106639862060547,0.04644298553466797,0.03315258026123047,0.0,0.0,0.17007160186767578,0
1745923235.6957557,0.04026317596435547,0.05089569091796875,0.04636859893798828,0.034569740295410156,0.0,0.0,0.17209720611572266,0
1745923235.707767,0.03612804412841797,0.05116117000579834,0.047560691833496094,0.033303260803222656,0.0,0.0,0.16815316677093506,0
1745923235.719167,0.0360713005065918,0.05142676830291748,0.04642438888549805,0.031905174255371094,0.0,0.0,0.16582763195037842,0
1745923235.7373695,0.03819561004638672,0.04892301559448242,0.04817533493041992,0.03252887725830078,0.0,0.0,0.16782283782958984,0
1745923235.744366,0.03796815872192383,0.04918849468231201,0.04815673828125,0.03152751922607422,0.0,0.0,0.16684091091156006,0
1745923235.7579284,0.0360713005065918,0.05112326145172119,0.04817533493041992,0.03249168395996094,0.0,0.0,0.16786158084869385,0
1745923235.7719011,0.035805702209472656,0.05203378200531006,0.049460411071777344,0.020890235900878906,0.0,0.0,0.15819013118743896,0
1745923235.7817245,0.041344642639160156,0.03319835662841797,0.07054519653320312,0.011362075805664062,0.0,0.0,0.1564502716064453,0
1745923235.7963529,0.06757736206054688,0.0020716190338134766,0.11630868911743164,0.047110557556152344,0.0,0.0,0.23306822776794434,0
1745923235.8066201,0.08887863159179688,0.029529213905334473,0.1659836769104004,0.08206462860107422,0.0,0.0,0.36645615100860596,0
1745923235.8200438,0.12138986587524414,0.0659860372543335,0.22826814651489258,0.14789295196533203,0.0,0.0,0.5635370016098022,0
1745923235.837824,0.15824508666992188,0.14024627208709717,0.35604095458984375,0.3039407730102539,0.0,0.0,0.9584730863571167,0
1745923235.8434675,0.2458019256591797,0.2911946773529053,0.6089234352111816,0.5184478759765625,2.285740375518799,-7.448995590209961,1.664367914199829,0
1745923235.8569887,0.5869059562683105,0.5128941535949707,0.9364578723907471,0.6785955429077148,1.8961665630340576,-3.9855995178222656,2.714853525161743,0
1745923235.8714561,0.6890115737915039,0.6614146828651428,1.1401124000549316,0.8912887573242188,1.8316569328308105,-4.228623390197754,3.3818273544311523,0
1745923235.8801138,0.8390302658081055,0.9004321694374084,1.3407864570617676,1.1717185974121094,1.517686128616333,-3.8179728984832764,4.251967430114746,0
1745923235.893446,1.045365810394287,1.1136338710784912,1.6804649829864502,1.4515810012817383,1.5725165605545044,-3.8619914054870605,5.291045665740967,0
1745923235.9076786,1.2542428970336914,1.3287136554718018,2.074214220046997,1.7013444900512695,1.9698834419250488,-3.9387567043304443,6.35851526260376,0
1745923235.9176033,1.4553050994873047,1.521733283996582,2.439875841140747,1.9190826416015625,2.2413039207458496,-3.9558792114257812,7.335996627807617,0
1745923235.9314904,1.619246482849121,1.6747303009033203,2.743476152420044,2.1337785720825195,2.2793469429016113,-4.069011211395264,8.171231269836426,0
1745923235.942775,1.7702898979187012,1.8143737316131592,3.024911880493164,2.3277854919433594,2.322150230407715,-4.15432596206665,8.937360763549805,0
1745923235.954328,1.896181583404541,1.9243699312210083,3.2891745567321777,2.513119697570801,2.3401401042938232,-4.324770450592041,9.622845649719238,0
1745923235.970391,1.9824104309082031,1.994741678237915,3.5170798301696777,2.7050857543945312,2.2630057334899902,-4.6223955154418945,10.199317932128906,0
1745923235.979417,2.047926425933838,2.0758683681488037,3.7282774448394775,2.9079160690307617,2.2074832916259766,-4.903385639190674,10.759987831115723,0
1745923235.9946535,2.1711626052856445,2.1086642742156982,3.9355080127716064,3.151331901550293,1.7777398824691772,-5.185976505279541,11.366666793823242,0
1745923236.0043137,2.2615833282470703,2.1631786823272705,4.403667449951172,3.44997501373291,1.950420618057251,-5.86448335647583,12.278404235839844,0
1745923236.0162134,2.3854074478149414,2.2533912658691406,4.7328782081604,3.7813806533813477,1.7444976568222046,-6.187509536743164,13.153058052062988,0
1745923236.0293772,2.5350093841552734,2.3767788410186768,5.105058670043945,4.089566230773926,1.7015897035598755,-6.37579345703125,14.106412887573242,0
1745923236.0522368,2.685502529144287,2.510390520095825,5.456825256347656,4.3367414474487305,1.7651872634887695,-6.4412689208984375,14.989459991455078,0
1745923236.0543709,2.8123233318328857,2.623535394668579,5.729804992675781,4.556690216064453,1.752990484237671,-6.478888034820557,15.7223539352417,0
1745923236.0848665,2.921295166015625,2.70206356048584,5.9609694480896,4.793172836303711,1.62172532081604,-6.578932285308838,16.377500534057617,0
1745923236.0848665,3.046769380569458,2.886471748352051,6.214373588562012,5.020811080932617,1.6851528882980347,-6.485208511352539,17.168426513671875,0
1745923236.098015,3.1782186031341553,2.9877424240112305,6.466436386108398,5.177953720092773,1.7261968851089478,-6.459558010101318,17.810352325439453,0
1745923236.1073108,3.2983438968658447,3.0563502311706543,6.659008026123047,5.231122970581055,1.8199670314788818,-6.371350288391113,18.24482536315918,0
1745923236.1153018,3.3764355182647705,3.0717902183532715,6.730624198913574,5.219804763793945,1.835616111755371,-6.280147075653076,18.39865493774414,0
1745923236.1269157,3.3970730304718018,3.0518360137939453,6.703300476074219,5.245992660522461,1.6924474239349365,-6.278226375579834,18.39820098876953,0
1745923236.1406093,3.437626838684082,3.050565004348755,6.698792934417725,5.331943511962891,1.481406331062317,-6.285107135772705,18.51892852783203,0
1745923236.1535356,3.496579885482788,3.0849733352661133,6.770353317260742,5.431100845336914,1.3828498125076294,-6.283227443695068,18.783008575439453,0
1745923236.1709266,3.5547170639038086,3.132734775543213,6.870336532592773,5.518089294433594,1.3654630184173584,-6.276012897491455,19.075878143310547,0
1745923236.1775537,3.6065380573272705,3.1628942489624023,6.925468444824219,5.629489898681641,1.234987497329712,-6.287186622619629,19.324390411376953,0
1745923236.189602,3.672907590866089,3.1676363945007324,6.945752143859863,5.874153137207031,0.8065511584281921,-6.38676118850708,19.660449981689453,0
1745923236.2035801,3.816648006439209,3.19026517868042,6.945603370666504,6.4868011474609375,-0.22957144677639008,-6.601752758026123,20.43931770324707,0
1745923236.2138188,4.166591167449951,3.2687554359436035,6.978719711303711,7.873340606689453,-2.2518911361694336,-6.988295555114746,22.28740692138672,0
1745923236.2259338,4.991003036499023,3.4899048805236816,7.132568836212158,9.99171257019043,-4.768048286437988,-7.088830471038818,25.605188369750977,0
1745923236.2422183,6.491610527038574,3.9022908210754395,7.535481929779053,11.899320602416992,-6.526880741119385,-6.364974021911621,29.828704833984375,0
1745923236.2510557,8.214637756347656,4.358246803283691,8.640177726745605,12.763507843017578,-6.576066970825195,-5.458080291748047,33.97657012939453,0
1745923236.2627606,9.416154861450195,4.658986568450928,8.846402168273926,12.56351089477539,-6.6867523193359375,-4.340705394744873,35.48505401611328,0
1745923236.2751672,9.777214050292969,4.598478317260742,8.747425079345703,11.79483413696289,-6.596378803253174,-3.7086338996887207,34.91795349121094,0
1745923236.28739,8.865737915039062,4.384119510650635,8.48115062713623,10.969890594482422,-5.968338489532471,-3.9823031425476074,32.700897216796875,0
1745923236.30475,8.242217063903809,4.166156768798828,8.20967960357666,10.335079193115234,-5.609800338745117,-4.163199424743652,30.95313262939453,0
1745923236.31258,7.743393421173096,3.992067337036133,8.004647254943848,9.929098129272461,-5.356453895568848,-4.3871750831604,29.669206619262695,0
1745923236.3246105,7.41209602355957,3.8740854263305664,7.870429515838623,9.719993591308594,-5.224025249481201,-4.584648609161377,28.876604080200195,0
1745923236.3382585,7.245138168334961,3.807260513305664,7.783465385437012,9.682394027709961,-5.239821434020996,-4.722681522369385,28.518259048461914,0
1745923236.3495345,7.227612018585205,3.7837023735046387,7.717716693878174,9.831243515014648,-5.448414325714111,-4.807045936584473,28.560274124145508,0
1745923236.375575,7.3555707931518555,3.7927122116088867,7.678900718688965,10.154996871948242,-5.834299087524414,-4.844283103942871,28.982179641723633,0
1745923236.376586,7.620441913604736,3.9266271591186523,7.698960304260254,10.569652557373047,-6.164748668670654,-4.734166145324707,29.81568145751953,0
1745923236.3878112,7.95137882232666,4.000640869140625,7.751168251037598,10.984060287475586,-6.554568290710449,-4.641908645629883,30.68724822998047,0
1745923236.3998437,8.296561241149902,4.064563274383545,7.8074188232421875,11.305755615234375,-6.877020359039307,-4.505043029785156,31.47429847717285,0
1745923236.4113133,8.601435661315918,4.101171970367432,7.834109306335449,11.512327194213867,-7.145219326019287,-4.353339672088623,32.049041748046875,0
1745923236.4292078,9.017520904541016,4.117901802062988,7.818240165710449,11.63629150390625,-7.489877700805664,-4.071846961975098,32.5899543762207,0
1745923236.4407036,9.156102180480957,4.130667209625244,7.783223628997803,11.713306427001953,-7.648847579956055,-3.9777865409851074,32.783302307128906,0
1745923236.448872,9.269323348999023,4.139847755432129,7.734107494354248,11.773860931396484,-7.79953670501709,-3.8908228874206543,32.917137145996094,0
1745923236.4598868,9.377934455871582,4.147947311401367,7.675641059875488,11.842184066772461,-7.962268352508545,-3.808011531829834,33.04370880126953,0
1745923236.4733336,9.493678092956543,4.164165019989014,7.622259616851807,11.940132141113281,-8.131394386291504,-3.732530117034912,33.22023391723633,0
1745923236.4854481,9.617255210876465,4.181255340576172,7.537027835845947,12.068008422851562,-8.354665756225586,-3.650421380996704,33.40354919433594,0
1745923236.4985118,9.756879806518555,4.208398818969727,7.5318498611450195,12.180883407592773,-8.47824478149414,-3.583839178085327,33.678009033203125,0
1745923236.5097308,9.885313034057617,4.227423667907715,7.528013229370117,12.265680313110352,-8.584671974182129,-3.5185089111328125,33.90643310546875,0
1745923236.5231218,9.982563018798828,4.232412338256836,7.511007785797119,12.337308883666992,-8.693835258483887,-3.4729511737823486,34.06329345703125,0
1745923236.5390105,10.05031681060791,4.219608783721924,7.481001853942871,12.419178009033203,-8.824342727661133,-3.4601986408233643,34.17010498046875,0
1745923236.5493934,10.1035795211792,4.205667495727539,7.466268539428711,12.541990280151367,-8.953498840332031,-3.4874112606048584,34.3175048828125,0
1745923236.5598686,10.168924331665039,4.202727317810059,7.470831871032715,12.703971862792969,-9.077094078063965,-3.527604103088379,34.54645538330078,0
1745923236.5773458,10.388082504272461,4.235086917877197,7.492214202880859,12.877269744873047,-9.232378959655762,-3.4485127925872803,34.992652893066406,0
1745923236.5841658,10.527099609375,4.266119003295898,7.523077011108398,13.041215896606445,-9.32801342010498,-3.4276325702667236,35.357513427734375,0
1745923236.5965853,10.66404914855957,4.2957282066345215,7.553251266479492,13.178861618041992,-9.40914249420166,-3.3962626457214355,35.691890716552734,0
1745923236.611118,10.782524108886719,4.323041915893555,7.580630779266357,13.286935806274414,-9.469345092773438,-3.363677740097046,35.9731330871582,0
1745923236.6217573,10.87901496887207,4.351418495178223,7.6035966873168945,13.376174926757812,-9.511265754699707,-3.334311008453369,36.210205078125,0
1745923236.6387749,10.961811065673828,4.377537727355957,7.628909111022949,13.451902389526367,-9.538768768310547,-3.3105485439300537,36.42015838623047,0
1745923236.6465862,11.031253814697266,4.401854515075684,7.65872859954834,13.527158737182617,-9.556221008300781,-3.2990620136260986,36.618995666503906,0
1745923236.6583743,11.097376823425293,4.424521446228027,7.689070224761963,13.58841323852539,-9.565963745117188,-3.284492254257202,36.799381256103516,0
1745923236.6717584,11.155532836914062,4.452935695648193,7.718629360198975,13.621706008911133,-9.552645683288574,-3.2577290534973145,36.94880676269531,0
1745923236.6836607,11.189826965332031,4.453619003295898,7.732449531555176,13.634988784790039,-9.561643600463867,-3.2477974891662598,37.010887145996094,0
1745923236.6965091,11.20302963256836,4.45693826675415,7.742377281188965,13.655677795410156,-9.565080642700195,-3.2516539096832275,37.058021545410156,0
1745923236.7084148,11.224008560180664,4.464373588562012,7.7566819190979,13.702762603759766,-9.576872825622559,-3.262432813644409,37.1478271484375,0
1745923236.7208598,11.259572982788086,4.474236965179443,7.778287887573242,13.768476486206055,-9.595203399658203,-3.274413824081421,37.280574798583984,0
1745923236.738372,11.307220458984375,4.491422176361084,7.829043388366699,13.813861846923828,-9.572715759277344,-3.2778966426849365,37.44154739379883,0
1745923236.7480948,11.340187072753906,4.504700183868408,7.845563888549805,13.814201354980469,-9.559226989746094,-3.255927801132202,37.50465393066406,0
1745923236.7587202,11.34623908996582,4.509555816650391,7.854355812072754,13.775165557861328,-9.529326438903809,-3.2345526218414307,37.48531723022461,0
1745923236.7709825,11.32353401184082,4.502063274383545,7.8548583984375,13.72471809387207,-9.500215530395508,-3.2303967475891113,37.405174255371094,0
1745923236.7826169,11.291762351989746,4.491479396820068,7.841205596923828,13.679805755615234,-9.486552238464355,-3.2300117015838623,37.30425262451172,0
1745923236.7961812,11.258529663085938,4.475337505340576,7.818146705627441,13.641544342041016,-9.490474700927734,-3.232879161834717,37.19355773925781,0
1745923236.8081586,11.235218048095703,4.4579057693481445,7.788736820220947,13.58393669128418,-9.497444152832031,-3.217805862426758,37.0657958984375,0
1745923236.8193598,11.209554672241211,4.435314655303955,7.756588935852051,13.497512817382812,-9.496865272521973,-3.1923346519470215,36.89897155761719,0
1745923236.8318813,11.165548324584961,4.411433696746826,7.719299793243408,13.37434196472168,-9.47506046295166,-3.1592001914978027,36.670623779296875,0
1745923236.8451076,11.098230361938477,4.384138584136963,7.673890113830566,13.237092971801758,-9.445798873901367,-3.1324660778045654,36.393348693847656,0
1745923236.8599093,10.91285514831543,4.348459243774414,7.621737957000732,13.116641998291016,-9.379534721374512,-3.1949822902679443,35.99969482421875,0
1745923236.8706386,10.828332901000977,4.317465305328369,7.578414440155029,13.001197814941406,-9.353068351745605,-3.1940884590148926,35.72541046142578,0
1745923236.8813345,10.748931884765625,4.268129348754883,7.542801856994629,12.86823844909668,-9.33086109161377,-3.1972804069519043,35.4281005859375,0
1745923236.8937306,10.659629821777344,4.245159149169922,7.5063323974609375,12.707996368408203,-9.261387825012207,-3.1749186515808105,35.119117736816406,0
1745923236.9062145,10.5545654296875,4.217237949371338,7.46433162689209,12.54879379272461,-9.193926811218262,-3.164238214492798,34.78492736816406,0
1745923236.9174397,10.449861526489258,4.197093963623047,7.422684192657471,12.41407585144043,-9.1300048828125,-3.1605031490325928,34.48371505737305,0
1745923236.9304318,10.364238739013672,4.196486949920654,7.403276443481445,12.28610610961914,-9.03402328491211,-3.1445677280426025,34.25010681152344,0
1745923236.9477324,10.282032012939453,4.196505546569824,7.40195369720459,12.156810760498047,-8.917591094970703,-3.1343491077423096,34.03730010986328,0
1745923236.9543326,10.200089454650879,4.199104309082031,7.400277137756348,12.037267684936523,-8.802956581115723,-3.1269383430480957,33.83673858642578,0
1745923236.9718225,10.125809669494629,4.206463813781738,7.409440994262695,11.91248893737793,-8.671339988708496,-3.1135125160217285,33.654205322265625,0
1745923236.9783688,10.054072380065918,4.233284950256348,7.426130294799805,11.765737533569336,-8.497539520263672,-3.0763771533966064,33.479225158691406,0
1745923236.9916015,9.972908020019531,4.243489742279053,7.440844535827637,11.614545822143555,-8.33400821685791,-3.0542032718658447,33.27178955078125,0
1745923237.0045247,9.783624649047852,4.251949787139893,7.448722839355469,11.506166458129883,-8.138574600219727,-3.131378412246704,32.99046325683594,0
1745923237.016783,9.722016334533691,4.271259307861328,7.481485843658447,11.473573684692383,-8.024675369262695,-3.162449836730957,32.948333740234375,0
1745923237.0287452,9.71497917175293,4.310428142547607,7.5409393310546875,11.50267219543457,-7.930562973022461,-3.186737537384033,33.06901931762695,0
1745923237.0422184,9.745613098144531,4.365511894226074,7.623786926269531,11.541763305664062,-7.82368278503418,-3.1897096633911133,33.276676177978516,0
1745923237.0534456,9.779792785644531,4.421752452850342,7.7076029777526855,11.559562683105469,-7.70510721206665,-3.1784322261810303,33.468711853027344,0
1745923237.072348,9.804110527038574,4.463766574859619,7.773128509521484,11.55848503112793,-7.604865074157715,-3.1648828983306885,33.599491119384766,0
1745923237.078111,9.80868148803711,4.516554832458496,7.818724632263184,11.554952621459961,-7.501544952392578,-3.1460134983062744,33.69891357421875,0
1745923237.0900655,9.808320999145508,4.527897834777832,7.846793174743652,11.551229476928711,-7.457588195800781,-3.1510374546051025,33.7342414855957,0
1745923237.1045938,9.804868698120117,4.538425445556641,7.870262145996094,11.541158676147461,-7.4136457443237305,-3.1530604362487793,33.75471496582031,0
1745923237.1180112,9.795783042907715,4.561224937438965,7.908947944641113,11.522378921508789,-7.332223892211914,-3.1537721157073975,33.78833770751953,0
1745923237.127366,9.780513763427734,4.582089900970459,7.958324432373047,11.48933219909668,-7.2292866706848145,-3.158393383026123,33.81026077270508,0
1745923237.1414628,9.710084915161133,4.592427730560303,7.9933037757873535,11.444988250732422,-7.111316680908203,-3.1964662075042725,33.740806579589844,0
1745923237.1514137,9.669530868530273,4.5919342041015625,8.01040267944336,11.392915725708008,-7.036524772644043,-3.2074739933013916,33.6647834777832,0
1745923237.1658711,9.62332534790039,4.5886149406433105,8.018857955932617,11.323591232299805,-6.958982467651367,-3.2109265327453613,33.55438995361328,0
1745923237.177188,9.571409225463867,4.564260005950928,8.013494491577148,11.256044387817383,-6.914836406707764,-3.2273786067962646,33.405208587646484,0
1745923237.194976,9.520764350891113,4.55064058303833,7.997345924377441,11.179220199584961,-6.865259647369385,-3.2245092391967773,33.24797058105469,0
1745923237.2121742,9.464353561401367,4.530629634857178,7.9822587966918945,11.056331634521484,-6.787589073181152,-3.2063052654266357,33.033573150634766,0
1745923237.2264225,9.374140739440918,4.495424747467041,7.915559768676758,10.902833938598633,-6.737885475158691,-3.179316997528076,32.687957763671875,0
1745923237.229555,9.254129409790039,4.457260608673096,7.873279571533203,10.739418029785156,-6.637904167175293,-3.184234142303467,32.32408905029297,0
1745923237.2393775,9.125070571899414,4.426076889038086,7.848692893981934,10.539535522460938,-6.47838020324707,-3.1803600788116455,31.939376831054688,0
1745923237.2531264,8.984251022338867,4.398990631103516,7.827962875366211,10.250490188598633,-6.236728668212891,-3.1339519023895264,31.461694717407227,0
1745923237.2629578,8.794777870178223,4.3556294441223145,7.761207580566406,9.859907150268555,-5.948999881744385,-3.051030158996582,30.771522521972656,0
1745923237.2775557,8.536413192749023,4.13829231262207,7.62007999420166,9.382881164550781,-5.812647819519043,-3.062685251235962,29.67766571044922,0
1745923237.2920387,7.822281837463379,3.9692296981811523,7.407746315002441,8.829032897949219,-5.269014358520508,-3.33058500289917,28.028289794921875,0
1745923237.3048744,7.390111923217773,3.766517162322998,7.13139533996582,8.181865692138672,-4.944252014160156,-3.2976813316345215,26.469890594482422,0
1745923237.3127668,6.887001037597656,3.5055346488952637,6.758525848388672,7.444854736328125,-4.630778789520264,-3.253699779510498,24.595916748046875,0
1745923237.3249526,6.324102878570557,3.2150378227233887,6.30483865737915,6.66705322265625,-4.317697048187256,-3.2023305892944336,22.511032104492188,0
1745923237.3432584,5.738006591796875,2.93319034576416,5.849140167236328,5.874284744262695,-3.885284185409546,-3.1428279876708984,20.394622802734375,0
1745923237.3508892,5.147870063781738,2.6764373779296875,5.41484260559082,5.0889434814453125,-3.2777514457702637,-3.070098400115967,18.328094482421875,0
1745923237.3725243,4.562816619873047,2.446429967880249,5.009918212890625,4.344884872436523,-2.483363628387451,-3.010054349899292,16.364049911499023,0
1745923237.3792622,4.00862455368042,2.0546998977661133,4.630473613739014,3.690990447998047,-1.9746110439300537,-3.296603202819824,14.384788513183594,0
1745923237.3891776,3.510331630706787,1.8860353231430054,4.26013708114624,3.1484975814819336,-1.120998501777649,-3.3000872135162354,12.805001258850098,0
1745923237.4052968,3.084876537322998,1.725451111793518,3.902726650238037,2.69219970703125,-0.3655473589897156,-3.2859044075012207,11.405254364013672,0
1745923237.4109585,2.7215609550476074,1.5688122510910034,3.5692505836486816,2.3111772537231445,0.2899567782878876,-3.2830400466918945,10.170801162719727,0
1745923237.4242294,2.39453125,1.4335694313049316,3.2711448669433594,2.034621238708496,0.8447386622428894,-3.397353410720825,9.133867263793945,0
1745923237.4398954,1.9058170318603516,1.3254132270812988,3.0244460105895996,1.8598108291625977,2.0157113075256348,-4.2774457931518555,8.115487098693848,0
1745923237.4487875,1.7923688888549805,1.2642978429794312,2.7379629611968994,1.7794532775878906,1.5912524461746216,-4.050091743469238,7.57408332824707,0
1745923237.4607298,1.7631959915161133,1.250659704208374,2.7206966876983643,1.8520832061767578,1.3141742944717407,-4.315141201019287,7.586635589599609,0
1745923237.4780226,1.85809326171875,1.4473023414611816,2.8563485145568848,2.0791549682617188,1.2449215650558472,-4.153947830200195,8.240899085998535,0
1745923237.4849057,2.0737991333007812,1.6576590538024902,3.124150037765503,2.452241897583008,0.7694042325019836,-4.162466526031494,9.307849884033203,0
1745923237.497713,2.3922171592712402,1.9158532619476318,3.477071523666382,3.0141401290893555,-0.03482732176780701,-4.245279788970947,10.79928207397461,0
1745923237.5102248,2.811469793319702,2.200735569000244,3.924556255340576,3.8407278060913086,-1.1546374559402466,-4.5247273445129395,12.77748966217041,0
1745923237.5248406,3.359041929244995,2.5464677810668945,4.524306297302246,4.936372756958008,-2.2315189838409424,-4.8586249351501465,15.366189002990723,0
1745923237.537434,4.096959114074707,2.9825453758239746,5.288113117218018,6.098295211791992,-2.918278932571411,-4.897942066192627,18.465911865234375,0
1745923237.5467215,4.989997863769531,3.494229793548584,6.156484603881836,7.027273178100586,-3.0581326484680176,-4.554651260375977,21.667985916137695,0
1745923237.5609643,5.848989009857178,4.014373779296875,6.994551658630371,7.7626953125,-2.960010528564453,-4.174208641052246,24.620609283447266,0
1745923237.5738218,7.081101894378662,5.004946708679199,7.804885387420654,8.431062698364258,-2.6716103553771973,-3.0770397186279297,28.321996688842773,0
1745923237.5843353,7.563727378845215,5.499009609222412,8.66247272491455,9.116037368774414,-2.286285638809204,-3.211000919342041,30.841245651245117,0
1745923237.5978513,8.065035820007324,6.001361846923828,9.535537719726562,9.957401275634766,-2.073791742324829,-3.395697593688965,33.5593376159668,0
1745923237.6088033,8.683473587036133,6.528182506561279,10.437845230102539,11.055387496948242,-2.1152310371398926,-3.593883752822876,36.70488739013672,0
1745923237.6218634,9.49771785736084,7.102841377258301,11.404077529907227,12.339235305786133,-2.3111541271209717,-3.7179830074310303,40.3438720703125,0
1745923237.6387136,10.464902877807617,7.718148708343506,12.430133819580078,13.647855758666992,-2.5079689025878906,-3.7458152770996094,44.26103973388672,0
1745923237.6466491,11.479413986206055,8.344684600830078,13.475544929504395,14.89510726928711,-2.645935297012329,-3.7240073680877686,48.19475173950195,0
1745923237.6591141,12.460654258728027,8.968811988830566,14.527417182922363,16.006771087646484,-2.678670644760132,-3.679478406906128,51.963653564453125,0
1745923237.6717186,13.352137565612793,10.089943885803223,15.545130729675293,16.877214431762695,-2.302712917327881,-3.3757712841033936,55.86442565917969,0
1745923237.6837468,14.092330932617188,10.5459566116333,16.486682891845703,17.511646270751953,-2.1828932762145996,-3.352186918258667,58.63661575317383,0
1745923237.6960182,14.637115478515625,10.9444580078125,18.084701538085938,18.014368057250977,-1.6443573236465454,-3.5808215141296387,61.680641174316406,0
1745923237.7077167,15.033777236938477,11.314279556274414,18.813453674316406,18.44631004333496,-1.475697636604309,-3.6024796962738037,63.607818603515625,0
1745923237.7194934,15.625411987304688,11.661415100097656,19.503334045410156,18.762845993041992,-1.3768750429153442,-3.517251968383789,65.55300903320312,0
1745923237.7327309,15.823685646057129,11.968149185180664,20.096826553344727,18.891422271728516,-1.1111646890640259,-3.5208802223205566,66.78009033203125,0
1745923237.745947,15.90682315826416,12.210315704345703,20.555709838867188,18.83220672607422,-0.8183698058128357,-3.506202220916748,67.50505065917969,0
1745923237.757336,15.869778633117676,12.375622749328613,20.88534927368164,18.7231502532959,-0.5496344566345215,-3.516747236251831,67.8539047241211,0
1745923237.7722795,15.796751022338867,12.486700057983398,21.13595962524414,18.61273193359375,-0.32383453845977783,-3.539062976837158,68.03214263916016,0
1745923237.7825828,15.733378410339355,12.612610816955566,21.305360794067383,18.411205291748047,-0.09322509169578552,-3.508274555206299,68.06256103515625,0
1745923237.794229,15.627782821655273,12.577576637268066,21.346784591674805,18.13691520690918,0.06604605913162231,-3.499016284942627,67.6890640258789,0
1745923237.806272,15.454262733459473,12.504472732543945,21.286083221435547,17.877666473388672,0.1913163661956787,-3.505610466003418,67.12248229980469,0
1745923237.8182979,15.270404815673828,12.409253120422363,21.183212280273438,17.59504508972168,0.30630603432655334,-3.5070412158966064,66.45791625976562,0
1745923237.8398588,15.0812349319458,12.26401424407959,21.00848388671875,17.269458770751953,0.3933148682117462,-3.498558521270752,65.6231918334961,0
1745923237.843461,14.845840454101562,12.06600570678711,20.74606704711914,17.055519104003906,0.3940444588661194,-3.5338032245635986,64.71343231201172,0
1745923237.8562393,14.449312210083008,11.85781192779541,20.456750869750977,17.077964782714844,0.34529125690460205,-3.6931793689727783,63.84184265136719,0
1745923237.8744218,14.470062255859375,11.667201042175293,20.19546890258789,17.293758392333984,0.043500855565071106,-3.7467291355133057,63.62649154663086,0
1745923237.8810732,14.625335693359375,11.483531951904297,20.01606559753418,17.51784324645996,-0.2831481099128723,-3.769883632659912,63.64277648925781,0
1745923237.8926437,14.788101196289062,11.466062545776367,19.915485382080078,17.712474822998047,-0.49047815799713135,-3.7389135360717773,63.88212203979492,0
1745923237.9043846,14.943924903869629,11.510163307189941,19.887100219726562,17.909069061279297,-0.6344013810157776,-3.7071244716644287,64.25025939941406,0
1745923237.9175963,15.097700119018555,11.590436935424805,19.958213806152344,18.22462272644043,-0.7655630111694336,-3.7210593223571777,64.8709716796875,0
1745923237.9372957,15.325942993164062,11.706825256347656,20.25792121887207,18.684907913208008,-0.8683645725250244,-3.790966510772705,65.97559356689453,0
1745923237.9425526,15.6792631149292,11.858038902282715,20.443546295166016,19.169452667236328,-1.0620899200439453,-3.7764484882354736,67.15029907226562,0
1745923237.9548259,16.0904541015625,12.00401782989502,20.575023651123047,19.588111877441406,-1.2714585065841675,-3.7130215167999268,68.25760650634766,0
1745923237.9729967,16.462589263916016,12.105098724365234,20.635913848876953,19.996606826782227,-1.5044634342193604,-3.661282539367676,69.20021057128906,0
1745923237.9784198,16.80316162109375,12.217694282531738,20.655302047729492,20.42554473876953,-1.7397559881210327,-3.6127493381500244,70.10169982910156,0
1745923237.992153,17.15198516845703,12.254814147949219,20.656139373779297,20.81391716003418,-1.9969654083251953,-3.574204444885254,70.8768539428711,0
1745923238.0054119,17.798913955688477,12.300375938415527,20.690635681152344,21.066743850708008,-2.2891414165496826,-3.4070584774017334,71.8566665649414,0
1745923238.0161633,17.97873306274414,12.353164672851562,20.75347900390625,21.18866539001465,-2.348022699356079,-3.3734827041625977,72.27404022216797,0
1745923238.0293024,18.0582275390625,12.412572860717773,20.849029541015625,21.23444938659668,-2.3274998664855957,-3.361156463623047,72.55428314208984,0
1745923238.0419273,18.082260131835938,12.452784538269043,20.945846557617188,21.217763900756836,-2.2729310989379883,-3.3590705394744873,72.69865417480469,0
1745923238.0532672,18.065265655517578,12.476058959960938,21.00855827331543,21.11235237121582,-2.1937673091888428,-3.3465983867645264,72.6622314453125,0
1745923238.073937,17.99303436279297,12.47141170501709,21.018430709838867,20.90638542175293,-2.0924131870269775,-3.3246331214904785,72.38926696777344,0
1745923238.0790765,17.855913162231445,12.354018211364746,20.963298797607422,20.63374137878418,-2.016871452331543,-3.3301680088043213,71.80696868896484,0
1745923238.090432,17.669246673583984,12.240758895874023,20.835506439208984,20.328371047973633,-1.9387989044189453,-3.325150489807129,71.07388305664062,0
1745923238.1049623,17.470651626586914,12.102879524230957,20.640010833740234,19.96573257446289,-1.8726027011871338,-3.301208734512329,70.17927551269531,0
1745923238.1154873,17.263158798217773,11.935978889465332,20.378337860107422,19.510929107666016,-1.807446002960205,-3.2493538856506348,69.08840942382812,0
1745923238.1279094,17.000259399414062,11.743167877197266,20.06060028076172,18.96512794494629,-1.7194441556930542,-3.186232328414917,67.76915740966797,0
1745923238.13928,16.271808624267578,11.529017448425293,19.713247299194336,18.377439498901367,-1.4477661848068237,-3.2794365882873535,65.89151763916016,0
1745923238.152089,15.853333473205566,11.300888061523438,19.345685958862305,17.794872283935547,-1.3071924448013306,-3.2617428302764893,64.29478454589844,0
1745923238.173415,15.443412780761719,11.061718940734863,18.95685386657715,17.226795196533203,-1.1843549013137817,-3.2421886920928955,62.688777923583984,0
1745923238.1785624,15.029983520507812,10.574788093566895,18.157024383544922,16.674232482910156,-1.3771144151687622,-3.2059719562530518,60.43602752685547,0
1745923238.1906621,14.607354164123535,10.335315704345703,17.7895565032959,16.14691162109375,-1.2504088878631592,-3.207754611968994,58.87913513183594,0
1745923238.2061355,14.185522079467773,10.109879493713379,17.461780548095703,15.642999649047852,-1.1009050607681274,-3.222933292388916,57.400184631347656,0
1745923238.213873,13.773040771484375,9.894211769104004,17.16330337524414,15.180618286132812,-0.9478833079338074,-3.2531020641326904,56.011173248291016,0
1745923238.2259865,13.374557495117188,9.691707611083984,16.891681671142578,14.786142349243164,-0.8067482113838196,-3.303420305252075,54.74408721923828,0
1745923238.2392783,13.020612716674805,9.505534172058105,16.64878273010254,14.446575164794922,-0.6855536103248596,-3.35599422454834,53.62150192260742,0
1745923238.2507997,12.70936393737793,9.334138870239258,16.4245662689209,14.136594772338867,-0.5787147879600525,-3.4002842903137207,52.60466766357422,0
1745923238.2630944,12.42302131652832,9.174446105957031,16.22106170654297,13.847152709960938,-0.4740217328071594,-3.44301438331604,51.665679931640625,0
1745923238.2779126,12.158758163452148,8.898933410644531,16.0390682220459,13.579816818237305,-0.4423356056213379,-3.5476956367492676,50.67657470703125,0
1745923238.290612,11.675848007202148,8.778125762939453,15.871659278869629,13.343448638916016,-0.20830567181110382,-3.7041916847229004,49.66908264160156,0
1745923238.3075912,11.47450065612793,8.667048454284668,15.716431617736816,13.125673294067383,-0.12386639416217804,-3.7300548553466797,48.98365020751953,0
1745923238.3149683,11.292236328125,8.562780380249023,15.562973976135254,12.916627883911133,-0.048144567757844925,-3.747134208679199,48.334617614746094,0
1745923238.3260212,11.122983932495117,8.458949089050293,15.40573501586914,12.714986801147461,0.01568049192428589,-3.7590067386627197,47.70265197753906,0
1745923238.3378732,10.960559844970703,8.355306625366211,15.240952491760254,12.523040771484375,0.06700242310762405,-3.768291473388672,47.07986068725586,0
1745923238.3495703,10.808055877685547,8.251569747924805,15.069745063781738,12.335229873657227,0.10728254169225693,-3.7717392444610596,46.464599609375,0
1745923238.3648887,10.658453941345215,8.145310401916504,14.895482063293457,12.142471313476562,0.14650967717170715,-3.7720654010772705,45.84171676635742,0
1745923238.3753977,10.505949974060059,7.918489933013916,14.711719512939453,11.933084487915039,0.11877085268497467,-3.830275774002075,45.069244384765625,0
1745923238.3863413,10.345499038696289,7.7952728271484375,14.517471313476562,11.711585998535156,0.16133609414100647,-3.828141927719116,44.36982727050781,0
1745923238.4055629,10.176189422607422,7.658588409423828,14.304224967956543,11.501274108886719,0.1830836683511734,-3.8355660438537598,43.64027786254883,0
1745923238.4111228,10.00733470916748,7.522473335266113,13.831446647644043,11.316978454589844,0.019423583522439003,-3.748772144317627,42.6782341003418,0
1745923238.4229705,9.854262351989746,7.38250732421875,13.589552879333496,11.161195755004883,-0.028939263895154,-3.758105516433716,41.987518310546875,0
1745923238.439048,9.604812622070312,7.246828556060791,13.349858283996582,11.015708923339844,-0.016191257163882256,-3.8283143043518066,41.21720886230469,0
1745923238.449581,9.494436264038086,7.115246295928955,13.101278305053711,10.862607955932617,-0.09697353839874268,-3.8063764572143555,40.573570251464844,0
1745923238.46199,9.37964153289795,6.97812557220459,12.842193603515625,10.700174331665039,-0.18210098147392273,-3.7813560962677,39.9001350402832,0
1745923238.4749007,9.257221221923828,6.687401294708252,12.575695037841797,10.541385650634766,-0.38386213779449463,-3.855992555618286,39.061702728271484,0
1745923238.4853427,9.13476276397705,6.538084030151367,12.30688762664795,10.39828109741211,-0.5020067691802979,-3.8480048179626465,38.378013610839844,0
1745923238.4986072,9.022774696350098,6.390720844268799,12.037837982177734,10.260580062866211,-0.6346621513366699,-3.833890676498413,37.7119140625,0
1745923238.5102663,8.920005798339844,6.241611957550049,11.761096000671387,10.13453483581543,-0.7947514057159424,-3.8161025047302246,37.0572509765625,0
1745923238.5227876,8.826852798461914,6.097150802612305,11.484801292419434,10.019922256469727,-0.9721742868423462,-3.793574810028076,36.42872619628906,0
1745923238.5374281,8.74771785736084,5.957621097564697,11.209735870361328,9.903703689575195,-1.1601120233535767,-3.7569708824157715,35.81877899169922,0
1745923238.5495303,8.67774486541748,5.81628942489624,10.930479049682617,9.776884078979492,-1.3584703207015991,-3.7066688537597656,35.20139694213867,0
1745923238.5598826,8.6058931350708,5.670443534851074,10.637458801269531,9.62217903137207,-1.556775450706482,-3.638216018676758,34.535972595214844,0
1745923238.5754473,8.421314239501953,5.355648517608643,10.332963943481445,9.448066711425781,-1.819582462310791,-3.7572402954101562,33.55799102783203,0
1745923238.5879128,8.307012557983398,5.189487457275391,10.015840530395508,9.292774200439453,-2.043731451034546,-3.720590829849243,32.80511474609375,0
1745923238.599171,8.21357536315918,5.033967971801758,9.70218276977539,9.154808044433594,-2.2957043647766113,-3.6692137718200684,32.10453414916992,0
1745923238.6093478,8.12734603881836,4.889923572540283,9.411750793457031,9.003578186035156,-2.520282030105591,-3.6064233779907227,31.432598114013672,0
1745923238.621553,8.023685455322266,4.753087520599365,9.13720703125,8.836816787719727,-2.7045087814331055,-3.5492496490478516,30.750797271728516,0
1745923238.6371622,7.896617889404297,4.6217145919799805,8.88734245300293,8.66006088256836,-2.8382279872894287,-3.51265287399292,30.06573486328125,0
1745923238.6456563,7.754546642303467,4.491953372955322,8.652656555175781,8.507905960083008,-2.9686617851257324,-3.5092015266418457,29.407062530517578,0
1745923238.6584532,7.620157241821289,4.370083332061768,8.248197555541992,8.410070419311523,-3.334711790084839,-3.421769380569458,28.648508071899414,0
1745923238.6746752,7.51810884475708,4.270519256591797,8.102227210998535,8.361379623413086,-3.475433588027954,-3.4749317169189453,28.252233505249023,0
1745923238.6828194,7.451094627380371,4.139999866485596,7.999878883361816,8.342050552368164,-3.6620254516601562,-3.5716700553894043,27.93302345275879,0
1745923238.7125328,7.411147594451904,4.098459243774414,7.92513370513916,8.326709747314453,-3.746181011199951,-3.587238073348999,27.761451721191406,0
1745923238.7135425,7.383472919464111,4.060883522033691,7.857614994049072,8.323270797729492,-3.839634895324707,-3.6005871295928955,27.625242233276367,0
1745923238.7229173,7.350449562072754,4.022245407104492,7.792182922363281,8.352897644042969,-3.957068681716919,-3.6420130729675293,27.517776489257812,0
1745923238.7377589,7.366420745849609,3.9955005645751953,7.748635292053223,8.428077697753906,-4.11821985244751,-3.67159104347229,27.53863525390625,0
1745923238.745453,7.407657623291016,3.9908342361450195,7.738428592681885,8.520450592041016,-4.250861644744873,-3.6904492378234863,27.657371520996094,0
1745923238.7597778,7.463746070861816,4.000697612762451,7.757333755493164,8.628091812133789,-4.3571696281433105,-3.710632562637329,27.849868774414062,0
1745923238.7709446,7.524216651916504,4.022871494293213,7.795013427734375,8.735771179199219,-4.429782390594482,-3.727405309677124,28.07787322998047,0
1745923238.7811592,7.584933757781982,4.0760579109191895,7.845452308654785,8.834701538085938,-4.443980693817139,-3.7190587520599365,28.341144561767578,0
1745923238.7940826,7.6391825675964355,4.103713512420654,7.906004905700684,8.930004119873047,-4.467110633850098,-3.742459535598755,28.57890510559082,0
1745923238.8102212,7.686470031738281,4.134328365325928,7.971958637237549,9.028425216674805,-4.477298259735107,-3.7740044593811035,28.821182250976562,0
1745923238.8185291,7.7331695556640625,4.172359466552734,8.042829513549805,9.131889343261719,-4.477140426635742,-3.805091142654419,29.08024787902832,0
1745923238.8306558,7.786754608154297,4.213064670562744,8.125137329101562,9.225397109985352,-4.458910942077637,-3.828404426574707,29.350353240966797,0
1745923238.8434455,7.835312843322754,4.253239631652832,8.213293075561523,9.307304382324219,-4.421955108642578,-3.8526248931884766,29.609149932861328,0
1745923238.8588798,7.872452735900879,4.288463115692139,8.296326637268066,9.385129928588867,-4.384311199188232,-3.884791374206543,29.842370986938477,0
1745923238.8707857,7.9351043701171875,4.320310592651367,8.371966361999512,9.459083557128906,-4.375838756561279,-3.891728639602661,30.086463928222656,0
1745923238.8797076,7.963310241699219,4.389278888702393,8.44963550567627,9.512855529785156,-4.283117294311523,-3.8861165046691895,30.315078735351562,0
1745923238.8924677,7.977289199829102,4.422757625579834,8.599517822265625,9.54454231262207,-4.12477445602417,-3.9491829872131348,30.54410743713379,0
1745923238.9106007,7.984251022338867,4.4550604820251465,8.668190956115723,9.582084655761719,-4.053699493408203,-3.9762744903564453,30.689586639404297,0
1745923238.916892,8.003009796142578,4.492636203765869,8.733846664428711,9.620004653930664,-3.9904346466064453,-3.9878225326538086,30.849496841430664,0
1745923238.9296105,8.021750450134277,4.536092281341553,8.810473442077637,9.634950637817383,-3.8926148414611816,-3.987940788269043,31.003267288208008,0
1745923238.9427404,8.02080249786377,4.5722455978393555,8.875308990478516,9.587469100952148,-3.751312494277954,-3.969120979309082,31.05582618713379,0
1745923238.953886,7.988537788391113,4.586888790130615,8.909860610961914,9.475198745727539,-3.587658405303955,-3.9405810832977295,30.960485458374023,0
1745923238.970213,7.908890247344971,4.582260608673096,8.91122055053711,9.297611236572266,-3.386470079421997,-3.9111194610595703,30.699981689453125,0
1745923238.9798427,7.787190914154053,4.521410942077637,8.879556655883789,9.064079284667969,-3.1934328079223633,-3.911635637283325,30.25223731994629,0
1745923238.9929454,7.632411003112793,4.465341091156006,8.819040298461914,8.792869567871094,-2.9601545333862305,-3.897631883621216,29.70966148376465,0
1745923239.007937,7.236147403717041,4.390113353729248,8.72496223449707,8.517599105834961,-2.559257984161377,-4.085456371307373,28.86882209777832,0
1745923239.016278,7.03377628326416,4.3142409324646,8.611791610717773,8.267494201660156,-2.3561108112335205,-4.11504602432251,28.22730255126953,0
1745923239.0283515,6.854944705963135,4.242275714874268,8.500596046447754,8.068216323852539,-2.2066073417663574,-4.153232097625732,27.666032791137695,0
1745923239.0447679,6.712911605834961,4.178220272064209,8.399215698242188,7.945648193359375,-2.1395013332366943,-4.205036640167236,27.23599624633789,0
1745923239.052708,6.620555877685547,4.134005546569824,8.327189445495605,7.89686393737793,-2.1340715885162354,-4.257420539855957,26.978614807128906,0
1745923239.0722787,6.580267429351807,4.11082649230957,8.283699035644531,7.88713264465332,-2.1606967449188232,-4.283926010131836,26.86192512512207,0
1745923239.0776765,6.574368476867676,4.098099231719971,8.260472297668457,7.892932891845703,-2.2010250091552734,-4.290620803833008,26.82587432861328,0
1745923239.0906885,6.57818078994751,4.096695423126221,8.24450969696045,7.908409118652344,-2.239123582839966,-4.288049697875977,26.827795028686523,0
1745923239.107875,6.587873458862305,4.0952348709106445,8.233576774597168,7.937599182128906,-2.290379762649536,-4.291659355163574,26.854284286499023,0
1745923239.115726,6.607448577880859,4.098592281341553,8.223592758178711,7.991750717163086,-2.3682432174682617,-4.297525882720947,26.921384811401367,0
1745923239.128852,6.642141342163086,4.111073017120361,8.233874320983887,8.060544967651367,-2.44075608253479,-4.302236080169678,27.047632217407227,0
1745923239.139488,6.693488121032715,4.127803325653076,8.251644134521484,8.13587760925293,-2.5211572647094727,-4.296065807342529,27.208812713623047,0
1745923239.152461,6.812171936035156,4.1454243659973145,8.268891334533691,8.202062606811523,-2.654085397720337,-4.2211689949035645,27.42854881286621,0
1745923239.1650515,6.858700752258301,4.157127857208252,8.27414321899414,8.234561920166016,-2.7079761028289795,-4.190821170806885,27.524534225463867,0
1745923239.1790018,6.88322639465332,4.152139186859131,8.26000690460205,8.242176055908203,-2.758821964263916,-4.168967247009277,27.537548065185547,0
1745923239.18934,6.891951560974121,4.136376857757568,8.229273796081543,8.240154266357422,-2.8169846534729004,-4.155361652374268,27.497756958007812,0
1745923239.206741,6.893165588378906,4.115890979766846,8.192264556884766,8.228931427001953,-2.872389793395996,-4.143415927886963,27.430252075195312,0
1745923239.2142718,6.888271808624268,4.0990095138549805,8.15609359741211,8.229290008544922,-2.92806077003479,-4.14136266708374,27.372665405273438,0
1745923239.225858,6.886527061462402,4.087685585021973,8.127074241638184,8.259767532348633,-2.999992847442627,-4.154269218444824,27.361055374145508,0
1745923239.2386327,6.90915584564209,4.092181205749512,8.123405456542969,8.287296295166016,-3.044801950454712,-4.144042491912842,27.412038803100586,0
1745923239.250268,6.940661907196045,4.104908466339111,8.134393692016602,8.296062469482422,-3.0545847415924072,-4.115682601928711,27.47602653503418,0
1745923239.2629938,6.958890438079834,4.113178730010986,8.138771057128906,8.298196792602539,-3.058772087097168,-4.095485687255859,27.509037017822266,0
1745923239.275594,6.966420650482178,4.117503643035889,8.137094497680664,8.303449630737305,-3.067365884780884,-4.0868730545043945,27.52446937561035,0
1745923239.2872522,6.980457305908203,4.117825984954834,8.13309097290039,8.332925796508789,-3.110873222351074,-4.0894341468811035,27.564300537109375,0
1745923239.3058364,7.008340358734131,4.122473239898682,8.128825187683105,8.404232025146484,-3.1996848583221436,-4.100913047790527,27.66387176513672,0
1745923239.3315585,7.067444801330566,4.138652801513672,8.135213851928711,8.51106071472168,-3.3221545219421387,-4.1017584800720215,27.852373123168945,0
1745923239.3325558,7.1491217613220215,4.170709133148193,8.168441772460938,8.638559341430664,-3.4329798221588135,-4.09682035446167,28.126832962036133,0
1745923239.3393974,7.241724014282227,4.2100300788879395,8.225753784179688,8.772445678710938,-3.521791934967041,-4.094044208526611,28.449953079223633,0
1745923239.349927,7.337399482727051,4.2462968826293945,8.28297233581543,8.882314682006836,-3.5943002700805664,-4.077132225036621,28.74898338317871,0
1745923239.3618662,7.420289993286133,4.280857086181641,8.335590362548828,8.954793930053711,-3.6300885677337646,-4.048561096191406,28.991531372070312,0
1745923239.374329,7.484042167663574,4.30576229095459,8.386922836303711,9.01620101928711,-3.651968479156494,-4.037953853607178,29.192928314208984,0
1745923239.3935418,7.52759313583374,4.322624683380127,8.40981388092041,9.07571792602539,-3.6946194171905518,-4.034039497375488,29.335750579833984,0
1745923239.4067683,7.568772792816162,4.339373588562012,8.435237884521484,9.132665634155273,-3.730186700820923,-4.032253742218018,29.476049423217773,0
1745923239.4104617,7.6131391525268555,4.35223388671875,8.456806182861328,9.186796188354492,-3.7740259170532227,-4.027252197265625,29.608976364135742,0
1745923239.4236155,7.651170253753662,4.366801738739014,8.468317031860352,9.251907348632812,-3.830186605453491,-4.026716709136963,29.738197326660156,0
1745923239.4407656,7.756386756896973,4.382071018218994,8.480740547180176,9.318546295166016,-3.9394872188568115,-3.9708194732666016,29.937744140625,0
1745923239.4479272,7.8155293464660645,4.395064353942871,8.495827674865723,9.377647399902344,-4.004244327545166,-3.9529387950897217,30.084068298339844,0
1745923239.46133,7.8676347732543945,4.412438869476318,8.517172813415527,9.41592788696289,-4.035015106201172,-3.9291999340057373,30.213172912597656,0
1745923239.4727283,7.904224395751953,4.4444193840026855,8.537027359008789,9.428794860839844,-4.019335746765137,-3.891235589981079,30.31446647644043,0
1745923239.4846091,7.914694786071777,4.448611259460449,8.548873901367188,9.419273376464844,-4.003156661987305,-3.8805150985717773,30.331453323364258,0
1745923239.497704,7.908207416534424,4.444020748138428,8.545167922973633,9.408540725708008,-3.9982807636260986,-3.8814537525177,30.305936813354492,0
1745923239.5097213,7.899216651916504,4.4385199546813965,8.53453254699707,9.419763565063477,-4.017095565795898,-3.8936893939971924,30.29203224182129,0
1745923239.523361,7.90247917175293,4.440986156463623,8.532054901123047,9.452791213989258,-4.045804023742676,-3.906217575073242,30.328311920166016,0
1745923239.5380275,7.923761367797852,4.454263687133789,8.548725128173828,9.487443923950195,-4.058304786682129,-3.90676212310791,30.414194107055664,0
1745923239.546656,7.9531049728393555,4.469969272613525,8.573795318603516,9.504844665527344,-4.052140235900879,-3.8937768936157227,30.5017147064209,0
1745923239.5596287,7.971902370452881,4.483057498931885,8.595494270324707,9.51264762878418,-4.036499500274658,-3.884319543838501,30.563100814819336,0
1745923239.5750802,7.98398494720459,4.491061687469482,8.604937553405762,9.51795768737793,-4.031852722167969,-3.876235008239746,30.59794044494629,0
1745923239.5854087,7.998780250549316,4.48723030090332,8.60417366027832,9.534225463867188,-4.060970306396484,-3.8759984970092773,30.624408721923828,0
1745923239.59615,8.016212463378906,4.491308689117432,8.601119041442871,9.570388793945312,-4.101722240447998,-3.877037763595581,30.679027557373047,0
1745923239.6086695,8.042255401611328,4.502461910247803,8.62401008605957,9.601545333862305,-4.110629558563232,-3.877040147781372,30.770273208618164,0
1745923239.6217725,8.063366889953613,4.513425350189209,8.640103340148926,9.622159957885742,-4.114781856536865,-3.871549367904663,30.83905601501465,0
1745923239.63943,8.07596206665039,4.520045280456543,8.651762962341309,9.63718032836914,-4.117129802703857,-3.8708715438842773,30.884950637817383,0
1745923239.6485367,8.087000846862793,4.525716781616211,8.657499313354492,9.650802612304688,-4.124329090118408,-3.8681540489196777,30.9210205078125,0
1745923239.6583946,8.099785804748535,4.527082443237305,8.659939765930176,9.666202545166016,-4.142117977142334,-3.866658926010132,30.95301055908203,0
1745923239.6739852,8.110977172851562,4.529984474182129,8.65660572052002,9.68885612487793,-4.168625831604004,-3.866032838821411,30.98642349243164,0
1745923239.6835475,8.128181457519531,4.533702373504639,8.65267562866211,9.72154426574707,-4.207155704498291,-3.865144968032837,31.036104202270508,0
1745923239.695519,8.155343055725098,4.539487361907959,8.659101486206055,9.760465621948242,-4.245049953460693,-3.8637893199920654,31.114397048950195,0
1745923239.713776,8.182543754577637,4.548364639282227,8.674001693725586,9.794740676879883,-4.2672810554504395,-3.862046718597412,31.19965171813965,0
1745923239.7197978,8.232638359069824,4.561376571655273,8.689796447753906,9.817317962646484,-4.29268741607666,-3.8329315185546875,31.301128387451172,0
1745923239.7377477,8.248628616333008,4.5753374099731445,8.710062026977539,9.827199935913086,-4.277001857757568,-3.8257181644439697,31.36122703552246,0
1745923239.7462482,8.256386756896973,4.5862250328063965,8.73025131225586,9.815692901611328,-4.242210388183594,-3.8157217502593994,31.3885555267334,0
1745923239.7579725,8.248287200927734,4.5907392501831055,8.737292289733887,9.785575866699219,-4.201381683349609,-3.8059146404266357,31.361894607543945,0
1745923239.7729685,8.226985931396484,4.592370510101318,8.729432106018066,9.748241424560547,-4.163203239440918,-3.7966740131378174,31.29703140258789,0
1745923239.7817864,8.200923919677734,4.568451881408691,8.711402893066406,9.723339080810547,-4.167508602142334,-3.8127241134643555,31.204116821289062,0
1745923239.7946754,8.183719635009766,4.561983585357666,8.691678047180176,9.71623420715332,-4.175957202911377,-3.816777467727661,31.153615951538086,0
1745923239.806968,8.181538581848145,4.560352325439453,8.680632591247559,9.719106674194336,-4.189585208892822,-3.8153042793273926,31.141630172729492,0
1745923239.8188236,8.185388565063477,4.561699390411377,8.679757118225098,9.713098526000977,-4.187446594238281,-3.807365655899048,31.139944076538086,0
1745923239.832001,8.190643310546875,4.5701212882995605,8.682252883911133,9.692218780517578,-4.164209365844727,-3.78631591796875,31.135236740112305,0
1745923239.8441489,8.184952735900879,4.5661187171936035,8.668935775756836,9.655035018920898,-4.149251937866211,-3.7660727500915527,31.075042724609375,0
1745923239.8564255,8.164770126342773,4.555875778198242,8.64557933807373,9.616584777832031,-4.138978481292725,-3.7560150623321533,30.982810974121094,0
1745923239.8706949,8.119455337524414,4.540663719177246,8.618999481201172,9.59400749206543,-4.130012512207031,-3.777092456817627,30.873125076293945,0
1745923239.8804667,8.110939025878906,4.512515068054199,8.5954008102417,9.597843170166016,-4.180339336395264,-3.7955267429351807,30.81669807434082,0
1745923239.8929946,8.122661590576172,4.512666702270508,8.584505081176758,9.6243896484375,-4.221102714538574,-3.794710397720337,30.844223022460938,0
1745923239.9068055,8.143943786621094,4.5164031982421875,8.582269668579102,9.655792236328125,-4.260082244873047,-3.790875196456909,30.898408889770508,0
1745923239.91839,8.169190406799316,4.519589900970459,8.584784507751465,9.688365936279297,-4.2984747886657715,-3.7876129150390625,30.961929321289062,0
1745923239.9304676,8.197509765625,4.520614147186279,8.58543586730957,9.718992233276367,-4.341765403747559,-3.7815191745758057,31.022552490234375,0
1745923239.9425938,8.222661018371582,4.517939567565918,8.579681396484375,9.74159049987793,-4.386911392211914,-3.7729244232177734,31.061872482299805,0
1745923239.9546974,8.245366096496582,4.517086029052734,8.566121101379395,9.763885498046875,-4.436098575592041,-3.7603530883789062,31.092458724975586,0
1745923239.973834,8.26467514038086,4.511850833892822,8.550494194030762,9.794607162475586,-4.495723724365234,-3.7575180530548096,31.121625900268555,0
1745923239.9802074,8.286773681640625,4.50084924697876,8.534252166748047,9.844261169433594,-4.578243255615234,-3.767188310623169,31.166135787963867,0
1745923239.9906712,8.319721221923828,4.503410339355469,8.52497673034668,9.901700973510742,-4.652987957000732,-3.765605926513672,31.24980926513672,0
1745923240.0045025,8.410028457641602,4.511338710784912,8.528292655944824,9.956003189086914,-4.748799800872803,-3.7197580337524414,31.405664443969727,0
1745923240.0185008,8.455134391784668,4.521847248077393,8.53386116027832,9.99815559387207,-4.79647970199585,-3.702298879623413,31.50899887084961,0
1745923240.0315537,8.490055084228516,4.529965400695801,8.540138244628906,10.020130157470703,-4.823334217071533,-3.6841084957122803,31.58028793334961,0
1745923240.0412843,8.508833885192871,4.532886505126953,8.54257869720459,10.014215469360352,-4.827199459075928,-3.665252447128296,31.598514556884766,0
1745923240.053262,8.506993293762207,4.528656482696533,8.534103393554688,9.986875534057617,-4.818990707397461,-3.6503233909606934,31.556629180908203,0
1745923240.0711844,8.488574981689453,4.516953468322754,8.516279220581055,9.95366096496582,-4.8117499351501465,-3.645780324935913,31.4754695892334,0
1745923240.078095,8.467957496643066,4.492674350738525,8.492437362670898,9.919404983520508,-4.821521282196045,-3.6489124298095703,31.372474670410156,0
1745923240.0909173,8.444911003112793,4.478789329528809,8.446990966796875,9.890174865722656,-4.845053672790527,-3.6365842819213867,31.260866165161133,0
1745923240.1060731,8.423951148986816,4.469703674316406,8.430898666381836,9.861417770385742,-4.834657669067383,-3.6353490352630615,31.185972213745117,0
1745923240.1143117,8.403389930725098,4.463311672210693,8.418176651000977,9.828975677490234,-4.815363883972168,-3.631484270095825,31.113853454589844,0
1745923240.1270764,8.384516716003418,4.459517955780029,8.411005973815918,9.793720245361328,-4.78653621673584,-3.625734329223633,31.04875946044922,0
1745923240.1412165,8.363670349121094,4.454680919647217,8.405082702636719,9.755496978759766,-4.753659248352051,-3.621389627456665,30.978931427001953,0
1745923240.1529527,8.30494499206543,4.449730396270752,8.392715454101562,9.709659576416016,-4.693269729614258,-3.639417886734009,30.8570499420166,0
1745923240.1645308,8.273704528808594,4.4422760009765625,8.374089241027832,9.66888427734375,-4.666422367095947,-3.6368870735168457,30.758953094482422,0
1745923240.1791525,8.243697166442871,4.42127799987793,8.360269546508789,9.634252548217773,-4.654323577880859,-3.6504344940185547,30.65949821472168,0
1745923240.1888907,8.217558860778809,4.409271240234375,8.343562126159668,9.603246688842773,-4.641357898712158,-3.654113292694092,30.573638916015625,0
1745923240.2077863,8.195802688598633,4.397700786590576,8.322738647460938,9.577323913574219,-4.639510631561279,-3.6544671058654785,30.493566513061523,0
1745923240.2139177,8.175487518310547,4.386908054351807,8.304335594177246,9.550436019897461,-4.63458776473999,-3.6538541316986084,30.417165756225586,0
1745923240.225824,8.161317825317383,4.376760005950928,8.286920547485352,9.529350280761719,-4.637083053588867,-3.6516032218933105,30.35434913635254,0
1745923240.2401328,8.150221824645996,4.367465496063232,8.270306587219238,9.520111083984375,-4.649308681488037,-3.6533899307250977,30.30810546875,0
1745923240.2505715,8.142843246459961,4.3610920906066895,8.253710746765137,9.520261764526367,-4.668501377105713,-3.655165910720825,30.27790641784668,0
1745923240.2633986,8.14517593383789,4.356919288635254,8.243745803833008,9.52175521850586,-4.686709880828857,-3.65181040763855,30.267597198486328,0
1745923240.275853,8.14709186553955,4.353144645690918,8.236295700073242,9.516143798828125,-4.69598913192749,-3.6458351612091064,30.252676010131836,0
1745923240.2898169,8.149633407592773,4.34658145904541,8.224766731262207,9.502483367919922,-4.70698881149292,-3.634650230407715,30.223464965820312,0
1745923240.2995903,8.137399673461914,4.3371734619140625,8.20763111114502,9.483400344848633,-4.711586952209473,-3.6314749717712402,30.165605545043945,0
1745923240.3126857,8.124652862548828,4.322871208190918,8.186919212341309,9.468908309936523,-4.728562355041504,-3.6332950592041016,30.103351593017578,0
1745923240.3260376,8.113992691040039,4.308607578277588,8.162351608276367,9.459989547729492,-4.755698204040527,-3.6343746185302734,30.044940948486328,0
1745923240.3401558,8.11179256439209,4.299806118011475,8.122790336608887,9.457023620605469,-4.8045148849487305,-3.6187875270843506,29.991413116455078,0
1745923240.3506396,8.112418174743652,4.289411544799805,8.107498168945312,9.463163375854492,-4.837862491607666,-3.6215031147003174,29.972490310668945,0
1745923240.363145,8.119000434875488,4.281862258911133,8.090456008911133,9.474746704101562,-4.878851890563965,-3.6191320419311523,29.966064453125,0
1745923240.376075,8.12897777557373,4.276095867156982,8.079914093017578,9.48270034790039,-4.910579681396484,-3.6141715049743652,29.967687606811523,0
1745923240.3864625,8.137190818786621,4.273193836212158,8.071084976196289,9.488180160522461,-4.9340105056762695,-3.607866048812866,29.969650268554688,0
1745923240.4064634,8.145593643188477,4.271809101104736,8.066224098205566,9.482795715332031,-4.943198204040527,-3.596156358718872,29.96642303466797,0
1745923240.4115257,8.14874267578125,4.266592979431152,8.058289527893066,9.466924667358398,-4.947871208190918,-3.5840182304382324,29.940549850463867,0
1745923240.4233067,8.14079475402832,4.256881237030029,8.043630599975586,9.450372695922852,-4.955838680267334,-3.5803563594818115,29.891679763793945,0
1745923240.4399176,8.111944198608398,4.2450642585754395,8.026960372924805,9.44659423828125,-4.9621052742004395,-3.60192608833313,29.830562591552734,0
1745923240.449188,8.11220932006836,4.236414909362793,8.00947093963623,9.456323623657227,-4.9987263679504395,-3.6043150424957275,29.81441879272461,0
1745923240.4646826,8.124975204467773,4.237173557281494,8.006900787353516,9.475936889648438,-5.025684356689453,-3.603100299835205,29.844985961914062,0
1745923240.4738514,8.140775680541992,4.244343280792236,8.012246131896973,9.497438430786133,-5.040524482727051,-3.5998198986053467,29.894804000854492,0
1745923240.4852695,8.156386375427246,4.246942043304443,8.013307571411133,9.526403427124023,-5.070663928985596,-3.6023077964782715,29.943038940429688,0
1745923240.500726,8.179375648498535,4.254510402679443,8.018783569335938,9.56086540222168,-5.100183486938477,-3.600409984588623,30.013534545898438,0
1745923240.511893,8.205305099487305,4.261547565460205,8.025042533874512,9.60114860534668,-5.135943412780762,-3.600370407104492,30.093042373657227,0
1745923240.523287,8.234345436096191,4.269589900970459,8.035901069641113,9.645833969116211,-5.171040058135986,-3.6021668910980225,30.185670852661133,0
1745923240.540663,8.269759178161621,4.2803449630737305,8.051155090332031,9.680938720703125,-5.195711135864258,-3.5935893058776855,30.282197952270508,0
1745923240.54711,8.300240516662598,4.28869104385376,8.066838264465332,9.70431137084961,-5.209887504577637,-3.5845274925231934,30.36008071899414,0
1745923240.5604143,8.321029663085938,4.295804023742676,8.076654434204102,9.713985443115234,-5.214230537414551,-3.5731325149536133,30.407474517822266,0
1745923240.571999,8.33470630645752,4.299313068389893,8.079523086547852,9.716781616210938,-5.219603538513184,-3.5624983310699463,30.43032455444336,0
1745923240.5835083,8.35137939453125,4.296657562255859,8.069892883300781,9.717538833618164,-5.246059894561768,-3.546102285385132,30.435468673706055,0
1745923240.6080918,8.357277870178223,4.2948174476623535,8.060766220092773,9.717140197753906,-5.262153625488281,-3.537364959716797,30.430002212524414,0
1745923240.6109068,8.359193801879883,4.29396390914917,8.055644035339355,9.716499328613281,-5.2696404457092285,-3.533200979232788,30.42530059814453,0
1745923240.622034,8.360654830932617,4.2931671142578125,8.053744316101074,9.707542419433594,-5.2669878005981445,-3.52643084526062,30.41510772705078,0
1745923240.6389148,8.35856819152832,4.2957658767700195,8.050745964050293,9.695318222045898,-5.256723880767822,-3.5172669887542725,30.40039825439453,0
1745923240.6456604,8.350885391235352,4.294153690338135,8.047262191772461,9.691879272460938,-5.253976821899414,-3.520784854888916,30.384180068969727,0
1745923240.6584325,8.34792709350586,4.292389869689941,8.045455932617188,9.696035385131836,-5.258780479431152,-3.5259475708007812,30.381807327270508,0
1745923240.6712937,8.347566604614258,4.301797866821289,8.050447463989258,9.695016860961914,-5.241992473602295,-3.5209310054779053,30.39482879638672,0
1745923240.6828387,8.34754753112793,4.302006244659424,8.058084487915039,9.684114456176758,-5.225234031677246,-3.5189006328582764,30.391752243041992,0
1745923240.6950178,8.341572761535645,4.300185680389404,8.06013298034668,9.666315078735352,-5.207154750823975,-3.516127586364746,30.368206024169922,0
1745923240.7071834,8.328920364379883,4.296979904174805,8.05715274810791,9.646099090576172,-5.189226150512695,-3.515573740005493,30.329151153564453,0
1745923240.7199922,8.302081108093262,4.290493011474609,8.049348831176758,9.63357162475586,-5.175232887268066,-3.530818462371826,30.275493621826172,0
1745923240.7396302,8.293753623962402,4.285978317260742,8.04433822631836,9.638200759887695,-5.182884216308594,-3.541008234024048,30.262269973754883,0
1745923240.744716,8.29737663269043,4.286187171936035,8.044990539550781,9.655187606811523,-5.197469234466553,-3.548072099685669,30.283742904663086,0
1745923240.7575984,8.306936264038086,4.2917256355285645,8.05201244354248,9.676877975463867,-5.207216739654541,-3.5523736476898193,30.327550888061523,0
1745923240.7728803,8.321921348571777,4.313482284545898,8.06387710571289,9.704671859741211,-5.202564239501953,-3.545461654663086,30.40395164489746,0
1745923240.7850173,8.342236518859863,4.322587013244629,8.078535079956055,9.74565315246582,-5.2225213050842285,-3.5536296367645264,30.489011764526367,0
1745923240.793401,8.370594024658203,4.336642265319824,8.098054885864258,9.78425407409668,-5.23591423034668,-3.552734375,30.58954429626465,0
1745923240.8090136,8.398723602294922,4.348952770233154,8.12055492401123,9.818283081054688,-5.244322299957275,-3.552518129348755,30.68651580810547,0
1745923240.81816,8.423381805419922,4.359441757202148,8.15795612335205,9.838838577270508,-5.226024150848389,-3.557335138320923,30.779619216918945,0
1745923240.8308828,8.438480377197266,4.365644454956055,8.167287826538086,9.845207214355469,-5.22514009475708,-3.549246311187744,30.816619873046875,0
1745923240.8442826,8.445005416870117,4.3665361404418945,8.169727325439453,9.84926986694336,-5.229371070861816,-3.547020673751831,30.83053970336914,0
1745923240.855899,8.44432258605957,4.366118907928467,8.172930717468262,9.859264373779297,-5.233244895935059,-3.5553650856018066,30.842636108398438,0
1745923240.8756757,8.451796531677246,4.376797676086426,8.18708610534668,9.871376037597656,-5.220961093902588,-3.5557684898376465,30.887056350708008,0
1745923240.8802335,8.456405639648438,4.382848739624023,8.20284366607666,9.874114990234375,-5.202939510345459,-3.557737350463867,30.916213989257812,0
1745923240.8924723,8.453446388244629,4.384631633758545,8.211504936218262,9.860946655273438,-5.179826259613037,-3.5561304092407227,30.91053009033203,0
1745923240.9061272,8.440263748168945,4.379908561706543,8.210965156555176,9.841257095336914,-5.161184310913086,-3.5589423179626465,30.872394561767578,0
1745923240.9190156,8.42416000366211,4.371847152709961,8.202489852905273,9.831489562988281,-5.159806251525879,-3.56787109375,30.829986572265625,0
1745923240.929223,8.414485931396484,4.365606784820557,8.193214416503906,9.842107772827148,-5.1772027015686035,-3.5813190937042236,30.815414428710938,0
1745923240.9414377,8.413177490234375,4.365758419036865,8.195747375488281,9.860416412353516,-5.186895847320557,-3.5940139293670654,30.835100173950195,0
1745923240.9558256,8.422224998474121,4.372378349304199,8.208823204040527,9.886981964111328,-5.192038059234619,-3.6038777828216553,30.89040756225586,0
1745923240.9676454,8.439599990844727,4.381293296813965,8.223891258239746,9.919820785522461,-5.203315258026123,-3.6099014282226562,30.9646053314209,0
1745923240.9805014,8.458605766296387,4.401209831237793,8.240896224975586,9.954870223999023,-5.203519344329834,-3.6082067489624023,31.05558204650879,0
1745923240.991743,8.476057052612305,4.406919002532959,8.256169319152832,9.986196517944336,-5.21686315536499,-3.6159346103668213,31.125341415405273,0
1745923241.0076861,8.500107765197754,4.416593074798584,8.270455360412598,10.016729354858398,-5.231211185455322,-3.6142995357513428,31.203886032104492,0
1745923241.0180476,8.549121856689453,4.426778793334961,8.285151481628418,10.045429229736328,-5.261319160461426,-3.591853618621826,31.306480407714844,0
1745923241.0283084,8.565814018249512,4.43654727935791,8.302454948425293,10.060298919677734,-5.255492210388184,-3.5889639854431152,31.365116119384766,0
1745923241.0419083,8.57740306854248,4.446904182434082,8.323259353637695,10.060752868652344,-5.231219291687012,-3.583566665649414,31.4083194732666,0
1745923241.0556555,8.575145721435547,4.454263687133789,8.35246467590332,10.048622131347656,-5.182136058807373,-3.5890374183654785,31.430496215820312,0
1745923241.0713375,8.561830520629883,4.456862449645996,8.357549667358398,10.027706146240234,-5.149145126342773,-3.588651180267334,31.403949737548828,0
1745923241.0784397,8.546770095825195,4.458835124969482,8.357903480529785,10.00029182434082,-5.1157402992248535,-3.5838894844055176,31.363801956176758,0
1745923241.0909746,8.52761173248291,4.456179618835449,8.35725212097168,9.973348617553711,-5.08554744720459,-3.585667610168457,31.31439208984375,0
1745923241.1063988,8.506481170654297,4.453619003295898,8.355202674865723,9.953073501586914,-5.0600810050964355,-3.591862440109253,31.26837730407715,0
1745923241.117041,8.49024486541748,4.455326080322266,8.354141235351562,9.935615539550781,-5.0346527099609375,-3.592979669570923,31.235328674316406,0
1745923241.1275485,8.474406242370605,4.4558000564575195,8.357549667358398,9.91683578491211,-5.005064964294434,-3.5965144634246826,31.204591751098633,0
1745923241.1409316,8.45767593383789,4.454529285430908,8.35820198059082,9.900568008422852,-4.981376647949219,-3.6020007133483887,31.170974731445312,0
1745923241.1525586,8.433568000793457,4.45310640335083,8.357568740844727,9.881616592407227,-4.951712131500244,-3.6112325191497803,31.1258602142334,0
1745923241.1653628,8.418241500854492,4.453580856323242,8.358798027038574,9.868522644042969,-4.928842544555664,-3.6163532733917236,31.099143981933594,0
1745923241.1764894,8.407922744750977,4.453429222106934,8.35933780670166,9.863761901855469,-4.917239665985107,-3.6222832202911377,31.08445167541504,0
1745923241.191149,8.404926300048828,4.455439567565918,8.361647605895996,9.863779067993164,-4.910452365875244,-3.6243650913238525,31.085792541503906,0
1745923241.2055175,8.407695770263672,4.455610275268555,8.363529205322266,9.861532211303711,-4.908668041229248,-3.6218326091766357,31.088367462158203,0
1745923241.2132545,8.407695770263672,4.456482887268066,8.364831924438477,9.857336044311523,-4.903247833251953,-3.619523763656616,31.086347579956055,0
1745923241.2257307,8.4037504196167,4.4553070068359375,8.361964225769043,9.847209930419922,-4.897070407867432,-3.6163136959075928,31.0682315826416,0
1745923241.240526,8.395403861999512,4.448573112487793,8.351719856262207,9.83698844909668,-4.901243686676025,-3.616811752319336,31.032686233520508,0
1745923241.2500467,8.389049530029297,4.44180154800415,8.344009399414062,9.829166412353516,-4.9060516357421875,-3.6185245513916016,31.004026412963867,0
1745923241.263099,8.385009765625,4.43783712387085,8.335552215576172,9.825122833251953,-4.913218021392822,-3.617870807647705,30.983522415161133,0
1745923241.2745838,8.380742073059082,4.432393550872803,8.328940391540527,9.832263946533203,-4.9281697273254395,-3.625887632369995,30.97433853149414,0
1745923241.288991,8.38066577911377,4.436945915222168,4.811013221740723,9.843694686889648,-9.148818016052246,-1.4042869806289673,27.472318649291992,0
1745923241.3004937,8.393013954162598,4.437458038330078,8.337713241577148,9.851385116577148,-4.936831951141357,-3.627746820449829,31.01957130432129,0
1745923241.315413,8.403940200805664,4.44128942489624,8.342350959777832,9.862325668334961,-4.944089889526367,-3.624758005142212,31.04990577697754,0
1745923241.3271635,8.416572570800781,4.443546772003174,8.338178634643555,9.871261596679688,-4.962125778198242,-3.6156210899353027,31.06955909729004,0
1745923241.339116,8.420498847961426,4.440815448760986,8.331809043884277,9.87388801574707,-4.976640701293945,-3.6125783920288086,31.0670108795166,0
1745923241.351438,8.422148704528809,4.441744804382324,8.32476806640625,9.86037826538086,-4.974338054656982,-3.5990262031555176,31.049039840698242,0
1745923241.363186,8.415946960449219,4.437894344329834,8.31180477142334,9.83564567565918,-4.969245433807373,-3.585843086242676,31.001291275024414,0
1745923241.3772368,8.398666381835938,4.422074794769287,8.299437522888184,9.815938949584961,-4.971749305725098,-3.5940940380096436,30.93611717224121,0
1745923241.388896,8.38127326965332,4.415815353393555,8.295097351074219,9.803186416625977,-4.9605913162231445,-3.6032936573028564,30.89537239074707,0
1745923241.3990493,8.36949348449707,4.414506435394287,8.292341232299805,9.803071975708008,-4.956055641174316,-3.612104654312134,30.879413604736328,0
1745923241.4134307,8.365301132202148,4.411149024963379,8.293644905090332,9.812746047973633,-4.962337970733643,-3.624303102493286,30.882841110229492,0
1745923241.4248533,8.36808967590332,4.41240119934082,8.296550750732422,9.829240798950195,-4.9722771644592285,-3.6319899559020996,30.906282424926758,0
1745923241.4392848,8.384459495544434,4.414165019989014,8.298822402954102,9.843278884887695,-4.990606307983398,-3.626709461212158,30.940725326538086,0
1745923241.4517756,8.398078918457031,4.418432712554932,8.303013801574707,9.84588623046875,-4.99365234375,-3.616297483444214,30.965412139892578,0
1745923241.4605525,8.401512145996094,4.422226428985596,8.305341720581055,9.847776412963867,-4.991086959838867,-3.6129226684570312,30.976856231689453,0
1745923241.4753923,8.402327537536621,4.420823097229004,8.304559707641602,9.853652954101562,-4.99838399887085,-3.616248369216919,30.98136329650879,0
1745923241.4863496,8.404376029968262,4.4228715896606445,8.307502746582031,9.852802276611328,-4.993957996368408,-3.6141674518585205,30.987552642822266,0
1745923241.5080886,8.40337085723877,4.423364639282227,8.308340072631836,9.850969314575195,-4.990434169769287,-3.614015579223633,30.98604393005371,0
1745923241.5126379,8.399880409240723,4.424313068389893,8.30776309967041,9.849721908569336,-4.9865193367004395,-3.615011692047119,30.981679916381836,0
1745923241.524082,8.396560668945312,4.423649311065674,8.310128211975098,9.849702835083008,-4.982227325439453,-3.6194939613342285,30.980039596557617,0
1745923241.5394912,8.394721031188965,4.423269748687744,8.312195777893066,9.849344253540039,-4.978795528411865,-3.622215509414673,30.97953224182129,0
1745923241.5506783,8.393962860107422,4.421581745147705,8.315679550170898,9.844980239868164,-4.973079204559326,-3.623666286468506,30.97620391845703,0
1745923241.5598652,8.392444610595703,4.4205193519592285,8.316387176513672,9.825347900390625,-4.957723140716553,-3.615095853805542,30.95469856262207,0
1745923241.5734608,8.383757591247559,4.413292407989502,8.309830665588379,9.79625129699707,-4.944248676300049,-3.6077146530151367,30.90313148498535,0
1745923241.5838432,8.341287612915039,4.402461528778076,8.297649383544922,9.76800537109375,-4.9159369468688965,-3.6274642944335938,30.809404373168945,0
1745923241.5971756,8.317615509033203,4.393243312835693,8.283344268798828,9.748373031616211,-4.90860652923584,-3.634634256362915,30.742576599121094,0
1745923241.6088998,8.302555084228516,4.3878374099731445,8.273025512695312,9.739473342895508,-4.907441139221191,-3.640186071395874,30.702890396118164,0
1745923241.6205094,8.295309066772461,4.383076190948486,8.270605087280273,9.747882843017578,-4.916015625,-3.6532113552093506,30.69687271118164,0
1745923241.6330945,8.297186851501465,4.384138584136963,8.272411346435547,9.769157409667969,-4.9303388595581055,-3.6638832092285156,30.7228946685791,0
1745923241.6471033,8.310957908630371,4.388861656188965,8.279191017150879,9.79591178894043,-4.948407173156738,-3.6679527759552,30.77492332458496,0
1745923241.658895,8.33151912689209,4.395253658294678,8.291726112365723,9.817621231079102,-4.959784030914307,-3.6656394004821777,30.836118698120117,0
1745923241.6748083,8.349122047424316,4.408474445343018,8.304652214050293,9.833396911621094,-4.956780910491943,-3.6571340560913086,30.895645141601562,0
1745923241.6860778,8.359554290771484,4.41317892074585,8.313965797424316,9.840841293334961,-4.955163955688477,-3.654463052749634,30.927541732788086,0
1745923241.695257,8.363992691040039,4.413045883178711,8.317280769348145,9.843259811401367,-4.956881999969482,-3.654247522354126,30.937578201293945,0
1745923241.7075386,8.366022109985352,4.412059783935547,8.31973934173584,9.840408325195312,-4.9547014236450195,-3.65319561958313,30.938228607177734,0
1745923241.7220685,8.367255210876465,4.40894889831543,8.314729690551758,9.841560363769531,-4.965129852294922,-3.6525278091430664,30.9324951171875,0
1745923241.732167,8.368392944335938,4.406520843505859,8.309514045715332,9.844488143920898,-4.976304054260254,-3.6522741317749023,30.92891502380371,0
1745923241.7440968,8.37063217163086,4.409498691558838,8.309905052185059,9.844451904296875,-4.9743523597717285,-3.648315906524658,30.934486389160156,0
1745923241.7589133,8.370479583740234,4.409536838531494,8.310333251953125,9.841617584228516,-4.971632480621338,-3.6470563411712646,30.93196678161621,0
1745923241.7734895,8.36575698852539,4.405211925506592,8.309383392333984,9.840747833251953,-4.973091125488281,-3.6532464027404785,30.921100616455078,0
1745923241.7829711,8.360426902770996,4.404377460479736,8.307055473327637,9.840578079223633,-4.9723663330078125,-3.6567604541778564,30.912439346313477,0
1745923241.7948484,8.356329917907715,4.401854515075684,8.308173179626465,9.836477279663086,-4.9677581787109375,-3.6603689193725586,30.902833938598633,0
1745923241.8067822,8.35384464263916,4.40047025680542,8.306328773498535,9.836816787719727,-4.969605445861816,-3.662614345550537,30.897459030151367,0
1745923241.8199446,8.35576057434082,4.4010772705078125,8.30889892578125,9.839519500732422,-4.969656467437744,-3.663557767868042,30.905256271362305,0
1745923241.8324373,8.356197357177734,4.402367115020752,8.314431190490723,9.847002029418945,-4.96828031539917,-3.6694788932800293,30.91999626159668,0
1745923241.8442512,8.360711097717285,4.403618812561035,8.315343856811523,9.85367202758789,-4.974300384521484,-3.669127941131592,30.933345794677734,0
1745923241.8551383,8.365965843200684,4.403391361236572,8.314337730407715,9.859907150268555,-4.984164237976074,-3.6680476665496826,30.943601608276367,0
1745923241.874592,8.3738374710083,4.404339790344238,8.311636924743652,9.861948013305664,-4.993404865264893,-3.660649299621582,30.95176124572754,0
1745923241.8809226,8.376720428466797,4.402879238128662,8.309160232543945,9.864969253540039,-5.001988410949707,-3.6598212718963623,30.9537296295166,0
1745923241.8925922,8.379432678222656,4.402442932128906,8.308116912841797,9.873849868774414,-5.012176036834717,-3.662398099899292,30.963842391967773,0
1745923241.912878,8.384459495544434,4.404965400695801,8.308116912841797,9.879745483398438,-5.017594337463379,-3.6596872806549072,30.97728729248047,0
1745923241.917098,8.38939094543457,4.402575492858887,8.308470726013184,9.885263442993164,-5.02751350402832,-3.660949945449829,30.985700607299805,0
1745923241.9301822,8.393203735351562,4.399635314941406,8.308470726013184,9.891988754272461,-5.03845739364624,-3.664018154144287,30.99329948425293,0
1745923241.942511,8.39887523651123,4.400697708129883,8.309793472290039,9.902286529541016,-5.047740936279297,-3.665158987045288,31.011653900146484,0
1745923241.9540613,8.407354354858398,4.4032206535339355,8.311357498168945,9.910015106201172,-5.055375099182129,-3.6616051197052,31.03194808959961,0
1745923241.971536,8.415055274963379,4.405818939208984,8.312549591064453,9.91621208190918,-5.061611652374268,-3.6575512886047363,31.04963493347168,0
1745923241.9792788,8.422698974609375,4.40574312210083,8.309680938720703,9.922767639160156,-5.075231552124023,-3.6536026000976562,31.060890197753906,0
1745923241.9945602,8.428617477416992,4.401835918426514,8.303479194641113,9.931327819824219,-5.096678733825684,-3.6533217430114746,31.065261840820312,0
1745923242.0054336,8.434952735900879,4.401039123535156,8.298226356506348,9.932838439941406,-5.1089067459106445,-3.6468377113342285,31.06705665588379,0
1745923242.015851,8.446599006652832,4.404927730560303,8.296159744262695,9.936901092529297,-5.118533611297607,-3.6356353759765625,31.08458709716797,0
1745923242.0290632,8.44699764251709,4.403903484344482,8.294426918029785,9.940017700195312,-5.124061107635498,-3.6369035243988037,31.085346221923828,0
1745923242.043242,8.44942569732666,4.403960227966309,8.29079532623291,9.941190719604492,-5.130520343780518,-3.633561849594116,31.085371017456055,0
1745923242.0525556,8.450885772705078,4.403448104858398,8.290590286254883,9.937429428100586,-5.1295905113220215,-3.630593776702881,31.082353591918945,0
1745923242.0653732,8.45086669921875,4.399312973022461,8.290701866149902,9.925054550170898,-5.124757289886475,-3.627030611038208,31.065935134887695,0
1745923242.0796225,8.445783615112305,4.3966193199157715,8.284648895263672,9.909523010253906,-5.118897914886475,-3.6211190223693848,31.036575317382812,0
1745923242.0912519,8.433245658874512,4.391839504241943,8.272970199584961,9.898073196411133,-5.118775367736816,-3.621908187866211,30.99612808227539,0
1745923242.107182,8.423362731933594,4.384555816650391,8.261570930480957,9.894502639770508,-5.128818035125732,-3.62715744972229,30.963991165161133,0
1745923242.1153903,8.420631408691406,4.382715702056885,8.254996299743652,9.897638320922852,-5.138122081756592,-3.628863573074341,30.95598030090332,0
1745923242.1274822,8.422945976257324,4.381388187408447,8.247974395751953,9.893274307250977,-5.1455488204956055,-3.6216864585876465,30.94558334350586,0
1745923242.1424441,8.426473617553711,4.378239631652832,8.245292663574219,9.87840461730957,-5.143415927886963,-3.611522912979126,30.92841148376465,0
1745923242.1522074,8.407676696777344,4.375299453735352,8.236910820007324,9.854351043701172,-5.123847484588623,-3.610583782196045,30.874237060546875,0
1745923242.1651127,8.39197063446045,4.369589805603027,8.223834991455078,9.822589874267578,-5.108799934387207,-3.6023826599121094,30.807985305786133,0
1745923242.176515,8.37025260925293,4.345576286315918,8.206624984741211,9.793323516845703,-5.115237236022949,-3.612687587738037,30.715778350830078,0
1745923242.1899104,8.350240707397461,4.337514877319336,8.185484886169434,9.780134201049805,-5.121997356414795,-3.615755558013916,30.65337562561035,0
1745923242.2050443,8.340566635131836,4.332545280456543,8.16901969909668,9.795230865478516,-5.149219512939453,-3.6267452239990234,30.63736343383789,0
1745923242.2129128,8.35486888885498,4.3371734619140625,8.162463188171387,9.833738327026367,-5.190624237060547,-3.629641532897949,30.688243865966797,0
1745923242.227701,8.386109352111816,4.349370002746582,8.171943664550781,9.879425048828125,-5.224248886108398,-3.626018524169922,30.786848068237305,0
1745923242.2411845,8.424064636230469,4.36492395401001,8.187719345092773,9.923694610595703,-5.2511701583862305,-3.617135524749756,30.900402069091797,0
1745923242.2527003,8.462721824645996,4.377821922302246,8.218899726867676,9.970815658569336,-5.266820907592773,-3.6200993061065674,31.03026008605957,0
1745923242.2655656,8.50346565246582,4.389620304107666,8.22966480255127,10.018901824951172,-5.307563304901123,-3.6114039421081543,31.141651153564453,0
1745923242.2747164,8.547813415527344,4.417503356933594,8.242815017700195,10.053346633911133,-5.32103967666626,-3.581012487411499,31.261478424072266,0
1745923242.2883809,8.5856351852417,4.4247870445251465,8.251140594482422,10.06413459777832,-5.339626789093018,-3.5562472343444824,31.32569694519043,0
1745923242.3007884,8.608624458312988,4.424009323120117,8.249911308288574,10.046449661254883,-5.345601558685303,-3.5283050537109375,31.328994750976562,0
1745923242.3150737,8.59278678894043,4.41856575012207,8.240020751953125,10.000858306884766,-5.317432880401611,-3.513990879058838,31.25223159790039,0
1745923242.3250186,8.55354118347168,4.399825096130371,8.217707633972168,9.92335319519043,-5.276255130767822,-3.5035722255706787,31.09442710876465,0
1745923242.338702,8.49360179901123,4.372529983520508,8.18293285369873,9.830581665039062,-5.2307658195495605,-3.5005276203155518,30.87964630126953,0
1745923242.350111,8.419588088989258,4.340967178344727,8.136629104614258,9.730083465576172,-5.185513496398926,-3.501105785369873,30.627267837524414,0
1745923242.3627717,8.33665943145752,4.309043884277344,8.089375495910645,9.637350082397461,-5.140074729919434,-3.513103485107422,30.37242889404297,0
1745923242.3740153,8.262835502624512,4.249958038330078,8.049721717834473,9.564210891723633,-5.137174129486084,-3.5557775497436523,30.126726150512695,0
1745923242.389666,8.201986312866211,4.2285051345825195,8.017536163330078,9.508792877197266,-5.107773780822754,-3.572227716445923,29.95682144165039,0
1745923242.4080722,8.152592658996582,4.2119646072387695,7.9896159172058105,9.472780227661133,-5.09157657623291,-3.589190721511841,29.826953887939453,0
1745923242.413792,8.113271713256836,4.200242519378662,7.967693328857422,9.453018188476562,-5.083498954772949,-3.606992721557617,29.73422622680664,0
1745923242.4234612,8.088689804077148,4.192617416381836,7.9539289474487305,9.438997268676758,-5.077534198760986,-3.6174137592315674,29.67423439025879,0
1745923242.4397326,8.075183868408203,4.188387393951416,7.9454169273376465,9.435426712036133,-5.078547954559326,-3.62505841255188,29.6444149017334,0
1745923242.4488778,8.07637882232666,4.191308498382568,7.9386186599731445,9.442550659179688,-5.089303970336914,-3.6218297481536865,29.64885711669922,0
1745923242.4600942,8.088082313537598,4.1930155754089355,7.936271667480469,9.46832275390625,-5.118939399719238,-3.624420642852783,29.685691833496094,0
1745923242.4742558,8.110426902770996,4.213235378265381,7.939307689666748,9.501197814941406,-5.135514259338379,-3.610170841217041,29.76416778564453,0
1745923242.4886377,8.138063430786133,4.227025508880615,7.954059600830078,9.528141021728516,-5.145637035369873,-3.60030460357666,29.8472900390625,0
1745923242.497689,8.16302490234375,4.24045467376709,7.988032817840576,9.536378860473633,-5.118492126464844,-3.593289852142334,29.92789077758789,0
1745923242.510532,8.180495262145996,4.2498064041137695,7.995352745056152,9.534753799438477,-5.1121625900268555,-3.574579954147339,29.96040916442871,0
1745923242.5218403,8.181026458740234,4.25225305557251,7.995296478271484,9.521339416503906,-5.099676132202148,-3.564300537109375,29.949914932250977,0
1745923242.5400026,8.173439025878906,4.250697612762451,7.987027168273926,9.502691268920898,-5.090462684631348,-3.556118965148926,29.913854598999023,0
1745923242.5473647,8.16439151763916,4.2477006912231445,7.978626728057861,9.483909606933594,-5.081744194030762,-3.5501468181610107,29.8746280670166,0
1745923242.5598545,8.155513763427734,4.245822906494141,7.974398612976074,9.47166633605957,-5.072295188903809,-3.549363374710083,29.847402572631836,0
1745923242.5741603,8.147054672241211,4.249009609222412,7.972219467163086,9.465412139892578,-5.059870719909668,-3.548769474029541,29.833696365356445,0
1745923242.585409,8.146883010864258,4.250147819519043,7.973728179931641,9.454038619995117,-5.0480570793151855,-3.5422019958496094,29.824796676635742,0
1745923242.596157,8.142273902893066,4.251589298248291,7.973020553588867,9.440471649169922,-5.033246994018555,-3.5364491939544678,29.807355880737305,0
1745923242.608109,8.13641357421875,4.2512288093566895,7.968158721923828,9.42953109741211,-5.026084899902344,-3.5323092937469482,29.78533172607422,0
1745923242.6216693,8.133055686950684,4.250470161437988,7.959311485290527,9.425714492797852,-5.031203746795654,-3.5282697677612305,29.768552780151367,0
1745923242.6396692,8.134156227111816,4.252442836761475,7.956387519836426,9.432914733886719,-5.038662433624268,-3.528247833251953,29.775901794433594,0
1745923242.6453452,8.143658638000488,4.256255149841309,7.962366104125977,9.444988250732422,-5.044430255889893,-3.5278728008270264,29.807268142700195,0
1745923242.6597965,8.155438423156738,4.267143249511719,7.974957466125488,9.466073989868164,-5.043715000152588,-3.528959035873413,29.86361312866211,0
1745923242.6742077,8.168753623962402,4.285599231719971,7.986579895019531,9.49464225769043,-5.042630672454834,-3.526380777359009,29.935575485229492,0
1745923242.6834176,8.186450958251953,4.294286251068115,7.996898651123047,9.52810287475586,-5.060842037200928,-3.5303094387054443,30.005739212036133,0
1745923242.6964438,8.21086311340332,4.302727222442627,8.006136894226074,9.572845458984375,-5.094135284423828,-3.534867763519287,30.092571258544922,0
1745923242.7091794,8.244588851928711,4.317256927490234,8.020851135253906,9.62588119506836,-5.127885818481445,-3.534844160079956,30.20857810974121,0
1745923242.7255397,8.285920143127441,4.334309101104736,8.038471221923828,9.676916122436523,-5.159664630889893,-3.527151346206665,30.335617065429688,0
1745923242.732135,8.370991706848145,4.351513385772705,8.073152542114258,9.718671798706055,-5.198212623596191,-3.4887115955352783,30.51432991027832,0
1745923242.7471647,8.407790184020996,4.367162227630615,8.086414337158203,9.74690055847168,-5.215295314788818,-3.4704878330230713,30.608266830444336,0
1745923242.7566464,8.432904243469238,4.375906467437744,8.092262268066406,9.775543212890625,-5.239423751831055,-3.4631876945495605,30.676616668701172,0
1745923242.7743416,8.45959186553955,4.379794597625732,8.09572696685791,9.814502716064453,-5.280066967010498,-3.46305775642395,30.749614715576172,0
1745923242.7836657,8.493260383605957,4.400659561157227,8.106622695922852,9.869409561157227,-5.311018466949463,-3.4572246074676514,30.869951248168945,0
1745923242.795534,8.540623664855957,4.420443534851074,8.128210067749023,9.939092636108398,-5.35219144821167,-3.455899953842163,31.028369903564453,0
1745923242.8064585,8.593544960021973,4.441346168518066,8.15708065032959,10.018070220947266,-5.39471435546875,-3.4586777687072754,31.210041046142578,0
1745923242.8179402,8.653731346130371,4.466004848480225,8.187124252319336,10.09090805053711,-5.432306289672852,-3.450061321258545,31.397768020629883,0
1745923242.8399382,8.711091041564941,4.485447406768799,8.213404655456543,10.148649215698242,-5.466177940368652,-3.4372825622558594,31.558591842651367,0
1745923242.8431394,8.762835502624512,4.499407768249512,8.228137969970703,10.206521987915039,-5.513809680938721,-3.426856756210327,31.696903228759766,0
1745923242.855609,8.81035041809082,4.509650707244873,8.238344192504883,10.27125358581543,-5.571576118469238,-3.4239046573638916,31.829599380493164,0
1745923242.8734534,8.910141944885254,4.520993709564209,8.249985694885254,10.341711044311523,-5.666721820831299,-3.384204387664795,32.02283477783203,0
1745923242.8798199,8.97085952758789,4.548079967498779,8.266786575317383,10.4256591796875,-5.721151828765869,-3.3728325366973877,32.211387634277344,0
1745923242.8934963,9.036622047424316,4.567939758300781,8.287424087524414,10.520092010498047,-5.789131164550781,-3.371028423309326,32.412078857421875,0
1745923242.909018,9.106348037719727,4.589335918426514,8.311748504638672,10.59893798828125,-5.842957496643066,-3.35870099067688,32.60636901855469,0
1745923242.9181921,9.16592788696289,4.607924461364746,8.342928886413574,10.647043228149414,-5.864373207092285,-3.343275785446167,32.763824462890625,0
1745923242.9300141,9.197168350219727,4.616763591766357,8.36922836303711,10.688743591308594,-5.877291202545166,-3.3501203060150146,32.87190246582031,0
1745923242.941966,9.218658447265625,4.62249231338501,8.386512756347656,10.715988159179688,-5.886353969573975,-3.3538594245910645,32.94364929199219,0
1745923242.9544728,9.23216438293457,4.62736701965332,8.404747009277344,10.729120254516602,-5.880472183227539,-3.3570668697357178,32.99340057373047,0
1745923242.9669716,9.232145309448242,4.625507831573486,8.418121337890625,10.73399543762207,-5.871908187866211,-3.3682072162628174,33.009769439697266,0
1745923242.9792576,9.228370666503906,4.630819320678711,8.443265914916992,10.728326797485352,-5.834349632263184,-3.377469301223755,33.030784606933594,0
1745923242.9919286,9.220688819885254,4.629510402679443,8.456936836242676,10.701553344726562,-5.798541069030762,-3.3771138191223145,33.008689880371094,0
1745923243.0121534,9.199766159057617,4.629453182220459,8.467479705810547,10.65943717956543,-5.7453203201293945,-3.3757483959198,32.956138610839844,0
1745923243.0165026,9.117786407470703,4.628732681274414,8.478598594665527,10.611181259155273,-5.646368503570557,-3.417208194732666,32.83629608154297,0
1745923243.0289526,9.069379806518555,4.629472255706787,8.490407943725586,10.54658317565918,-5.556303977966309,-3.4244089126586914,32.735843658447266,0
1745923243.0404222,9.012835502624512,4.634252548217773,8.50786018371582,10.454265594482422,-5.430970668792725,-3.4228298664093018,32.609214782714844,0
1745923243.0554192,8.936944007873535,4.633474826812744,8.519109725952148,10.336420059204102,-5.285330772399902,-3.42279314994812,32.42594909667969,0
1745923243.064929,8.841041564941406,4.630534648895264,8.52387809753418,10.204444885253906,-5.1226887702941895,-3.428323745727539,32.19989776611328,0
1745923243.078361,8.736128807067871,4.611357688903809,8.522443771362305,10.053647994995117,-4.960824966430664,-3.439486503601074,31.9235782623291,0
1745923243.0971234,8.615889549255371,4.590341091156006,8.51300048828125,9.899187088012695,-4.79241418838501,-3.4576399326324463,31.618417739868164,0
1745923243.1075509,8.48576831817627,4.571581840515137,8.497876167297363,9.76824951171875,-4.634468078613281,-3.4920859336853027,31.323474884033203,0
1745923243.1152115,8.370043754577637,4.560712814331055,8.492158889770508,9.665786743164062,-4.487895965576172,-3.530895709991455,31.088703155517578,0
1745923243.1269865,8.278219223022461,4.560485363006592,8.499832153320312,9.56802749633789,-4.335842609405518,-3.55303955078125,30.906564712524414,0
1745923243.14273,8.20316219329834,4.564791202545166,8.515310287475586,9.451412200927734,-4.167451858520508,-3.5521485805511475,30.734676361083984,0
1745923243.1520145,8.118241310119629,4.567901611328125,8.530620574951172,9.310157775878906,-3.9714627265930176,-3.5459632873535156,30.526920318603516,0
1745923243.1649919,7.900126934051514,4.561831951141357,8.533321380615234,9.159059524536133,-3.6808276176452637,-3.6425557136535645,30.154340744018555,0
1745923243.1763036,7.776170253753662,4.519855499267578,8.521624565124512,9.007547378540039,-3.513226270675659,-3.68467116355896,29.825197219848633,0
1745923243.1891208,7.657316207885742,4.498819828033447,8.50094985961914,8.885810852050781,-3.3583035469055176,-3.7180893421173096,29.542896270751953,0
1745923243.2068667,7.553503513336182,4.481141567230225,8.480648040771484,8.796327590942383,-3.2364342212677,-3.755811929702759,29.311620712280273,0
1745923243.2134702,7.480305194854736,4.471733570098877,8.462897300720215,8.729043960571289,-3.1461758613586426,-3.775665760040283,29.143980026245117,0
1745923243.2262518,7.42571496963501,4.4706902503967285,8.46354866027832,8.665597915649414,-3.0455260276794434,-3.785890579223633,29.02555274963379,0
1745923243.2399843,7.381348609924316,4.4687933921813965,8.456098556518555,8.56651496887207,-2.931593894958496,-3.7620902061462402,28.87275505065918,0
1745923243.2506166,7.324880599975586,4.456463813781738,8.422255516052246,8.439413070678711,-2.8207955360412598,-3.724705457687378,28.64301300048828,0
1745923243.2644413,7.235198974609375,4.424862861633301,8.366508483886719,8.329391479492188,-2.738406181335449,-3.729466199874878,28.355960845947266,0
1745923243.2757373,7.144550323486328,4.36312198638916,8.317523002624512,8.245180130004883,-2.702293634414673,-3.7817671298980713,28.070375442504883,0
1745923243.2875106,7.076265335083008,4.3397908210754395,8.2820405960083,8.175743103027344,-2.642080783843994,-3.7984097003936768,27.87384033203125,0
1745923243.30015,6.960805892944336,4.314165115356445,8.242144584655762,8.117076873779297,-2.554952383041382,-3.8636655807495117,27.634193420410156,0
1745923243.312668,6.914959907531738,4.28870964050293,8.201279640197754,8.066987991333008,-2.539858818054199,-3.87146258354187,27.47193717956543,0
1745923243.3255699,6.876359939575195,4.263880729675293,8.160358428955078,8.02944564819336,-2.542398452758789,-3.880009651184082,27.33004379272461,0
1745923243.3406136,6.844114303588867,4.238159656524658,8.122305870056152,8.00267219543457,-2.5587656497955322,-3.892226457595825,27.207250595092773,0
1745923243.3498142,6.825999736785889,4.2190399169921875,8.090456008911133,7.967414855957031,-2.5661354064941406,-3.884064197540283,27.1029109954834,0
1745923243.3617308,6.810445785522461,4.2048139572143555,8.058084487915039,7.902645111083984,-2.5432016849517822,-3.849900007247925,26.975990295410156,0
1745923243.3743467,6.772661209106445,4.148061275482178,8.01049518585205,7.82328987121582,-2.5508623123168945,-3.8563337326049805,26.754507064819336,0
1745923243.3879285,6.719986438751221,4.110713005065918,7.949179649353027,7.758216857910156,-2.551527500152588,-3.859004259109497,26.538097381591797,0
1745923243.3988676,6.671883583068848,4.082146644592285,7.886801719665527,7.723224639892578,-2.5767080783843994,-3.867990732192993,26.364055633544922,0
1745923243.4119184,6.637020111083984,4.064126968383789,7.833904266357422,7.725246429443359,-2.6274869441986084,-3.8848788738250732,26.260297775268555,0
1745923243.4247754,6.6278395652771,4.0523858070373535,7.798757553100586,7.758369445800781,-2.7053747177124023,-3.9034018516540527,26.23735237121582,0
1745923243.439185,6.6443986892700195,4.0460124015808105,7.775214195251465,7.806850433349609,-2.802957773208618,-3.909975528717041,26.272476196289062,0
1745923243.448577,6.723401069641113,4.048440456390381,7.751000881195068,7.843204498291016,-2.938650608062744,-3.840911865234375,26.366046905517578,0
1745923243.46094,6.759781837463379,4.051229000091553,7.730587005615234,7.844186782836914,-2.9948041439056396,-3.791398763656616,26.385784149169922,0
1745923243.474835,6.765491008758545,4.029055118560791,7.696110725402832,7.810686111450195,-3.035141944885254,-3.762441396713257,26.30134391784668,0
1745923243.4856348,6.749425411224365,4.001911640167236,7.6492109298706055,7.7651519775390625,-3.064192295074463,-3.7424395084381104,26.165699005126953,0
1745923243.4994504,6.717653751373291,3.977385997772217,7.60201358795166,7.733711242675781,-3.089230537414551,-3.7438156604766846,26.030765533447266,0
1745923243.5129268,6.692596435546875,3.9572229385375977,7.559453010559082,7.728477478027344,-3.135319709777832,-3.755157470703125,25.9377498626709,0
1745923243.5233252,6.688708305358887,3.941725730895996,7.5298566818237305,7.743612289428711,-3.2003159523010254,-3.7640557289123535,25.903902053833008,0
1745923243.5352824,6.702213287353516,3.935314655303955,7.509797096252441,7.762960433959961,-3.2636353969573975,-3.756803035736084,25.9102840423584,0
1745923243.5480149,6.726568698883057,3.9358644485473633,7.492959022521973,7.777507781982422,-3.3203794956207275,-3.7315030097961426,25.932899475097656,0
1745923243.5597584,6.749311447143555,3.935333251953125,7.476531028747559,7.773294448852539,-3.3584940433502197,-3.69657826423645,25.93446922302246,0
1745923243.5745409,6.763385772705078,3.9191346168518066,7.450921058654785,7.758142471313477,-3.408104419708252,-3.671363353729248,25.891584396362305,0
1745923243.5852714,6.765813827514648,3.908797264099121,7.419275760650635,7.752567291259766,-3.4561262130737305,-3.6539578437805176,25.846454620361328,0
1745923243.5966947,6.768222808837891,3.902348041534424,7.3940749168396,7.766889572143555,-3.5105655193328857,-3.650510549545288,25.83153533935547,0
1745923243.6096153,6.784136772155762,3.9046812057495117,7.383774757385254,7.798046112060547,-3.5648269653320312,-3.6471095085144043,25.87063980102539,0
1745923243.6224484,6.813992500305176,3.912135601043701,7.380496978759766,7.833795547485352,-3.6215426921844482,-3.6333823204040527,25.940420150756836,0
1745923243.633775,6.85139799118042,3.9215245246887207,7.380664348602295,7.862985610961914,-3.672330856323242,-3.6086721420288086,26.016572952270508,0
1745923243.645668,6.8863372802734375,3.9257354736328125,7.377516746520996,7.890779495239258,-3.7295563220977783,-3.5881659984588623,26.08036994934082,0
1745923243.6575606,6.917520999908447,3.927783966064453,7.366937160491943,7.921350479125977,-3.7972652912139893,-3.5702195167541504,26.13359260559082,0
1745923243.674209,6.95124626159668,3.9193625450134277,7.354755878448486,7.94642448425293,-3.8766729831695557,-3.5550484657287598,26.171789169311523,0
1745923243.6832201,6.976473808288574,3.9093661308288574,7.3385329246521,7.971515655517578,-3.954915761947632,-3.5466787815093994,26.19588851928711,0
1745923243.6953473,6.996333599090576,3.8930916786193848,7.280439376831055,8.009719848632812,-4.099020481109619,-3.5300564765930176,26.179584503173828,0
1745923243.7074468,7.018810749053955,3.871903896331787,7.247173309326172,8.064645767211914,-4.236330509185791,-3.543290615081787,26.202533721923828,0
1745923243.7203069,7.0459160804748535,3.854377269744873,7.2152299880981445,8.136518478393555,-4.386674404144287,-3.560887098312378,26.252042770385742,0
1745923243.732203,7.149444103240967,3.8451967239379883,7.194537162780762,8.216951370239258,-4.587818622589111,-3.5125861167907715,26.406129837036133,0
1745923243.744416,7.214580535888672,3.8416686058044434,7.183100700378418,8.283309936523438,-4.7222795486450195,-3.491858720779419,26.522659301757812,0
1745923243.7562046,7.271219730377197,3.8397531509399414,7.1665239334106445,8.320474624633789,-4.827122688293457,-3.4550204277038574,26.597970962524414,0
1745923243.7739928,7.313082218170166,3.8350677490234375,7.139013290405273,8.327957153320312,-4.909796714782715,-3.407658576965332,26.61511993408203,0
1745923243.781929,7.334497451782227,3.8080382347106934,7.102395057678223,8.30966567993164,-4.99139404296875,-3.3764407634735107,26.554595947265625,0
1745923243.793816,7.329148292541504,3.7881975173950195,7.070154190063477,8.267759323120117,-5.0152435302734375,-3.35025691986084,26.455259323120117,0
1745923243.8078172,7.30172061920166,3.766005039215088,7.04029655456543,8.202253341674805,-4.999371528625488,-3.332207441329956,26.31027603149414,0
1745923243.8201356,7.251454830169678,3.739051342010498,7.005373477935791,8.119325637817383,-4.9602508544921875,-3.3244247436523438,26.115205764770508,0
1745923243.8320286,7.185521602630615,3.710124969482422,6.966296195983887,8.017938613891602,-4.89790153503418,-3.317648410797119,25.879880905151367,0
1745923243.8438811,7.107372760772705,3.67421817779541,6.923717975616455,7.90179443359375,-4.823444366455078,-3.3163583278656006,25.60710334777832,0
1745923243.855724,7.01759672164917,3.6394872665405273,6.8770976066589355,7.782779693603516,-4.7377800941467285,-3.320251703262329,25.31696128845215,0
1745923243.8749645,6.923723220825195,3.6068243980407715,6.829471588134766,7.663841247558594,-4.644987106323242,-3.3255481719970703,25.023860931396484,0
1745923243.8803508,6.738271713256836,3.5502805709838867,6.785253524780273,7.5514373779296875,-4.496073246002197,-3.45218563079834,24.625244140625,0
1745923243.8930902,6.65312385559082,3.525451183319092,6.746456146240234,7.446537017822266,-4.397627830505371,-3.459062099456787,24.37156867980957,0
1745923243.9082043,6.576644420623779,3.500394344329834,6.705814838409424,7.359169006347656,-4.325608253479004,-3.468923568725586,24.14202308654785,0
1745923243.917103,6.511962890625,3.479130983352661,6.667222023010254,7.299709320068359,-4.283698081970215,-3.4849531650543213,23.958024978637695,0
1745923243.938711,6.4597249031066895,3.4616804122924805,6.614604473114014,7.273124694824219,-4.300189971923828,-3.49835467338562,23.80913543701172,0
1745923243.9432755,6.434288501739502,3.4541687965393066,6.609147071838379,7.276960372924805,-4.296276092529297,-3.5311119556427,23.774564743041992,0
1745923243.953997,6.429869174957275,3.453542947769165,6.610785961151123,7.299066543579102,-4.312521934509277,-3.5537474155426025,23.793264389038086,0
1745923243.966061,6.438518524169922,3.456179618835449,6.617509841918945,7.341938018798828,-4.351003646850586,-3.5784029960632324,23.854145050048828,0
1745923243.9870648,6.458795547485352,3.4688313007354736,6.623898506164551,7.3929901123046875,-4.395727634429932,-3.586395502090454,23.944515228271484,0
1745923243.9932234,6.4912309646606445,3.4790172576904297,6.629765510559082,7.44676399230957,-4.458724021911621,-3.5860066413879395,24.046777725219727,0
1745923244.0061357,6.532600402832031,3.486680269241333,6.636918067932129,7.5000457763671875,-4.531057834625244,-3.5796687602996826,24.1562442779541,0
1745923244.0169148,6.629849910736084,3.494950294494629,6.641332149505615,7.547393798828125,-4.65366268157959,-3.5100815296173096,24.313526153564453,0
1745923244.029089,6.670517921447754,3.504908561706543,6.643045902252197,7.583709716796875,-4.711694717407227,-3.48648738861084,24.40218162536621,0
1745923244.0416064,6.7035603523254395,3.515265464782715,6.64168643951416,7.60759162902832,-4.753845691680908,-3.4591763019561768,24.468103408813477,0
1745923244.053511,6.730551719665527,3.5180535316467285,6.636582851409912,7.621782302856445,-4.796003818511963,-3.435959577560425,24.50697135925293,0
1745923244.0736694,6.747812747955322,3.5180916786193848,6.631255626678467,7.635990142822266,-4.83283805847168,-3.4250872135162354,24.53314971923828,0
1745923244.0799563,6.7604265213012695,3.51981782913208,6.629188537597656,7.647590637207031,-4.856138706207275,-3.4176461696624756,24.557024002075195,0
1745923244.0905995,6.773571491241455,3.5202159881591797,6.627865791320801,7.653902053833008,-4.875696659088135,-3.40775990486145,24.5755558013916,0
1745923244.111677,6.7819743156433105,3.52072811126709,6.628443241119385,7.655847549438477,-4.883973121643066,-3.4007151126861572,24.586992263793945,0
1745923244.1163538,6.781785011291504,3.517958641052246,6.626506328582764,7.653032302856445,-4.887444496154785,-3.400249719619751,24.579282760620117,0
1745923244.1282544,6.777099609375,3.5127804279327393,6.616988182067871,7.645191192626953,-4.89533805847168,-3.397608757019043,24.552059173583984,0
1745923244.1414714,6.775411605834961,3.5019116401672363,6.604900360107422,7.635366439819336,-4.915289878845215,-3.3943722248077393,24.517589569091797,0
1745923244.1545372,6.7647705078125,3.491820812225342,6.5902605056762695,7.629528045654297,-4.933004856109619,-3.400303840637207,24.47637939453125,0
1745923244.1652663,6.756860733032227,3.4852957725524902,6.574726581573486,7.624237060546875,-4.950268745422363,-3.3997185230255127,24.441120147705078,0
1745923244.1769075,6.75822639465332,3.471714496612549,6.541423797607422,7.631021499633789,-5.021274566650391,-3.392807960510254,24.402385711669922,0
1745923244.18877,6.768393516540527,3.4711453914642334,6.5347185134887695,7.636726379394531,-5.046054840087891,-3.3824944496154785,24.41098403930664,0
1745923244.2078445,6.777365207672119,3.469571113586426,6.525535583496094,7.623254776000977,-5.056392192840576,-3.35874080657959,24.395727157592773,0
1745923244.2154934,6.774690628051758,3.4609217643737793,6.508101940155029,7.599618911743164,-5.067013740539551,-3.3403098583221436,24.343334197998047,0
1745923244.2265317,6.7620391845703125,3.453258514404297,6.490649700164795,7.568328857421875,-5.0597124099731445,-3.3252198696136475,24.274276733398438,0
1745923244.2431946,6.744019508361816,3.444248676300049,6.467721462249756,7.522472381591797,-5.042777061462402,-3.3021304607391357,24.178462982177734,0
1745923244.2517579,6.7182793617248535,3.4313883781433105,6.43752908706665,7.4625396728515625,-5.020147800445557,-3.2748141288757324,24.04973602294922,0
1745923244.2639635,6.685559272766113,3.4114527702331543,6.394242763519287,7.397260665893555,-5.013266086578369,-3.247767448425293,23.88851547241211,0
1745923244.275984,6.651321887969971,3.3466763496398926,6.3329267501831055,7.336175918579102,-5.096569538116455,-3.257399320602417,23.66710090637207,0
1745923244.2900672,6.618052005767822,3.298232078552246,6.249818325042725,7.291698455810547,-5.206267833709717,-3.2453973293304443,23.457801818847656,0
1745923244.2995467,6.577042579650879,3.2483646869659424,6.152293682098389,7.275505065917969,-5.36067533493042,-3.2533249855041504,23.253206253051758,0
1745923244.3130589,6.592103481292725,3.203979253768921,6.049535274505615,7.289337158203125,-5.601132869720459,-3.2158522605895996,23.13495445251465,0
1745923244.326995,6.628939628601074,3.1633872985839844,5.9564433097839355,7.316072463989258,-5.857619285583496,-3.168631076812744,23.064842224121094,0
1745923244.3449082,6.672205924987793,3.1269116401672363,5.872795104980469,7.34254264831543,-6.101433753967285,-3.1171977519989014,23.014455795288086,0
1745923244.3500335,6.714409828186035,3.095841884613037,5.796224594116211,7.362173080444336,-6.320199966430664,-3.06117582321167,22.96864891052246,0
1745923244.3613946,6.750259876251221,3.0628185272216797,5.7211809158325195,7.375324249267578,-6.5284624099731445,-3.0097436904907227,22.909584045410156,0
1745923244.3754396,6.7786173820495605,3.010788917541504,5.65260124206543,7.375343322753906,-6.737679481506348,-2.9805963039398193,22.817350387573242,0
1745923244.386664,6.799273490905762,2.9858646392822266,5.590577125549316,7.35951042175293,-6.875039577484131,-2.9233903884887695,22.735225677490234,0
1745923244.4003952,6.809098720550537,2.9619836807250977,5.533843040466309,7.337820053100586,-6.988135814666748,-2.8756320476531982,22.642745971679688,0
1745923244.412718,6.810483455657959,2.938823699951172,5.426241874694824,7.312953948974609,-7.169638633728027,-2.7919888496398926,22.488502502441406,0
1745923244.4256651,6.8045654296875,2.914885997772217,5.380180358886719,7.296440124511719,-7.258695602416992,-2.772831678390503,22.396072387695312,0
1745923244.4415698,6.800165176391602,2.8954246044158936,5.338942527770996,7.290281295776367,-7.344751834869385,-2.7595441341400146,22.324813842773438,0
1745923244.4478385,6.810066223144531,2.8800415992736816,5.306365966796875,7.2952117919921875,-7.4345383644104,-2.7427663803100586,22.291685104370117,0
1745923244.4781728,6.825715065002441,2.870652198791504,5.280941963195801,7.310461044311523,-7.518397331237793,-2.7277626991271973,22.287769317626953,0
1745923244.4801903,6.848742485046387,2.867124080657959,5.26710319519043,7.33360481262207,-7.588411331176758,-2.7146496772766113,22.316574096679688,0
1745923244.4853292,6.8764166831970215,2.871354103088379,5.257957935333252,7.360378265380859,-7.645922660827637,-2.6952333450317383,22.366106033325195,0
1745923244.4978676,6.90492582321167,2.877499580383301,5.255424499511719,7.386774063110352,-7.690016746520996,-2.678093910217285,22.424623489379883,0
1745923244.510214,6.931613922119141,2.8838162422180176,5.258535385131836,7.4066314697265625,-7.717101097106934,-2.662050247192383,22.4805965423584,0
1745923244.5232115,6.952232360839844,2.8907015323638916,5.261887550354004,7.422786712646484,-7.73397970199585,-2.649040937423706,22.527606964111328,0
1745923244.5399945,6.965586185455322,2.8956522941589355,5.2634711265563965,7.448389053344727,-7.758608818054199,-2.6519649028778076,22.57309913635254,0
1745923244.5477276,6.979584693908691,2.9051551818847656,5.276285648345947,7.478864669799805,-7.76312255859375,-2.6624956130981445,22.639890670776367,0
1745923244.560438,7.003161907196045,2.9204626083374023,5.2968854904174805,7.511419296264648,-7.756602764129639,-2.6648988723754883,22.731929779052734,0
1745923244.5732565,7.025240898132324,2.949920177459717,5.317634582519531,7.548906326293945,-7.73079776763916,-2.6582512855529785,22.84170150756836,0
1745923244.5843658,7.052555084228516,2.9742751121520996,5.349372863769531,7.59814453125,-7.71109676361084,-2.669691562652588,22.974348068237305,0
1745923244.5970163,7.108435153961182,3.008190155029297,5.398172855377197,7.642753601074219,-7.6715850830078125,-2.651848793029785,23.157550811767578,0
1745923244.6091034,7.1309123039245605,3.042977809906006,5.4593024253845215,7.689310073852539,-7.585051536560059,-2.6784937381744385,23.32250213623047,0
1745923244.6209743,7.15595006942749,3.077101230621338,5.518923759460449,7.734466552734375,-7.504030227661133,-2.7005844116210938,23.48644256591797,0
1745923244.6336176,7.177308559417725,3.106445074081421,5.574558734893799,7.774145126342773,-7.429299831390381,-2.7235403060913086,23.632457733154297,0
1745923244.6455517,7.196067810058594,3.132051944732666,5.62578010559082,7.8214569091796875,-7.371977806091309,-2.7550153732299805,23.77535629272461,0
1745923244.6583502,7.22165584564209,3.1596317291259766,5.717455863952637,7.889476776123047,-7.2766242027282715,-2.8238255977630615,23.98822021484375,0
1745923244.6760576,7.265130996704102,3.2280306816101074,5.775847911834717,7.982454299926758,-7.2087931632995605,-2.827373504638672,24.25146484375,0
1745923244.6828527,7.325373649597168,3.274976968765259,5.854336738586426,8.0902099609375,-7.171167373657227,-2.861210584640503,24.544897079467773,0
1745923244.6947124,7.396807670593262,3.3308000564575195,5.944504261016846,8.19864273071289,-7.115347862243652,-2.8839621543884277,24.87075424194336,0
1745923244.7105007,7.4758477210998535,3.389317035675049,6.04024076461792,8.287540435791016,-7.039559364318848,-2.886322259902954,25.19294548034668,0
1745923244.720669,7.542691707611084,3.4370596408843994,6.1245598793029785,8.356807708740234,-6.969868183135986,-2.888087034225464,25.461118698120117,0
1745923244.731836,7.637058258056641,3.4793777465820312,6.195337772369385,8.413358688354492,-6.9395036697387695,-2.8508100509643555,25.72513198852539,0
1745923244.7461386,7.674918174743652,3.514866828918457,6.251978874206543,8.459026336669922,-6.883140563964844,-2.8549561500549316,25.90079116821289,0
1745923244.7579393,7.7085490226745605,3.544476270675659,6.300443172454834,8.496021270751953,-6.835843563079834,-2.856571912765503,26.049489974975586,0
1745923244.775101,7.733776569366455,3.5713539123535156,6.346933364868164,8.532222747802734,-6.787884712219238,-2.866396427154541,26.18428611755371,0
1745923244.78143,7.7591938972473145,3.627537727355957,6.393423080444336,8.567989349365234,-6.70158052444458,-2.8490920066833496,26.34814453125,0
1745923244.7965724,7.784326553344727,3.6594228744506836,6.443675518035889,8.608177185058594,-6.646512985229492,-2.859726667404175,26.495601654052734,0
1745923244.8105774,7.810787200927734,3.692901611328125,6.49599552154541,8.650123596191406,-6.589780807495117,-2.8702285289764404,26.64980697631836,0
1745923244.8182733,7.842824459075928,3.724806308746338,6.547290802001953,8.694581985473633,-6.5435261726379395,-2.878049850463867,26.80950355529785,0
1745923244.8312988,7.880002021789551,3.7564640045166016,6.596444129943848,8.73841667175293,-6.504475116729736,-2.879587411880493,26.97132682800293,0
1745923244.8447042,7.9173502922058105,3.7867183685302734,6.643455505371094,8.774106979370117,-6.46406364440918,-2.875319719314575,27.121631622314453,0
1745923244.8569744,7.949349403381348,3.814563274383545,6.691473007202148,8.800086975097656,-6.413947105407715,-2.8721060752868652,27.25547218322754,0
1745923244.8752158,7.976985931396484,3.8609213829040527,6.727867603302002,8.822343826293945,-6.3492913246154785,-2.8464300632476807,27.388118743896484,0
1745923244.8806105,8.01911449432373,3.884138584136963,6.7611894607543945,8.830545425415039,-6.318287372589111,-2.817171812057495,27.4949893951416,0
1745923244.893415,8.027573585510254,3.9011340141296387,6.817737102508545,8.829977035522461,-6.23297119140625,-2.832098960876465,27.5764217376709,0
1745923244.9084404,8.032486915588379,3.9162516593933105,6.84185791015625,8.829032897949219,-6.187463283538818,-2.8300600051879883,27.61962890625,0
1745923244.9172473,8.035711288452148,3.9273667335510254,6.861786842346191,8.836099624633789,-6.1572113037109375,-2.835439443588257,27.66096305847168,0
1745923244.9298592,8.043601989746094,3.944798469543457,6.887323379516602,8.865556716918945,-6.133712291717529,-2.8496906757354736,27.741281509399414,0
1745923244.9427054,8.067577362060547,3.9681482315063477,6.9221720695495605,8.899791717529297,-6.108093738555908,-2.8541855812072754,27.857688903808594,0
1745923244.9544713,8.096049308776855,3.9925036430358887,6.961621284484863,8.92786979675293,-6.074556827545166,-2.8529410362243652,27.978044509887695,0
1745923244.9675171,8.12051773071289,4.037742614746094,7.000865936279297,8.95046615600586,-6.008856773376465,-2.8337128162384033,28.10959243774414,0
1745923244.9792495,8.140339851379395,4.054699897766113,7.030853271484375,8.972251892089844,-5.984686374664307,-2.83597993850708,28.198144912719727,0
1745923244.9915047,8.156083106994629,4.068831443786621,7.053167343139648,9.001178741455078,-5.975663185119629,-2.8437116146087646,28.279260635375977,0
1745923245.0089736,8.175905227661133,4.0874199867248535,7.07587194442749,9.042633056640625,-5.973783493041992,-2.8524866104125977,28.3818302154541,0
1745923245.016629,6.784933567047119,4.1141839027404785,7.114892959594727,9.079553604125977,-4.790491580963135,-4.104366302490234,27.093564987182617,0
1745923245.0291917,60.70906448364258,4.146600723266602,7.165592193603516,9.095745086669922,-20.19050407409668,12.580357551574707,81.11700439453125,0
1745923245.0420656,8.275904655456543,4.17473030090332,7.214037895202637,9.104757308959961,-5.83164119720459,-2.8235299587249756,28.76943016052246,0
1745923245.053013,8.278616905212402,4.1941728591918945,7.253952980041504,9.119930267333984,-5.775772571563721,-2.839944362640381,28.84667205810547,0
1745923245.0668187,8.28620433807373,4.213235378265381,7.287349224090576,9.153032302856445,-5.745793342590332,-2.859720468521118,28.939821243286133,0
1745923245.0802603,8.307430267333984,4.25416898727417,7.3215837478637695,9.201723098754883,-5.712077617645264,-2.8604483604431152,29.08490562438965,0
1745923245.0902238,8.341572761535645,4.283967971801758,7.360809326171875,9.261581420898438,-5.7041473388671875,-2.8697361946105957,29.24793243408203,0
1745923245.1058888,8.385957717895508,4.316042900085449,7.409702301025391,9.330923080444336,-5.697582721710205,-2.8805556297302246,29.442625045776367,0
1745923245.115667,8.437607765197754,4.347416400909424,7.460065841674805,9.411260604858398,-5.703967094421387,-2.893556594848633,29.65635108947754,0
1745923245.1285894,8.49563217163086,4.382829666137695,7.566679954528809,9.495737075805664,-5.650204181671143,-2.9345510005950928,29.94087791442871,0
1745923245.140481,8.561963081359863,4.417693138122559,7.624029159545898,9.572202682495117,-5.653137683868408,-2.934398651123047,30.175888061523438,0
1745923245.1524577,8.62230110168457,4.451190948486328,7.680465221405029,9.64443588256836,-5.651030540466309,-2.936984062194824,30.398393630981445,0
1745923245.1658516,8.726531028747559,4.5138044357299805,7.734349250793457,9.715761184692383,-5.651134967803955,-2.880547523498535,30.690446853637695,0
1745923245.1765985,8.778465270996094,4.549028396606445,7.790804386138916,9.797971725463867,-5.648318290710449,-2.8944931030273438,30.916269302368164,0
1745923245.1899707,8.83662223815918,4.586547374725342,7.849493980407715,9.90852165222168,-5.665431976318359,-2.9194443225860596,31.181184768676758,0
1745923245.2007625,8.919171333312988,4.636623382568359,7.9263811111450195,10.045524597167969,-5.685391902923584,-2.9414868354797363,31.527700424194336,0
1745923245.2138932,9.02000617980957,4.6991801261901855,8.024055480957031,10.19044303894043,-5.688098907470703,-2.956174373626709,31.933685302734375,0
1745923245.2261891,9.124046325683594,4.771486759185791,8.144638061523438,10.309175491333008,-5.640878677368164,-2.9590673446655273,32.34934616088867,0
1745923245.2431734,9.209896087646484,4.83565616607666,8.26624584197998,10.394350051879883,-5.566709995269775,-2.9632318019866943,32.706146240234375,0
1745923245.2543824,9.266325950622559,4.887818336486816,8.365409851074219,10.453546524047852,-5.491325378417969,-2.9709384441375732,32.97309875488281,0
1745923245.2633255,9.300525665283203,4.932924747467041,8.446562767028809,10.505638122558594,-5.422431945800781,-2.9860434532165527,33.18564987182617,0
1745923245.275996,9.326492309570312,5.000261306762695,8.517024040222168,10.57290267944336,-5.347600936889648,-2.9933152198791504,33.41667938232422,0
1745923245.2890627,9.359914779663086,5.035902500152588,8.588323593139648,10.648555755615234,-5.315032005310059,-3.0227224826812744,33.63269805908203,0
1745923245.3076935,9.40915584564209,5.071012496948242,8.655786514282227,10.716384887695312,-5.292537689208984,-3.0347108840942383,33.85234069824219,0
1745923245.313069,9.509099006652832,5.1072797775268555,8.71618938446045,10.774484634399414,-5.303396224975586,-3.0011439323425293,34.1070556640625,0
1745923245.3245585,9.546902656555176,5.13764762878418,8.771991729736328,10.812292098999023,-5.269731521606445,-3.0025649070739746,34.268836975097656,0
1745923245.3399615,9.571447372436523,5.158702373504639,8.81833267211914,10.833850860595703,-5.234995365142822,-3.0062737464904785,34.38233184814453,0
1745923245.3500736,9.58573055267334,5.173061370849609,8.856441497802734,10.855012893676758,-5.2078166007995605,-3.017266273498535,34.470245361328125,0
1745923245.362588,9.596731185913086,5.185580253601074,8.886037826538086,10.886245727539062,-5.195200443267822,-3.0325751304626465,34.554595947265625,0
1745923245.3755,9.609705924987793,5.221259117126465,8.96469497680664,10.923900604248047,-5.119140625,-3.0590896606445312,34.71955871582031,0
1745923245.3875763,9.63210678100586,5.249882221221924,9.012954711914062,10.962900161743164,-5.086395740509033,-3.068784236907959,34.85784149169922,0
1745923245.3991275,9.656518936157227,5.276646137237549,9.061883926391602,11.000272750854492,-5.0552849769592285,-3.0778064727783203,34.995323181152344,0
1745923245.412568,9.682600021362305,5.297890663146973,9.10479736328125,11.024343490600586,-5.027655601501465,-3.0795435905456543,35.10963439941406,0
1745923245.424348,9.700411796569824,5.3160810470581055,9.135307312011719,11.042387008666992,-5.005356788635254,-3.079634428024292,35.19418716430664,0
1745923245.4407265,9.714789390563965,5.332033157348633,9.162500381469727,11.057899475097656,-4.984468460083008,-3.0806260108947754,35.2672233581543,0
1745923245.4479446,9.739846229553223,5.345329761505127,9.189899444580078,11.06351089477539,-4.966457366943359,-3.0712294578552246,35.338584899902344,0
1745923245.46404,9.744967460632324,5.3601250648498535,9.215472221374512,11.054821014404297,-4.926515102386475,-3.0662343502044678,35.37538528442383,0
1745923245.4799998,9.738499641418457,5.3816728591918945,9.237991333007812,11.035812377929688,-4.868911266326904,-3.0577592849731445,35.39397430419922,0
1745923245.4851055,9.720518112182617,5.389127254486084,9.259559631347656,11.014575958251953,-4.816313743591309,-3.06508469581604,35.38378143310547,0
1745923245.49727,9.698780059814453,5.389354705810547,9.270865440368652,10.995113372802734,-4.778591156005859,-3.075589418411255,35.3541145324707,0
1745923245.5123336,9.682448387145996,5.381957054138184,9.268705368041992,10.984098434448242,-4.7694807052612305,-3.085078716278076,35.31720733642578,0
1745923245.5223923,9.675525665283203,5.374161243438721,9.262744903564453,10.988462448120117,-4.780567646026611,-3.094310760498047,35.30089569091797,0
1745923245.5409527,9.676170349121094,5.36928653717041,9.257920265197754,11.010494232177734,-4.80448055267334,-3.1059205532073975,35.313873291015625,0
1745923245.5471256,9.689732551574707,5.373117923736572,9.259763717651367,11.04958724975586,-4.833746910095215,-3.114776611328125,35.37220001220703,0
1745923245.5599399,9.71446704864502,5.382336616516113,9.26997184753418,11.103813171386719,-4.86733341217041,-3.124182939529419,35.47058868408203,0
1745923245.5743804,9.751359939575195,5.415815353393555,9.290143013000488,11.138521194458008,-4.864327907562256,-3.104050636291504,35.59584045410156,0
1745923245.5836587,9.790623664855957,5.426873683929443,9.316516876220703,11.142698287963867,-4.858017444610596,-3.085376262664795,35.67671203613281,0
1745923245.596096,9.809989929199219,5.428979396820068,9.335441589355469,11.136878967285156,-4.847445487976074,-3.0774686336517334,35.71128845214844,0
1745923245.6121044,9.798856735229492,5.425868511199951,9.343785285949707,11.126655578613281,-4.828778266906738,-3.086132049560547,35.695167541503906,0
1745923245.621706,9.78887939453125,5.420348644256592,9.341010093688965,11.114809036254883,-4.822235107421875,-3.0892539024353027,35.66504669189453,0
1745923245.6357074,9.779773712158203,5.414791107177734,9.331510543823242,11.102056503295898,-4.82188606262207,-3.087982654571533,35.62813186645508,0
1745923245.6454682,9.774500846862793,5.410447120666504,9.325439453125,11.084522247314453,-4.816639423370361,-3.0826117992401123,35.59490966796875,0
1745923245.6596012,9.768640518188477,5.405477523803711,9.317373275756836,11.050134658813477,-4.802421569824219,-3.0685482025146484,35.5416259765625,0
1745923245.6768842,9.74988079071045,5.398535251617432,9.308228492736816,11.012365341186523,-4.780327320098877,-3.0622718334198,35.46900939941406,0
1745923245.6881979,9.727914810180664,5.394172668457031,9.300387382507324,10.986328125,-4.7601470947265625,-3.0630011558532715,35.4088020324707,0
1745923245.695588,9.706291198730469,5.390398025512695,9.290701866149902,10.970399856567383,-4.747937202453613,-3.067291498184204,35.3577880859375,0
1745923245.7090995,9.691117286682129,5.3885579109191895,9.290719985961914,10.959291458129883,-4.73232889175415,-3.0732522010803223,35.329689025878906,0
1745923245.7206686,9.681538581848145,5.385428428649902,9.292434692382812,10.936578750610352,-4.712353229522705,-3.0712552070617676,35.295982360839844,0
1745923245.7332036,9.63939094543457,5.379737854003906,9.291950225830078,10.902814865112305,-4.6678876876831055,-3.086519241333008,35.21389389038086,0
1745923245.7452433,9.609174728393555,5.373307704925537,9.288932800292969,10.85340690612793,-4.623782157897949,-3.084911823272705,35.12482452392578,0
1745923245.7573583,9.573988914489746,5.36403226852417,9.277030944824219,10.792095184326172,-4.5790815353393555,-3.0780346393585205,35.00714874267578,0
1745923245.77584,9.53144359588623,5.351911544799805,9.258031845092773,10.728572845458984,-4.5369157791137695,-3.073368787765503,34.86996078491211,0
1745923245.782014,9.48823356628418,5.316251754760742,9.228267669677734,10.663387298583984,-4.524965286254883,-3.0790328979492188,34.69614028930664,0
1745923245.7937815,9.44214153289795,5.297340393066406,9.195821762084961,10.598051071166992,-4.497588634490967,-3.0736141204833984,34.533355712890625,0
1745923245.810223,9.39673137664795,5.2834367752075195,9.170658111572266,10.541519165039062,-4.464841842651367,-3.072549819946289,34.3923454284668,0
1745923245.8203666,9.355741500854492,5.270102024078369,9.14836311340332,10.489862442016602,-4.434963703155518,-3.072023868560791,34.264068603515625,0
1745923245.8308787,9.318449974060059,5.255686283111572,9.13033390045166,10.436182022094727,-4.402993679046631,-3.0708253383636475,34.140655517578125,0
1745923245.845675,9.282278060913086,5.242010116577148,9.106995582580566,10.382673263549805,-4.376041412353516,-3.0655951499938965,34.013954162597656,0
1745923245.8554974,9.245555877685547,5.223212718963623,9.04603385925293,10.330507278442383,-4.390293598175049,-3.0451254844665527,33.84531021118164,0
1745923245.8758528,9.211109161376953,5.201020240783691,8.997736930847168,10.28839111328125,-4.4044060707092285,-3.037367343902588,33.69825744628906,0
1745923245.882005,9.174975395202637,5.1567864418029785,8.944578170776367,10.261373519897461,-4.454076766967773,-3.0520262718200684,33.53771209716797,0
1745923245.8927207,9.177023887634277,5.129510402679443,8.882816314697266,10.251264572143555,-4.534811973571777,-3.03159761428833,33.44061279296875,0
1745923245.908296,9.193033218383789,5.108341693878174,8.822766304016113,10.26235580444336,-4.6330060958862305,-3.0089614391326904,33.386497497558594,0
1745923245.9278507,9.224387168884277,5.097397327423096,8.782012939453125,10.279945373535156,-4.717801094055176,-2.981799840927124,33.38374328613281,0
1745923245.9419203,9.260085105895996,5.104377746582031,8.771135330200195,10.28115463256836,-4.747330665588379,-2.9459586143493652,33.416751861572266,0
1745923245.943927,9.280001640319824,5.121145248413086,8.780168533325195,10.26683235168457,-4.725957870483398,-2.9168407917022705,33.448150634765625,0
1745923245.9567375,9.279792785644531,5.129282474517822,8.784750938415527,10.251943588256836,-4.703006744384766,-2.9055988788604736,33.445770263671875,0
1745923245.9741824,9.272623062133789,5.13290548324585,8.785757064819336,10.237150192260742,-4.683171272277832,-2.900672197341919,33.428436279296875,0
1745923245.9797704,9.265054702758789,5.128770351409912,8.78072738647461,10.21719741821289,-4.672924041748047,-2.895508050918579,33.39175033569336,0
1745923246.0083313,9.255021095275879,5.120045185089111,8.766851425170898,10.191936492919922,-4.670377731323242,-2.8876991271972656,33.33385467529297,0
1745923246.012477,9.239542961120605,5.108038425445557,8.743047714233398,10.177690505981445,-4.684700965881348,-2.886718988418579,33.26831817626953,0
1745923246.0170977,9.232145309448242,5.094552040100098,8.712687492370605,10.190008163452148,-4.73128080368042,-2.8918960094451904,33.229393005371094,0
1745923246.0301158,9.265851974487305,5.0860161781311035,8.683929443359375,10.23548698425293,-4.8233489990234375,-2.8829219341278076,33.27128601074219,0
1745923246.042631,9.321125030517578,5.091270446777344,8.664390563964844,10.305036544799805,-4.924057960510254,-2.866759777069092,33.38182067871094,0
1745923246.0531383,9.39015007019043,5.120386600494385,8.682215690612793,10.370790481567383,-4.970674514770508,-2.8421266078948975,33.56354522705078,0
1745923246.0647929,9.45175838470459,5.157848834991455,8.72319221496582,10.414094924926758,-4.965633869171143,-2.8174819946289062,33.74689483642578,0
1745923246.0784707,9.49398136138916,5.212932109832764,8.767988204956055,10.425525665283203,-4.904963970184326,-2.7792751789093018,33.900428771972656,0
1745923246.090921,9.5111665725708,5.223611354827881,8.802873611450195,10.410543441772461,-4.862299919128418,-2.770439624786377,33.94819641113281,0
1745923246.1073146,9.50682258605957,5.220253944396973,8.794995307922363,10.359565734863281,-4.835418701171875,-2.744175434112549,33.88163757324219,0
1745923246.114658,9.478825569152832,5.2093281745910645,8.776630401611328,10.277849197387695,-4.78860330581665,-2.7174177169799805,33.74263381958008,0
1745923246.1289105,9.424311637878418,5.192351818084717,8.754036903381348,10.203405380249023,-4.738091468811035,-2.7150802612304688,33.57410430908203,0
1745923246.1427064,9.357316017150879,5.1766839027404785,8.739303588867188,10.166976928710938,-4.6959099769592285,-2.745727062225342,33.44028091430664,0
1745923246.1527214,9.310710906982422,5.17332649230957,8.74200439453125,10.168243408203125,-4.664913177490234,-2.7834227085113525,33.394287109375,0
1745923246.1644557,9.3085298538208,5.1863579750061035,8.763200759887695,10.199438095092773,-4.6517333984375,-2.804234743118286,33.45752716064453,0
1745923246.1777258,9.339447975158691,5.236699104309082,8.799613952636719,10.241874694824219,-4.6184163093566895,-2.7893741130828857,33.617637634277344,0
1745923246.189002,9.378009796142578,5.273630142211914,8.848153114318848,10.283252716064453,-4.591220855712891,-2.784682512283325,33.78304672241211,0
1745923246.2102058,9.409629821777344,5.308133125305176,8.89857292175293,10.335948944091797,-4.567834854125977,-2.7936835289001465,33.95228576660156,0
1745923246.2144697,9.451131820678711,5.34079647064209,8.949142456054688,10.41787338256836,-4.573146820068359,-2.81264066696167,34.15894317626953,0
1745923246.226832,9.514371871948242,5.380060195922852,9.002095222473145,10.49798583984375,-4.583454132080078,-2.8120360374450684,34.39451217651367,0
1745923246.2416027,9.582164764404297,5.426722049713135,9.06881332397461,10.528083801269531,-4.54293966293335,-2.784165620803833,34.60578155517578,0
1745923246.251205,9.619702339172363,5.460485458374023,9.123832702636719,10.503673553466797,-4.468564987182617,-2.7513692378997803,34.70769500732422,0
1745923246.2646348,9.615093231201172,5.479719161987305,9.154714584350586,10.460517883300781,-4.3893046379089355,-2.7349092960357666,34.710044860839844,0
1745923246.2783482,9.578313827514648,5.510902404785156,9.184535026550293,10.429702758789062,-4.286380767822266,-2.7382137775421143,34.703453063964844,0
1745923246.2888947,9.54069995880127,5.543944835662842,9.230950355529785,10.404817581176758,-4.169808387756348,-2.7526633739471436,34.72041320800781,0
1745923246.3003867,9.512077331542969,5.578049659729004,9.296234130859375,10.381729125976562,-4.042403221130371,-2.7710628509521484,34.768089294433594,0
1745923246.3139246,9.449443817138672,5.597909450531006,9.360418319702148,10.362627029418945,-3.908634662628174,-2.823939800262451,34.77040100097656,0
1745923246.325065,9.423192024230957,5.6191725730896,9.414097785949707,10.346208572387695,-3.8103880882263184,-2.846816062927246,34.80267333984375,0
1745923246.340035,9.401056289672852,5.64392614364624,9.517749786376953,10.343355178833008,-3.676051139831543,-2.8974475860595703,34.906089782714844,0
1745923246.3499281,9.397300720214844,5.669362545013428,9.570554733276367,10.362722396850586,-3.616090774536133,-2.919973134994507,34.99993896484375,0
1745923246.361335,9.414599418640137,5.70168399810791,9.623693466186523,10.413679122924805,-3.5865745544433594,-2.9397475719451904,35.153656005859375,0
1745923246.3763654,9.454205513000488,5.797776699066162,9.704324722290039,10.491939544677734,-3.51027774810791,-2.9290571212768555,35.448246002197266,0
1745923246.387258,9.514030456542969,5.8762288093566895,9.825075149536133,10.564531326293945,-3.425480604171753,-2.9342284202575684,35.77986526489258,0
1745923246.399815,9.562589645385742,5.958417892456055,9.965234756469727,10.639259338378906,-3.3159260749816895,-2.9550652503967285,36.12550354003906,0
1745923246.4147735,9.605323791503906,6.05204439163208,10.135735511779785,10.713172912597656,-3.1682240962982178,-2.9863998889923096,36.50627517700195,0
1745923246.4250848,9.647774696350098,6.147207736968994,10.312065124511719,10.789222717285156,-3.018632411956787,-3.020153760910034,36.896270751953125,0
1745923246.442145,9.682430267333984,6.235333442687988,10.470552444458008,10.890344619750977,-2.904419183731079,-3.0662524700164795,37.278663635253906,0
1745923246.448332,9.797224998474121,6.3274431228637695,10.643791198730469,11.036247253417969,-2.8605620861053467,-3.085932731628418,37.80470657348633,0
1745923246.4610367,9.902649879455566,6.431805610656738,10.835990905761719,11.238302230834961,-2.8235340118408203,-3.138258457183838,38.408748626708984,0
1745923246.476119,10.04916000366211,6.686509609222412,11.045326232910156,11.507963180541992,-2.726161241531372,-3.109525203704834,39.28895950317383,0
1745923246.4879818,10.241288185119629,6.850717067718506,11.29189395904541,11.827993392944336,-2.7341866493225098,-3.147963285446167,40.211891174316406,0
1745923246.4968572,10.464770317077637,7.021183490753174,11.576868057250977,12.18885612487793,-2.75276255607605,-3.1968436241149902,41.251678466796875,0
1745923246.5113134,10.710370063781738,7.187344551086426,11.867448806762695,12.58473014831543,-2.803515911102295,-3.2501559257507324,42.349891662597656,0
1745923246.5277655,10.981974601745605,7.357621192932129,12.162406921386719,12.990503311157227,-2.866438388824463,-3.289752721786499,43.49250793457031,0
1745923246.545324,11.274253845214844,7.526684284210205,12.454757690429688,13.362892150878906,-2.9216463565826416,-3.302456855773926,44.618587493896484,0
1745923246.5483692,11.552915573120117,7.686870098114014,12.734517097473145,13.69681167602539,-2.960153818130493,-3.306736946105957,45.67111587524414,0
1745923246.558993,11.799823760986328,7.835200786590576,13.000828742980957,14.007698059082031,-2.9843738079071045,-3.3197197914123535,46.643550872802734,0
1745923246.5807135,12.022565841674805,8.113330841064453,13.508456230163574,14.303014755249023,-2.7468910217285156,-3.3617498874664307,47.947364807128906,0
1745923246.5847604,12.2325439453125,8.24339485168457,13.752119064331055,14.568443298339844,-2.757436513900757,-3.376002311706543,48.79650115966797,0
1745923246.5996037,12.602062225341797,8.367731094360352,13.985406875610352,14.793758392333984,-2.8381521701812744,-3.296487331390381,49.748958587646484,0
1745923246.6110482,12.74953842163086,8.479226112365723,14.197871208190918,14.996700286865234,-2.8148863315582275,-3.3175508975982666,50.423336029052734,0
1745923246.6216607,12.884326934814453,8.58089542388916,14.391802787780762,15.171058654785156,-2.788959264755249,-3.3324875831604004,51.02808380126953,0
1745923246.633101,13.001075744628906,8.674160957336426,14.568803787231445,15.299123764038086,-2.7472612857818604,-3.337911605834961,51.54316711425781,0
1745923246.6466606,13.088594436645508,8.755363464355469,14.725335121154785,15.387113571166992,-2.691877841949463,-3.3420004844665527,51.95640563964844,0
1745923246.6578765,13.145025253295898,8.824541091918945,14.862793922424316,15.440717697143555,-2.6238245964050293,-3.3480496406555176,52.27307891845703,0
1745923246.674223,13.179830551147461,8.928543090820312,14.976950645446777,15.469266891479492,-2.5272936820983887,-3.3316731452941895,52.554588317871094,0
1745923246.6833587,13.199539184570312,8.966744422912598,15.068236351013184,15.466545104980469,-2.460498571395874,-3.3346290588378906,52.70106506347656,0
1745923246.695667,13.20035457611084,9.002006530761719,15.150934219360352,15.437032699584961,-2.3785507678985596,-3.335794687271118,52.79032897949219,0
1745923246.7090123,13.18106460571289,9.033987045288086,15.227225303649902,15.388814926147461,-2.283555030822754,-3.3393354415893555,52.831092834472656,0
1745923246.7197607,13.147699356079102,9.05614185333252,15.29781723022461,15.323516845703125,-2.182353973388672,-3.3462703227996826,52.82517623901367,0
1745923246.7333448,13.099140167236328,9.074104309082031,15.355184555053711,15.239738464355469,-2.0745179653167725,-3.3515520095825195,52.768165588378906,0
1745923246.7463648,12.963916778564453,9.083721160888672,15.405027389526367,15.144208908081055,-1.9267789125442505,-3.3943755626678467,52.59687805175781,0
1745923246.7565947,12.89052963256836,9.085769653320312,15.435481071472168,15.055046081542969,-1.8274608850479126,-3.4078447818756104,52.466827392578125,0
1745923246.7751825,12.823097229003906,9.076532363891602,15.449599266052246,14.977258682250977,-1.7520439624786377,-3.42220139503479,52.32648468017578,0
1745923246.7811708,12.766895294189453,9.067009925842285,15.45334243774414,14.914113998413086,-1.695327877998352,-3.432948589324951,52.20136260986328,0
1745923246.7943714,12.729015350341797,9.056008338928223,15.44430923461914,14.851177215576172,-1.6558310985565186,-3.431605100631714,52.080509185791016,0
1745923246.8079832,12.695384979248047,9.039714813232422,15.396162033081055,14.76817512512207,-1.633449912071228,-3.4107112884521484,51.899436950683594,0
1745923246.8181717,12.652820587158203,9.023971557617188,15.36809253692627,14.664539337158203,-1.584011197090149,-3.3934359550476074,51.70942306518555,0
1745923246.8310685,12.591041564941406,9.011585235595703,15.35200023651123,14.53658676147461,-1.503036379814148,-3.3793179988861084,51.491214752197266,0
1745923246.8461185,12.510692596435547,8.99559497833252,15.337323188781738,14.393632888793945,-1.4052162170410156,-3.37094783782959,51.23724365234375,0
1745923246.856625,12.414637565612793,8.977632522583008,15.318473815917969,14.252435684204102,-1.3026472330093384,-3.3701086044311523,50.96318054199219,0
1745923246.8757746,12.30354118347168,8.956843376159668,15.299511909484863,14.125333786010742,-1.2001633644104004,-3.382715940475464,50.68522644042969,0
1745923246.8798656,12.094436645507812,8.907299041748047,15.279806137084961,14.003974914550781,-1.0642544031143188,-3.4587087631225586,50.28551483154297,0
1745923246.893275,11.99707317352295,8.881217002868652,15.26097583770752,13.890874862670898,-0.9770333766937256,-3.47280216217041,50.03014373779297,0
1745923246.910806,11.906822204589844,8.86302661895752,15.25101089477539,13.794721603393555,-0.8922951221466064,-3.488739252090454,49.815582275390625,0
1745923246.9183004,11.826986312866211,8.851570129394531,15.248868942260742,13.709432601928711,-0.8100318908691406,-3.502934455871582,49.63685607910156,0
1745923246.9298851,11.75566577911377,8.842787742614746,15.249483108520508,13.634649276733398,-0.7345066666603088,-3.5163731575012207,49.48258972167969,0
1745923246.943185,11.694360733032227,8.834081649780273,15.246503829956055,13.562093734741211,-0.6673349142074585,-3.524395704269409,49.33704376220703,0
1745923246.9545908,11.635825157165527,8.81991195678711,15.232925415039062,13.468547821044922,-0.5989563465118408,-3.522584915161133,49.15721130371094,0
1745923246.9669187,11.570158004760742,8.796714782714844,15.207109451293945,13.353483200073242,-0.5263888835906982,-3.5168001651763916,48.927467346191406,0
1745923246.9819238,11.488120079040527,8.731407165527344,15.170491218566895,13.228326797485352,-0.4691101014614105,-3.5329275131225586,48.61834716796875,0
1745923246.9936247,11.394132614135742,8.692749977111816,15.1233491897583,13.103340148925781,-0.3948882222175598,-3.5380513668060303,48.31357192993164,0
1745923247.0088503,11.299576759338379,8.656255722045898,15.071867942810059,12.981414794921875,-0.3224450349807739,-3.541961669921875,48.009117126464844,0
1745923247.01644,11.205400466918945,8.61746597290039,15.018877983093262,12.860832214355469,-0.252331405878067,-3.546847105026245,47.70257568359375,0
1745923247.0285044,11.018449783325195,8.577518463134766,14.966240882873535,12.735921859741211,-0.12468083202838898,-3.5990869998931885,47.298133850097656,0
1745923247.041743,10.922262191772461,8.536642074584961,14.914443016052246,12.615205764770508,-0.05147523432970047,-3.606955051422119,46.988555908203125,0
1745923247.053905,10.828996658325195,8.494969367980957,14.807512283325195,12.502483367919922,-0.017410654574632645,-3.596233367919922,46.63396072387695,0
1745923247.0655954,10.74216079711914,8.455876350402832,14.75567626953125,12.397336959838867,0.043526723980903625,-3.6041150093078613,46.351051330566406,0
1745923247.0779138,10.65826416015625,8.37932014465332,14.710453033447266,12.299123764038086,0.0804997906088829,-3.63565993309021,46.04716491699219,0
1745923247.0906625,10.579395294189453,8.345292091369629,14.65841293334961,12.20899772644043,0.13165391981601715,-3.642488956451416,45.79209899902344,0
1745923247.1083853,10.509553909301758,8.306634902954102,14.602478981018066,12.129735946655273,0.16586969792842865,-3.6496686935424805,45.54840087890625,0
1745923247.1145458,10.445821762084961,8.26750373840332,14.546602249145508,12.05689811706543,0.19239677488803864,-3.656338930130005,45.31682586669922,0
1745923247.1275156,10.388290405273438,8.233891487121582,14.488303184509277,11.992544174194336,0.21191665530204773,-3.6589999198913574,45.10302734375,0
1745923247.1435423,10.34062385559082,8.200166702270508,14.427117347717285,11.937448501586914,0.2177458256483078,-3.6587908267974854,44.905357360839844,0
1745923247.1529026,10.303086280822754,8.165644645690918,14.361983299255371,11.885772705078125,0.21212661266326904,-3.653228521347046,44.716487884521484,0
1745923247.1742532,10.24730110168457,8.132772445678711,14.29955005645752,11.835987091064453,0.21954068541526794,-3.658597946166992,44.51560974121094,0
1745923247.1772435,10.222244262695312,8.086319923400879,14.243988990783691,11.77682876586914,0.2092202603816986,-3.653498649597168,44.32938003540039,0
1745923247.1921494,10.186128616333008,8.062003135681152,14.19282341003418,11.70748519897461,0.2290891706943512,-3.6398961544036865,44.148441314697266,0
1745923247.2020638,10.139751434326172,8.030155181884766,14.137859344482422,11.631399154663086,0.2528994381427765,-3.6319849491119385,43.93916320800781,0
1745923247.2147973,10.093639373779297,7.989904880523682,14.071029663085938,11.560564041137695,0.2605152428150177,-3.6259536743164062,43.71513366699219,0
1745923247.2263691,10.050354957580566,7.945633411407471,13.994998931884766,11.502388000488281,0.24971425533294678,-3.6219160556793213,43.493377685546875,0
1745923247.2446873,10.012323379516602,7.900697708129883,13.910065650939941,11.45118522644043,0.224686861038208,-3.6144537925720215,43.274269104003906,0
1745923247.252861,9.98155689239502,7.857014179229736,13.828988075256348,11.403514862060547,0.19563230872154236,-3.6050302982330322,43.071075439453125,0
1745923247.262856,9.952801704406738,7.819760799407959,13.755117416381836,11.359907150268555,0.17116206884384155,-3.595252752304077,42.88758850097656,0
1745923247.2770615,9.929413795471191,7.7433762550354,13.679031372070312,11.321380615234375,0.11260423809289932,-3.606011390686035,42.67320251464844,0
1745923247.2874107,9.907941818237305,7.704453468322754,4.811013221740723,11.28689956665039,-7.209144592285156,0.9434554576873779,33.71030807495117,0
1745923247.3014102,9.889220237731934,7.66714334487915,13.38483715057373,11.256498336791992,-0.062198325991630554,-3.525888442993164,42.19770050048828,0
1745923247.3135912,9.854034423828125,7.631160736083984,13.32359504699707,11.225738525390625,-0.08327630907297134,-3.529167890548706,42.03453063964844,0
1745923247.3257535,9.839163780212402,7.596790313720703,13.26883602142334,11.193824768066406,-0.11184479296207428,-3.5218546390533447,41.898616790771484,0
1745923247.3420143,9.819853782653809,7.567295074462891,13.212604522705078,11.156112670898438,-0.13147610425949097,-3.511193037033081,41.75586700439453,0
1745923247.3502765,9.79274845123291,7.535390377044678,13.15322494506836,11.109689712524414,-0.14395049214363098,-3.501481533050537,41.5910530090332,0
1745923247.3632271,9.75898551940918,7.499977111816406,13.096118927001953,11.067291259765625,-0.15559372305870056,-3.5003647804260254,41.42237091064453,0
1745923247.37702,9.72319221496582,7.428808689117432,13.0479154586792,11.032903671264648,-0.18971285223960876,-3.5288679599761963,41.232818603515625,0
1745923247.3864458,9.696996688842773,7.406331539154053,13.006863594055176,11.000612258911133,-0.19371065497398376,-3.526740074157715,41.110801696777344,0
1745923247.3990571,9.678295135498047,7.3873820304870605,12.967079162597656,10.961444854736328,-0.19485177099704742,-3.5156137943267822,40.99420166015625,0
1745923247.4114447,9.657354354858398,7.365208625793457,12.925395011901855,10.922540664672852,-0.198190838098526,-3.5069985389709473,40.87049865722656,0
1745923247.4236872,9.627307891845703,7.341991424560547,12.881717681884766,10.892480850219727,-0.20347368717193604,-3.5073788166046143,40.743499755859375,0
1745923247.4424896,9.602213859558105,7.3189263343811035,12.847166061401367,10.876571655273438,-0.21541330218315125,-3.514699697494507,40.64487838745117,0
1745923247.448853,9.585901260375977,7.300470352172852,12.821966171264648,10.869466781616211,-0.22973354160785675,-3.521784543991089,40.57780456542969,0
1745923247.4604607,9.56753921508789,7.284480094909668,12.801383972167969,10.868200302124023,-0.24175956845283508,-3.5331482887268066,40.5216064453125,0
1745923247.4750323,9.565681457519531,7.264506816864014,12.786892890930176,10.869543075561523,-0.26544836163520813,-3.5407052040100098,40.48662567138672,0
1745923247.4852853,9.566819190979004,7.259859561920166,12.77778434753418,10.871942520141602,-0.2774786651134491,-3.5399386882781982,40.47640609741211,0
1745923247.4980526,9.565244674682617,7.253675937652588,12.772141456604004,10.877099990844727,-0.2881956994533539,-3.5444350242614746,40.468162536621094,0
1745923247.5108652,9.565093040466309,7.249180316925049,12.766515731811523,10.882692337036133,-0.298997700214386,-3.54723858833313,40.46348190307617,0
1745923247.522471,9.566667556762695,7.24620246887207,12.757482528686523,10.883184432983398,-0.3088154196739197,-3.544405221939087,40.45353698730469,0
1745923247.535748,9.568469047546387,7.242105484008789,12.750237464904785,10.87672233581543,-0.3135627210140228,-3.5398828983306885,40.437530517578125,0
1745923247.5475254,9.569379806518555,7.241479396820068,12.748374938964844,10.862344741821289,-0.3060828745365143,-3.532693862915039,40.42157745361328,0
1745923247.560387,9.560691833496094,7.242389678955078,12.748095512390137,10.842239379882812,-0.2858996093273163,-3.5286033153533936,40.39341735839844,0
1745923247.5766215,9.543108940124512,7.23195743560791,12.742414474487305,10.819717407226562,-0.26964500546455383,-3.5334229469299316,40.337196350097656,0
1745923247.5838664,9.527175903320312,7.226342678070068,12.731369018554688,10.79935073852539,-0.25634852051734924,-3.5329253673553467,40.28424072265625,0
1745923247.596568,9.498268127441406,7.216081142425537,12.713693618774414,10.787485122680664,-0.24784912168979645,-3.5439891815185547,40.21553039550781,0
1745923247.6109283,9.493223190307617,7.207545280456543,12.694807052612305,10.786577224731445,-0.26301658153533936,-3.543686628341675,40.182151794433594,0
1745923247.6219034,9.496541976928711,7.206843376159668,12.684916496276855,10.787315368652344,-0.273268461227417,-3.538111448287964,40.17561721801758,0
1745923247.633946,9.500373840332031,7.206407070159912,12.681489944458008,10.79432487487793,-0.2834668755531311,-3.5375938415527344,40.182594299316406,0
1745923247.6459095,9.504053115844727,7.210163116455078,12.68528938293457,10.798992156982422,-0.28390607237815857,-3.536733388900757,40.1984977722168,0
1745923247.6586225,9.505589485168457,7.214962005615234,12.694490432739258,10.802486419677734,-0.27752649784088135,-3.5383810997009277,40.217529296875,0
1745923247.6752033,9.506993293762207,7.216725826263428,12.703300476074219,10.811386108398438,-0.277194082736969,-3.5441348552703857,40.2384033203125,0
1745923247.6837378,9.509857177734375,7.221429824829102,12.703672409057617,10.829032897949219,-0.2877523899078369,-3.547333002090454,40.26399230957031,0
1745923247.7004101,9.519038200378418,7.2211456298828125,12.701903343200684,10.842939376831055,-0.3050748407840729,-3.5471689701080322,40.28502655029297,0
1745923247.7102458,9.528996467590332,7.225052833557129,12.70350456237793,10.843902587890625,-0.3087112605571747,-3.539834976196289,40.301456451416016,0
1745923247.7216947,9.535540580749512,7.228865623474121,12.707733154296875,10.836666107177734,-0.302589476108551,-3.532227039337158,40.308807373046875,0
1745923247.7322187,9.538366317749023,7.2251667976379395,12.707975387573242,10.840860366821289,-0.3098398745059967,-3.5346808433532715,40.31237030029297,0
1745923247.745666,9.53645133972168,7.217503547668457,12.699481964111328,10.850479125976562,-0.32648155093193054,-3.5409984588623047,40.303916931152344,0
1745923247.7573755,9.547016143798828,7.210011005401611,12.68540096282959,10.872224807739258,-0.36381807923316956,-3.542448043823242,40.31465148925781,0
1745923247.7756083,9.569360733032227,7.184347152709961,12.632299423217773,10.908256530761719,-0.45930054783821106,-3.537074089050293,40.29426574707031,0
1745923247.7830677,9.607183456420898,7.1773481369018555,12.60300064086914,10.954339981079102,-0.5421875715255737,-3.525592565536499,40.34187316894531,0
1745923247.7953007,9.654224395751953,7.1773481369018555,12.585380554199219,11.005090713500977,-0.6210570335388184,-3.5113728046417236,40.42204284667969,0
1745923247.809957,9.697870254516602,7.1797380447387695,12.574037551879883,11.054008483886719,-0.689949631690979,-3.4997379779815674,40.505653381347656,0
1745923247.8193102,9.738954544067383,7.181236743927002,12.567667007446289,11.097105026245117,-0.7500407695770264,-3.4898691177368164,40.5849609375,0
1745923247.8305602,9.775259971618652,7.179794788360596,12.55569076538086,11.144851684570312,-0.8158672451972961,-3.484273672103882,40.65559768676758,0
1745923247.8440392,9.813366889953613,7.175527095794678,12.540325164794922,11.196792602539062,-0.8898627758026123,-3.479660749435425,40.72601318359375,0
1745923247.855779,9.855096817016602,7.172852516174316,12.527118682861328,11.248392105102539,-0.9631174206733704,-3.47271466255188,40.80345916748047,0
1745923247.8688183,9.899349212646484,7.168736457824707,12.511808395385742,11.291717529296875,-1.0348156690597534,-3.4606971740722656,40.871612548828125,0
1745923247.881151,9.97472858428955,7.166801929473877,12.500782012939453,11.316184997558594,-1.1097384691238403,-3.422590494155884,40.95849609375,0
1745923247.8928254,9.99254035949707,7.163084030151367,12.492233276367188,11.323760986328125,-1.1351163387298584,-3.413771867752075,40.97161865234375,0
1745923247.909287,9.997775077819824,7.152955055236816,12.477853775024414,11.330772399902344,-1.1605817079544067,-3.4135255813598633,40.95935821533203,0
1745923247.9210403,10.004205703735352,7.138766765594482,12.457887649536133,11.348457336425781,-1.200709342956543,-3.417171001434326,40.949317932128906,0
1745923247.9301946,10.018791198730469,7.129719257354736,12.436914443969727,11.379348754882812,-1.2518606185913086,-3.4181272983551025,40.96477508544922,0
1745923247.9429884,10.040055274963379,7.129491329193115,12.431717872619629,11.419443130493164,-1.2957392930984497,-3.4205636978149414,41.02070617675781,0
1745923247.954633,10.068923950195312,7.137192726135254,12.440509796142578,11.447877883911133,-1.3212181329727173,-3.4147560596466064,41.094505310058594,0
1745923247.9674783,10.091116905212402,7.149977207183838,12.460289001464844,11.459480285644531,-1.3199262619018555,-3.4074153900146484,41.160865783691406,0
1745923247.9788566,10.098648071289062,7.153182506561279,12.473774909973145,11.463787078857422,-1.3157122135162354,-3.4086527824401855,41.18939208984375,0
1745923247.9917731,10.101682662963867,7.139620304107666,12.470161437988281,11.471269607543945,-1.3347532749176025,-3.416545867919922,41.18273162841797,0
1745923248.008418,10.102384567260742,7.124331951141357,12.449356079101562,11.48322868347168,-1.3686795234680176,-3.421419143676758,41.1593017578125,0
1745923248.01774,10.110122680664062,7.112648010253906,12.406814575195312,11.485515594482422,-1.4139068126678467,-3.406552314758301,41.1151008605957,0
1745923248.0285735,10.120859146118164,7.104358673095703,12.387351036071777,11.46584701538086,-1.4279974699020386,-3.3883392810821533,41.07841491699219,0
1745923248.0429611,10.101834297180176,7.091839790344238,12.359747886657715,11.425601959228516,-1.4183777570724487,-3.377953052520752,40.97902297973633,0
1745923248.0533595,10.072983741760254,7.066991329193115,12.315958023071289,11.381011962890625,-1.420019507408142,-3.371870756149292,40.836944580078125,0
1745923248.07539,10.045802116394043,7.036168098449707,12.257547378540039,11.353633880615234,-1.4488966464996338,-3.3694472312927246,40.693153381347656,0
1745923248.0784235,10.028351783752441,6.967731475830078,12.194890975952148,11.344413757324219,-1.5266656875610352,-3.3898203372955322,40.53538513183594,0
1745923248.090299,10.026226997375488,6.939203262329102,12.139348983764648,11.321380615234375,-1.57159423828125,-3.374083995819092,40.42616271972656,0
1745923248.109841,10.02106761932373,6.912135601043701,12.086507797241211,11.286842346191406,-1.6041927337646484,-3.3553624153137207,40.30655288696289,0
1745923248.115932,10.002251625061035,6.883133411407471,12.026756286621094,11.253984451293945,-1.635650396347046,-3.343674659729004,40.1661262512207,0
1745923248.127605,9.983321189880371,6.853638172149658,11.972983360290527,11.222885131835938,-1.6643437147140503,-3.3356897830963135,40.03282928466797,0
1745923248.1433015,9.965510368347168,6.819684982299805,11.915336608886719,11.207260131835938,-1.7103676795959473,-3.3348236083984375,39.90779113769531,0
1745923248.1515236,9.955343246459961,6.794116020202637,11.861209869384766,11.19847297668457,-1.7573274374008179,-3.3287506103515625,39.80914306640625,0
1745923248.1647198,9.95651912689209,6.775640964508057,11.820642471313477,11.178993225097656,-1.7894597053527832,-3.312635898590088,39.73179626464844,0
1745923248.177459,9.943754196166992,6.7557053565979,11.792909622192383,11.14556884765625,-1.794741153717041,-3.3054039478302,39.637939453125,0
1745923248.1888707,9.921939849853516,6.7436418533325195,11.773836135864258,11.108707427978516,-1.7793185710906982,-3.301198720932007,39.548126220703125,0
1745923248.2014122,9.895574569702148,6.729719161987305,11.753143310546875,11.08285903930664,-1.7707475423812866,-3.3051342964172363,39.46129608154297,0
1745923248.2131014,9.873496055603027,6.712761402130127,11.730325698852539,11.07210922241211,-1.7789506912231445,-3.3141417503356934,39.388694763183594,0
1745923248.2256792,9.867046356201172,6.6996355056762695,11.700450897216797,11.070106506347656,-1.8058686256408691,-3.311910390853882,39.33723831176758,0
1745923248.242783,9.873855590820312,6.6887288093566895,11.671077728271484,11.073827743530273,-1.8434289693832397,-3.302901268005371,39.30748748779297,0
1745923248.2508206,9.884023666381836,6.682962894439697,11.635986328125,11.068292617797852,-1.8775635957717896,-3.2818691730499268,39.271263122558594,0
1745923248.263103,9.88772201538086,6.676949977874756,11.611455917358398,11.058692932128906,-1.8968925476074219,-3.267888069152832,39.23482131958008,0
1745923248.2769437,9.884800910949707,6.652158260345459,11.581003189086914,11.052684783935547,-1.9331066608428955,-3.268552541732788,39.17064666748047,0
1745923248.2875545,9.882600784301758,6.641043186187744,11.555970191955566,11.048189163208008,-1.9563003778457642,-3.263430595397949,39.12779998779297,0
1745923248.3006349,9.882315635681152,6.6411566734313965,11.548538208007812,11.023530960083008,-1.9452910423278809,-3.2489774227142334,39.095542907714844,0
1745923248.31267,9.853673934936523,6.641839981079102,11.549842834472656,10.977296829223633,-1.8937735557556152,-3.24591326713562,39.02265167236328,0
1745923248.3258328,9.814201354980469,6.635466575622559,11.541367530822754,10.913812637329102,-1.836096167564392,-3.2416465282440186,38.90484619140625,0
1745923248.3432734,9.76145076751709,6.62249231338501,11.526373863220215,10.837913513183594,-1.7707637548446655,-3.2411088943481445,38.74822998046875,0
1745923248.3493195,9.70007038116455,6.602499961853027,11.50124740600586,10.76038932800293,-1.7111188173294067,-3.244987964630127,38.564208984375,0
1745923248.3617067,9.637133598327637,6.577404975891113,11.467945098876953,10.697925567626953,-1.6704331636428833,-3.256296157836914,38.380409240722656,0
1745923248.3780265,9.589258193969727,6.535637378692627,11.434976577758789,10.662309646606445,-1.6709333658218384,-3.281346082687378,38.22218322753906,0
1745923248.3865395,9.558548927307129,6.5286946296691895,11.415252685546875,10.647174835205078,-1.6600333452224731,-3.2891199588775635,38.14967346191406,0
1745923248.3992598,9.540301322937012,6.531312465667725,11.411602020263672,10.642356872558594,-1.6449021100997925,-3.2951440811157227,38.125572204589844,0
1745923248.4141357,9.533757209777832,6.53933572769165,11.420001983642578,10.633005142211914,-1.6211448907852173,-3.2937591075897217,38.1260986328125,0
1745923248.423556,9.524823188781738,6.548346042633057,11.436300277709961,10.621479034423828,-1.5873286724090576,-3.295926094055176,38.130950927734375,0
1745923248.4425447,9.50976276397705,6.552006721496582,11.450845718383789,10.611238479614258,-1.5556707382202148,-3.3051905632019043,38.12385559082031,0
1745923248.4492679,9.49692153930664,6.550451278686523,11.455037117004395,10.602924346923828,-1.5389442443847656,-3.3124585151672363,38.1053352355957,0
1745923248.4610257,9.480457305908203,6.544893741607666,11.449654579162598,10.598333358764648,-1.5327987670898438,-3.3218889236450195,38.073341369628906,0
1745923248.476105,9.475563049316406,6.531862735748291,11.440826416015625,10.592571258544922,-1.5423555374145508,-3.326568603515625,38.04082489013672,0
1745923248.486486,9.470915794372559,6.5267791748046875,11.432220458984375,10.585012435913086,-1.5444977283477783,-3.3252804279327393,38.014930725097656,0
1745923248.4984162,9.465604782104492,6.524312973022461,11.416648864746094,10.582784652709961,-1.553276777267456,-3.321979284286499,37.989349365234375,0
1745923248.5113733,9.460559844970703,6.525565147399902,11.416500091552734,10.586051940917969,-1.5511798858642578,-3.3258585929870605,37.988677978515625,0
1745923248.5253105,9.45936393737793,6.528163909912109,11.422386169433594,10.595272064208984,-1.550167441368103,-3.3319857120513916,38.00518798828125,0
1745923248.5350528,9.462285995483398,6.5350871086120605,11.438069343566895,10.608064651489258,-1.5435339212417603,-3.3389134407043457,38.04351043701172,0
1745923248.54722,9.469797134399414,6.544381618499756,11.45742130279541,10.616472244262695,-1.5323714017868042,-3.3410463333129883,38.08807373046875,0
1745923248.5595508,9.472509384155273,6.553239822387695,11.474258422851562,10.616584777832031,-1.5144240856170654,-3.3415098190307617,38.11659240722656,0
1745923248.5759373,9.469246864318848,6.555667400360107,11.4843168258667,10.606081008911133,-1.4951907396316528,-3.341836929321289,38.11531066894531,0
1745923248.5851235,9.461128234863281,6.55204439163208,11.48228645324707,10.590965270996094,-1.4833990335464478,-3.3413918018341064,38.08642578125,0
1745923248.5979185,9.446371078491211,6.543850421905518,11.47627067565918,10.573507308959961,-1.4719562530517578,-3.3451809883117676,38.040000915527344,0
1745923248.6096358,9.411678314208984,6.532602310180664,11.466100692749023,10.557598114013672,-1.453226089477539,-3.3625118732452393,37.967979431152344,0
1745923248.6210625,9.399140357971191,6.524806499481201,11.456062316894531,10.555595397949219,-1.456896185874939,-3.3699724674224854,37.935604095458984,0
1745923248.6343145,9.400714874267578,6.518812656402588,11.446208953857422,10.566686630249023,-1.4780666828155518,-3.373386859893799,37.93242263793945,0
1745923248.6470652,9.414239883422852,6.51790189743042,11.439838409423828,10.592079162597656,-1.5109078884124756,-3.374119758605957,37.96405792236328,0
1745923248.66224,9.432392120361328,6.520045280456543,11.436877250671387,10.623199462890625,-1.5458786487579346,-3.374163866043091,38.01251220703125,0
1745923248.6777503,9.457487106323242,6.523307800292969,11.43376636505127,10.655658721923828,-1.5857547521591187,-3.3695948123931885,38.070220947265625,0
1745923248.6839354,9.485824584960938,6.528011798858643,11.432891845703125,10.683055877685547,-1.6213929653167725,-3.36074161529541,38.129783630371094,0
1745923248.6948924,9.509307861328125,6.526627540588379,11.434418678283691,10.707107543945312,-1.6541261672973633,-3.3584585189819336,38.177459716796875,0
1745923248.7086995,9.527023315429688,6.528827667236328,11.434846878051758,10.721317291259766,-1.6740978956222534,-3.3525209426879883,38.212013244628906,0
1745923248.723967,9.545479774475098,6.530819416046143,11.433357238769531,10.725984573364258,-1.6896302700042725,-3.340963363647461,38.23564147949219,0
1745923248.7349288,9.554319381713867,6.531407356262207,11.425962448120117,10.731254577636719,-1.704620122909546,-3.33398175239563,38.242942810058594,0
1745923248.7457216,9.561014175415039,6.5296244621276855,11.422479629516602,10.731821060180664,-1.71370267868042,-3.3295094966888428,38.24494171142578,0
1745923248.75824,9.558094024658203,6.526627540588379,11.413129806518555,10.730802536010742,-1.7205908298492432,-3.328483819961548,38.22865295410156,0
1745923248.7754261,9.558188438415527,6.514525413513184,11.403369903564453,10.738151550292969,-1.742713212966919,-3.335012912750244,38.2142333984375,0
1745923248.7812243,9.563480377197266,6.513008117675781,11.39901065826416,10.755439758300781,-1.762794017791748,-3.3385837078094482,38.23093795776367,0
1745923248.796693,9.576682090759277,6.515531063079834,11.396347045898438,10.777507781982422,-1.787085771560669,-3.337538719177246,38.26606750488281,0
1745923248.8102686,9.592597007751465,6.518869400024414,11.40195369720459,10.792472839355469,-1.801262378692627,-3.334792375564575,38.30589294433594,0
1745923248.820096,9.604584693908691,6.522321701049805,11.406237602233887,10.795816421508789,-1.805726408958435,-3.328502893447876,38.32896423339844,0
1745923248.830711,9.610237121582031,6.5220561027526855,11.403554916381836,10.797725677490234,-1.8131844997406006,-3.3247287273406982,38.33357238769531,0
1745923248.8445265,9.61179256439209,6.512875556945801,11.38994026184082,10.799613952636719,-1.8332757949829102,-3.324159860610962,38.31422424316406,0
1745923248.865047,9.613480567932129,6.502101421356201,11.373922348022461,10.79812240600586,-1.8542852401733398,-3.3218491077423096,38.287628173828125,0
1745923248.8843858,9.6170654296875,6.4950642585754395,11.356748580932617,10.795646667480469,-1.8739339113235474,-3.3149654865264893,38.2645263671875,0
1745923248.8854012,9.616875648498535,6.482602119445801,11.340767860412598,10.793397903442383,-1.8944920301437378,-3.314579963684082,38.233642578125,0
1745923248.8988807,9.61370849609375,6.474692344665527,11.329927444458008,10.801334381103516,-1.9124152660369873,-3.320281744003296,38.21966552734375,0
1745923248.910656,9.619664192199707,6.469058990478516,11.31888198852539,10.8125,-1.9371538162231445,-3.320133686065674,38.2201042175293,0
1745923248.9167843,9.629982948303223,6.463956356048584,11.311450958251953,10.83060073852539,-1.9663383960723877,-3.321748971939087,38.235992431640625,0
1745923248.929171,9.643393516540527,6.464184284210205,11.307670593261719,10.850156784057617,-1.9915498495101929,-3.3203682899475098,38.265403747558594,0
1745923248.9422092,9.65877628326416,6.4667067527771,11.309680938720703,10.866178512573242,-2.009326219558716,-3.3173227310180664,38.30134201049805,0
1745923248.955523,9.672945976257324,6.469419479370117,11.311189651489258,10.875381469726562,-2.0218703746795654,-3.311554193496704,38.32893371582031,0
1745923248.966361,9.679243087768555,6.471335411071777,11.313127517700195,10.877250671386719,-2.024385929107666,-3.3081023693084717,38.34095764160156,0
1745923248.980845,9.675980567932129,6.465322494506836,11.308507919311523,10.870410919189453,-2.025867223739624,-3.308694839477539,38.320220947265625,0
1745923248.9913394,9.668051719665527,6.458949089050293,11.301746368408203,10.8543701171875,-2.019906997680664,-3.307239055633545,38.283119201660156,0
1745923249.0082772,9.65634822845459,6.45064115524292,11.290385246276855,10.836893081665039,-2.015522003173828,-3.3066163063049316,38.23426818847656,0
1745923249.016824,9.646617889404297,6.43690824508667,11.274832725524902,10.817790985107422,-2.018923044204712,-3.305494546890259,38.176151275634766,0
1745923249.029242,9.618070602416992,6.424673557281494,11.254009246826172,10.797121047973633,-2.011406421661377,-3.312242031097412,38.0938720703125,0
1745923249.041735,9.605077743530273,6.414184093475342,11.229795455932617,10.778623580932617,-2.017272710800171,-3.3073878288269043,38.027679443359375,0
1745923249.0544274,9.595840454101562,6.4018168449401855,11.213554382324219,10.766019821166992,-2.0249416828155518,-3.3077776432037354,37.97723388671875,0
1745923249.0656655,9.591060638427734,6.395576477050781,11.202620506286621,10.767494201660156,-2.036264657974243,-3.310426712036133,37.95675277709961,0
1745923249.0786614,9.591705322265625,6.391706943511963,11.194015502929688,10.781116485595703,-2.0558955669403076,-3.3148303031921387,37.95854187011719,0
1745923249.0902412,9.599994659423828,6.389885902404785,11.19079303741455,10.79324722290039,-2.073837995529175,-3.314836263656616,37.97392272949219,0
1745923249.109598,9.610237121582031,6.388501167297363,11.186416625976562,10.790319442749023,-2.083395004272461,-3.3057641983032227,37.97547149658203,0
1745923249.1148248,9.613594055175781,6.3807053565979,11.178983688354492,10.777811050415039,-2.089216709136963,-3.299309492111206,37.95109558105469,0
1745923249.1282344,9.608397483825684,6.366593360900879,11.158365249633789,10.753910064697266,-2.0968987941741943,-3.290893793106079,37.88726806640625,0
1745923249.1441557,9.593032836914062,6.347226619720459,11.129775047302246,10.718009948730469,-2.099954128265381,-3.2829973697662354,37.78804397583008,0
1745923249.1537526,9.568829536437988,6.328922271728516,11.098054885864258,10.673154830932617,-2.092445135116577,-3.274383068084717,37.66896057128906,0
1745923249.1650665,9.53466796875,6.310182094573975,11.063523292541504,10.64256477355957,-2.090461015701294,-3.2778406143188477,37.550941467285156,0
1745923249.1781394,9.481614112854004,6.277442932128906,11.036031723022461,10.634307861328125,-2.096440315246582,-3.3165621757507324,37.42939758300781,0
1745923249.1894855,9.47309684753418,6.273459434509277,11.026457786560059,10.638238906860352,-2.1041722297668457,-3.322019577026367,37.4112548828125,0
1745923249.2094574,9.470726013183594,6.2746734619140625,11.029027938842773,10.646080017089844,-2.1049134731292725,-3.327690601348877,37.420509338378906,0
1745923249.2145863,9.472091674804688,6.277120590209961,11.043743133544922,10.66049575805664,-2.10202956199646,-3.3389594554901123,37.453453063964844,0
1745923249.2315829,9.477081298828125,6.279681205749512,11.04925537109375,10.67532730102539,-2.109241008758545,-3.343642473220825,37.481346130371094,0
1745923249.2423823,9.48580551147461,6.2805914878845215,11.051509857177734,10.694826126098633,-2.126180410385132,-3.3476288318634033,37.512733459472656,0
1745923249.2514048,9.50027847290039,6.280705451965332,11.056724548339844,10.723640441894531,-2.1517257690429688,-3.354166030883789,37.56134796142578,0
1745923249.2639103,9.521617889404297,6.292807102203369,11.072239875793457,10.757272720336914,-2.1673505306243896,-3.355570077896118,37.64393615722656,0
1745923249.2769804,9.547869682312012,6.3253374099731445,11.095857620239258,10.787975311279297,-2.161456346511841,-3.3430356979370117,37.757041931152344,0
1745923249.2880712,9.573760986328125,6.341953754425049,11.12346076965332,10.80322265625,-2.154301881790161,-3.3356857299804688,37.84239959716797,0
1745923249.3010042,9.58870792388916,6.3558573722839355,11.15020751953125,10.795534133911133,-2.1269021034240723,-3.3260409832000732,37.89030456542969,0
1745923249.3147829,9.590320587158203,6.364165306091309,11.172633171081543,10.758575439453125,-2.0783233642578125,-3.3128912448883057,37.88569641113281,0
1745923249.3281522,9.533814430236816,6.367769241333008,11.188278198242188,10.683528900146484,-1.9727182388305664,-3.319127321243286,37.77339172363281,0
1745923249.3451254,9.468165397644043,6.357905864715576,11.189042091369629,10.57571792602539,-1.8598744869232178,-3.31762957572937,37.5908317565918,0
1745923249.3502774,9.37785816192627,6.333019733428955,11.167380332946777,10.457721710205078,-1.7512595653533936,-3.3265154361724854,37.33597946166992,0
1745923249.3624196,9.281652450561523,6.3023481369018555,11.129179000854492,10.350515365600586,-1.662488341331482,-3.340453624725342,37.063697814941406,0
1745923249.3754294,9.197376251220703,6.251532554626465,11.093008041381836,10.264432907104492,-1.6106879711151123,-3.3711349964141846,36.80635070800781,0
1745923249.3866627,9.12527847290039,6.236358165740967,11.07011604309082,10.212114334106445,-1.5518478155136108,-3.3929948806762695,36.64386749267578,0
1745923249.3986719,9.075601577758789,6.229889869689941,11.062200546264648,10.188837051391602,-1.5106940269470215,-3.415435791015625,36.55652618408203,0
1745923249.4198716,9.049653053283691,6.229586124420166,11.060562133789062,10.199966430664062,-1.5015196800231934,-3.437544107437134,36.53976821899414,0
1745923249.424903,9.044398307800293,6.232147216796875,11.063560485839844,10.24493408203125,-1.525801658630371,-3.462369441986084,36.58504104614258,0
1745923249.4422925,9.064447402954102,6.240417003631592,11.073115348815918,10.324007034301758,-1.5829613208770752,-3.4858434200286865,36.701988220214844,0
1745923249.447991,9.109307289123535,6.258436679840088,11.128825187683105,10.418045043945312,-1.6232727766036987,-3.515183925628662,36.914615631103516,0
1745923249.4612882,9.241022109985352,6.283929824829102,11.168349266052246,10.501424789428711,-1.724027395248413,-3.4693427085876465,37.194725036621094,0
1745923249.4768348,9.300771713256836,6.339127063751221,11.207072257995605,10.553762435913086,-1.72813081741333,-3.436821222305298,37.400733947753906,0
1745923249.4869711,9.334668159484863,6.354548454284668,11.237059593200684,10.562623977661133,-1.7220879793167114,-3.4228742122650146,37.48889923095703,0
1745923249.4976385,9.333889961242676,6.356293678283691,11.250730514526367,10.527442932128906,-1.6846373081207275,-3.412153482437134,37.46835708618164,0
1745923249.5111842,9.297622680664062,6.344172954559326,11.241212844848633,10.460744857788086,-1.6292811632156372,-3.4078896045684814,37.343753814697266,0
1745923249.5228174,9.238973617553711,6.317010402679443,11.214113235473633,10.375003814697266,-1.5700559616088867,-3.4108340740203857,37.145103454589844,0
1745923249.5351708,9.165245056152344,6.281388282775879,11.176227569580078,10.266416549682617,-1.4983571767807007,-3.413356065750122,36.88927459716797,0
1745923249.5470667,9.082182884216309,6.243357181549072,11.130892753601074,10.141544342041016,-1.414979338645935,-3.4123430252075195,36.59797668457031,0
1745923249.5600054,8.985540390014648,6.203941345214844,11.07695198059082,10.004108428955078,-1.3191187381744385,-3.4111194610595703,36.27054214477539,0
1745923249.575795,8.883472442626953,6.109119892120361,11.00656509399414,9.865442276000977,-1.2750858068466187,-3.4426069259643555,35.864601135253906,0
1745923249.5841517,8.780628204345703,6.052651405334473,10.929119110107422,9.736621856689453,-1.2111166715621948,-3.4502835273742676,35.499019622802734,0
1745923249.5961146,8.68161392211914,6.000185489654541,10.842472076416016,9.637880325317383,-1.1760213375091553,-3.463087797164917,35.16215133666992,0
1745923249.609336,8.539998054504395,5.9574503898620605,10.758283615112305,9.583917617797852,-1.1317306756973267,-3.5229921340942383,34.83964920043945,0
1745923249.6209462,8.514087677001953,5.930420875549316,10.692012786865234,9.569236755371094,-1.1786220073699951,-3.5196340084075928,34.70575714111328,0
1745923249.6337268,8.512741088867188,5.920443534851074,10.650310516357422,9.585769653320312,-1.2338640689849854,-3.5149519443511963,34.66926574707031,0
1745923249.6460648,8.53373908996582,5.924161434173584,10.63092041015625,9.618778228759766,-1.2887142896652222,-3.504354953765869,34.70759963989258,0
1745923249.658276,8.565699577331543,5.935542106628418,10.631982803344727,9.66023063659668,-1.3345999717712402,-3.495209217071533,34.79345703125,0
1745923249.6770318,8.604812622070312,5.978770732879639,10.646249771118164,9.713815689086914,-1.357070803642273,-3.47147798538208,34.94364929199219,0
1745923249.6834295,8.650392532348633,6.009574890136719,10.672883987426758,9.77293586730957,-1.3884987831115723,-3.461050510406494,35.10578918457031,0
1745923249.6953464,8.700392723083496,6.039430618286133,10.750255584716797,9.83485221862793,-1.3836013078689575,-3.4749107360839844,35.324928283691406,0
1745923249.7098796,8.74640941619873,6.073383808135986,10.800210952758789,9.89419937133789,-1.3931448459625244,-3.4737350940704346,35.51420593261719,0
1745923249.719134,8.78952407836914,6.11298942565918,10.857074737548828,9.957382202148438,-1.3929394483566284,-3.475961208343506,35.71697235107422,0
1745923249.7323518,8.833586692810059,6.152291297912598,10.921799659729004,10.033563613891602,-1.396881103515625,-3.4878933429718018,35.94123840332031,0
1745923249.747781,8.937607765197754,6.195272922515869,10.992168426513672,10.128110885620117,-1.4506819248199463,-3.468259572982788,36.25315856933594,0
1745923249.7590902,9.008188247680664,6.243072509765625,11.068309783935547,10.229990005493164,-1.4760857820510864,-3.474400758743286,36.549560546875,0
1745923249.769768,9.084800720214844,6.343414306640625,11.14719009399414,10.334039688110352,-1.4627856016159058,-3.4439234733581543,36.909446716308594,0
1745923249.7818203,9.162285804748535,6.3916120529174805,11.217744827270508,10.43642807006836,-1.4970407485961914,-3.4429569244384766,37.20806884765625,0
1745923249.7947686,9.243582725524902,6.43641471862793,11.283400535583496,10.535491943359375,-1.5376273393630981,-3.4378836154937744,37.4988899230957,0
1745923249.8120065,9.322907447814941,6.480781555175781,11.348833084106445,10.619779586791992,-1.5663872957229614,-3.427469253540039,37.772300720214844,0
1745923249.8202322,9.390737533569336,6.519533157348633,11.407988548278809,10.675346374511719,-1.5760486125946045,-3.4120049476623535,37.99360656738281,0
1745923249.8352869,9.438253402709961,6.546544075012207,11.454460144042969,10.696035385131836,-1.5663180351257324,-3.3952713012695312,38.135292053222656,0
1745923249.8447766,9.457315444946289,6.561035633087158,11.48405647277832,10.691047668457031,-1.5419291257858276,-3.3851828575134277,38.19345474243164,0
1745923249.856401,9.45856761932373,6.5613579750061035,11.492921829223633,10.666391372680664,-1.518600344657898,-3.3768913745880127,38.179237365722656,0
1745923249.8719227,9.4410982131958,6.550299644470215,11.483907699584961,10.630075454711914,-1.49677312374115,-3.3741767406463623,38.10538101196289,0
1745923249.8833406,9.411659240722656,6.517484664916992,11.467144012451172,10.607383728027344,-1.4988973140716553,-3.3958053588867188,38.00366973876953,0
1745923249.8927763,9.362722396850586,6.5013427734375,11.44672966003418,10.598749160766602,-1.487097144126892,-3.4241950511932373,37.9095458984375,0
1745923249.9108088,9.352745056152344,6.487951278686523,11.429165840148926,10.598636627197266,-1.504136085510254,-3.431062936782837,37.868499755859375,0
1745923249.9174118,9.353825569152832,6.477954864501953,11.412626266479492,10.616567611694336,-1.538120985031128,-3.437462091445923,37.86097717285156,0
1745923249.930437,9.367236137390137,6.474218368530273,11.39582633972168,10.643735885620117,-1.5824795961380005,-3.436028242111206,37.881019592285156,0
1745923249.9438565,9.388631820678711,6.470993995666504,11.389995574951172,10.67226791381836,-1.6243259906768799,-3.4348340034484863,37.92189025878906,0
1745923249.95561,9.411981582641602,6.473326683044434,11.392752647399902,10.70767593383789,-1.661154866218567,-3.435961961746216,37.98573684692383,0
1745923249.9674473,9.437931060791016,6.477841377258301,11.405287742614746,10.74661636352539,-1.6927671432495117,-3.440157175064087,38.06767654418945,0
1745923249.9792361,9.466268539428711,6.502651691436768,11.42171573638916,10.786672592163086,-1.7078222036361694,-3.4321136474609375,38.17730712890625,0
1745923249.9917352,9.498249053955078,6.517294883728027,11.445091247558594,10.824914932250977,-1.7265455722808838,-3.430633306503296,38.285552978515625,0
1745923250.009355,9.527156829833984,6.535030364990234,11.471036911010742,10.844829559326172,-1.7261359691619873,-3.4219367504119873,38.3780517578125,0
1745923250.018428,9.546162605285645,6.546316146850586,11.492661476135254,10.843278884887695,-1.712612271308899,-3.41186785697937,38.42842102050781,0
1745923250.0295844,9.553882598876953,6.551589488983154,11.504936218261719,10.833700180053711,-1.6977787017822266,-3.404850482940674,38.44410705566406,0
1745923250.043359,9.541420936584473,6.553125858306885,11.510150909423828,10.821117401123047,-1.6754182577133179,-3.4084153175354004,38.42581558227539,0
1745923250.0541072,9.531576156616211,6.553486347198486,11.5167818069458,10.809856414794922,-1.6555525064468384,-3.4123215675354004,38.41170120239258,0
1745923250.0654898,9.518052101135254,6.559347152709961,11.526336669921875,10.799293518066406,-1.627124309539795,-3.416731357574463,38.40303039550781,0
1745923250.0786455,9.507657051086426,6.567427635192871,11.537009239196777,10.786048889160156,-1.5964184999465942,-3.4170262813568115,38.39814376831055,0
1745923250.0914483,9.495176315307617,6.569855690002441,11.549078941345215,10.77151870727539,-1.5666614770889282,-3.422293186187744,38.3856315612793,0
1745923250.10224,9.481500625610352,6.572644233703613,11.560347557067871,10.761373519897461,-1.5394232273101807,-3.429734706878662,38.37586975097656,0
1745923250.115287,9.468147277832031,6.574123382568359,11.569437026977539,10.756895065307617,-1.5189892053604126,-3.439408302307129,38.36860275268555,0
1745923250.1284838,9.460445404052734,6.57859992980957,11.580612182617188,10.761751174926758,-1.504988193511963,-3.4487969875335693,38.38140869140625,0
1745923250.1425798,9.45833969116211,6.587002754211426,11.592384338378906,10.77627944946289,-1.4980610609054565,-3.456806182861328,38.414005279541016,0
1745923250.1540933,9.46469497680664,6.5968852043151855,11.604974746704102,10.788656234741211,-1.4937310218811035,-3.4578683376312256,38.4552116394043,0
1745923250.1651742,9.477459907531738,6.608284950256348,11.621942520141602,10.792869567871094,-1.4836876392364502,-3.4521687030792236,38.50055694580078,0
1745923250.1796892,9.48216438293457,6.616175651550293,11.65083122253418,10.785520553588867,-1.4537293910980225,-3.4539854526519775,38.534690856933594,0
1745923250.1892142,9.470176696777344,6.616232872009277,11.655935287475586,10.777168273925781,-1.435765027999878,-3.460078716278076,38.51951599121094,0
1745923250.2017176,9.457353591918945,6.614089488983154,11.654463768005371,10.771688461303711,-1.4258993864059448,-3.4664204120635986,38.497596740722656,0
1745923250.2143173,9.453901290893555,6.610769748687744,11.652955055236816,10.770027160644531,-1.4260597229003906,-3.4692821502685547,38.48765182495117,0
1745923250.228224,9.453958511352539,6.606350421905518,11.648876190185547,10.778358459472656,-1.438349723815918,-3.4739930629730225,38.48754119873047,0
1745923250.2443652,9.456026077270508,6.60312557220459,11.645318984985352,10.788145065307617,-1.451716661453247,-3.477565288543701,38.49261474609375,0
1745923250.251477,9.464334487915039,6.602442741394043,11.642524719238281,10.799671173095703,-1.4680485725402832,-3.476691246032715,38.50897216796875,0
1745923250.263227,9.472376823425293,6.600963592529297,11.641313552856445,10.8109130859375,-1.4833885431289673,-3.477083206176758,38.52556610107422,0
1745923250.2786694,9.48062801361084,6.594931602478027,11.639265060424805,10.819793701171875,-1.501360535621643,-3.478780746459961,38.53461837768555,0
1745923250.2892597,9.486166000366211,6.5911760330200195,11.631534576416016,10.828901290893555,-1.5202229022979736,-3.478273868560791,38.53778076171875,0
1745923250.3002083,9.491060256958008,6.589753150939941,11.62423324584961,10.83840560913086,-1.5367966890335083,-3.4770708084106445,38.543453216552734,0
1745923250.3130832,9.498363494873047,6.589260101318359,11.625518798828125,10.848665237426758,-1.5482417345046997,-3.477994918823242,38.561805725097656,0
1745923250.3252897,9.508150100708008,6.5911760330200195,11.628499031066895,10.85675048828125,-1.55674409866333,-3.4755947589874268,38.58457565307617,0
1745923250.3438323,9.515775680541992,6.593774318695068,11.630529403686523,10.862552642822266,-1.562398076057434,-3.4726688861846924,38.602630615234375,0
1745923250.349754,9.52209186553955,6.5959367752075195,11.633472442626953,10.87071418762207,-1.5684021711349487,-3.4723362922668457,38.622215270996094,0
1745923250.361483,9.527592658996582,6.595880031585693,11.63477611541748,10.875455856323242,-1.5744549036026,-3.471630096435547,38.633705139160156,0
1745923250.377627,9.528465270996094,6.5944952964782715,11.634868621826172,10.875513076782227,-1.5760786533355713,-3.472022533416748,38.63334274291992,0
1745923250.386534,9.529982566833496,6.596126556396484,11.632858276367188,10.876174926757812,-1.5778603553771973,-3.4694161415100098,38.6351432800293,0
1745923250.3989522,9.533112525939941,6.596429824829102,11.632317543029785,10.87054443359375,-1.5763299465179443,-3.4644405841827393,38.63240432739258,0
1745923250.411049,9.531006813049316,6.5963921546936035,11.636861801147461,10.854635238647461,-1.5605548620224,-3.4606385231018066,38.618896484375,0
1745923250.4236152,9.519095420837402,6.592408657073975,11.630603790283203,10.827484130859375,-1.541626214981079,-3.4555273056030273,38.5695915222168,0
1745923250.4422367,9.501302719116211,6.585921764373779,11.621942520141602,10.79360580444336,-1.5177406072616577,-3.451564073562622,38.50277328491211,0
1745923250.4490554,9.475336074829102,6.578562259674072,11.616113662719727,10.765869140625,-1.490868091583252,-3.4574408531188965,38.435882568359375,0
1745923250.4622655,9.431974411010742,6.573137283325195,11.616913795471191,10.741987228393555,-1.4479576349258423,-3.4779884815216064,38.364013671875,0
1745923250.4782927,9.410711288452148,6.573876857757568,11.623451232910156,10.711925506591797,-1.4068026542663574,-3.4803411960601807,38.31996536254883,0
1745923250.4921582,9.386337280273438,6.570765972137451,11.626729965209961,10.678030014038086,-1.366174578666687,-3.4839069843292236,38.261863708496094,0
1745923250.497355,9.35524845123291,6.565493106842041,11.622297286987305,10.642036437988281,-1.326849102973938,-3.488677978515625,38.18507385253906,0
1745923250.5106716,9.324899673461914,6.558645725250244,11.622389793395996,10.602888107299805,-1.28340482711792,-3.494633436203003,38.10882568359375,0
1745923250.5226176,9.29210376739502,6.551665306091309,11.619856834411621,10.562736511230469,-1.2394790649414062,-3.5006062984466553,38.026363372802734,0
1745923250.5353782,9.25631046295166,6.543907165527344,11.614585876464844,10.526044845581055,-1.1983962059020996,-3.5093753337860107,37.94084930419922,0
1745923250.5474172,9.224861145019531,6.538747787475586,11.613914489746094,10.49639892578125,-1.1596564054489136,-3.5190646648406982,37.873924255371094,0
1745923250.5598662,9.199027061462402,6.5384063720703125,11.615852355957031,10.473764419555664,-1.1240339279174805,-3.5264673233032227,37.827049255371094,0
1745923250.5787094,9.174823760986328,6.531597137451172,11.619112014770508,10.44931411743164,-1.0921553373336792,-3.5368006229400635,37.77484893798828,0
1745923250.58505,9.154926300048828,6.527177333831787,11.619447708129883,10.434236526489258,-1.0703644752502441,-3.545790433883667,37.73578643798828,0
1745923250.5968375,9.136868476867676,6.525716781616211,11.61795711517334,10.429910659790039,-1.0566567182540894,-3.555802345275879,37.710453033447266,0
1745923250.6095986,9.12165641784668,6.528315544128418,11.62078857421875,10.430967330932617,-1.0423532724380493,-3.565816879272461,37.70172882080078,0
1745923250.6217332,9.119853973388672,6.536282062530518,11.629915237426758,10.434879302978516,-1.0307015180587769,-3.567828893661499,37.72093200683594,0
1745923250.6344814,9.121048927307129,6.545671463012695,11.642841339111328,10.444704055786133,-1.0214145183563232,-3.571445941925049,37.75426483154297,0
1745923250.646532,9.125619888305664,6.555477619171143,11.662696838378906,10.457250595092773,-1.010858416557312,-3.577040195465088,37.80104446411133,0
1745923250.65798,9.130399703979492,6.56858491897583,11.709930419921875,10.468208312988281,-0.975855827331543,-3.5922014713287354,37.87712097167969,0
1745923250.6777837,9.13284683227539,6.5961833000183105,11.736175537109375,10.471477508544922,-0.938801646232605,-3.5862667560577393,37.936683654785156,0
1745923250.6841574,9.134004592895508,6.60824728012085,11.760965347290039,10.472497940063477,-0.9122699499130249,-3.5895421504974365,37.97571563720703,0
1745923250.695553,9.131937026977539,6.616725921630859,11.786725044250488,10.470003128051758,-0.8829727172851562,-3.596052646636963,38.005393981933594,0
1745923250.7098088,9.128275871276855,6.623270034790039,11.806747436523438,10.467660903930664,-0.8585113286972046,-3.6022794246673584,38.02595520019531,0
1745923250.7197726,9.119322776794434,6.63006067276001,11.824125289916992,10.465751647949219,-0.8324272632598877,-3.610752582550049,38.03926086425781,0
1745923250.7325852,9.10894775390625,6.6349921226501465,11.840497970581055,10.464637756347656,-0.8080790042877197,-3.6212470531463623,38.049076080322266,0
1745923250.7454338,9.103484153747559,6.639999866485596,11.853517532348633,10.459497451782227,-0.7868559956550598,-3.6251401901245117,38.05649948120117,0
1745923250.7580585,9.090168952941895,6.6468281745910645,11.865884780883789,10.451732635498047,-0.757260799407959,-3.631438970565796,38.05461502075195,0
1745923250.7761118,9.08212661743164,6.658304214477539,11.876873970031738,10.441587448120117,-0.7272670269012451,-3.629603147506714,38.05889129638672,0
1745923250.7828856,9.07493782043457,6.660125255584717,11.890061378479004,10.432649612426758,-0.7043825387954712,-3.6350157260894775,38.057777404785156,0
1745923250.793754,9.063328742980957,6.6586456298828125,11.899429321289062,10.418025970458984,-0.6796055436134338,-3.6410930156707764,38.0394287109375,0
1745923250.8112426,9.051151275634766,6.655003547668457,11.899821281433105,10.401851654052734,-0.6616791486740112,-3.644141435623169,38.00782775878906,0
1745923250.8199644,9.037550926208496,6.656369209289551,11.901050567626953,10.386415481567383,-0.638821005821228,-3.64558744430542,37.98138427734375,0
1745923250.8328261,9.025089263916016,6.657924652099609,11.907402038574219,10.372621536254883,-0.6139328479766846,-3.649265766143799,37.963035583496094,0
1745923250.8435142,9.010066032409668,6.658759117126465,11.912542343139648,10.362892150878906,-0.5915635824203491,-3.6563844680786133,37.94425964355469,0
1745923250.8562927,8.997907638549805,6.658835411071777,11.917776107788086,10.357563018798828,-0.5749244689941406,-3.664194107055664,37.93208312988281,0
1745923250.8681448,8.98861312866211,1.586243987083435,11.92321491241455,10.359792709350586,-4.97568941116333,-7.482872009277344,32.85786437988281,0
1745923250.881137,8.983965873718262,7.738596439361572,11.9251708984375,10.364818572998047,0.22606778144836426,-2.996880531311035,39.012550354003906,0
1745923250.8939714,8.98743724822998,6.659309387207031,11.929399490356445,10.371129989624023,-0.5680515170097351,-3.682199716567993,37.94727325439453,0
1745923250.9108434,8.991515159606934,6.660523414611816,11.930032730102539,10.377893447875977,-0.5744951963424683,-3.6821329593658447,37.959964752197266,0
1745923250.917017,8.994645118713379,6.662761688232422,11.935564041137695,10.379632949829102,-0.5721675753593445,-3.681959629058838,37.97260284423828,0
1745923250.929552,8.998950958251953,6.66702938079834,11.942995071411133,10.377269744873047,-0.5647707581520081,-3.678699254989624,37.986244201660156,0
1745923250.9458652,8.996750831604004,6.667465686798096,11.942232131958008,10.373567581176758,-0.5607532262802124,-3.6778085231781006,37.980018615722656,0
1745923250.9542167,8.995308876037598,6.6664605140686035,11.937686920166016,10.374870300292969,-0.564825713634491,-3.677919864654541,37.974327087402344,0
1745923250.9668636,8.99580192565918,6.664885997772217,11.929640769958496,10.376665115356445,-0.5737178325653076,-3.6757700443267822,37.96699523925781,0
1745923250.9799137,8.999823570251465,6.653106689453125,11.918949127197266,10.381067276000977,-0.596721887588501,-3.677943706512451,37.95294952392578,0
1745923250.9921482,9.003692626953125,6.648194313049316,11.911443710327148,10.393367767333984,-0.6177513003349304,-3.6808102130889893,37.95669937133789,0
1745923251.0094283,9.010502815246582,6.650432109832764,11.907867431640625,10.417306900024414,-0.6409264206886292,-3.6842164993286133,37.986106872558594,0
1745923251.0167778,9.02412223815918,6.656179428100586,11.911127090454102,10.451051712036133,-0.6682079434394836,-3.688493013381958,38.04248046875,0
1745923251.031345,9.04466438293457,6.664999961853027,11.92245101928711,10.484212875366211,-0.6915647983551025,-3.68967866897583,38.11632537841797,0
1745923251.0450892,9.096807479858398,6.672966480255127,11.93416690826416,10.518259048461914,-0.7383697628974915,-3.671576499938965,38.222198486328125,0
1745923251.0532951,9.122661590576172,6.6775946617126465,11.941524505615234,10.548660278320312,-0.7694259881973267,-3.6690220832824707,38.290443420410156,0
1745923251.0654607,9.145461082458496,6.684271335601807,11.947912216186523,10.567119598388672,-0.7889254093170166,-3.6612894535064697,38.344764709472656,0
1745923251.07982,9.161014556884766,6.689980983734131,11.951507568359375,10.571540832519531,-0.796107292175293,-3.6512465476989746,38.374046325683594,0
1745923251.0908551,9.168848037719727,6.6844801902771,11.947559356689453,10.568971633911133,-0.8069310784339905,-3.646801471710205,38.36985778808594,0
1745923251.1086998,9.166401863098145,6.67473030090332,11.934520721435547,10.561849594116211,-0.8172686696052551,-3.645516872406006,38.337501525878906,0
1745923251.1164064,9.161754608154297,6.662818431854248,11.919732093811035,10.557767868041992,-0.8311620354652405,-3.6476218700408936,38.30207061767578,0
1745923251.1283782,9.157903671264648,6.655762195587158,11.892333984375,10.554914474487305,-0.8523640632629395,-3.6409285068511963,38.26091384887695,0
1745923251.142874,9.159819602966309,6.652803421020508,11.8876953125,10.547489166259766,-0.854185163974762,-3.636124610900879,38.247806549072266,0
1745923251.1531734,9.15915584564209,6.64855432510376,11.880952835083008,10.534961700439453,-0.8531145453453064,-3.6305367946624756,38.22362518310547,0
1745923251.1649258,9.152972221374512,6.644362449645996,11.868846893310547,10.526592254638672,-0.8550817966461182,-3.6279168128967285,38.192771911621094,0
1745923251.1804447,9.137532234191895,6.62916898727417,11.855827331542969,10.528387069702148,-0.8667119741439819,-3.64258074760437,38.150917053222656,0
1745923251.189564,9.141059875488281,6.62402868270874,11.84696102142334,10.537757873535156,-0.8864841461181641,-3.6438517570495605,38.14980697631836,0
1745923251.2015655,9.151435852050781,6.6236114501953125,11.842211723327637,10.553308486938477,-0.9088091850280762,-3.6423325538635254,38.170570373535156,0
1745923251.2136817,9.166913986206055,6.628808498382568,11.84507942199707,10.5684814453125,-0.9244401454925537,-3.6371946334838867,38.20928192138672,0
1745923251.226613,9.176891326904297,6.632393836975098,11.847295761108398,10.581953048706055,-0.9366548657417297,-3.6355795860290527,38.23853302001953,0
1745923251.2454283,9.188063621520996,6.6385393142700195,11.85595703125,10.59417724609375,-0.9420055747032166,-3.63390851020813,38.276737213134766,0
1745923251.2510753,9.196807861328125,6.646885395050049,11.872608184814453,10.600940704345703,-0.9340744018554688,-3.633533477783203,38.31724166870117,0
1745923251.2634206,9.20367431640625,6.65521240234375,11.894401550292969,10.605796813964844,-0.9196257591247559,-3.635841131210327,38.35908508300781,0
1745923251.2768288,9.202744483947754,6.674768447875977,11.914684295654297,10.605003356933594,-0.8884042501449585,-3.632704257965088,38.39720153808594,0
1745923251.287304,9.198097229003906,6.682848930358887,11.930068969726562,10.603096008300781,-0.8661317825317383,-3.6365957260131836,38.41411209106445,0
1745923251.3012967,9.196257591247559,6.688387393951416,11.941636085510254,10.595991134643555,-0.84696364402771,-3.6362407207489014,38.422271728515625,0
1745923251.313409,9.192084312438965,6.693091869354248,11.954505920410156,10.587469100952148,-0.8248000741004944,-3.637864828109741,38.42715072631836,0
1745923251.3251915,9.171106338500977,6.701911926269531,11.972946166992188,10.584390640258789,-0.787343442440033,-3.652599334716797,38.430355072021484,0
1745923251.3449984,9.162304878234863,6.710352420806885,11.993118286132812,10.583520889282227,-0.7590771913528442,-3.6615395545959473,38.44929504394531,0
1745923251.3501515,9.156330108642578,6.719115734100342,12.013772964477539,10.586013793945312,-0.7346214652061462,-3.670182704925537,38.47523498535156,0
1745923251.3620923,9.15746784210205,6.72812557220459,12.032157897949219,10.596822738647461,-0.7226407527923584,-3.6768195629119873,38.51457214355469,0
1745923251.3771882,9.165870666503906,6.744647026062012,12.067415237426758,10.611692428588867,-0.7005523443222046,-3.6833837032318115,38.589622497558594,0
1745923251.3857796,9.1748046875,6.753012180328369,12.079523086547852,10.621990203857422,-0.6989322304725647,-3.6823740005493164,38.629329681396484,0
1745923251.4107451,9.180760383605957,6.7589111328125,12.087345123291016,10.626031875610352,-0.6958063840866089,-3.680119037628174,38.653045654296875,0
1745923251.4128146,9.182296752929688,6.759537220001221,12.095410346984863,10.621402740478516,-0.6871694326400757,-3.6802778244018555,38.65864562988281,0
1745923251.4241006,9.176454544067383,6.763577461242676,12.105375289916992,10.610973358154297,-0.6652790307998657,-3.681220293045044,38.65637969970703,0
1745923251.436029,9.16736888885498,6.76507568359375,12.112080574035645,10.594234466552734,-0.6409256458282471,-3.6815690994262695,38.63875961303711,0
1745923251.4490156,9.154376029968262,6.7630839347839355,12.111279487609863,10.57879638671875,-0.622849702835083,-3.683864116668701,38.60753631591797,0
1745923251.4611814,9.139106750488281,6.759707927703857,12.110124588012695,10.570426940917969,-0.6094350814819336,-3.691518783569336,38.579368591308594,0
1745923251.4776437,9.12140941619873,6.75993537902832,12.115545272827148,10.56396484375,-0.5880846381187439,-3.702238082885742,38.560855865478516,0
1745923251.4857378,9.113802909851074,6.763008117675781,12.122045516967773,10.559921264648438,-0.5727049112319946,-3.706244707107544,38.55877685546875,0
1745923251.4996147,9.106215476989746,6.766953468322754,12.132345199584961,10.560810089111328,-0.5573866367340088,-3.713595390319824,38.566322326660156,0
1745923251.5122688,9.105419158935547,6.769684791564941,12.141192436218262,10.569879531860352,-0.5547012686729431,-3.7203822135925293,38.58617401123047,0
1745923251.522436,9.110085487365723,6.777310371398926,12.15123176574707,10.584880828857422,-0.5556156039237976,-3.7237179279327393,38.62350845336914,0
1745923251.5354252,9.12271785736084,6.786301136016846,12.165908813476562,10.606721878051758,-0.562603235244751,-3.7262072563171387,38.68164825439453,0
1745923251.547243,9.142255783081055,6.799465179443359,12.184627532958984,10.628641128540039,-0.5684562921524048,-3.7234559059143066,38.75498962402344,0
1745923251.5598557,9.156993865966797,6.813311576843262,12.207426071166992,10.63629150390625,-0.5573079586029053,-3.718801736831665,38.814022064208984,0
1745923251.576899,9.16404914855957,6.836775302886963,12.233427047729492,10.623973846435547,-0.5172390937805176,-3.7054734230041504,38.85822296142578,0
1745923251.5839202,9.15980052947998,6.838634014129639,12.250227928161621,10.604455947875977,-0.4867314100265503,-3.705782890319824,38.853118896484375,0
1745923251.5975041,9.144550323486328,6.836319923400879,12.252836227416992,10.587545394897461,-0.4637223482131958,-3.71058988571167,38.821250915527344,0
1745923251.6124778,9.112095832824707,6.83129358291626,12.253395080566406,10.577512741088867,-0.4368305206298828,-3.7302510738372803,38.77429962158203,0
1745923251.6209521,9.10384464263916,6.829415798187256,12.251644134521484,10.568613052368164,-0.42729413509368896,-3.7319693565368652,38.753517150878906,0
1745923251.6337066,9.098420143127441,6.829074382781982,12.254083633422852,10.554082870483398,-0.4115503132343292,-3.7302608489990234,38.735660552978516,0
1745923251.6460812,9.090642929077148,6.829263687133789,12.256839752197266,10.536529541015625,-0.3913368880748749,-3.7285068035125732,38.71327590942383,0
1745923251.6576412,9.07586669921875,6.828050136566162,12.254083633422852,10.523399353027344,-0.37433212995529175,-3.731635093688965,38.681400299072266,0
1745923251.670348,9.062020301818848,6.820500373840332,12.249893188476562,10.518392562866211,-0.369477242231369,-3.7412171363830566,38.65080642700195,0
1745923251.6831346,9.060331344604492,6.820936679840088,12.246837615966797,10.529104232788086,-0.37784746289253235,-3.7454373836517334,38.65721130371094,0
1745923251.6955218,9.065434455871582,6.826077461242676,12.247825622558594,10.544466018676758,-0.38796547055244446,-3.7461771965026855,38.68380355834961,0
1745923251.7107346,9.075809478759766,6.832298755645752,12.25944709777832,10.556690216064453,-0.3909984827041626,-3.7461965084075928,38.7242431640625,0
1745923251.7210968,9.088101387023926,6.839677333831787,12.26904010772705,10.562093734741211,-0.3911723792552948,-3.740313768386841,38.7589111328125,0
1745923251.7325528,9.095232963562012,6.843015670776367,12.278315544128418,10.561037063598633,-0.3862612843513489,-3.737290382385254,38.77760314941406,0
1745923251.7446988,9.096902847290039,6.84130859375,12.281909942626953,10.556520462036133,-0.3828524649143219,-3.7369041442871094,38.776641845703125,0
1745923251.759448,9.085901260375977,6.840132713317871,12.283027648925781,10.55514144897461,-0.37407398223876953,-3.7445590496063232,38.76420211791992,0
1745923251.7690303,9.081993103027344,6.840644836425781,12.286064147949219,10.55185317993164,-0.3663477897644043,-3.746614933013916,38.760555267333984,0
1745923251.7834384,9.077857971191406,6.838937759399414,12.290199279785156,10.55117416381836,-0.36113837361335754,-3.7518832683563232,38.75817108154297,0
1745923251.794714,9.074577331542969,6.837989330291748,12.292825698852539,10.553365707397461,-0.3591335713863373,-3.756727933883667,38.758758544921875,0
1745923251.810782,9.07381820678711,6.8393168449401855,12.293495178222656,10.560733795166016,-0.3623848855495453,-3.7599399089813232,38.767364501953125,0
1745923251.8193803,9.079129219055176,6.841479301452637,12.29664421081543,10.561773300170898,-0.3630278408527374,-3.757030487060547,38.77902603149414,0
1745923251.8306684,9.081064224243164,6.844779968261719,12.30001449584961,10.56509780883789,-0.36189600825309753,-3.7566654682159424,38.79095458984375,0
1745923251.844769,9.081500053405762,6.843129634857178,12.300331115722656,10.569841384887695,-0.3665599226951599,-3.7596898078918457,38.7947998046875,0
1745923251.856071,9.083586692810059,6.842029571533203,12.298301696777344,10.578268051147461,-0.3763352632522583,-3.761902093887329,38.80218505859375,0
1745923251.8691728,9.086507797241211,6.843167304992676,12.300592422485352,10.59213638305664,-0.3857756555080414,-3.7664883136749268,38.82240295410156,0
1745923251.8803558,9.095574378967285,6.849218368530273,12.309438705444336,10.604209899902344,-0.38991618156433105,-3.7661309242248535,38.85844039916992,0
1745923251.895054,9.119171142578125,6.856407165527344,12.318733215332031,10.617095947265625,-0.40377742052078247,-3.7563602924346924,38.911407470703125,0
1745923251.9111485,9.123893737792969,6.861054420471191,12.32767391204834,10.624652862548828,-0.4025682806968689,-3.757709503173828,38.93727493286133,0
1745923251.9202697,9.127497673034668,6.863994598388672,12.332405090332031,10.622764587402344,-0.3981901705265045,-3.754807472229004,38.94666290283203,0
1745923251.931556,9.12692928314209,6.860523223876953,12.330524444580078,10.613733291625977,-0.39528679847717285,-3.7525429725646973,38.93170928955078,0
1745923251.9444087,9.12374210357666,6.858645439147949,12.323427200317383,10.60504150390625,-0.3934096693992615,-3.7487659454345703,38.910858154296875,0
1745923251.9543104,9.122489929199219,6.85542106628418,12.316293716430664,10.596519470214844,-0.3940335214138031,-3.7446703910827637,38.890724182128906,0
1745923251.969345,9.115680694580078,6.85029935836792,12.312438011169434,10.591361999511719,-0.39209282398223877,-3.7482645511627197,38.869781494140625,0
1745923251.980783,9.105684280395508,6.847321510314941,12.310239791870117,10.584333419799805,-0.38377559185028076,-3.752432346343994,38.84757995605469,0
1745923251.9922955,9.098306655883789,6.845045566558838,12.306385040283203,10.582765579223633,-0.3818960189819336,-3.7561774253845215,38.83250427246094,0
1745923252.010161,9.096048355102539,6.844552040100098,12.305304527282715,10.586675643920898,-0.3842208683490753,-3.7591874599456787,38.83258056640625,0
1745923252.016327,9.099899291992188,6.844172954559326,12.303386688232422,10.593233108520508,-0.39329949021339417,-3.7590341567993164,38.84069061279297,0
1745923252.0290809,9.1058931350708,6.84553861618042,12.3060302734375,10.59831428527832,-0.3982391953468323,-3.7577731609344482,38.85577392578125,0
1745923252.0453033,9.112361907958984,6.849654674530029,12.309774398803711,10.600242614746094,-0.39845868945121765,-3.753547191619873,38.872032165527344,0
1745923252.0538428,9.116022109985352,6.852253437042236,12.31294059753418,10.599807739257812,-0.39653831720352173,-3.750774383544922,38.88102340698242,0
1745923252.0662,9.113670349121094,6.849616527557373,12.312028884887695,10.599807739257812,-0.39745989441871643,-3.7535455226898193,38.8751220703125,0
1745923252.079882,9.112778663635254,6.8442864418029785,12.310575485229492,10.59910774230957,-0.40128710865974426,-3.756552219390869,38.86674880981445,0
1745923252.0913868,9.112550735473633,6.844097137451172,12.295804977416992,10.59956169128418,-0.41238248348236084,-3.75046443939209,38.852012634277344,0
1745923252.1052907,9.1170654296875,6.843395233154297,12.293588638305664,10.602319717407227,-0.4196798801422119,-3.7482762336730957,38.85636901855469,0
1745923252.1155484,9.122907638549805,6.842029571533203,12.29204273223877,10.604549407958984,-0.4275384545326233,-3.7457282543182373,38.86153030395508,0
1745923252.128726,9.122661590576172,6.841327667236328,12.290292739868164,10.602264404296875,-0.4275355935096741,-3.7445411682128906,38.856544494628906,0
1745923252.1424663,9.120954513549805,6.837496280670166,12.285375595092773,10.596199035644531,-0.4284214377403259,-3.743190288543701,38.84002685546875,0
1745923252.1525292,9.119075775146484,6.834423065185547,12.276081085205078,10.588659286499023,-0.43078890442848206,-3.738862991333008,38.8182373046875,0
1745923252.164829,9.112778663635254,6.827215194702148,12.267363548278809,10.584653854370117,-0.43514007329940796,-3.7418136596679688,38.79201126098633,0
1745923252.1783738,9.109004020690918,6.814810276031494,12.256430625915527,10.586278915405273,-0.4507274627685547,-3.7479958534240723,38.76652526855469,0
1745923252.1900258,9.11332893371582,6.8123064041137695,12.247825622558594,10.592325210571289,-0.46625253558158875,-3.7456955909729004,38.765785217285156,0
1745923252.2029996,9.120176315307617,6.810731887817383,12.244640350341797,10.602075576782227,-0.481531023979187,-3.745251417160034,38.777626037597656,0
1745923252.2161157,9.128768920898438,6.812856674194336,12.243951797485352,10.608404159545898,-0.49106091260910034,-3.7409236431121826,38.793983459472656,0
1745923252.2287219,9.133719444274902,6.816498279571533,12.246000289916992,10.61518669128418,-0.4951997697353363,-3.7393734455108643,38.811405181884766,0
1745923252.2452528,9.136943817138672,6.815910339355469,12.247434616088867,10.61235237121582,-0.494855135679245,-3.7370710372924805,38.81264114379883,0
1745923252.2516742,9.13398551940918,6.816517353057861,12.25020980834961,10.601961135864258,-0.4829089641571045,-3.7351818084716797,38.80267333984375,0
1745923252.264658,9.129034042358398,6.812287330627441,12.243541717529297,10.58720588684082,-0.4769291579723358,-3.731498956680298,38.772071838378906,0
1745923252.2774131,9.120347023010254,6.794021129608154,12.231118202209473,10.568708419799805,-0.4801776707172394,-3.734926223754883,38.714195251464844,0
1745923252.2877214,9.107012748718262,6.781331539154053,12.214672088623047,10.55540657043457,-0.48267871141433716,-3.738290786743164,38.658424377441406,0
1745923252.3001425,9.096845626831055,6.768489837646484,12.19388484954834,10.54595947265625,-0.49350956082344055,-3.739516496658325,38.60517883300781,0
1745923252.3125963,9.091155052185059,6.758683681488037,12.174644470214844,10.544334411621094,-0.5097519159317017,-3.7401185035705566,38.568817138671875,0
1745923252.3245907,9.093013763427734,6.7554779052734375,12.157471656799316,10.546884536743164,-0.5279659628868103,-3.7344367504119873,38.55284881591797,0
1745923252.337226,9.094171524047852,6.751684188842773,12.140838623046875,10.550153732299805,-0.5462425947189331,-3.7301406860351562,38.53684997558594,0
1745923252.3492537,9.093222618103027,6.748421669006348,12.131879806518555,10.546638488769531,-0.5521178245544434,-3.7272517681121826,38.520164489746094,0
1745923252.3615983,9.092426300048828,6.741555213928223,12.120481491088867,10.544389724731445,-0.563491940498352,-3.726050853729248,38.49885559082031,0
1745923252.3749912,9.09253978729248,6.729814052581787,12.109379768371582,10.547981262207031,-0.5830917358398438,-3.7301509380340576,38.479713439941406,0
1745923252.3879583,9.094076156616211,6.725470066070557,12.102134704589844,10.553647994995117,-0.5968332886695862,-3.731247901916504,38.47532653808594,0
1745923252.3989928,9.100677490234375,6.722055912017822,12.096174240112305,10.558637619018555,-0.6120554208755493,-3.7287631034851074,38.47754669189453,0
1745923252.4115262,9.107258796691895,6.720614433288574,12.093268394470215,10.565401077270508,-0.6247842311859131,-3.72719144821167,38.486541748046875,0
1745923252.4238698,9.111393928527832,6.724844455718994,12.09349250793457,10.570577621459961,-0.6280938982963562,-3.7242417335510254,38.500308990478516,0
1745923252.436717,9.11782455444336,6.7287139892578125,12.097440719604492,10.569482803344727,-0.6260738968849182,-3.718909502029419,38.51346206665039,0
1745923252.4486697,9.119322776794434,6.729814052581787,12.10260009765625,10.56572151184082,-0.619812548160553,-3.717869997024536,38.5174560546875,0
1745923252.4608033,9.115339279174805,6.730212211608887,12.102544784545898,10.553628921508789,-0.6081270575523376,-3.7147185802459717,38.50172424316406,0
1745923252.4765604,9.102630615234375,6.719817638397217,12.09591293334961,10.544164657592773,-0.6049992442131042,-3.722330093383789,38.4625244140625,0
1745923252.4871135,9.09707260131836,6.712761402130127,12.08280086517334,10.543634414672852,-0.6156694889068604,-3.7243106365203857,38.43627166748047,0
1745923252.4980824,9.098836898803711,6.707810878753662,12.070749282836914,10.551229476928711,-0.6349995732307434,-3.7243576049804688,38.428627014160156,0
1745923252.510774,9.104812622070312,6.713501453399658,12.067621231079102,10.557220458984375,-0.6416098475456238,-3.718141555786133,38.443153381347656,0
1745923252.5342133,9.110977172851562,6.713747978210449,12.072333335876465,10.559638977050781,-0.6440224051475525,-3.7172255516052246,38.456695556640625,0
1745923252.5510657,9.114011764526367,6.713197708129883,12.078386306762695,10.558429718017578,-0.6412227153778076,-3.717804431915283,38.464027404785156,0
1745923252.5526953,9.113992691040039,6.710807800292969,12.07468032836914,10.553628921508789,-0.6423339247703552,-3.7155299186706543,38.45310974121094,0
1745923252.5648484,9.112456321716309,6.706900596618652,12.06406307220459,10.551040649414062,-0.6502227187156677,-3.713092565536499,38.4344596862793,0
1745923252.5804,9.10974407196045,6.696221351623535,12.041078567504883,10.554838180541992,-0.6761088371276855,-3.7130725383758545,38.40188217163086,0
1745923252.5846038,9.112588882446289,6.696847438812256,12.036571502685547,10.561981201171875,-0.6861129403114319,-3.7120254039764404,38.407989501953125,0
1745923252.595991,9.117748260498047,6.697283744812012,12.042512893676758,10.570180892944336,-0.6908484697341919,-3.7147889137268066,38.42772674560547,0
1745923252.6121025,9.129281044006348,6.702139377593994,12.05007553100586,10.578306198120117,-0.6955435276031494,-3.711308240890503,38.459800720214844,0
1745923252.6214776,9.132315635681152,6.704320907592773,12.052925109863281,10.58578872680664,-0.6992544531822205,-3.7126009464263916,38.47534942626953,0
1745923252.6340835,9.137873649597168,6.705496788024902,12.057134628295898,10.589813232421875,-0.7020364999771118,-3.7119758129119873,38.490318298339844,0
1745923252.6460733,9.14350700378418,6.708000659942627,12.058587074279785,10.592023849487305,-0.7046467065811157,-3.7083983421325684,38.50212097167969,0
1745923252.658591,9.145442008972168,6.708493709564209,12.056221961975098,10.594062805175781,-0.7088609337806702,-3.706692934036255,38.50421905517578,0
1745923252.6702433,9.146921157836914,6.705174446105957,12.053577423095703,10.593969345092773,-0.7142899632453918,-3.706644058227539,38.49964141845703,0
1745923252.6831708,9.14631462097168,6.702025413513184,12.048938751220703,10.587091445922852,-0.7147927284240723,-3.7038803100585938,38.48436737060547,0
1745923252.6961577,9.142559051513672,6.696695804595947,12.043034553527832,10.58393669128418,-0.7182773351669312,-3.7056424617767334,38.466224670410156,0
1745923252.7114322,9.14159107208252,6.693812370300293,12.036385536193848,10.584503173828125,-0.7251107692718506,-3.7053799629211426,38.45629119873047,0
1745923252.7206724,9.141003608703613,6.692902088165283,12.029605865478516,10.58807373046875,-0.7329718470573425,-3.704899311065674,38.45158386230469,0
1745923252.732498,9.143754005432129,6.693167686462402,12.025693893432617,10.594215393066406,-0.7420012950897217,-3.7039644718170166,38.45683288574219,0
1745923252.7457414,9.148476600646973,6.692712306976318,12.027202606201172,10.600601196289062,-0.7490843534469604,-3.7047736644744873,38.468994140625,0
1745923252.7571468,9.159744262695312,6.695557594299316,12.030704498291016,10.606721878051758,-0.7566556334495544,-3.7000396251678467,38.49272918701172,0
1745923252.7690432,9.163575172424316,6.694571018218994,12.032678604125977,10.607648849487305,-0.7592852711677551,-3.6995179653167725,38.49847412109375,0
1745923252.7832477,9.162911415100098,6.691042900085449,12.031765937805176,10.609859466552734,-0.7636957764625549,-3.7027907371520996,38.49557876586914,0
1745923252.7935913,9.164030075073242,6.690739631652832,12.028916358947754,10.6119384765625,-0.7683146595954895,-3.701921224594116,38.49562454223633,0
1745923252.811928,9.165984153747559,6.690435886383057,12.02431583404541,10.613676071166992,-0.774590253829956,-3.6995761394500732,38.494415283203125,0
1745923252.8188698,9.168222427368164,6.687780380249023,12.020404815673828,10.612524032592773,-0.7802689075469971,-3.697568416595459,38.488929748535156,0
1745923252.8332431,9.169739723205566,6.68975305557251,12.025023460388184,10.609405517578125,-0.7742075324058533,-3.6960034370422363,38.49392318725586,0
1745923252.8462484,9.166971206665039,6.69115686416626,12.028953552246094,10.605438232421875,-0.7654575109481812,-3.6968624591827393,38.49251937866211,0
1745923252.8567927,9.160255432128906,6.692351818084717,12.027892112731934,10.600601196289062,-0.7571812868118286,-3.6977531909942627,38.481101989746094,0
1745923252.8694372,9.155343055725098,6.687591075897217,12.022546768188477,10.600431442260742,-0.7611373066902161,-3.7014832496643066,38.465911865234375,0
1745923252.881483,9.15261173248291,6.688216686248779,12.019715309143066,10.608877182006836,-0.7668333053588867,-3.7053604125976562,38.46942138671875,0
1745923252.8948312,9.155513763427734,6.691024303436279,12.021987915039062,10.622594833374023,-0.7747939229011536,-3.7088797092437744,38.491119384765625,0
1745923252.911408,9.178123474121094,6.694457530975342,12.027631759643555,10.634819030761719,-0.792626142501831,-3.70019793510437,38.5350341796875,0
1745923252.9205043,9.18904972076416,6.701001167297363,12.039979934692383,10.641677856445312,-0.7910680770874023,-3.6976258754730225,38.57170867919922,0
1745923252.9299119,9.187456130981445,6.707981586456299,12.050429344177246,10.647760391235352,-0.7812311053276062,-3.701589822769165,38.5936279296875,0
1745923252.945622,9.188234329223633,6.711206436157227,12.055868148803711,10.650009155273438,-0.7769067287445068,-3.7024736404418945,38.605316162109375,0
1745923252.9549987,9.18956184387207,6.713501453399658,12.059648513793945,10.651992797851562,-0.7747137546539307,-3.7027385234832764,38.61470413208008,0
1745923252.9687068,9.18956184387207,6.713728904724121,12.06682014465332,10.650197982788086,-0.767936110496521,-3.705000877380371,38.62030792236328,0
1745923252.9798036,9.187987327575684,6.720102310180664,12.071681022644043,10.650955200195312,-0.7589945793151855,-3.7044477462768555,38.6307258605957,0
1745923252.9933798,9.187020301818848,6.722397327423096,12.075536727905273,10.654884338378906,-0.7565032243728638,-3.7070822715759277,38.63983917236328,0
1745923253.0039256,9.19253921508789,6.724142551422119,12.079298973083496,10.661308288574219,-0.7608230113983154,-3.7069973945617676,38.65728759765625,0
1745923253.0160375,9.193336486816406,6.723838806152344,12.083396911621094,10.667581558227539,-0.7629820108413696,-3.7113194465637207,38.66815185546875,0
1745923253.028415,9.19572639465332,6.727670669555664,12.086153030395508,10.674894332885742,-0.7649151086807251,-3.7118449211120605,38.684444427490234,0
1745923253.043331,9.207961082458496,6.733531475067139,12.094534873962402,10.685983657836914,-0.7707395553588867,-3.7089898586273193,38.722007751464844,0
1745923253.0537171,9.215377807617188,6.739202976226807,12.112471580505371,10.692995071411133,-0.7633514404296875,-3.711775541305542,38.760047912597656,0
1745923253.0650284,9.218658447265625,6.7453107833862305,12.121728897094727,10.690858840942383,-0.7527589201927185,-3.7089672088623047,38.77655792236328,0
1745923253.0783083,9.216876029968262,6.7483649253845215,12.125751495361328,10.682130813598633,-0.7401232719421387,-3.7060585021972656,38.77312469482422,0
1745923253.0903912,9.212512969970703,6.746335029602051,12.124150276184082,10.675119400024414,-0.73481684923172,-3.706291437149048,38.75811767578125,0
1745923253.102886,9.205039978027344,6.745368003845215,12.119214057922363,10.675498962402344,-0.7342032194137573,-3.7096385955810547,38.745121002197266,0
1745923253.1155694,9.20316219329834,6.746240139007568,12.11655044555664,10.683717727661133,-0.7399923801422119,-3.712759017944336,38.749671936035156,0
1745923253.1268513,9.207259178161621,6.74620246887207,12.117593765258789,10.694601058959961,-0.7497813105583191,-3.7154898643493652,38.765655517578125,0
1745923253.1446426,9.216496467590332,6.74557638168335,12.121989250183105,10.708488464355469,-0.7632323503494263,-3.7181503772735596,38.79254913330078,0
1745923253.1519654,9.230514526367188,6.7502617835998535,12.128545761108398,10.720579147338867,-0.7732191681861877,-3.7145426273345947,38.82990264892578,0
1745923253.1658754,9.240187644958496,6.755003452301025,12.131692886352539,10.725831985473633,-0.7778359651565552,-3.7091102600097656,38.85271453857422,0
1745923253.180104,9.243886947631836,6.757867813110352,12.134431838989258,10.724868774414062,-0.7756035327911377,-3.7057273387908936,38.861053466796875,0
1745923253.1894908,9.244645118713379,6.752784252166748,12.134283065795898,10.717367172241211,-0.7747538089752197,-3.7050724029541016,38.84907913208008,0
1745923253.2019634,9.240339279174805,6.749825477600098,12.13264274597168,10.707221984863281,-0.768028736114502,-3.7044448852539062,38.83002853393555,0
1745923253.2143586,9.231006622314453,6.746695518493652,12.12530517578125,10.693901062011719,-0.7598896026611328,-3.7031710147857666,38.79690933227539,0
1745923253.2267969,9.221446990966797,6.742105484008789,12.116290092468262,10.683565139770508,-0.7560040354728699,-3.7035534381866455,38.763404846191406,0
1745923253.2440758,9.211849212646484,6.737401008605957,12.105356216430664,10.670473098754883,-0.7516522407531738,-3.7019457817077637,38.72508239746094,0
1745923253.251373,9.205855369567871,6.734935283660889,12.096528053283691,10.664520263671875,-0.7516331076622009,-3.7007389068603516,38.701839447021484,0
1745923253.2643583,9.201549530029297,6.734044075012207,12.094552993774414,10.662139892578125,-0.7490526437759399,-3.7021095752716064,38.69228744506836,0
1745923253.2760308,9.19788932800293,6.725944519042969,12.092355728149414,10.662158966064453,-0.7541414499282837,-3.708645820617676,38.678348541259766,0
1745923253.2884924,9.195612907409668,6.723668098449707,12.088760375976562,10.667543411254883,-0.7606964707374573,-3.7123546600341797,38.67558288574219,0
1745923253.3009396,9.199254989624023,6.725147724151611,12.081478118896484,10.67753791809082,-0.7746133208274841,-3.7102949619293213,38.68341827392578,0
1745923253.31286,9.206424713134766,6.724313259124756,12.081124305725098,10.68505859375,-0.7858323454856873,-3.7094504833221436,38.696922302246094,0
1745923253.3246038,9.223798751831055,6.726285934448242,12.080733299255371,10.696622848510742,-0.8049923181533813,-3.7020955085754395,38.727439880371094,0
1745923253.3372438,9.2333402633667,6.731255531311035,12.080211639404297,10.704160690307617,-0.8136718273162842,-3.695977210998535,38.74897003173828,0
1745923253.351035,9.238897323608398,6.734821319580078,12.081701278686523,10.700004577636719,-0.8108960390090942,-3.6889736652374268,38.75542449951172,0
1745923253.362877,9.239466667175293,6.735105991363525,12.081981658935547,10.690593719482422,-0.8042728304862976,-3.684349775314331,38.74714660644531,0
1745923253.379882,9.230551719665527,6.727405071258545,12.076617240905762,10.680580139160156,-0.8006970286369324,-3.6880669593811035,38.715152740478516,0
1745923253.3879657,9.221693992614746,6.725982189178467,12.074475288391113,10.675365447998047,-0.7934590578079224,-3.691333770751953,38.69751739501953,0
1745923253.398524,9.21731185913086,6.722150802612305,12.072091102600098,10.66854476928711,-0.7902044057846069,-3.692457437515259,38.68009948730469,0
1745923253.4122455,9.216041564941406,6.716650009155273,12.061418533325195,10.663537979125977,-0.7978320121765137,-3.689763307571411,38.65764617919922,0
1745923253.4237478,9.210824966430664,6.714696407318115,12.055532455444336,10.66366958618164,-0.8000944256782532,-3.6917665004730225,38.64472198486328,0
1745923253.437012,9.209687232971191,6.711073398590088,12.0499267578125,10.66633415222168,-0.8080496788024902,-3.693490982055664,38.63702392578125,0
1745923253.4488387,9.212835311889648,6.707886695861816,12.042960166931152,10.67022705078125,-0.8205752968788147,-3.6921393871307373,38.6339111328125,0
1745923253.4603417,9.21884822845459,6.704738140106201,12.038713455200195,10.674251556396484,-0.8331530690193176,-3.69020938873291,38.63655090332031,0
1745923253.4810984,9.221314430236816,6.706084728240967,12.038992881774902,10.675365447998047,-0.8344560861587524,-3.6883978843688965,38.64175796508789,0
1745923253.4863443,9.220556259155273,6.706881523132324,12.040651321411133,10.668109893798828,-0.8269901871681213,-3.6858644485473633,38.636199951171875,0
1745923253.5000198,9.21843147277832,6.700925350189209,12.034839630126953,10.662158966064453,-0.8300912976264954,-3.685756206512451,38.616355895996094,0
1745923253.511884,9.212987899780273,6.695709228515625,12.027854919433594,10.66457748413086,-0.837074875831604,-3.6905252933502197,38.60112762451172,0
1745923253.5233443,9.212305068969727,6.693603992462158,12.019622802734375,10.66633415222168,-0.8455554246902466,-3.6894047260284424,38.59186553955078,0
1745923253.5349133,9.215888977050781,6.690341472625732,12.009620666503906,10.672607421875,-0.8624067306518555,-3.687525987625122,38.58845901489258,0
1745923253.5542622,9.222414016723633,6.687325477600098,12.012321472167969,10.685567855834961,-0.8763399124145508,-3.692305326461792,38.607627868652344,0
1745923253.5596323,9.228522300720215,6.689373970031738,12.014331817626953,10.690576553344727,-0.881111741065979,-3.6902358531951904,38.622802734375,0
1745923253.5725763,9.233378410339355,6.691991329193115,12.015003204345703,10.692237854003906,-0.8832284212112427,-3.68650484085083,38.63261032104492,0
1745923253.5843694,9.236261367797852,6.692105293273926,12.013811111450195,10.697000503540039,-0.8893991112709045,-3.686190128326416,38.63917541503906,0
1745923253.59668,9.239238739013672,6.691877841949463,12.013289451599121,10.700590133666992,-0.8945662975311279,-3.685807466506958,38.644996643066406,0
1745923253.6119387,9.242634773254395,6.696335315704346,12.015189170837402,10.702327728271484,-0.8934134244918823,-3.682421922683716,38.65648651123047,0
1745923253.6226716,9.244702339172363,6.6968092918396,12.018691062927246,10.703367233276367,-0.8926227688789368,-3.682833433151245,38.66356658935547,0
1745923253.6360455,9.246580123901367,6.695291996002197,12.025768280029297,10.70315933227539,-0.8896384835243225,-3.6856796741485596,38.670799255371094,0
1745923253.6476753,9.244531631469727,6.6993889808654785,12.029903411865234,10.701799392700195,-0.8811001777648926,-3.685614585876465,38.675621032714844,0
1745923253.6589434,9.244721412658691,6.702518939971924,12.029773712158203,10.701175689697266,-0.8785548210144043,-3.683157444000244,38.678192138671875,0
1745923253.6706135,9.244569778442383,6.697397232055664,12.026866912841797,10.704463958740234,-0.8867499828338623,-3.686694622039795,38.67329788208008,0
1745923253.6840174,9.24822998046875,6.698232173919678,12.025358200073242,10.715421676635742,-0.8974974751472473,-3.6880548000335693,38.68724060058594,0
1745923253.6956298,9.255021095275879,6.703315258026123,12.026365280151367,10.72517204284668,-0.9045331478118896,-3.685293197631836,38.70987319946289,0
1745923253.7109547,9.263101577758789,6.7050604820251465,12.032510757446289,10.732067108154297,-0.9091201424598694,-3.6848597526550293,38.73274230957031,0
1745923253.7198927,9.2687349319458,6.7093095779418945,12.038080215454102,10.739473342895508,-0.9109114408493042,-3.6843626499176025,38.75559997558594,0
1745923253.732674,9.275335311889648,6.715549945831299,12.044095993041992,10.739076614379883,-0.906107485294342,-3.6786980628967285,38.77405548095703,0
1745923253.745214,9.280438423156738,6.719021320343018,12.047728538513184,10.733087539672852,-0.9001933336257935,-3.6721880435943604,38.7802734375,0
1745923253.7570608,9.273476600646973,6.717408657073975,12.047486305236816,10.727741241455078,-0.8929713368415833,-3.675147294998169,38.76611328125,0
1745923253.7696588,9.272054672241211,6.710940837860107,12.040929794311523,10.722600936889648,-0.8980924487113953,-3.6749417781829834,38.74652862548828,0
1745923253.7828364,9.268658638000488,6.707526206970215,12.032418251037598,10.719711303710938,-0.9025925397872925,-3.674180746078491,38.72831344604492,0
1745923253.7951503,9.264864921569824,6.70346736907959,12.024483680725098,10.718029022216797,-0.9077153205871582,-3.6748814582824707,38.710845947265625,0
1745923253.811392,9.263840675354004,6.701342582702637,12.015058517456055,10.716310501098633,-0.9144240021705627,-3.671900749206543,38.69655227661133,0
1745923253.8193035,9.26528263092041,6.696202278137207,12.00326919555664,10.71544075012207,-0.9274800419807434,-3.668588638305664,38.68019485473633,0
1745923253.8315856,9.266610145568848,6.687989234924316,11.993118286132812,10.715629577636719,-0.942280113697052,-3.6685163974761963,38.66334533691406,0
1745923253.8440053,9.269436836242676,6.682185173034668,11.981159210205078,10.72012710571289,-0.960706353187561,-3.6670708656311035,38.65290832519531,0
1745923253.8575375,9.274368286132812,6.674370288848877,11.968233108520508,10.725700378417969,-0.9836028814315796,-3.6656136512756348,38.642669677734375,0
1745923253.868597,9.27719497680664,6.668281555175781,11.960243225097656,10.729970932006836,-0.9991267919540405,-3.666027545928955,38.63568878173828,0
1745923253.879999,9.281518936157227,6.66560697555542,11.958529472351074,10.725643157958984,-1.0024186372756958,-3.6622636318206787,38.63129806518555,0
1745923253.8926556,9.284250259399414,6.663387775421143,11.9569091796875,10.712322235107422,-0.9978988766670227,-3.65522837638855,38.61686706542969,0
1745923253.9048069,9.268715858459473,6.65483283996582,11.949328422546387,10.692804336547852,-0.9854902625083923,-3.658440351486206,38.56568145751953,0
1745923253.9182165,9.25733470916748,6.641592979431152,11.930367469787598,10.676763534545898,-0.99048912525177,-3.658444881439209,38.50605773925781,0
1745923253.9317129,9.247111320495605,6.6321282386779785,11.909133911132812,10.663084030151367,-0.9968442916870117,-3.6553239822387695,38.45145797729492,0
1745923253.9456027,9.237266540527344,6.622719764709473,11.892370223999023,10.65025520324707,-1.0006626844406128,-3.6543197631835938,38.402610778808594,0
1745923253.9570398,9.23356819152832,6.613994598388672,11.874917984008789,10.643850326538086,-1.0133405923843384,-3.651516914367676,38.3663330078125,0
1745923253.9677484,9.229166984558105,6.608209133148193,11.861675262451172,10.636575698852539,-1.0195214748382568,-3.6487832069396973,38.33562469482422,0
1745923253.980437,9.2229642868042,6.59747314453125,11.850257873535156,10.629831314086914,-1.027186393737793,-3.651455879211426,38.30052947998047,0
1745923253.9919627,9.220328330993652,6.592067241668701,11.837797164916992,10.62472915649414,-1.035284161567688,-3.6486752033233643,38.27492141723633,0
1745923254.0110006,9.21805191040039,6.583683490753174,11.823864936828613,10.619155883789062,-1.0466911792755127,-3.646695613861084,38.244754791259766,0
1745923254.0165174,9.215700149536133,6.578694820404053,11.804494857788086,10.611635208129883,-1.0582441091537476,-3.6392178535461426,38.21052551269531,0
1745923254.0290322,9.212797164916992,6.5739336013793945,11.797752380371094,10.599145889282227,-1.0561391115188599,-3.6354193687438965,38.183631896972656,0
1745923254.0444155,9.197395324707031,6.570936679840088,11.787935256958008,10.580970764160156,-1.0421795845031738,-3.6345598697662354,38.137237548828125,0
1745923254.0546253,9.185294151306152,6.564487934112549,11.774023056030273,10.558618545532227,-1.0333175659179688,-3.6300220489501953,38.08242416381836,0
1745923254.065456,9.173381805419922,6.551930904388428,11.753030776977539,10.538873672485352,-1.0364832878112793,-3.6272621154785156,38.01721954345703,0
1745923254.0781877,9.157448768615723,6.52636194229126,11.730997085571289,10.520036697387695,-1.0482072830200195,-3.6354880332946777,37.934844970703125,0
1745923254.091531,9.144076347351074,6.515777587890625,11.706988334655762,10.501670837402344,-1.0521531105041504,-3.631643056869507,37.86851501464844,0
1745923254.102922,9.138253211975098,6.505439758300781,11.684320449829102,10.49118423461914,-1.0658855438232422,-3.6269421577453613,37.81919860839844,0
1745923254.1150422,9.131216049194336,6.494059085845947,11.668357849121094,10.488519668579102,-1.0800057649612427,-3.630382537841797,37.78215026855469,0
1745923254.1285913,9.127213478088379,6.486661434173584,11.656400680541992,10.489030838012695,-1.0924224853515625,-3.6325533390045166,37.759307861328125,0
1745923254.1437821,9.12734603881836,6.484840393066406,11.648577690124512,10.488161087036133,-1.0993285179138184,-3.629655361175537,37.748924255371094,0
1745923254.1535194,9.130817413330078,6.483284950256348,11.639320373535156,10.49154281616211,-1.1125500202178955,-3.625701427459717,37.744964599609375,0
1745923254.165361,9.134307861328125,6.47964334487915,11.62684154510498,10.496210098266602,-1.1307977437973022,-3.6222035884857178,37.73699951171875,0
1745923254.1807823,9.137096405029297,6.467541694641113,11.615815162658691,10.488273620605469,-1.1449967622756958,-3.6195454597473145,37.70872497558594,0
1745923254.1897871,9.133454322814941,6.459517955780029,11.602832794189453,10.475482940673828,-1.1495327949523926,-3.615279197692871,37.671287536621094,0
1745923254.201793,9.126492500305176,6.4488959312438965,11.587224960327148,10.459026336669922,-1.1531423330307007,-3.6119673252105713,37.621639251708984,0
1745923254.2167897,9.114959716796875,6.4420294761657715,11.572528839111328,10.436370849609375,-1.1454437971115112,-3.6067326068878174,37.565887451171875,0
1745923254.2266698,9.099102973937988,6.431729793548584,11.56135368347168,10.410165786743164,-1.1320143938064575,-3.6065587997436523,37.502349853515625,0
1745923254.2462971,9.081083297729492,6.421733379364014,11.546993255615234,10.391044616699219,-1.1243125200271606,-3.6094162464141846,37.44085693359375,0
1745923254.251796,9.066117286682129,6.410276889801025,11.506425857543945,10.380199432373047,-1.1462985277175903,-3.6028895378112793,37.36302185058594,0
1745923254.2649436,9.06031322479248,6.4008684158325195,11.491301536560059,10.383846282958984,-1.1638994216918945,-3.6075668334960938,37.33633041381836,0
1745923254.2773912,9.062551498413086,6.391782760620117,11.479846954345703,10.396713256835938,-1.1908040046691895,-3.6127378940582275,37.330894470214844,0
1745923254.2895699,9.07161808013916,6.39045524597168,11.474222183227539,10.415889739990234,-1.2165077924728394,-3.6139469146728516,37.3521842956543,0
1745923254.3021514,9.088006019592285,6.392352104187012,11.469621658325195,10.440055847167969,-1.2476710081100464,-3.6110074520111084,37.390037536621094,0
1745923254.313108,9.104660034179688,6.3927693367004395,11.471185684204102,10.460140228271484,-1.2723820209503174,-3.6098403930664062,37.42875671386719,0
1745923254.3253615,9.119853973388672,6.394343376159668,11.475208282470703,10.47642707824707,-1.29046630859375,-3.60825252532959,37.46583557128906,0
1745923254.3375123,9.149633407592773,6.397568225860596,11.4763822555542,10.488426208496094,-1.3167794942855835,-3.592710256576538,37.51200866699219,0
1745923254.349914,9.159098625183105,6.400014877319336,11.472749710083008,10.493432998657227,-1.3279961347579956,-3.5855398178100586,37.525299072265625,0
1745923254.3618877,9.161640167236328,6.395500659942627,11.460065841674805,10.502918243408203,-1.3499897718429565,-3.58534836769104,37.52012634277344,0
1745923254.3799818,9.169777870178223,6.391232967376709,11.454198837280273,10.514368057250977,-1.371824860572815,-3.5854034423828125,37.529579162597656,0
1745923254.3863597,9.176891326904297,6.395803928375244,11.458222389221191,10.529218673706055,-1.3806747198104858,-3.5865070819854736,37.56013488769531,0
1745923254.398983,9.188119888305664,6.399597644805908,11.464666366577148,10.550209045410156,-1.395484447479248,-3.589388847351074,37.60259246826172,0
1745923254.4124374,9.20010757446289,6.404472351074219,11.47517204284668,10.566610336303711,-1.4035369157791138,-3.5908186435699463,37.6463623046875,0
1745923254.4353302,9.211014747619629,6.405705451965332,11.478375434875488,10.585882186889648,-1.4213770627975464,-3.593280076980591,37.68097686767578,0
1745923254.4449892,9.223420143127441,6.4112629890441895,11.479549407958984,10.614789962768555,-1.445231556892395,-3.5954489707946777,37.72902297973633,0
1745923254.4496334,9.241344451904297,6.415132522583008,11.48530387878418,10.644983291625977,-1.4715458154678345,-3.597820997238159,37.786766052246094,0
1745923254.4607596,9.263936042785645,6.420709133148193,11.492530822753906,10.679994583129883,-1.5019440650939941,-3.5989348888397217,37.85717010498047,0
1745923254.4778538,9.315054893493652,6.435750961303711,11.502384185791016,10.717443466186523,-1.5444077253341675,-3.5777504444122314,37.97063446044922,0
1745923254.4855363,9.339353561401367,6.447909355163574,11.52773380279541,10.757160186767578,-1.5597848892211914,-3.5839898586273193,38.07215881347656,0
1745923254.497786,9.368753433227539,6.462268352508545,11.55047607421875,10.799009323120117,-1.5804007053375244,-3.585277557373047,38.18050765991211,0
1745923254.5124383,9.399272918701172,6.47632360458374,11.570777893066406,10.828012466430664,-1.594934344291687,-3.5790791511535645,38.27438735961914,0
1745923254.5231702,9.423970222473145,6.485864639282227,11.58228874206543,10.841314315795898,-1.6048574447631836,-3.5684025287628174,38.33343505859375,0
1745923254.5345914,9.437607765197754,6.491157054901123,11.588677406311035,10.853784561157227,-1.6138046979904175,-3.564850330352783,38.37122344970703,0
1745923254.5485458,9.445878028869629,6.494779586791992,11.591955184936523,10.867898941040039,-1.623863935470581,-3.565138101577759,38.4005126953125,0
1745923254.5601888,9.455930709838867,6.498459815979004,11.602590560913086,10.873151779174805,-1.6233322620391846,-3.563568115234375,38.43013000488281,0
1745923254.578854,9.460578918457031,6.502651691436768,11.609762191772461,10.875022888183594,-1.6190505027770996,-3.5620217323303223,38.44801330566406,0
1745923254.5876772,9.457847595214844,6.502689361572266,11.611474990844727,10.872659683227539,-1.6142054796218872,-3.5634469985961914,38.444671630859375,0
1745923254.5976024,9.456538200378418,6.50276517868042,11.612387657165527,10.859962463378906,-1.6038285493850708,-3.558889627456665,38.4316520690918,0
1745923254.611039,9.452422142028809,6.496164321899414,11.609798431396484,10.838386535644531,-1.5932514667510986,-3.554766893386841,38.39677047729492,0
1745923254.6222615,9.419208526611328,6.482336521148682,11.598920822143555,10.807342529296875,-1.5680416822433472,-3.565829038619995,38.30780792236328,0
1745923254.6335578,9.399861335754395,6.471487045288086,11.577707290649414,10.76259994506836,-1.5485183000564575,-3.5551493167877197,38.21165466308594,0
1745923254.6468327,9.359952926635742,6.454624176025391,11.553865432739258,10.692861557006836,-1.5039184093475342,-3.5488839149475098,38.061302185058594,0
1745923254.6584523,9.30676555633545,6.42755651473999,11.514509201049805,10.603435516357422,-1.455865502357483,-3.541560649871826,37.852264404296875,0
1745923254.6814754,9.246465682983398,6.353941440582275,11.460196495056152,10.499156951904297,-1.4398802518844604,-3.555344820022583,37.55976104736328,0
1745923254.6836197,9.173571586608887,6.308475017547607,11.395956039428711,10.395334243774414,-1.4006057977676392,-3.5546624660491943,37.273338317871094,0
1745923254.694978,9.098855972290039,6.259688854217529,11.323129653930664,10.309118270874023,-1.381542444229126,-3.561636447906494,36.99079132080078,0
1745923254.710699,9.032771110534668,6.213975429534912,11.248067855834961,10.246955871582031,-1.3852125406265259,-3.571244239807129,36.74176788330078,0
1745923254.7208836,8.979394912719727,6.1764373779296875,11.182262420654297,10.213249206542969,-1.4048850536346436,-3.584909677505493,36.55134582519531,0
1745923254.7359273,8.95077133178711,6.1461076736450195,11.074195861816406,10.19847297668457,-1.4850437641143799,-3.56593918800354,36.369544982910156,0
1745923254.7466652,8.935635566711426,6.126266956329346,11.034597396850586,10.195980072021484,-1.5204532146453857,-3.5693938732147217,36.29248046875,0
1745923254.7573578,8.946409225463867,6.107109069824219,11.002058029174805,10.212549209594727,-1.5824956893920898,-3.5673987865448,36.26812744140625,0
1745923254.7708545,8.967729568481445,6.0880842208862305,10.974529266357422,10.241628646850586,-1.657170057296753,-3.566589117050171,36.27197265625,0
1745923254.7840726,8.993507385253906,6.080989837646484,10.958902359008789,10.266002655029297,-1.7121301889419556,-3.558145761489868,36.299400329589844,0
1745923254.794225,9.016534805297852,6.073630332946777,10.942455291748047,10.283950805664062,-1.7612669467926025,-3.548271894454956,36.31657028198242,0
1745923254.8109303,9.035331726074219,6.0694193840026855,10.928281784057617,10.294116973876953,-1.7972486019134521,-3.536489963531494,36.3271484375,0
1745923254.8192344,9.049254417419434,6.062591075897217,10.912971496582031,10.296384811401367,-1.8270901441574097,-3.5254268646240234,36.32120132446289,0
1745923254.8318675,9.053218841552734,6.054055213928223,10.893041610717773,10.298820495605469,-1.855095386505127,-3.5200932025909424,36.299137115478516,0
1745923254.8450546,9.053844451904297,6.04292106628418,10.874750137329102,10.300010681152344,-1.8806252479553223,-3.518955707550049,36.27152633666992,0
1745923254.8562758,9.05481243133545,6.03548526763916,10.860334396362305,10.302412033081055,-1.90106201171875,-3.5175371170043945,36.25304412841797,0
1745923254.8686461,9.057847023010254,6.030155181884766,10.850183486938477,10.307153701782227,-1.9194347858428955,-3.5164809226989746,36.245338439941406,0
1745923254.8814664,9.063727378845215,6.029453754425049,10.848227500915527,10.31692123413086,-1.93288254737854,-3.5167455673217773,36.258331298828125,0
1745923254.892916,9.06983470916748,6.034536838531494,10.851934432983398,10.332717895507812,-1.9413670301437378,-3.5185816287994385,36.289024353027344,0
1745923254.9118633,9.085502624511719,6.040815353393555,10.862663269042969,10.356222152709961,-1.9554407596588135,-3.520242214202881,36.3452033996582,0
1745923254.9189055,9.100810050964355,6.047321319580078,10.871994018554688,10.383354187011719,-1.9727727174758911,-3.523057222366333,36.403480529785156,0
1745923254.9304516,9.119152069091797,6.0547380447387695,10.884641647338867,10.411016464233398,-1.9891130924224854,-3.5250537395477295,36.46955108642578,0
1745923254.9448426,9.138537406921387,6.064905166625977,10.901926040649414,10.433292388916016,-1.9962412118911743,-3.5241382122039795,36.53866195678711,0
1745923254.9551554,9.152915000915527,6.077120304107666,10.918838500976562,10.454906463623047,-1.9979407787322998,-3.524714946746826,36.603782653808594,0
1745923254.979487,9.163329124450684,6.086244106292725,10.935415267944336,10.474178314208984,-1.9979658126831055,-3.528733968734741,36.65916442871094,0
1745923254.9832144,9.170859336853027,6.1086835861206055,10.97285270690918,10.491373062133789,-1.9665782451629639,-3.5347039699554443,36.74376678466797,0
1745923254.9920323,9.180817604064941,6.117996692657471,10.995687484741211,10.507205963134766,-1.958645224571228,-3.5402064323425293,36.80170822143555,0
1745923255.0043235,9.19227409362793,6.12827730178833,11.019547462463379,10.521566390991211,-1.949136734008789,-3.543840169906616,36.861663818359375,0
1745923255.0160816,9.199633598327637,6.136775016784668,11.041675567626953,10.53154182434082,-1.9365204572677612,-3.5484776496887207,36.90962600708008,0
1745923255.0296202,9.202991485595703,6.14906644821167,11.061363220214844,10.53341293334961,-1.9142988920211792,-3.54826283454895,36.946834564208984,0
1745923255.0455763,9.20124626159668,6.157260894775391,11.071290016174316,10.538948059082031,-1.9023107290267944,-3.551279067993164,36.968746185302734,0
1745923255.0539358,9.209307670593262,6.158759117126465,11.078256607055664,10.551702499389648,-1.910151720046997,-3.554236888885498,36.998023986816406,0
1745923255.0652468,9.217273712158203,6.162875175476074,11.083694458007812,10.568536758422852,-1.9199068546295166,-3.556717872619629,37.032379150390625,0
1745923255.0794153,9.226492881774902,6.172757625579834,11.088685989379883,10.586278915405273,-1.9268687963485718,-3.554762125015259,37.074214935302734,0
1745923255.0910568,9.238499641418457,6.18036413192749,11.099992752075195,10.593250274658203,-1.924950361251831,-3.550377130508423,37.11210632324219,0
1745923255.1025717,9.247414588928223,6.185333728790283,11.112043380737305,10.597843170166016,-1.9207210540771484,-3.549018383026123,37.142635345458984,0
1745923255.1157832,9.251644134521484,6.187496185302734,11.119083404541016,10.597030639648438,-1.9157092571258545,-3.547720193862915,37.15525436401367,0
1745923255.127543,9.248059272766113,6.184897422790527,11.120481491088867,10.590435028076172,-1.9095269441604614,-3.5493645668029785,37.14387512207031,0
1745923255.1443672,9.242502212524414,6.182924747467041,11.118860244750977,10.583086013793945,-1.903353214263916,-3.5501277446746826,37.12737274169922,0
1745923255.1517107,9.238897323608398,6.182848930358887,11.1165132522583,10.578117370605469,-1.899276614189148,-3.549121618270874,37.11637878417969,0
1745923255.1646602,9.235730171203613,6.183910846710205,11.114130020141602,10.567384719848633,-1.89056396484375,-3.5443458557128906,37.101158142089844,0
1745923255.1797733,9.2308931350708,6.1821088790893555,11.114017486572266,10.559467315673828,-1.8831253051757812,-3.5449607372283936,37.08648681640625,0
1745923255.1902719,9.224292755126953,6.1830573081970215,11.113663673400879,10.559354782104492,-1.8779196739196777,-3.548482656478882,37.08036804199219,0
1745923255.201376,9.223761558532715,6.181995391845703,11.10971450805664,10.568178176879883,-1.8877973556518555,-3.551831007003784,37.083648681640625,0
1745923255.2143555,9.229565620422363,6.185029983520508,11.113663673400879,10.584541320800781,-1.8977689743041992,-3.555532693862915,37.11280059814453,0
1745923255.2265909,9.244986534118652,6.193110466003418,11.121971130371094,10.606212615966797,-1.910637378692627,-3.554076910018921,37.166282653808594,0
1745923255.2481763,9.264201164245605,6.204946517944336,11.127056121826172,10.62643051147461,-1.9246796369552612,-3.5454535484313965,37.222633361816406,0
1745923255.251589,9.284117698669434,6.211282253265381,11.130500793457031,10.644378662109375,-1.9433176517486572,-3.5381834506988525,37.27027893066406,0
1745923255.263047,9.30481243133545,6.215948104858398,11.129626274108887,10.653448104858398,-1.961064100265503,-3.525336742401123,37.3038330078125,0
1745923255.2787235,9.320612907409668,6.222226619720459,11.12640380859375,10.653108596801758,-1.969396710395813,-3.5091612339019775,37.322349548339844,0
1745923255.2892563,9.33212661743164,6.222909450531006,11.120294570922852,10.64126205444336,-1.9735231399536133,-3.4927337169647217,37.316593170166016,0
1745923255.30121,9.333454132080078,6.220841884613037,11.114296913146973,10.634346008300781,-1.9761052131652832,-3.4871582984924316,37.302940368652344,0
1745923255.315119,9.326322555541992,6.22105073928833,11.113086700439453,10.63479995727539,-1.9722505807876587,-3.491349935531616,37.295257568359375,0
1745923255.3257525,9.319967269897461,6.224483966827393,11.119157791137695,10.635650634765625,-1.9607720375061035,-3.4965176582336426,37.299259185791016,0
1745923255.3384898,9.324785232543945,6.230610370635986,11.126012802124023,10.637275695800781,-1.954845666885376,-3.4933106899261475,37.31868362426758,0
1745923255.3500385,9.323514938354492,6.232621192932129,11.129644393920898,10.633968353271484,-1.9471211433410645,-3.492976427078247,37.31974792480469,0
1745923255.3621788,9.319588661193848,6.232317924499512,11.126757621765137,10.638956069946289,-1.9504234790802002,-3.4967379570007324,37.31761932373047,0
1745923255.380178,9.322168350219727,6.22567892074585,11.120630264282227,10.656244277954102,-1.9745326042175293,-3.50463604927063,37.32472229003906,0
1745923255.387329,9.335521697998047,6.223782062530518,11.117965698242188,10.678426742553711,-2.00295090675354,-3.5062623023986816,37.35569763183594,0
1745923255.3995285,9.354375839233398,6.226399898529053,11.114799499511719,10.700817108154297,-2.032062530517578,-3.5011839866638184,37.396392822265625,0
1745923255.41259,9.372509002685547,6.229586124420166,11.116252899169922,10.713249206542969,-2.0495452880859375,-3.4937212467193604,37.43159484863281,0
1745923255.4253585,9.384952545166016,6.229700088500977,11.118748664855957,10.725831985473633,-2.0647878646850586,-3.4925568103790283,37.45923614501953,0
1745923255.4379215,9.39107894897461,6.226798057556152,11.119680404663086,10.743705749511719,-2.082976818084717,-3.4992337226867676,37.48126220703125,0
1745923255.4520068,9.399045944213867,6.230174541473389,11.121932983398438,10.765491485595703,-2.099015474319458,-3.5030388832092285,37.51664733886719,0
1745923255.4615915,9.407354354858398,6.23529577255249,11.143502235412598,10.793474197387695,-2.102651596069336,-3.5173542499542236,37.579627990722656,0
1745923255.4801707,9.448514938354492,6.24760627746582,11.15311336517334,10.838783264160156,-2.1445603370666504,-3.5080459117889404,37.688018798828125,0
1745923255.4854338,9.491079330444336,6.2597455978393555,11.162015914916992,10.879802703857422,-2.184959650039673,-3.4956767559051514,37.79264450073242,0
1745923255.5005198,9.524633407592773,6.260390758514404,11.160432815551758,10.897392272949219,-2.220595121383667,-3.480943202972412,37.84284973144531,0
1745923255.5108676,9.542217254638672,6.25325870513916,11.144582748413086,10.898508071899414,-2.2516896724700928,-3.4673593044281006,37.83856964111328,0
1745923255.5318289,9.547831535339355,6.240511894226074,11.114315032958984,10.889135360717773,-2.2835609912872314,-3.4535868167877197,37.79179382324219,0
1745923255.538518,9.550335884094238,6.225375175476074,11.08280086517334,10.883277893066406,-2.318708896636963,-3.4443979263305664,37.741790771484375,0
1745923255.5473757,9.552384376525879,6.211851119995117,11.058158874511719,10.896316528320312,-2.359659433364868,-3.4464337825775146,37.718711853027344,0
1745923255.559626,9.564619064331055,6.201854705810547,11.037093162536621,10.929248809814453,-2.41534423828125,-3.4505045413970947,37.73281478881836,0
1745923255.5791519,9.592464447021484,6.198269844055176,11.02155876159668,10.978279113769531,-2.4827778339385986,-3.45036244392395,37.79057312011719,0
1745923255.5852447,9.632789611816406,6.197643756866455,11.00766372680664,11.04178237915039,-2.5644068717956543,-3.4477217197418213,37.879878997802734,0
1745923255.5975955,9.685996055603027,6.198497772216797,10.993825912475586,11.12429428100586,-2.6656875610351562,-3.444661855697632,38.00261306762695,0
1745923255.6120803,9.825620651245117,6.202424049377441,10.982519149780273,11.215553283691406,-2.824624538421631,-3.3895819187164307,38.22611999511719,0
1745923255.6365168,9.904603958129883,6.214221954345703,10.976764678955078,11.287748336791992,-2.918928861618042,-3.36238169670105,38.383338928222656,0
1745923255.6379437,9.96590805053711,6.223421573638916,10.975460052490234,11.33468246459961,-2.9831020832061768,-3.3386709690093994,38.499473571777344,0
1745923255.6493375,10.00257396697998,6.224085330963135,10.970972061157227,11.352481842041016,-3.02152156829834,-3.3212010860443115,38.550113677978516,0
1745923255.6600633,10.018449783325195,6.221771240234375,10.96212387084961,11.334247589111328,-3.028977394104004,-3.300218105316162,38.536590576171875,0
1745923255.6728282,10.009952545166016,6.196050643920898,10.944411277770996,11.283819198608398,-3.0257582664489746,-3.2904715538024902,38.434234619140625,0
1745923255.6859064,9.979926109313965,6.1693434715271,10.91338062286377,11.209016799926758,-3.004157304763794,-3.27750825881958,38.27166748046875,0
1745923255.6975415,9.931026458740234,6.135921478271484,10.813546180725098,11.129642486572266,-3.028499126434326,-3.2465298175811768,38.010135650634766,0
1745923255.7176733,9.876132011413574,6.1011528968811035,10.754427909851074,11.056596755981445,-3.021043062210083,-3.2419686317443848,37.788307189941406,0
1745923255.71969,9.825335502624512,6.06524658203125,10.69624137878418,10.998685836791992,-3.026456356048584,-3.2430381774902344,37.58551025390625,0
1745923255.7369056,9.783093452453613,6.032602310180664,10.641853332519531,10.960216522216797,-3.0447540283203125,-3.247490882873535,37.41776657104492,0
1745923255.7469597,9.752479553222656,6.007602214813232,10.598735809326172,10.940301895141602,-3.067643642425537,-3.2536444664001465,37.29911804199219,0
1745923255.758036,9.736735343933105,5.987780570983887,10.565860748291016,10.936786651611328,-3.0987226963043213,-3.2594683170318604,37.22716522216797,0
1745923255.7698283,9.740131378173828,5.96257209777832,10.533712387084961,10.94825553894043,-3.156646728515625,-3.2638330459594727,37.184669494628906,0
1745923255.7819834,9.75706958770752,5.955952167510986,10.51072883605957,10.968870162963867,-3.206531047821045,-3.255971670150757,37.19261932373047,0
1745923255.793991,9.780115127563477,5.952120304107666,10.494393348693848,10.99702262878418,-3.257538318634033,-3.2490856647491455,37.22364807128906,0
1745923255.8143606,9.805134773254395,5.950735569000244,10.484838485717773,11.021451950073242,-3.299550771713257,-3.2407891750335693,37.26216125488281,0
1745923255.8186803,9.827497482299805,5.95206356048584,10.47913932800293,11.029218673706055,-3.323178291320801,-3.2263731956481934,37.28791809082031,0
1745923255.8321385,9.838176727294922,5.9531636238098145,10.47347640991211,11.017219543457031,-3.3261377811431885,-3.210298776626587,37.28203582763672,0
1745923255.8451693,9.829148292541504,5.9451212882995605,10.46543025970459,10.990182876586914,-3.3157739639282227,-3.2046358585357666,37.229881286621094,0
1745923255.8567605,9.811944007873535,5.935523509979248,10.455316543579102,10.954057693481445,-3.2969577312469482,-3.1999504566192627,37.15684127807617,0
1745923255.8681297,9.786526679992676,5.912875175476074,10.442129135131836,10.901832580566406,-3.275456666946411,-3.199918746948242,37.043365478515625,0
1745923255.88015,9.750715255737305,5.899370193481445,10.426185607910156,10.847644805908203,-3.2401363849639893,-3.198432445526123,36.92391586303711,0
1745923255.892491,9.708909034729004,5.8878374099731445,10.408584594726562,10.802392959594727,-3.2063024044036865,-3.2031009197235107,36.80772399902344,0
1745923255.9134703,9.634743690490723,5.87492036819458,10.391839981079102,10.773086547851562,-3.161587953567505,-3.23822283744812,36.674591064453125,0
1745923255.9171703,9.614921569824219,5.8717522621154785,10.381837844848633,10.755912780761719,-3.1477041244506836,-3.2402591705322266,36.62442398071289,0
1745923255.9334328,9.602630615234375,5.875413417816162,10.384073257446289,10.74221420288086,-3.1250405311584473,-3.2404115200042725,36.604331970214844,0
1745923255.9474728,9.590073585510254,5.876551628112793,10.38615894317627,10.72817611694336,-3.1042122840881348,-3.242175340652466,36.58095932006836,0
1745923255.9610937,9.577725410461426,5.876570224761963,10.38399887084961,10.714986801147461,-3.0886430740356445,-3.2428956031799316,36.55328369140625,0
1745923255.982423,9.565662384033203,5.867218971252441,10.377405166625977,10.710357666015625,-3.0908286571502686,-3.2516541481018066,36.52064514160156,0
1745923255.989588,9.558643341064453,5.866479396820068,10.374815940856934,10.711359024047852,-3.0895590782165527,-3.2560348510742188,36.51129913330078,0
1745923255.9921625,9.556519508361816,5.867143154144287,10.377256393432617,10.717123031616211,-3.0893990993499756,-3.2609925270080566,36.518043518066406,0
1745923256.0052302,9.557258605957031,5.871392250061035,10.380217552185059,10.729686737060547,-3.0923333168029785,-3.2652180194854736,36.53855514526367,0
1745923256.016978,9.56545352935791,5.875299453735352,10.385842323303223,10.745916366577148,-3.1008644104003906,-3.2677860260009766,36.572509765625,0
1745923256.02999,9.578503608703613,5.87736701965332,10.395620346069336,10.757801055908203,-3.1077589988708496,-3.268256664276123,36.609291076660156,0
1745923256.0465674,9.588385581970215,5.880458831787109,10.399774551391602,10.766777038574219,-3.1144211292266846,-3.2660176753997803,36.63539505004883,0
1745923256.0551746,9.595973014831543,5.878106594085693,10.397110939025879,10.777263641357422,-3.130952835083008,-3.266336679458618,36.64845275878906,0
1745923256.0683532,9.601473808288574,5.879093170166016,10.3968505859375,10.79298210144043,-3.1447243690490723,-3.269519090652466,36.67040252685547,0
1745923256.0800898,9.61000919342041,5.889392852783203,10.405548095703125,10.804527282714844,-3.1422035694122314,-3.2668442726135254,36.709476470947266,0
1745923256.0903172,9.613537788391113,5.894779682159424,10.422181129455566,10.80949592590332,-3.1292884349823,-3.2713818550109863,36.73999786376953,0
1745923256.1031563,9.610939025878906,5.898383617401123,10.433599472045898,10.798141479492188,-3.107114791870117,-3.2707481384277344,36.741065979003906,0
1745923256.116391,9.59857177734375,5.897454261779785,10.441943168640137,10.78125,-3.0809991359710693,-3.2754108905792236,36.71921920776367,0
1745923256.1280305,9.581595420837402,5.8935089111328125,10.444625854492188,10.775846481323242,-3.0668702125549316,-3.287936210632324,36.695579528808594,0
1745923256.1454062,9.570802688598633,5.88762903213501,10.442092895507812,10.784235000610352,-3.072361707687378,-3.301802158355713,36.68476104736328,0
1745923256.1526341,9.568203926086426,5.890758514404297,10.450641632080078,10.804677963256836,-3.074594259262085,-3.3154265880584717,36.71427917480469,0
1745923256.1672442,9.57302188873291,5.9036760330200195,10.468168258666992,10.829751968383789,-3.0691282749176025,-3.324185848236084,36.774620056152344,0
1745923256.1789246,9.583643913269043,5.92884635925293,10.518085479736328,10.852254867553711,-3.0282669067382812,-3.3352880477905273,36.88282775878906,0
1745923256.1892605,9.61205768585205,5.937894344329834,10.541777610778809,10.873226165771484,-3.034147262573242,-3.331969976425171,36.9649543762207,0
1745923256.2021613,9.622054100036621,5.949199199676514,10.558130264282227,10.89544677734375,-3.0326895713806152,-3.3363776206970215,37.02482986450195,0
1745923256.2142904,9.634649276733398,5.962856292724609,10.580574989318848,10.920368194580078,-3.0277395248413086,-3.341707706451416,37.09844970703125,0
1745923256.226166,9.646788597106934,5.97861909866333,10.615106582641602,10.939716339111328,-3.0069169998168945,-3.349030017852783,37.18022918701172,0
1745923256.2381613,9.653977394104004,5.996847152709961,10.654277801513672,10.953754425048828,-2.97338604927063,-3.3576273918151855,37.25885772705078,0
1745923256.2508457,9.652080535888672,6.014639377593994,10.68918228149414,10.953357696533203,-2.928101062774658,-3.3635683059692383,37.30925750732422,0
1745923256.2645066,9.64517593383789,6.029548168182373,10.715444564819336,10.940471649169922,-2.8806984424591064,-3.3646628856658936,37.33064270019531,0
1745923256.2778192,9.633017539978027,6.045443534851074,10.736547470092773,10.927604675292969,-2.83327054977417,-3.366114377975464,37.342613220214844,0
1745923256.288476,9.620195388793945,6.052822113037109,10.756607055664062,10.91592788696289,-2.7941062450408936,-3.373624563217163,37.345550537109375,0
1745923256.3071482,9.605514526367188,6.061984062194824,10.775829315185547,10.90155029296875,-2.751086950302124,-3.3795130252838135,37.344879150390625,0
1745923256.3172345,9.588726997375488,6.071164608001709,10.797211647033691,10.891687393188477,-2.7079081535339355,-3.389913558959961,37.348793029785156,0
1745923256.3251307,9.56137466430664,6.081312656402588,10.819711685180664,10.886056900024414,-2.65872859954834,-3.409102439880371,37.34845733642578,0
1745923256.337664,9.545441627502441,6.089449882507324,10.843310356140137,10.879461288452148,-2.6174018383026123,-3.42220139503479,37.357666015625,0
1745923256.3497772,9.532638549804688,6.092769145965576,10.865438461303711,10.87547492980957,-2.5851447582244873,-3.4369349479675293,37.3663215637207,0
1745923256.3632202,9.525961875915527,6.0975871086120605,10.877023696899414,10.870203018188477,-2.563593626022339,-3.441118001937866,37.37077331542969,0
1745923256.3811257,9.51863956451416,6.096259117126465,10.882965087890625,10.872074127197266,-2.5561094284057617,-3.450446128845215,37.369937896728516,0
1745923256.3879237,9.51812744140625,6.097530364990234,10.888627052307129,10.876533508300781,-2.553131103515625,-3.4547009468078613,37.38081741333008,0
1745923256.401353,9.519285202026367,6.1013617515563965,10.89449405670166,10.881031036376953,-2.5490550994873047,-3.4563004970550537,37.39617156982422,0
1745923256.411236,9.518280029296875,6.1084747314453125,10.915727615356445,10.889230728149414,-2.5308122634887695,-3.4661056995391846,37.43171310424805,0
1745923256.4384923,9.521333694458008,6.1146392822265625,10.92634391784668,10.89828109741211,-2.525365114212036,-3.469290256500244,37.46059799194336,0
1745923256.4398444,9.525468826293945,6.118622779846191,10.931913375854492,10.896051406860352,-2.5188779830932617,-3.4655516147613525,37.47205352783203,0
1745923256.4487152,9.52888298034668,6.1174468994140625,10.929231643676758,10.892385482788086,-2.5218491554260254,-3.4611189365386963,37.46794891357422,0
1745923256.461204,9.527005195617676,6.115758419036865,10.926773071289062,10.893312454223633,-2.5245816707611084,-3.462731122970581,37.46284866333008,0
1745923256.4806888,9.524084091186523,6.109347343444824,10.924928665161133,10.893709182739258,-2.5295932292938232,-3.4681482315063477,37.45207214355469,0
1745923256.4850385,9.523609161376953,6.107905864715576,10.922022819519043,10.894294738769531,-2.533212423324585,-3.4683144092559814,37.44783401489258,0
1745923256.49831,9.523552894592285,6.103486061096191,10.918205261230469,10.897581100463867,-2.542127847671509,-3.4709906578063965,37.44282531738281,0
1745923256.5120277,9.524216651916504,6.100716590881348,10.914051055908203,10.900396347045898,-2.5501415729522705,-3.4717400074005127,37.43938064575195,0
1745923256.5233736,9.523590087890625,6.100830554962158,10.914498329162598,10.903741836547852,-2.551530122756958,-3.4738519191741943,37.442657470703125,0
1745923256.5354416,9.527460098266602,6.102746486663818,10.914386749267578,10.90665054321289,-2.554664134979248,-3.4713780879974365,37.45124435424805,0
1745923256.5482163,9.52966022491455,6.0992560386657715,10.911629676818848,10.911413192749023,-2.564493417739868,-3.473161220550537,37.45195770263672,0
1745923256.5602245,9.533985137939453,6.096202373504639,10.911201477050781,10.91965103149414,-2.575862407684326,-3.4759833812713623,37.46104049682617,0
1745923256.5709484,9.5382719039917,6.100830554962158,10.91259765625,10.93368911743164,-2.583378791809082,-3.4773778915405273,37.485389709472656,0
1745923256.5848973,9.548172950744629,6.108816146850586,10.917776107788086,10.951770782470703,-2.5916011333465576,-3.4765725135803223,37.52653503417969,0
1745923256.596712,9.560635566711426,6.113160133361816,10.922731399536133,10.966564178466797,-2.602463722229004,-3.4748337268829346,37.56309127807617,0
1745923256.613238,9.572300910949707,6.115663528442383,10.926362991333008,10.973915100097656,-2.610318422317505,-3.470728635787964,37.58824157714844,0
1745923256.6218107,9.589523315429688,6.115132808685303,10.928132057189941,10.977581024169922,-2.623412609100342,-3.462400436401367,37.61037063598633,0
1745923256.6343439,9.595232963562012,6.112856388092041,10.92641830444336,10.977806091308594,-2.6306662559509277,-3.4594740867614746,37.61231231689453,0
1745923256.6470468,9.594417572021484,6.108550548553467,10.922656059265137,10.982625961303711,-2.6399378776550293,-3.463297128677368,37.608253479003906,0
1745923256.6583405,9.598648071289062,6.106672763824463,10.917404174804688,10.993753433227539,-2.656099319458008,-3.464507818222046,37.616477966308594,0
1745923256.6707313,9.60524845123291,6.110523223876953,10.922935485839844,11.006526947021484,-2.661501407623291,-3.466242551803589,37.645233154296875,0
1745923256.6838222,9.611640930175781,6.116308689117432,10.931317329406738,11.015804290771484,-2.660510540008545,-3.466552257537842,37.675071716308594,0
1745923256.6957152,9.61962604522705,6.11786413192749,10.936775207519531,11.012458801269531,-2.657923698425293,-3.4613420963287354,37.68672180175781,0
1745923256.7120743,9.620650291442871,6.115853309631348,10.93310546875,11.002937316894531,-2.6568329334259033,-3.455840826034546,37.67254638671875,0
1745923256.721904,9.612550735473633,6.111566543579102,10.92751693725586,10.992809295654297,-2.652602434158325,-3.4565629959106445,37.64444351196289,0
1745923256.734106,9.602043151855469,6.10542106628418,10.918893814086914,10.986555099487305,-2.6533422470092773,-3.46045184135437,37.6129150390625,0
1745923256.7464418,9.594322204589844,6.099427223205566,10.910102844238281,10.983512878417969,-2.658142566680908,-3.463855504989624,37.587364196777344,0
1745923256.7568688,9.592236518859863,6.093755722045898,10.903955459594727,10.98587417602539,-2.6679699420928955,-3.4671387672424316,37.57582092285156,0
1745923256.770291,9.599197387695312,6.090777397155762,10.897920608520508,10.994623184204102,-2.685914993286133,-3.4658122062683105,37.58251953125,0
1745923256.7827575,9.609477996826172,6.092902183532715,10.895238876342773,11.005071640014648,-2.700324535369873,-3.461362361907959,37.602691650390625,0
1745923256.7938213,9.618582725524902,6.096714496612549,10.895723342895508,11.014518737792969,-2.7092931270599365,-3.4575934410095215,37.62554168701172,0
1745923256.8069406,9.625544548034668,6.096240520477295,10.900994300842285,11.016937255859375,-2.7116823196411133,-3.4569616317749023,37.63971710205078,0
1745923256.8196614,9.629148483276367,6.0973405838012695,10.903322219848633,11.01671028137207,-2.7111525535583496,-3.454885244369507,37.646522521972656,0
1745923256.8310082,9.630949974060059,6.099483966827393,10.903396606445312,11.01353645324707,-2.7084217071533203,-3.4508779048919678,37.647369384765625,0
1745923256.8461056,9.631254196166992,6.097055912017822,10.903079986572266,11.001312255859375,-2.702651262283325,-3.4464101791381836,37.6327018737793,0
1745923256.8560035,9.626227378845215,6.094078063964844,10.896356582641602,10.981170654296875,-2.6936392784118652,-3.4390721321105957,37.59783172607422,0
1745923256.869129,9.614580154418945,6.082298755645752,10.885441780090332,10.956361770629883,-2.687617778778076,-3.437612771987915,37.53868103027344,0
1745923256.8816652,9.595479965209961,6.07232141494751,10.872013092041016,10.930042266845703,-2.67610502243042,-3.43794584274292,37.46985626220703,0
1745923256.8932853,9.577099800109863,6.064089298248291,10.849363327026367,10.914039611816406,-2.6781527996063232,-3.4371843338012695,37.40459442138672,0
1745923256.9053295,9.563632011413574,6.061737537384033,10.843050003051758,10.90958023071289,-2.673121452331543,-3.442465305328369,37.37799835205078,0
1745923256.9185052,9.553427696228027,6.061889171600342,10.84090805053711,10.913263320922852,-2.6703333854675293,-3.449765205383301,37.36948776245117,0
1745923256.9296985,9.55661392211914,6.061490535736084,10.84001350402832,10.922786712646484,-2.680006980895996,-3.4519925117492676,37.38090515136719,0
1745923256.9464471,9.562797546386719,6.06192684173584,10.836362838745117,10.929891586303711,-2.6916444301605225,-3.4492850303649902,37.39097595214844,0
1745923256.9541802,9.572243690490723,6.060845851898193,10.832880020141602,10.935503005981445,-2.705577850341797,-3.444815158843994,37.40147399902344,0
1745923256.9669514,9.579242706298828,6.060940742492676,10.828968048095703,10.933046340942383,-2.7117836475372314,-3.4371895790100098,37.402198791503906,0
1745923256.9819202,9.58062744140625,6.0590057373046875,10.826900482177734,10.925167083740234,-2.7106783390045166,-3.4328773021698,37.391700744628906,0
1745923256.9926093,9.575316429138184,6.054187774658203,10.823064804077148,10.916646957397461,-2.7084290981292725,-3.4336915016174316,37.36921691894531,0
1745923257.0045793,9.56765365600586,6.052746295928955,10.817178726196289,10.908578872680664,-2.7038023471832275,-3.433084726333618,37.34615707397461,0
1745923257.0178072,9.563575744628906,6.050773620605469,10.816898345947266,10.89633560180664,-2.694594621658325,-3.4311511516571045,37.32758331298828,0
1745923257.028947,9.552175521850586,6.049502849578857,10.814384460449219,10.891006469726562,-2.6863608360290527,-3.4357552528381348,37.30706787109375,0
1745923257.0472386,9.542387962341309,6.048990726470947,10.812559127807617,10.898527145385742,-2.6867449283599854,-3.445183515548706,37.302467346191406,0
1745923257.053431,9.549899101257324,6.05050802230835,10.817346572875977,10.912111282348633,-2.695866346359253,-3.4479117393493652,37.329864501953125,0
1745923257.0658464,9.56137466430664,6.055971145629883,10.823381423950195,10.926244735717773,-2.703763961791992,-3.4463021755218506,37.366973876953125,0
1745923257.081987,9.5736665725708,6.056103706359863,10.822486877441406,10.93935775756836,-2.721576452255249,-3.443915367126465,37.39161682128906,0
1745923257.0912888,9.583928108215332,6.056179523468018,10.822933197021484,10.94517707824707,-2.732015371322632,-3.44010066986084,37.40821838378906,0
1745923257.103048,9.588385581970215,6.056046962738037,10.820270538330078,10.945043563842773,-2.7372303009033203,-3.4359636306762695,37.40974426269531,0
1745923257.1147363,9.592520713806152,6.052082538604736,10.814384460449219,10.934972763061523,-2.7413179874420166,-3.428356409072876,37.393959045410156,0
1745923257.1282132,9.586849212646484,6.044419288635254,10.806785583496094,10.91972541809082,-2.739733934402466,-3.426330089569092,37.35778045654297,0
1745923257.1459026,9.576284408569336,6.038463592529297,10.788010597229004,10.90234375,-2.7411890029907227,-3.420114278793335,37.30510330200195,0
1745923257.152322,9.566648483276367,6.034897327423096,10.779200553894043,10.891876220703125,-2.737771987915039,-3.419672966003418,37.272621154785156,0
1745923257.1676838,9.55274486541748,6.030174255371094,10.773500442504883,10.889909744262695,-2.735609292984009,-3.4282655715942383,37.24633026123047,0
1745923257.1813376,9.544626235961914,6.0248823165893555,10.770166397094727,10.894010543823242,-2.7400050163269043,-3.4374256134033203,37.23368835449219,0
1745923257.192044,9.544777870178223,6.023364543914795,10.769048690795898,10.900321960449219,-2.74656343460083,-3.440772533416748,37.237510681152344,0
1745923257.2021253,9.553825378417969,6.024502754211426,10.768266677856445,10.912847518920898,-2.7608911991119385,-3.439624786376953,37.25944519042969,0
1745923257.21666,9.563177108764648,6.025963306427002,10.770967483520508,10.926471710205078,-2.7730116844177246,-3.4402265548706055,37.28657913208008,0
1745923257.2264328,9.57507038116455,6.028751850128174,10.775065422058105,10.929210662841797,-2.777224063873291,-3.4338266849517822,37.30809783935547,0
1745923257.2479234,9.5792236328125,6.030686378479004,10.778697967529297,10.926509857177734,-2.773615837097168,-3.430278778076172,37.31511688232422,0
1745923257.2520554,9.577592849731445,6.031179428100586,10.77778434753418,10.923938751220703,-2.7711212635040283,-3.429382801055908,37.31049346923828,0
1745923257.2637513,9.573704719543457,6.032924652099609,10.778976440429688,10.919235229492188,-2.7628870010375977,-3.4291322231292725,37.304840087890625,0
1745923257.2807965,9.570669174194336,6.033341884613037,10.781789779663086,10.92265510559082,-2.760483503341675,-3.433781862258911,37.30845642089844,0
1745923257.2886913,9.569398880004883,6.032374858856201,10.784378051757812,10.933481216430664,-2.7656097412109375,-3.441560745239258,37.31963348388672,0
1745923257.3002012,9.572755813598633,6.036813259124756,10.7891845703125,10.940982818603516,-2.7653310298919678,-3.4422459602355957,37.33973693847656,0
1745923257.3142734,9.581291198730469,6.039999961853027,10.795255661010742,10.947406768798828,-2.767812490463257,-3.4404497146606445,37.36395263671875,0
1745923257.3259022,9.584762573242188,6.042370796203613,10.7984037399292,10.955190658569336,-2.7708663940429688,-3.4417643547058105,37.38072967529297,0
1745923257.3387606,9.596940040588379,6.045330047607422,10.79836654663086,10.965242385864258,-2.783456563949585,-3.436575412750244,37.40587615966797,0
1745923257.349336,9.605798721313477,6.050451278686523,10.81019401550293,10.97856330871582,-2.784458637237549,-3.4392476081848145,37.44500732421875,0
1745923257.363515,9.614618301391602,6.054718971252441,10.82120132446289,10.992620468139648,-2.7873034477233887,-3.4424569606781006,37.48316192626953,0
1745923257.3803244,9.622794151306152,6.069684982299805,10.834518432617188,11.006034851074219,-2.778607130050659,-3.4398913383483887,37.53303146362305,0
1745923257.3866043,9.629697799682617,6.07565975189209,10.843273162841797,11.011137008666992,-2.77459716796875,-3.4379897117614746,37.55976867675781,0
1745923257.4001462,9.634876251220703,6.077385902404785,10.846830368041992,11.010984420776367,-2.773643970489502,-3.4350903034210205,37.57007598876953,0
1745923257.4120061,9.634990692138672,6.0757737159729,10.84897232055664,11.011344909667969,-2.7735297679901123,-3.437234401702881,37.571083068847656,0
1745923257.424876,9.635767936706543,6.072795867919922,10.847762107849121,11.011646270751953,-2.7776846885681152,-3.438241720199585,37.567970275878906,0
1745923257.438589,9.636299133300781,6.073250770568848,10.843719482421875,11.014650344848633,-2.7829983234405518,-3.4371142387390137,37.56791687011719,0
1745923257.4495392,9.63912582397461,6.07423734664917,10.843124389648438,11.021848678588867,-2.7894034385681152,-3.4377198219299316,37.578338623046875,0
1745923257.461008,9.644588470458984,6.075489044189453,10.845526695251465,11.027462005615234,-2.7938380241394043,-3.437100648880005,37.59306716918945,0
1745923257.4798446,9.650772094726562,6.078353404998779,10.84809684753418,11.034187316894531,-2.7980403900146484,-3.435561418533325,37.611412048339844,0
1745923257.484964,9.66200065612793,6.0829057693481445,10.850406646728516,11.03976058959961,-2.8036770820617676,-3.428994655609131,37.635074615478516,0
1745923257.4982994,9.665377616882324,6.083285331726074,10.853777885437012,11.041763305664062,-2.804208755493164,-3.4290661811828613,37.644203186035156,0
1745923257.513639,9.664865493774414,6.081331253051758,10.854020118713379,11.041254043579102,-2.804924488067627,-3.430541753768921,37.64147186279297,0
1745923257.5224466,9.665756225585938,6.079833030700684,10.852380752563477,11.03809928894043,-2.805978298187256,-3.4286978244781494,37.636070251464844,0
1745923257.5364175,9.662190437316895,6.079719066619873,10.851337432861328,11.033035278320312,-2.8011457920074463,-3.4282350540161133,37.62628173828125,0
1745923257.547957,9.661317825317383,6.076949596405029,10.847221374511719,11.03154182434082,-2.805199384689331,-3.4279792308807373,37.61703109741211,0
1745923257.559967,9.663537979125977,6.074616432189941,10.838132858276367,11.02589225769043,-2.812258243560791,-3.421165704727173,37.60218048095703,0
1745923257.5715003,9.65953540802002,6.0658345222473145,10.830644607543945,11.017314910888672,-2.8171679973602295,-3.4219584465026855,37.57332992553711,0
1745923257.5838578,9.652118682861328,6.0658721923828125,10.825690269470215,11.009927749633789,-2.811275005340576,-3.4209797382354736,37.553611755371094,0
1745923257.596739,9.645915985107422,6.066195011138916,10.822729110717773,11.008302688598633,-2.8081893920898438,-3.4226579666137695,37.54314422607422,0
1745923257.6123154,9.642160415649414,6.065341472625732,10.82021427154541,11.005392074584961,-2.8064799308776855,-3.4231162071228027,37.533111572265625,0
1745923257.6217396,9.642065048217773,6.062704563140869,10.82142448425293,11.007772445678711,-2.8091847896575928,-3.4265758991241455,37.533966064453125,0
1745923257.6328673,9.64953899383545,6.064487457275391,10.822263717651367,11.012628555297852,-2.8153040409088135,-3.4232192039489746,37.548919677734375,0
1745923257.6488023,9.652042388916016,6.068300247192383,10.821685791015625,11.011098861694336,-2.8133034706115723,-3.4181249141693115,37.55312728881836,0
1745923257.6592073,9.651796340942383,6.0698747634887695,10.81907844543457,11.00233268737793,-2.8081042766571045,-3.4119343757629395,37.54308319091797,0
1745923257.6720164,9.646750450134277,6.0642409324646,10.81824016571045,10.99418830871582,-2.80456280708313,-3.4146716594696045,37.52342224121094,0
1745923257.6836486,9.638840675354004,6.062533855438232,10.81617259979248,10.989578247070312,-2.799252986907959,-3.417802095413208,37.50712585449219,0
1745923257.6994138,9.635407447814941,6.061870098114014,10.81231689453125,10.992090225219727,-2.8023462295532227,-3.4198391437530518,37.501686096191406,0
1745923257.7135077,9.634857177734375,6.059802532196045,10.810007095336914,11.000253677368164,-2.8110556602478027,-3.4242870807647705,37.504920959472656,0
1745923257.7197428,9.641003608703613,6.061301231384277,10.81004524230957,10.999969482421875,-2.813730239868164,-3.419193983078003,37.51232147216797,0
1745923257.7327797,9.64453125,6.061187267303467,10.810436248779297,10.98836898803711,-2.8080806732177734,-3.4117166996002197,37.50452423095703,0
1745923257.7464457,9.640624046325684,6.0597076416015625,10.805388450622559,10.975406646728516,-2.8021082878112793,-3.4067749977111816,37.48112487792969,0
1745923257.7579205,9.62964153289795,6.053637981414795,10.795927047729492,10.963428497314453,-2.7994332313537598,-3.407815933227539,37.44263458251953,0
1745923257.769705,9.609270095825195,6.039866924285889,10.788345336914062,10.954887390136719,-2.797534704208374,-3.422516345977783,37.392372131347656,0
1745923257.78192,9.602231979370117,6.032033443450928,10.780132293701172,10.951431274414062,-2.803682327270508,-3.4267473220825195,37.36582946777344,0
1745923257.7944863,9.603351593017578,6.0277276039123535,10.772756576538086,10.957759857177734,-2.8183372020721436,-3.4283385276794434,37.361595153808594,0
1745923257.8123188,9.610635757446289,6.029263973236084,10.765473365783691,10.959573745727539,-2.8292088508605957,-3.419999837875366,37.36494445800781,0
1745923257.8198552,9.616819381713867,6.028087615966797,10.760071754455566,10.954435348510742,-2.835341453552246,-3.4117672443389893,37.359413146972656,0
1745923257.8323467,9.614978790283203,6.029737949371338,10.759531021118164,10.948143005371094,-2.8289458751678467,-3.4086737632751465,37.35239028930664,0
1745923257.847634,9.609231948852539,6.030553817749023,10.757855415344238,10.942493438720703,-2.821972370147705,-3.408445358276367,37.34013366699219,0
1745923257.8564029,9.602914810180664,6.030250072479248,10.762530326843262,10.930023193359375,-2.8056907653808594,-3.409101724624634,37.32571792602539,0
1745923257.8681953,9.592388153076172,6.026835918426514,10.759438514709473,10.92027473449707,-2.7973692417144775,-3.4121694564819336,37.29893493652344,0
1745923257.8811557,9.583112716674805,6.02495813369751,10.753366470336914,10.909788131713867,-2.7905750274658203,-3.411660671234131,37.27122497558594,0
1745923257.893397,9.577744483947754,6.020007610321045,10.747368812561035,10.888456344604492,-2.7815520763397217,-3.4055168628692627,37.23357391357422,0
1745923257.9056594,9.569000244140625,6.013406276702881,10.739099502563477,10.864856719970703,-2.771925210952759,-3.400508403778076,37.186363220214844,0
1745923257.9181023,9.537399291992188,6.0083417892456055,10.73179817199707,10.840370178222656,-2.7440569400787354,-3.409539222717285,37.1179084777832,0
1745923257.929766,9.518393516540527,6.003182888031006,10.724348068237305,10.816431045532227,-2.725250005722046,-3.4105570316314697,37.062355041503906,0
1745923257.949586,9.498628616333008,5.996790409088135,10.71792221069336,10.799047470092773,-2.710524559020996,-3.4164931774139404,37.01239013671875,0
1745923257.9557872,9.481614112854004,5.990397930145264,10.711179733276367,10.781627655029297,-2.6978774070739746,-3.4204607009887695,36.964820861816406,0
1745923257.9681556,9.470992088317871,5.979681015014648,10.703710556030273,10.761201858520508,-2.6917202472686768,-3.421292304992676,36.91558837890625,0
1745923257.9811904,9.456462860107422,5.976475715637207,10.691994667053223,10.74264907836914,-2.6814332008361816,-3.418607234954834,36.867584228515625,0
1745923257.9930017,9.442463874816895,5.971259117126465,10.683389663696289,10.730329513549805,-2.674855947494507,-3.4213593006134033,36.82744216918945,0
1745923258.0055127,9.431690216064453,5.967181205749512,10.677652359008789,10.719654083251953,-2.6682751178741455,-3.4233756065368652,36.79617691040039,0
1745923258.016539,9.42429256439209,5.966251850128174,10.674057960510254,10.70820426940918,-2.6590628623962402,-3.42171573638916,36.772804260253906,0
1745923258.0290408,9.415168762207031,5.963406562805176,10.672492980957031,10.700721740722656,-2.6512932777404785,-3.4253413677215576,36.75178909301758,0
1745923258.046412,9.406177520751953,5.960447311401367,10.66934585571289,10.705123901367188,-2.6532206535339355,-3.4338860511779785,36.74109649658203,0
1745923258.0548043,9.406424522399902,5.9624199867248535,10.671319961547852,10.713361740112305,-2.65578031539917,-3.437291383743286,36.75352478027344,0
1745923258.0661209,9.41583251953125,5.977879047393799,10.677839279174805,10.728288650512695,-2.654231548309326,-3.431013822555542,36.79983901977539,0
1745923258.0816135,9.430039405822754,5.988141059875488,10.690093994140625,10.754173278808594,-2.6630725860595703,-3.432973861694336,36.862449645996094,0
1745923258.0898144,9.449899673461914,5.997131824493408,10.721515655517578,10.780815124511719,-2.661423444747925,-3.4415016174316406,36.949363708496094,0
1745923258.102912,9.472585678100586,6.008721351623535,10.733530044555664,10.792926788330078,-2.665691614151001,-3.4303112030029297,37.00776290893555,0
1745923258.115713,9.480134963989258,6.010504245758057,10.731220245361328,10.800182342529297,-2.676260232925415,-3.4265003204345703,37.02204132080078,0
1745923258.1271865,9.48628044128418,6.012875556945801,10.738167762756348,10.802070617675781,-2.674034357070923,-3.425075054168701,37.03939437866211,0
1745923258.1408384,9.491666793823242,6.019495487213135,10.74792766571045,10.79829216003418,-2.6615748405456543,-3.41999888420105,37.05738067626953,0
1745923258.152331,9.488802909851074,6.019779682159424,10.75485610961914,10.800201416015625,-2.654956579208374,-3.4258902072906494,37.06364059448242,0
1745923258.1654804,9.485426902770996,6.026721954345703,10.762921333312988,10.811744689941406,-2.6481337547302246,-3.432833194732666,37.086814880371094,0
1745923258.1805003,9.48794937133789,6.033607482910156,10.771749496459961,10.830184936523438,-2.649475336074829,-3.4395453929901123,37.12348937988281,0
1745923258.1908102,9.494967460632324,6.044210910797119,10.784043312072754,10.858528137207031,-2.654710054397583,-3.4471540451049805,37.1817512512207,0
1745923258.2012513,9.529945373535156,6.056673049926758,10.7982177734375,10.890836715698242,-2.6785552501678467,-3.437930107116699,37.275672912597656,0
1745923258.2151847,9.554451942443848,6.064658164978027,10.811796188354492,10.933935165405273,-2.7066664695739746,-3.4433186054229736,37.36484146118164,0
1745923258.2260742,9.588632583618164,6.074901103973389,10.826360702514648,11.00002670288086,-2.7539966106414795,-3.4521255493164062,37.48992156982422,0
1745923258.2390006,9.639314651489258,6.089620590209961,10.848487854003906,11.089359283447266,-2.8177568912506104,-3.461595296859741,37.66678237915039,0
1745923258.251812,9.702763557434082,6.113102912902832,10.885385513305664,11.177217483520508,-2.8692233562469482,-3.46321964263916,37.87847137451172,0
1745923258.2665617,9.768184661865234,6.143565654754639,10.928020477294922,11.252662658691406,-2.9029202461242676,-3.456003189086914,38.09243392944336,0
1745923258.281539,9.827232360839844,6.19589900970459,10.968717575073242,11.306303024291992,-2.901700019836426,-3.428093433380127,38.298152923583984,0
1745923258.2877908,9.873628616333008,6.212799549102783,11.00345516204834,11.330677032470703,-2.9063973426818848,-3.4148855209350586,38.42055892944336,0
1745923258.3004787,9.897661209106445,6.220766067504883,11.027984619140625,11.31985092163086,-2.8889036178588867,-3.40083909034729,38.46626281738281,0
1745923258.3136325,9.8984956741333,6.2190399169921875,11.037800788879395,11.295003890991211,-2.8667235374450684,-3.394526481628418,38.450340270996094,0
1745923258.32504,9.880096435546875,6.211870193481445,11.037633895874023,11.25986099243164,-2.8375675678253174,-3.3945798873901367,38.389461517333984,0
1745923258.337866,9.851739883422852,6.2017412185668945,11.021987915039062,11.218992233276367,-2.812837600708008,-3.393113374710083,38.294464111328125,0
1745923258.3494847,9.786640167236328,6.190587997436523,11.007086753845215,11.18143081665039,-2.766122341156006,-3.4176483154296875,38.16574478149414,0
1745923258.3619475,9.756728172302246,6.1769118309021,10.987027168273926,11.149007797241211,-2.7520673274993896,-3.4213671684265137,38.069671630859375,0
1745923258.3752625,9.730154037475586,6.148118019104004,10.9639310836792,11.12059211730957,-2.7575292587280273,-3.433130979537964,37.96279525756836,0
1745923258.3868618,9.710521697998047,6.134138584136963,10.939531326293945,11.100543975830078,-2.762249708175659,-3.434199333190918,37.884735107421875,0
1745923258.3993115,9.700373649597168,6.124825477600098,10.919098854064941,11.083728790283203,-2.7684502601623535,-3.4294726848602295,37.828025817871094,0
1745923258.4130785,9.691173553466797,6.114355087280273,10.901739120483398,11.060733795166016,-2.769613742828369,-3.4234225749969482,37.768001556396484,0
1745923258.4242113,9.677175521850586,6.100944519042969,10.884286880493164,11.027101516723633,-2.762924909591675,-3.417360544204712,37.68950653076172,0
1745923258.4358826,9.657297134399414,6.087514877319336,10.86290454864502,10.981075286865234,-2.747166395187378,-3.4074654579162598,37.58879089355469,0
1745923258.449015,9.630362510681152,6.074464797973633,10.839827537536621,10.921142578125,-2.718266248703003,-3.3945364952087402,37.465797424316406,0
1745923258.462596,9.590794563293457,6.056938171386719,10.812856674194336,10.84305191040039,-2.6751656532287598,-3.382288932800293,37.30364227294922,0
1745923258.4803233,9.540870666503906,6.009176731109619,10.77933120727539,10.752435684204102,-2.646428346633911,-3.387539863586426,37.08181381225586,0
1745923258.4850688,9.415851593017578,5.985219955444336,10.742973327636719,10.662952423095703,-2.5488929748535156,-3.4260313510894775,36.80699920654297,0
1745923258.4985309,9.355836868286133,5.957545280456543,10.701586723327637,10.590700149536133,-2.5145652294158936,-3.4299874305725098,36.60566711425781,0
1745923258.5144453,9.305988311767578,5.934024810791016,10.661802291870117,10.522247314453125,-2.484825372695923,-3.4269859790802,36.42406463623047,0
1745923258.525835,9.261072158813477,5.912742614746094,10.623321533203125,10.474235534667969,-2.469683885574341,-3.4296634197235107,36.27136993408203,0
1745923258.535039,9.227858543395996,5.892199993133545,10.58646011352539,10.494773864746094,-2.5090603828430176,-3.458017349243164,36.2012939453125,0
1745923258.5471609,9.238177299499512,5.890246391296387,10.566904067993164,10.611673355102539,-2.6164541244506836,-3.4994142055511475,36.30699920654297,0
1745923258.5601368,9.318620681762695,5.917617321014404,10.586776733398438,10.797460556030273,-2.7614941596984863,-3.5255680084228516,36.62047576904297,0
1745923258.572199,9.454451560974121,6.042826175689697,10.739788055419922,11.001293182373047,-2.7618751525878906,-3.52109694480896,37.23835754394531,0
1745923258.5838294,9.612133979797363,6.1139373779296875,10.835151672363281,11.189140319824219,-2.857221841812134,-3.5036122798919678,37.750362396240234,0
1745923258.597159,9.765946388244629,6.175071716308594,10.923419952392578,11.330904006958008,-2.9310922622680664,-3.4710886478424072,38.195343017578125,0
1745923258.612619,9.894701957702637,6.223231792449951,10.990472793579102,11.405498504638672,-2.9709243774414062,-3.4231481552124023,38.5139045715332,0
1745923258.6218338,9.979926109313965,6.251152992248535,11.03621768951416,11.41099739074707,-2.970644474029541,-3.374990940093994,38.67829132080078,0
1745923258.6327758,9.982183456420898,6.255743503570557,11.057655334472656,11.359018325805664,-2.917595624923706,-3.356746196746826,38.65460205078125,0
1745923258.6475308,9.923040390014648,6.2445902824401855,11.05484390258789,11.254098892211914,-2.8218657970428467,-3.3518457412719727,38.4765739440918,0
1745923258.6579463,9.828180313110352,6.220386981964111,11.025023460388184,11.11635971069336,-2.7121171951293945,-3.3503360748291016,38.18994903564453,0
1745923258.672116,9.711849212646484,6.126987457275391,10.970431327819824,10.965770721435547,-2.653752565383911,-3.3896639347076416,37.77503967285156,0
1745923258.683913,9.593184471130371,6.067427635192871,10.898945808410645,10.822023391723633,-2.5832862854003906,-3.4045512676239014,37.38158416748047,0
1745923258.6952536,9.479452133178711,6.0118889808654785,10.820716857910156,10.697416305541992,-2.5301456451416016,-3.41973614692688,37.00947570800781,0
1745923258.714462,9.378009796142578,5.963918685913086,10.747014999389648,10.605249404907227,-2.496992349624634,-3.4397010803222656,36.694190979003906,0
1745923258.7236834,9.303882598876953,5.925185680389404,10.682197570800781,10.55927848815918,-2.4995999336242676,-3.461987257003784,36.470542907714844,0
1745923258.731967,9.258663177490234,5.896903991699219,10.632932662963867,10.554159164428711,-2.529358148574829,-3.485215902328491,36.34265899658203,0
1745923258.7479904,9.240870475769043,5.88019323348999,10.59705924987793,10.583162307739258,-2.5814461708068848,-3.505173921585083,36.30128479003906,0
1745923258.7568452,9.250164985656738,5.86697244644165,10.57236099243164,10.632740020751953,-2.654571771621704,-3.519805669784546,36.32223892211914,0
1745923258.7697556,9.328408241271973,5.868566036224365,10.562005043029785,10.685096740722656,-2.7527692317962646,-3.486236333847046,36.44407653808594,0
1745923258.783037,9.374842643737793,5.875716686248779,10.55868911743164,10.729801177978516,-2.812516689300537,-3.470165967941284,36.53904724121094,0
1745923258.794972,9.416705131530762,5.883872985839844,10.557013511657715,10.76976203918457,-2.863330125808716,-3.455071449279785,36.62735366821289,0
1745923258.8067868,9.452327728271484,5.887420177459717,10.559062004089355,10.792850494384766,-2.8988466262817383,-3.4409854412078857,36.6916618347168,0
1745923258.8189292,9.472281455993652,5.893433094024658,10.562824249267578,10.806737899780273,-2.913747549057007,-3.4321448802948,36.73527526855469,0
1745923258.8319767,9.480855941772461,5.895196914672852,10.566140174865723,10.810422897338867,-2.917842388153076,-3.428619146347046,36.75261688232422,0
1745923258.8459969,9.488044738769531,5.900394439697266,10.576570510864258,10.79115104675293,-2.8964524269104004,-3.4161601066589355,36.756160736083984,0
1745923258.8556082,9.482847213745117,5.905951976776123,10.583852767944336,10.752227783203125,-2.8554906845092773,-3.400770902633667,36.72488021850586,0
1745923258.8687093,9.456424713134766,5.911604404449463,10.591378211975098,10.705123901367188,-2.7939765453338623,-3.3955957889556885,36.66453170776367,0
1745923258.8813045,9.418051719665527,5.910333633422852,10.599908828735352,10.664331436157227,-2.733335018157959,-3.4065046310424805,36.592628479003906,0
1745923258.8928466,9.381803512573242,5.91754150390625,10.613765716552734,10.621837615966797,-2.6611599922180176,-3.412114381790161,36.534950256347656,0
1745923258.905235,9.349690437316895,5.920557498931885,10.626058578491211,10.571012496948242,-2.5906612873077393,-3.413008689880371,36.46731948852539,0
1745923258.9183707,9.266799926757812,5.918470859527588,10.629448890686035,10.526988983154297,-2.500826835632324,-3.4504294395446777,36.34170913696289,0
1745923258.9320216,9.228901863098145,5.919874668121338,10.632038116455078,10.494962692260742,-2.448319435119629,-3.4607856273651123,36.275779724121094,0
1745923258.947411,9.20099925994873,5.922302722930908,10.644721984863281,10.483871459960938,-2.408142328262329,-3.478745460510254,36.251895904541016,0
1745923258.9548979,9.189144134521484,5.927443027496338,10.662435531616211,10.489049911499023,-2.3842692375183105,-3.4943370819091797,36.26807403564453,0
1745923258.9693272,9.188821792602539,5.951001167297363,10.683073043823242,10.520092010498047,-2.3689708709716797,-3.5035696029663086,36.342987060546875,0
1745923258.9814305,9.20265007019043,5.973213195800781,10.713488578796387,10.564834594726562,-2.366309881210327,-3.5154173374176025,36.454185485839844,0
1745923258.9923074,9.233965873718262,5.993793487548828,10.74887752532959,10.604190826416016,-2.3693723678588867,-3.516364097595215,36.58082580566406,0
1745923259.00448,9.26528263092041,6.012666702270508,10.781938552856445,10.635744094848633,-2.370304584503174,-3.5136170387268066,36.69563293457031,0
1745923259.0162845,9.287740707397461,6.028069019317627,10.812484741210938,10.660249710083008,-2.3650906085968018,-3.514556646347046,36.788543701171875,0
1745923259.0287175,9.30274486541748,6.039373874664307,10.836343765258789,10.683490753173828,-2.3627219200134277,-3.519401788711548,36.86195373535156,0
1745923259.0462353,9.31689453125,6.048592567443848,10.853517532348633,10.711189270019531,-2.370072364807129,-3.5251266956329346,36.93019485473633,0
1745923259.0543187,9.333017349243164,6.056046962738037,10.881251335144043,10.74272346496582,-2.3742012977600098,-3.5374855995178223,37.013038635253906,0
1745923259.0661452,9.3651123046875,6.06960916519165,10.896151542663574,10.769685745239258,-2.3916900157928467,-3.5269935131073,37.100555419921875,0
1745923259.0843098,9.384079933166504,6.0788655281066895,10.912542343139648,10.79494857788086,-2.4011921882629395,-3.5279502868652344,37.17043685913086,0
1745923259.0908937,9.402820587158203,6.084840297698975,10.924983978271484,10.825746536254883,-2.4202115535736084,-3.5319583415985107,37.2383918762207,0
1745923259.1030765,9.422528266906738,6.09168815612793,10.935060501098633,10.867179870605469,-2.4483258724212646,-3.5386130809783936,37.31645584106445,0
1745923259.117237,9.449197769165039,6.099882125854492,10.948286056518555,10.92431640625,-2.488121271133423,-3.548583507537842,37.42168426513672,0
1745923259.1278703,9.490396499633789,6.113368511199951,10.969314575195312,10.9908447265625,-2.533271312713623,-3.5535225868225098,37.563926696777344,0
1745923259.1405127,9.539865493774414,6.1340436935424805,10.996711730957031,11.045391082763672,-2.564587354660034,-3.5457637310028076,37.71601104736328,0
1745923259.1524653,9.583245277404785,6.152291297912598,11.025358200073242,11.078060150146484,-2.5778279304504395,-3.5340700149536133,37.83895492553711,0
1745923259.1652405,9.612607955932617,6.1768927574157715,11.04536247253418,11.083105087280273,-2.5649266242980957,-3.5106914043426514,37.91796875,0
1745923259.1849718,9.627725601196289,6.18036413192749,11.055551528930664,11.070314407348633,-2.5554800033569336,-3.497481107711792,37.933956146240234,0
1745923259.191254,9.626872062683105,6.18025016784668,11.058587074279785,11.046695709228516,-2.536701202392578,-3.488603353500366,37.91240692138672,0
1745923259.2018838,9.59703540802002,6.176702976226807,11.054899215698242,11.014007568359375,-2.5004682540893555,-3.4933745861053467,37.84264373779297,0
1745923259.2145548,9.572736740112305,6.171486854553223,11.047393798828125,10.978448867797852,-2.4703311920166016,-3.492554187774658,37.77006530761719,0
1745923259.2265012,9.544000625610352,6.163330554962158,11.039999008178711,10.923240661621094,-2.4260194301605225,-3.4874463081359863,37.670570373535156,0
1745923259.2390378,9.499046325683594,6.153087615966797,11.031318664550781,10.85057258605957,-2.3612163066864014,-3.485501289367676,37.534027099609375,0
1745923259.2505643,9.441629409790039,6.134574890136719,11.012097358703613,10.781721115112305,-2.305243968963623,-3.493974447250366,37.370025634765625,0
1745923259.263293,9.385351181030273,6.114260196685791,10.986505508422852,10.726909637451172,-2.2659237384796143,-3.5065646171569824,37.21302795410156,0
1745923259.2800891,9.340434074401855,6.066384315490723,10.95962905883789,10.687173843383789,-2.2681901454925537,-3.5364878177642822,37.053619384765625,0
1745923259.2885487,9.30545711517334,6.047644138336182,10.928430557250977,10.652484893798828,-2.260580539703369,-3.541019916534424,36.934017181396484,0
1745923259.3005207,9.279376029968262,6.034745693206787,10.876985549926758,10.629470825195312,-2.279139995574951,-3.5316944122314453,36.820579528808594,0
1745923259.31741,9.261375427246094,6.025716781616211,10.859533309936523,10.616907119750977,-2.2795660495758057,-3.535468101501465,36.76353454589844,0
1745923259.3247173,9.251625061035156,6.020538330078125,10.848134994506836,10.60893440246582,-2.2808210849761963,-3.5362300872802734,36.72923278808594,0
1745923259.3370075,9.246522903442383,6.016745090484619,10.8367919921875,10.597274780273438,-2.2815637588500977,-3.53123140335083,36.69733428955078,0
1745923259.3498607,9.235597610473633,6.013103008270264,10.832340240478516,10.591058731079102,-2.2762250900268555,-3.535893678665161,36.67210006713867,0
1745923259.362388,9.23603343963623,6.013710021972656,10.832991600036621,10.602527618408203,-2.283534526824951,-3.5409669876098633,36.685264587402344,0
1745923259.3796122,9.24528980255127,6.028334617614746,10.84597396850586,10.62384033203125,-2.282174825668335,-3.5413119792938232,36.743438720703125,0
1745923259.3899498,9.262683868408203,6.04445743560791,10.870782852172852,10.64777946472168,-2.2773826122283936,-3.542086601257324,36.825706481933594,0
1745923259.3993971,9.279508590698242,6.063994407653809,10.898275375366211,10.663841247558594,-2.2617223262786865,-3.5385096073150635,36.90562057495117,0
1745923259.4143462,9.290510177612305,6.074180603027344,10.922470092773438,10.671907424926758,-2.246849536895752,-3.5396838188171387,36.959068298339844,0
1745923259.4246058,9.295232772827148,6.0824503898620605,10.94021987915039,10.678142547607422,-2.2332041263580322,-3.5423853397369385,36.99604797363281,0
1745923259.4388094,9.298078536987305,6.091346740722656,10.957002639770508,10.684774398803711,-2.218834161758423,-3.5456416606903076,37.03120422363281,0
1745923259.4490817,9.295802116394043,6.100185871124268,10.976932525634766,10.69027328491211,-2.1976206302642822,-3.5532708168029785,37.063194274902344,0
1745923259.4607408,9.293014526367188,6.109100818634033,10.996805191040039,10.698680877685547,-2.1780953407287598,-3.5625157356262207,37.09760284423828,0
1745923259.4732347,9.291003227233887,6.129244804382324,11.018523216247559,10.701440811157227,-2.1445999145507812,-3.5620155334472656,37.14021301269531,0
1745923259.4875512,9.287209510803223,6.132564544677734,11.037726402282715,10.702234268188477,-2.124242067337036,-3.5717127323150635,37.15973663330078,0
1745923259.4980557,9.286413192749023,6.137515068054199,11.049311637878418,10.708978652954102,-2.1149845123291016,-3.577558755874634,37.182220458984375,0
1745923259.5135264,9.291799545288086,6.146126747131348,11.060785293579102,10.72365951538086,-2.1126890182495117,-3.580559015274048,37.22237014770508,0
1745923259.5229902,9.30264949798584,6.15291690826416,11.07380485534668,10.751981735229492,-2.1238880157470703,-3.588244676589966,37.28135299682617,0
1745923259.5344563,9.321332931518555,6.160769939422607,11.098930358886719,10.787332534790039,-2.1347203254699707,-3.5989625453948975,37.36836624145508,0
1745923259.5481002,9.346048355102539,6.16996955871582,11.117780685424805,10.824895858764648,-2.155158519744873,-3.6028974056243896,37.45869445800781,0
1745923259.560525,9.368791580200195,6.181483268737793,11.139869689941406,10.861513137817383,-2.1690287590026855,-3.6076507568359375,37.551658630371094,0
1745923259.572379,9.395195007324219,6.211528778076172,11.162463188171387,10.895503997802734,-2.1682846546173096,-3.59689998626709,37.66469192504883,0
1745923259.5856094,9.420195579528809,6.221941947937012,11.18576431274414,10.925128936767578,-2.178720712661743,-3.598224639892578,37.753028869628906,0
1745923259.6127043,9.439713478088379,6.232260704040527,11.206531524658203,10.949653625488281,-2.1839828491210938,-3.5996577739715576,37.82815933227539,0
1745923259.6242218,9.455134391784668,6.244495391845703,11.224729537963867,10.971231460571289,-2.184948682785034,-3.5999691486358643,37.895591735839844,0
1745923259.6252344,9.469436645507812,6.2569193840026855,11.24633502960205,10.988481521606445,-2.1793477535247803,-3.6004598140716553,37.96117401123047,0
1745923259.6342688,9.487076759338379,6.268167495727539,11.271200180053711,10.996152877807617,-2.167872905731201,-3.5966579914093018,38.02259826660156,0
1745923259.6456277,9.493165969848633,6.278277397155762,11.288690567016602,10.997419357299805,-2.150987148284912,-3.5947659015655518,38.05755615234375,0
1745923259.6585596,9.494721412658691,6.290322303771973,11.302734375,10.994831085205078,-2.1296303272247314,-3.5912179946899414,38.082611083984375,0
1745923259.6723044,9.491838455200195,6.300602912902832,11.315138816833496,10.992866516113281,-2.1083996295928955,-3.591214179992676,38.10044860839844,0
1745923259.6824653,9.488860130310059,6.308209419250488,11.32381820678711,10.989294052124023,-2.0910825729370117,-3.590559720993042,38.11018371582031,0
1745923259.6954923,9.484231948852539,6.314772129058838,11.33655834197998,10.983419418334961,-2.0687062740325928,-3.5924477577209473,38.118980407714844,0
1745923259.7137535,9.477764129638672,6.31757926940918,11.345256805419922,10.973745346069336,-2.048647403717041,-3.5943639278411865,38.11434555053711,0
1745923259.7200882,9.472016334533691,6.322928428649902,11.353936195373535,10.962711334228516,-2.0261588096618652,-3.593545436859131,38.11159133911133,0
1745923259.731806,9.466989517211914,6.325868606567383,11.358686447143555,10.942304611206055,-2.002756357192993,-3.5877389907836914,38.093849182128906,0
1745923259.7475712,9.456083297729492,6.325868606567383,11.363658905029297,10.915966033935547,-1.9733973741531372,-3.585010051727295,38.06157684326172,0
1745923259.758001,9.439125061035156,6.327234268188477,11.367905616760254,10.893632888793945,-1.942081332206726,-3.586808204650879,38.02790069580078,0
1745923259.7697186,9.398780822753906,6.319533348083496,11.367961883544922,10.871187210083008,-1.9050062894821167,-3.6076574325561523,37.95746612548828,0
1745923259.7824912,9.380855560302734,6.316422462463379,11.364888191223145,10.849174499511719,-1.8823957443237305,-3.609802722930908,37.911338806152344,0
1745923259.7946362,9.367843627929688,6.313121795654297,11.355929374694824,10.838857650756836,-1.8759803771972656,-3.611551284790039,37.875755310058594,0
1745923259.8066187,9.359421730041504,6.3087592124938965,11.349466323852539,10.836118698120117,-1.8768231868743896,-3.6156373023986816,37.85376739501953,0
1745923259.8191466,9.36080551147461,6.304093360900879,11.34173583984375,10.837308883666992,-1.8883872032165527,-3.6147680282592773,37.84394073486328,0
1745923259.8311741,9.365301132202148,6.301949977874756,11.335962295532227,10.838706970214844,-1.8987058401107788,-3.61122727394104,37.8419189453125,0
1745923259.8481896,9.37051773071289,6.300071716308594,11.330915451049805,10.834531784057617,-1.9048967361450195,-3.6048176288604736,37.836036682128906,0
1745923259.8573658,9.373666763305664,6.296411037445068,11.324954986572266,10.832679748535156,-1.913397192955017,-3.601557493209839,37.82771301269531,0
1745923259.8684168,9.373059272766113,6.294438362121582,11.317747116088867,10.835968017578125,-1.9225062131881714,-3.601433038711548,37.82121276855469,0
1745923259.8824484,9.37476634979248,6.288349628448486,11.308488845825195,10.844865798950195,-1.9419636726379395,-3.6041176319122314,37.816471099853516,0
1745923259.8971822,9.378996849060059,6.28355073928833,11.299269676208496,10.860794067382812,-1.9669500589370728,-3.6075732707977295,37.82261276245117,0
1745923259.9054072,9.392008781433105,6.279984474182129,11.291391372680664,10.883977890014648,-2.0009069442749023,-3.6084654331207275,37.84736251831055,0
1745923259.918376,9.42658805847168,6.281426429748535,11.28490924835205,10.904193878173828,-2.042490243911743,-3.5913772583007812,37.897117614746094,0
1745923259.9307442,9.44703483581543,6.282374858856201,11.282208442687988,10.925073623657227,-2.072155475616455,-3.5858511924743652,37.93669128417969,0
1745923259.9467986,9.459915161132812,6.282260894775391,11.284126281738281,10.940113067626953,-2.0897929668426514,-3.5853614807128906,37.96641540527344,0
1745923259.9559762,9.471959114074707,6.281027793884277,11.282059669494629,10.951393127441406,-2.1083152294158936,-3.582587957382202,37.9864387512207,0
1745923259.9668689,9.481405258178711,6.279453754425049,11.277198791503906,10.96238899230957,-2.127342939376831,-3.580308437347412,38.00044631958008,0
1745923259.9820402,9.488309860229492,6.275394439697266,11.273640632629395,10.969947814941406,-2.1432271003723145,-3.580300807952881,38.007293701171875,0
1745923259.9925668,9.496541976928711,6.273800849914551,11.269393920898438,10.974613189697266,-2.156630754470825,-3.5762007236480713,38.01435089111328,0
1745923260.0044932,9.501814842224121,6.2725300788879395,11.26643180847168,10.974349975585938,-2.1633946895599365,-3.5721347332000732,38.01512908935547,0
1745923260.0171437,9.501947402954102,6.272378444671631,11.263712882995605,10.966093063354492,-2.160148859024048,-3.5671133995056152,38.00413513183594,0
1745923260.0289044,9.497414588928223,6.273782253265381,11.265854835510254,10.95197868347168,-2.144650936126709,-3.5636446475982666,37.98902893066406,0
1745923260.0481534,9.487418174743652,6.272681713104248,11.26607894897461,10.941642761230469,-2.131500244140625,-3.5661797523498535,37.96781921386719,0
1745923260.054321,9.475202560424805,6.2692484855651855,11.2630615234375,10.94332504272461,-2.129441261291504,-3.575695514678955,37.950836181640625,0
1745923260.0664434,9.47510814666748,6.269381523132324,11.26427173614502,10.958780288696289,-2.1388416290283203,-3.5833189487457275,37.96754455566406,0
1745923260.0838654,9.485179901123047,6.277860164642334,11.273826599121094,10.974197387695312,-2.1418848037719727,-3.582763671875,38.01106262207031,0
1745923260.0911255,9.494284629821777,6.283835411071777,11.288280487060547,10.98508071899414,-2.1392855644226074,-3.5846190452575684,38.051483154296875,0
1745923260.10275,9.499216079711914,6.2883687019348145,11.302398681640625,10.990863800048828,-2.1318001747131348,-3.5876102447509766,38.080848693847656,0
1745923260.1199636,9.499861717224121,6.2966766357421875,11.311861038208008,10.988653182983398,-2.1166815757751465,-3.585145950317383,38.09705352783203,0
1745923260.1267533,9.503124237060547,6.304927825927734,11.322440147399902,10.979961395263672,-2.098113775253296,-3.5785813331604004,38.11045455932617,0
1745923260.1399603,9.496807098388672,6.305932998657227,11.326780319213867,10.964183807373047,-2.0788676738739014,-3.576777696609497,38.09370422363281,0
1745923260.1520026,9.484535217285156,6.3037896156311035,11.325383186340332,10.941492080688477,-2.0578505992889404,-3.575059175491333,38.055198669433594,0
1745923260.1655254,9.472206115722656,6.304776191711426,11.326481819152832,10.921104431152344,-2.033881664276123,-3.573549270629883,38.024566650390625,0
1745923260.1799667,9.454508781433105,6.304794788360596,11.32975959777832,10.905895233154297,-2.008788585662842,-3.5795111656188965,37.994956970214844,0
1745923260.1902225,9.436564445495605,6.309631824493408,11.335199356079102,10.894729614257812,-1.9807443618774414,-3.585367441177368,37.97612762451172,0
1745923260.202942,9.414485931396484,6.311319828033447,11.342779159545898,10.892084121704102,-1.9564777612686157,-3.6008377075195312,37.960670471191406,0
1745923260.2163756,9.411014556884766,6.3130083084106445,11.350826263427734,10.896976470947266,-1.9497721195220947,-3.607921838760376,37.971824645996094,0
1745923260.2272317,9.412550926208496,6.32243537902832,11.364776611328125,10.901493072509766,-1.9354971647262573,-3.60927414894104,38.00125503540039,0
1745923260.2387993,9.4144287109375,6.333190441131592,11.381223678588867,10.902872085571289,-1.9163167476654053,-3.609250783920288,38.031715393066406,0
1745923260.2521174,9.414485931396484,6.340587615966797,11.41378116607666,10.899980545043945,-1.8829776048660278,-3.6179850101470947,38.06883239746094,0
1745923260.2640395,9.407828330993652,6.34849739074707,11.426837921142578,10.888607025146484,-1.8541514873504639,-3.617943286895752,38.07176971435547,0
1745923260.2819893,9.397907257080078,6.35452938079834,11.436895370483398,10.878536224365234,-1.8278027772903442,-3.6204521656036377,38.067867279052734,0
1745923260.2873552,9.388139724731445,6.356084823608398,11.44147777557373,10.87116813659668,-1.8112075328826904,-3.6244924068450928,38.05686950683594,0
1745923260.300845,9.378996849060059,6.355477809906006,11.448797225952148,10.866613388061523,-1.796519160270691,-3.6320650577545166,38.04988479614258,0
1745923260.3162882,9.369948387145996,6.362648010253906,11.463102340698242,10.861948013305664,-1.7702635526657104,-3.6376795768737793,38.057647705078125,0
1745923260.3261983,9.363480567932129,6.374085426330566,11.480293273925781,10.859207153320312,-1.7415379285812378,-3.6410531997680664,38.077064514160156,0
1745923260.337367,9.357732772827148,6.382791996002197,11.499329566955566,10.858394622802734,-1.7153584957122803,-3.6474428176879883,38.09824752807617,0
1745923260.3495808,9.35253620147705,6.388577461242676,11.517358779907227,10.859434127807617,-1.6939271688461304,-3.655742883682251,38.11790466308594,0
1745923260.362646,9.348742485046387,6.398061275482178,11.528348922729492,10.858055114746094,-1.674416184425354,-3.656435489654541,38.133209228515625,0
1745923260.3801336,9.344701766967773,6.409992218017578,11.539039611816406,10.848608016967773,-1.6475071907043457,-3.651900291442871,38.14234161376953,0
1745923260.3879168,9.339125633239746,6.415132522583008,11.55263614654541,10.839387893676758,-1.622721791267395,-3.654172658920288,38.14628219604492,0
1745923260.3989305,9.32829475402832,6.419116020202637,11.565264701843262,10.82398796081543,-1.5916770696640015,-3.6573376655578613,38.13666534423828,0
1745923260.4160478,9.313992500305176,6.423839092254639,11.575583457946777,10.807870864868164,-1.558929204940796,-3.660896062850952,38.12128448486328,0
1745923260.4234235,9.301492691040039,6.427955150604248,11.584449768066406,10.793983459472656,-1.530549168586731,-3.664036989212036,38.107879638671875,0
1745923260.4369526,9.290168762207031,6.431426048278809,11.592439651489258,10.783403396606445,-1.5064480304718018,-3.667942762374878,38.097434997558594,0
1745923260.4493926,9.279830932617188,6.432412624359131,11.599275588989258,10.774032592773438,-1.486676573753357,-3.6728453636169434,38.08555221557617,0
1745923260.4628778,9.269113540649414,6.433209419250488,11.604955673217773,10.76596450805664,-1.4685782194137573,-3.6781880855560303,38.0732421875,0
1745923260.4734516,9.262645721435547,6.439146041870117,11.612052917480469,10.752096176147461,-1.4443148374557495,-3.6754512786865234,38.065940856933594,0
1745923260.4863126,9.254281044006348,6.4408721923828125,11.619297981262207,10.7364501953125,-1.4206156730651855,-3.6759305000305176,38.0509033203125,0
1745923260.4993448,9.233036994934082,6.443546772003174,11.622930526733398,10.719881057739258,-1.3893009424209595,-3.682088613510132,38.01939392089844,0
1745923260.5146563,9.219854354858398,6.438899517059326,11.621048927307129,10.707088470458984,-1.376155138015747,-3.6869826316833496,37.98689270019531,0
1745923260.5241477,9.206083297729492,6.438198089599609,11.621942520141602,10.69601821899414,-1.3585842847824097,-3.6917543411254883,37.962242126464844,0
1745923260.536255,9.199387550354004,6.434878349304199,11.622016906738281,10.685890197753906,-1.3492810726165771,-3.693686008453369,37.94217300415039,0
1745923260.546849,9.194872856140137,6.433740139007568,11.620173454284668,10.677841186523438,-1.3427624702453613,-3.6928532123565674,37.92662811279297,0
1745923260.5596194,9.18726634979248,6.432868003845215,11.615238189697266,10.667940139770508,-1.3349428176879883,-3.691601514816284,37.90331268310547,0
1745923260.571928,9.178446769714355,6.428903579711914,11.609371185302734,10.659154891967773,-1.3301639556884766,-3.693239688873291,37.875877380371094,0
1745923260.584911,9.17250919342041,6.425641059875488,11.60586929321289,10.656471252441406,-1.3293321132659912,-3.6964128017425537,37.86048889160156,0
1745923260.5961628,9.170555114746094,6.426153182983398,11.605049133300781,10.657415390014648,-1.3288592100143433,-3.6974101066589355,37.85917282104492,0
1745923260.6147528,9.170328140258789,6.42602014541626,11.606409072875977,10.659456253051758,-1.3291869163513184,-3.6991991996765137,37.862213134765625,0
1745923260.622242,9.172622680664062,6.42753791809082,11.610841751098633,10.659570693969727,-1.3262746334075928,-3.698789596557617,37.870574951171875,0
1745923260.633431,9.179755210876465,6.428637981414795,11.612295150756836,10.663595199584961,-1.3321524858474731,-3.6959242820739746,37.88428497314453,0
1745923260.6472552,9.180171966552734,6.4311418533325195,11.612481117248535,10.665861129760742,-1.3319593667984009,-3.695141077041626,37.88965606689453,0
1745923260.6580045,9.181556701660156,6.431767463684082,11.610525131225586,10.665143966674805,-1.3334585428237915,-3.6926090717315674,37.88899230957031,0
1745923260.6727924,9.181538581848145,6.425982475280762,11.609109878540039,10.666107177734375,-1.3396997451782227,-3.6961851119995117,37.88273620605469,0
1745923260.685601,9.18007755279541,6.425204753875732,11.60888671875,10.661781311035156,-1.3364007472991943,-3.6955668926239014,37.87594985961914,0
1745923260.695109,9.176264762878418,6.4249773025512695,11.608867645263672,10.652542114257812,-1.3274027109146118,-3.6939706802368164,37.86265182495117,0
1745923260.713402,9.171902656555176,6.42074728012085,11.605682373046875,10.643302917480469,-1.3235602378845215,-3.6938955783843994,37.841636657714844,0
1745923260.7199621,9.165529251098633,6.41562557220459,11.59638786315918,10.636255264282227,-1.3252733945846558,-3.693922996520996,37.81379699707031,0
1745923260.7339973,9.160350799560547,6.411054611206055,11.579773902893066,10.636348724365234,-1.3381229639053345,-3.6927273273468018,37.78752899169922,0
1745923260.7488592,9.161242485046387,6.409157752990723,11.576906204223633,10.643661499023438,-1.3476108312606812,-3.695420503616333,37.79096984863281,0
1745923260.7571337,9.164409637451172,6.406881332397461,11.575080871582031,10.65342903137207,-1.3599156141281128,-3.698474645614624,37.799800872802734,0
1745923260.7705233,9.169455528259277,6.409271240234375,11.576309204101562,10.663253784179688,-1.3675825595855713,-3.6986749172210693,37.81829071044922,0
1745923260.781624,9.183643341064453,6.407127857208252,11.575937271118164,10.669885635375977,-1.3841891288757324,-3.6936752796173096,37.83659362792969,0
1745923260.7943182,9.187987327575684,6.403011798858643,11.566884994506836,10.67498779296875,-1.4010629653930664,-3.6917190551757812,37.83287048339844,0
1745923260.8070946,9.193449974060059,6.399237155914307,11.558205604553223,10.678653717041016,-1.417159914970398,-3.6883230209350586,37.82954788208008,0
1745923260.8199503,9.195271492004395,6.394267559051514,11.553251266479492,10.680580139160156,-1.4275109767913818,-3.688992977142334,37.82337188720703,0
1745923260.8331428,9.197433471679688,6.391175746917725,11.549245834350586,10.686059951782227,-1.4384020566940308,-3.690274477005005,37.82391357421875,0
1745923260.847185,9.20202350616455,6.389601707458496,11.544515609741211,10.697433471679688,-1.4545153379440308,-3.6913459300994873,37.83357238769531,0
1745923260.8556993,9.207372665405273,6.392636299133301,11.54662036895752,10.708072662353516,-1.4617280960083008,-3.6917037963867188,37.85470199584961,0
1745923260.8682084,9.212911605834961,6.398573398590088,11.554611206054688,10.715459823608398,-1.4599518775939941,-3.691250801086426,37.881553649902344,0
1745923260.881969,9.221731185913086,6.3977766036987305,11.555206298828125,10.722204208374023,-1.471007227897644,-3.689375400543213,37.89691925048828,0
1745923260.8930266,9.230077743530273,6.396278381347656,11.549972534179688,10.720939636230469,-1.4812006950378418,-3.681945323944092,37.89727020263672,0
1745923260.9071827,9.231443405151367,6.391896724700928,11.546396255493164,10.708732604980469,-1.4798040390014648,-3.67669415473938,37.87847137451172,0
1745923260.9205387,9.219550132751465,6.387078762054443,11.539728164672852,10.692880630493164,-1.469306230545044,-3.6772830486297607,37.839237213134766,0
1745923260.9309347,9.206424713134766,6.377917289733887,11.532520294189453,10.669092178344727,-1.456154465675354,-3.6776275634765625,37.78595733642578,0
1745923260.9477983,9.184440612792969,6.3703107833862305,11.521214485168457,10.641563415527344,-1.4360804557800293,-3.679152488708496,37.717529296875,0
1745923260.9551606,9.16532039642334,6.359233379364014,11.505122184753418,10.621232986450195,-1.4294880628585815,-3.682190418243408,37.650909423828125,0
1745923260.967805,9.150449752807617,6.337932109832764,11.49001693725586,10.612335205078125,-1.4411900043487549,-3.694882869720459,37.590736389160156,0
1745923260.9815812,9.144607543945312,6.3376288414001465,11.470422744750977,10.613241195678711,-1.4532941579818726,-3.6903138160705566,37.56590270996094,0
1745923260.9925277,9.145745277404785,6.338179111480713,11.470365524291992,10.624105453491211,-1.4613878726959229,-3.694182872772217,37.57839584350586,0
1745923261.0042193,9.150866508483887,6.339828968048096,11.474370956420898,10.63294792175293,-1.4668112993240356,-3.6956496238708496,37.59801483154297,0
1745923261.016028,9.155229568481445,6.343148708343506,11.480777740478516,10.637218475341797,-1.4652818441390991,-3.6955175399780273,37.61637496948242,0
1745923261.0297382,9.161090850830078,6.343926429748535,11.482473373413086,10.638917922973633,-1.4686764478683472,-3.692721366882324,37.62641143798828,0
1745923261.040408,9.168412208557129,6.3437933921813965,11.47517204284668,10.633514404296875,-1.475852131843567,-3.682158946990967,37.62089157104492,0
1745923261.0536988,9.170669555664062,6.34311056137085,11.470291137695312,10.631473541259766,-1.4803651571273804,-3.677938222885132,37.61554718017578,0
1745923261.0676155,9.163594245910645,6.341839790344238,11.469024658203125,10.62667465209961,-1.4739800691604614,-3.6806223392486572,37.60113525390625,0
1745923261.0809941,9.16069221496582,6.339335918426514,11.464498519897461,10.612939834594727,-1.4677497148513794,-3.6757559776306152,37.57746887207031,0
1745923261.0902028,9.151625633239746,6.332108974456787,11.455968856811523,10.593742370605469,-1.4601414203643799,-3.673670530319214,37.533447265625,0
1745923261.1030664,9.136773109436035,6.321752548217773,11.444215774536133,10.573959350585938,-1.4529926776885986,-3.675687313079834,37.47669982910156,0
1745923261.1157143,9.124463081359863,6.313179016113281,11.430824279785156,10.556634902954102,-1.4492592811584473,-3.6752381324768066,37.42510223388672,0
1745923261.128225,9.113821983337402,6.305288314819336,11.415159225463867,10.53940200805664,-1.4480184316635132,-3.6722233295440674,37.37367248535156,0
1745923261.1498542,9.100563049316406,6.298213005065918,11.402214050292969,10.520280838012695,-1.44077730178833,-3.6707775592803955,37.32127380371094,0
1745923261.1590774,9.085882186889648,6.286908149719238,11.391225814819336,10.500499725341797,-1.433828353881836,-3.673672914505005,37.2645149230957,0
1745923261.165397,9.07021427154541,6.273118019104004,11.380067825317383,10.488727569580078,-1.4339710474014282,-3.682528495788574,37.212127685546875,0
1745923261.181565,9.057106971740723,6.269931316375732,11.371072769165039,10.494546890258789,-1.4384077787399292,-3.691863775253296,37.192657470703125,0
1745923261.1898148,9.053863525390625,6.271961212158203,11.366639137268066,10.525968551635742,-1.4604194164276123,-3.7052197456359863,37.21842956542969,0
1745923261.214449,9.062607765197754,6.2817487716674805,11.372264862060547,10.599353790283203,-1.506659984588623,-3.7295689582824707,37.315975189208984,0
1745923261.215483,9.160028457641602,6.306881427764893,11.433170318603516,10.720731735229492,-1.593263030052185,-3.7326903343200684,37.620811462402344,0
1745923261.2279272,9.252630233764648,6.347530364990234,11.491077423095703,10.865707397460938,-1.681706190109253,-3.738158941268921,37.956947326660156,0
1745923261.23874,9.36103343963623,6.394533157348633,11.558838844299316,11.017484664916992,-1.7714763879776,-3.736729860305786,38.33189010620117,0
1745923261.2517521,9.47599983215332,6.443755626678467,11.630790710449219,11.172399520874023,-1.8611154556274414,-3.7329835891723633,38.72294616699219,0
1745923261.264271,9.592388153076172,6.543186664581299,11.702722549438477,11.318923950195312,-1.9059395790100098,-3.692997455596924,39.15721893310547,0
1745923261.2815032,9.704679489135742,6.594097137451172,11.775456428527832,11.438203811645508,-1.9652864933013916,-3.6751108169555664,39.51243591308594,0
1745923261.2885058,9.800107955932617,6.6359405517578125,11.842863082885742,11.508831024169922,-1.9916633367538452,-3.650083065032959,39.787742614746094,0
1745923261.3009875,9.862930297851562,6.6646013259887695,11.894308090209961,11.526611328125,-1.9839987754821777,-3.623699426651001,39.948448181152344,0
1745923261.3157942,9.888157844543457,6.676229000091553,11.927722930908203,11.488615036010742,-1.9419108629226685,-3.5990090370178223,39.9807243347168,0
1745923261.3243108,9.872452735900879,6.673592567443848,11.935489654541016,11.400604248046875,-1.870293140411377,-3.575309991836548,39.88214111328125,0
1745923261.3375852,9.816591262817383,6.650394439697266,11.91334342956543,11.279756546020508,-1.7880210876464844,-3.5614748001098633,39.66008758544922,0
1745923261.3514776,9.637798309326172,6.612818717956543,11.868045806884766,11.144662857055664,-1.6413452625274658,-3.6167056560516357,39.263328552246094,0
1745923261.36201,9.533605575561523,6.566061973571777,11.802929878234863,11.0128173828125,-1.5666818618774414,-3.624211072921753,38.91541290283203,0
1745923261.3745801,9.43508529663086,6.458095550537109,11.726861953735352,10.895559310913086,-1.5598676204681396,-3.6690080165863037,38.515602111816406,0
1745923261.390442,9.347395896911621,6.4058380126953125,11.649378776550293,10.79545783996582,-1.5302809476852417,-3.6788151264190674,38.19807052612305,0
1745923261.4002693,9.276928901672363,6.361946105957031,11.575006484985352,10.718368530273438,-1.5193833112716675,-3.6840550899505615,37.9322509765625,0
1745923261.4154527,9.223268508911133,6.322226524353027,11.503166198730469,10.662517547607422,-1.5298112630844116,-3.6865453720092773,37.711177825927734,0
1745923261.4236944,9.184440612792969,6.287154674530029,11.437211990356445,10.633401870727539,-1.5613707304000854,-3.6912951469421387,37.54220962524414,0
1745923261.436428,9.163196563720703,6.256521224975586,11.379249572753906,10.63039779663086,-1.61421537399292,-3.697324514389038,37.42936706542969,0
1745923261.4514272,9.16186809539795,6.234081745147705,11.285634994506836,10.646211624145508,-1.7165265083312988,-3.6769869327545166,37.327796936035156,0
1745923261.4609995,9.177062034606934,6.218471050262451,11.258703231811523,10.672758102416992,-1.779785394668579,-3.677083969116211,37.326995849609375,0
1745923261.473429,9.204565048217773,6.207754135131836,11.240653991699219,10.6990966796875,-1.8405165672302246,-3.6698386669158936,37.35206985473633,0
1745923261.4866893,9.238973617553711,6.208986759185791,11.230018615722656,10.714948654174805,-1.8831818103790283,-3.648742198944092,37.39292907714844,0
1745923261.4999075,9.276815414428711,6.2050604820251465,11.216179847717285,10.715553283691406,-1.9242091178894043,-3.6202595233917236,37.41360855102539,0
1745923261.5149212,9.286317825317383,6.1993513107299805,11.195653915405273,10.702234268188477,-1.94254732131958,-3.602027177810669,37.38356018066406,0
1745923261.5223103,9.280950546264648,6.194741725921631,11.179264068603516,10.67650032043457,-1.937680721282959,-3.588970422744751,37.331459045410156,0
1745923261.5358002,9.264106750488281,6.1888427734375,11.171422958374023,10.636198043823242,-1.9087494611740112,-3.5814831256866455,37.26057052612305,0
1745923261.5483823,9.235939025878906,6.185694217681885,11.169373512268066,10.582670211791992,-1.8555912971496582,-3.5761501789093018,37.173675537109375,0
1745923261.560014,9.19483470916748,6.182507514953613,11.165611267089844,10.523662567138672,-1.7905775308609009,-3.576009511947632,37.06661605834961,0
1745923261.5725179,9.148894309997559,6.167219161987305,11.160303115844727,10.466772079467773,-1.7342305183410645,-3.587405204772949,36.94319152832031,0
1745923261.5844278,9.107239723205566,6.160845756530762,11.15247917175293,10.41885757446289,-1.6818294525146484,-3.5931148529052734,36.83942413330078,0
1745923261.5969598,9.070365905761719,6.153523921966553,11.141862869262695,10.387454986572266,-1.6474246978759766,-3.6027870178222656,36.75320816040039,0
1745923261.6093364,9.040605545043945,6.155231475830078,11.137840270996094,10.372432708740234,-1.617143988609314,-3.6125636100769043,36.70610809326172,0
1745923261.6233265,9.021352767944336,6.160276889801025,11.144153594970703,10.374361038208008,-1.595523715019226,-3.6259965896606445,36.70014190673828,0
1745923261.6344397,9.021636962890625,6.166270732879639,11.152833938598633,10.396636962890625,-1.5999159812927246,-3.636427402496338,36.73738098144531,0
1745923261.6492567,9.037247657775879,6.17602014541626,11.167343139648438,10.43448257446289,-1.6187453269958496,-3.6441493034362793,36.815093994140625,0
1745923261.658408,9.065168380737305,6.188615322113037,11.18690013885498,10.479961395263672,-1.6453994512557983,-3.6476786136627197,36.92064666748047,0
1745923261.6711252,9.094682693481445,6.226930618286133,11.215882301330566,10.529256820678711,-1.6476091146469116,-3.6392202377319336,37.066749572753906,0
1745923261.683544,9.127725601196289,6.244248867034912,11.246931076049805,10.575263977050781,-1.6650636196136475,-3.641824245452881,37.19416809082031,0
1745923261.6967716,9.158814430236816,6.260276794433594,11.303199768066406,10.613147735595703,-1.656270146369934,-3.6545004844665527,37.3354377746582,0
1745923261.7158341,9.186830520629883,6.272037029266357,11.324116706848145,10.649423599243164,-1.675628662109375,-3.6548044681549072,37.432411193847656,0
1745923261.7202904,9.210711479187012,6.278106689453125,11.340675354003906,10.695676803588867,-1.7069329023361206,-3.6641595363616943,37.525169372558594,0
1745923261.7329848,9.23459243774414,6.288785934448242,11.362337112426758,10.7425537109375,-1.7308435440063477,-3.6730833053588867,37.62826919555664,0
1745923261.7487254,9.263916969299316,6.303258419036865,11.386549949645996,10.786539077758789,-1.751396656036377,-3.6757607460021973,37.740264892578125,0
1745923261.7571635,9.295650482177734,6.317446708679199,11.416109085083008,10.814050674438477,-1.7580965757369995,-3.6719441413879395,37.84325408935547,0
1745923261.7702048,9.319721221923828,6.336983680725098,11.434362411499023,10.824573516845703,-1.752377986907959,-3.656719207763672,37.91564178466797,0
1745923261.7838297,9.329072952270508,6.336623668670654,11.437901496887207,10.82691764831543,-1.7579786777496338,-3.653563976287842,37.930519104003906,0
1745923261.7939565,9.32802963256836,6.333949089050293,11.436001777648926,10.822532653808594,-1.7578116655349731,-3.6531059741973877,37.92051315307617,0
1745923261.8069286,9.322717666625977,6.332052230834961,11.433486938476562,10.81877326965332,-1.7549951076507568,-3.654923677444458,37.90702819824219,0
1745923261.820863,9.317103385925293,6.332222938537598,11.436019897460938,10.817092895507812,-1.747822880744934,-3.6588544845581055,37.90243911743164,0
1745923261.8326867,9.315149307250977,6.334878444671631,11.446394920349121,10.81576919555664,-1.7353276014328003,-3.662538766860962,37.912193298339844,0
1745923261.851336,9.311659812927246,6.3409295082092285,11.458837509155273,10.813501358032227,-1.7168397903442383,-3.6655240058898926,37.9249267578125,0
1745923261.856459,9.3101806640625,6.345102310180664,11.469415664672852,10.819585800170898,-1.7084776163101196,-3.6713852882385254,37.94428253173828,0
1745923261.8682883,9.31175422668457,6.36029577255249,11.477705001831055,10.831829071044922,-1.6996737718582153,-3.6698617935180664,37.98158264160156,0
1745923261.8824725,9.317047119140625,6.370614528656006,11.491077423095703,10.849042892456055,-1.6967365741729736,-3.6736724376678467,38.02778244018555,0
1745923261.8970094,9.328408241271973,6.382033348083496,11.507003784179688,10.873737335205078,-1.7003142833709717,-3.677394151687622,38.091182708740234,0
1745923261.9055755,9.346561431884766,6.401153087615967,11.530024528503418,10.898015975952148,-1.6967628002166748,-3.6747617721557617,38.175758361816406,0
1745923261.9178815,9.363821983337402,6.419172763824463,11.55950927734375,10.923826217651367,-1.6895018815994263,-3.677048444747925,38.26633071899414,0
1745923261.9307754,9.397262573242188,6.438065052032471,11.623321533203125,10.948917388916016,-1.6656672954559326,-3.6835227012634277,38.40756607055664,0
1745923261.9484031,9.411261558532715,6.456274509429932,11.652824401855469,10.974103927612305,-1.6557042598724365,-3.6874711513519287,38.49446487426758,0
1745923261.959209,9.427459716796875,6.475545883178711,11.68532657623291,11.005430221557617,-1.648361086845398,-3.6934151649475098,38.59376525878906,0
1745923261.966407,9.448609352111816,6.513729095458984,11.722726821899414,11.045166015625,-1.6319271326065063,-3.690053701400757,38.73023223876953,0
1745923261.9821298,9.473855972290039,6.534878253936768,11.763237953186035,11.08268928527832,-1.6275010108947754,-3.6953375339508057,38.85466003417969,0
1745923261.9992564,9.499406814575195,6.557754039764404,11.800079345703125,11.112543106079102,-1.6195945739746094,-3.6942644119262695,38.969783782958984,0
1745923262.0042043,9.520973205566406,6.5757927894592285,11.832880020141602,11.132343292236328,-1.608981966972351,-3.692531108856201,39.061988830566406,0
1745923262.0227153,9.533473014831543,6.583588600158691,11.854373931884766,11.1461181640625,-1.604539394378662,-3.695323944091797,39.1175537109375,0
1745923262.029621,9.543014526367188,6.591612339019775,11.868715286254883,11.153675079345703,-1.5991551876068115,-3.6939239501953125,39.15701675415039,0
1745923262.0416584,9.54942512512207,6.599085807800293,11.882406234741211,11.152484893798828,-1.586685299873352,-3.690695285797119,39.18340301513672,0
1745923262.0602798,9.548666000366211,6.604377746582031,11.892426490783691,11.143131256103516,-1.5683088302612305,-3.6881327629089355,39.188602447509766,0
1745923262.0672107,9.531689643859863,6.6051554679870605,11.896821975708008,11.128414154052734,-1.5430104732513428,-3.6937828063964844,39.162078857421875,0
1745923262.082779,9.520480155944824,6.603163719177246,11.897976875305176,11.106685638427734,-1.5213725566864014,-3.6930136680603027,39.1283073425293,0
1745923262.0922496,9.502138137817383,6.598155975341797,11.896821975708008,11.072713851928711,-1.4905738830566406,-3.692211389541626,39.06983184814453,0
1745923262.1040862,9.477877616882324,6.58886194229126,11.886709213256836,11.038307189941406,-1.4653667211532593,-3.6936986446380615,38.991756439208984,0
1745923262.1164548,9.453408241271973,6.5781636238098145,11.877767562866211,11.00601577758789,-1.4415334463119507,-3.6976771354675293,38.91535568237305,0
1745923262.127909,9.4267578125,6.5670294761657715,11.866238594055176,10.967962265014648,-1.4144608974456787,-3.699617385864258,38.82798767089844,0
1745923262.1402144,9.398154258728027,6.556236743927002,11.850686073303223,10.936408996582031,-1.3931821584701538,-3.703697919845581,38.741485595703125,0
1745923262.1529725,9.369986534118652,6.5445709228515625,11.834928512573242,10.910844802856445,-1.3770514726638794,-3.710664749145508,38.66033172607422,0
1745923262.1664157,9.344208717346191,6.518433094024658,11.808834075927734,10.89369010925293,-1.387203335762024,-3.7245402336120605,38.56516647338867,0
1745923262.1816,9.32637882232666,6.509688854217529,11.798515319824219,10.885942459106445,-1.3840749263763428,-3.7334954738616943,38.52052307128906,0
1745923262.1897624,9.31549072265625,6.501608371734619,11.78756332397461,10.887001037597656,-1.3918073177337646,-3.741246223449707,38.491661071777344,0
1745923262.2057989,9.309080123901367,6.492218971252441,11.778846740722656,10.892328262329102,-1.404890775680542,-3.7498862743377686,38.47247314453125,0
1745923262.2184067,9.307941436767578,6.483342170715332,11.763237953186035,10.896844863891602,-1.4259512424468994,-3.751356840133667,38.45136642456055,0
1745923262.248541,9.31137466430664,6.471809387207031,11.745115280151367,10.89907455444336,-1.4525761604309082,-3.7494397163391113,38.42737579345703,0
1745923262.2491505,9.318658828735352,6.460200786590576,11.721776962280273,10.89376449584961,-1.4807487726211548,-3.7393553256988525,38.39440155029297,0
1745923262.2573543,9.321921348571777,6.445690155029297,11.688735008239746,10.882749557495117,-1.5119508504867554,-3.726778268814087,38.33909606933594,0
1745923262.276021,9.317577362060547,6.403486251831055,11.651390075683594,10.855504989624023,-1.551476240158081,-3.7277026176452637,38.22795867919922,0
1745923262.2897952,9.305892944335938,6.377575874328613,11.607620239257812,10.81100845336914,-1.5665221214294434,-3.7120885848999023,38.10209655761719,0
1745923262.2908206,9.281253814697266,6.346904277801514,11.55868911743164,10.75094223022461,-1.5695395469665527,-3.6984477043151855,37.93778991699219,0
1745923262.3001993,9.246200561523438,6.315360069274902,11.506202697753906,10.677576065063477,-1.5594497919082642,-3.684337854385376,37.745338439941406,0
1745923262.3164735,9.20124626159668,6.279737949371338,11.4534912109375,10.596633911132812,-1.5403286218643188,-3.6756699085235596,37.53110885620117,0
1745923262.324759,9.145156860351562,6.241024017333984,11.395322799682617,10.514291763305664,-1.5188535451889038,-3.6731245517730713,37.29579544067383,0
1745923262.33778,9.084572792053223,6.202556610107422,11.332498550415039,10.435029983520508,-1.4996052980422974,-3.6726391315460205,37.054656982421875,0
1745923262.3512406,8.97140884399414,6.162173748016357,11.269841194152832,10.365083694458008,-1.4503005743026733,-3.7131829261779785,36.76850891113281,0
1745923262.3632085,8.927953720092773,6.125091075897217,11.212063789367676,10.316524505615234,-1.4598873853683472,-3.7173402309417725,36.581634521484375,0
1745923262.3745663,8.896333694458008,6.066688060760498,11.157899856567383,10.283742904663086,-1.5040290355682373,-3.7371866703033447,36.4046630859375,0
1745923262.3866158,8.877649307250977,6.046657562255859,11.108187675476074,10.263338088989258,-1.5321857929229736,-3.7302238941192627,36.29582977294922,0
1745923262.4041903,8.866724014282227,6.028770923614502,11.067621231079102,10.25058364868164,-1.562548041343689,-3.7244722843170166,36.21369934082031,0
1745923262.4148574,8.863879203796387,6.013254642486572,10.998612403869629,10.2457275390625,-1.6260887384414673,-3.701712131500244,36.12147521972656,0
1745923262.4242873,8.870404243469238,6.001172065734863,10.974249839782715,10.251565933227539,-1.6650339365005493,-3.696638584136963,36.097389221191406,0
1745923262.4366486,8.883813858032227,5.993584632873535,10.954692840576172,10.269081115722656,-1.709897756576538,-3.6916773319244385,36.101173400878906,0
1745923262.4498863,8.901512145996094,5.989108085632324,10.937686920166016,10.29749870300293,-1.7611236572265625,-3.68810772895813,36.12580871582031,0
1745923262.4603276,8.927820205688477,5.990455150604248,10.925952911376953,10.32478141784668,-1.8085483312606812,-3.676673173904419,36.169010162353516,0
1745923262.473806,8.957315444946289,5.998478412628174,10.918502807617188,10.34475326538086,-1.8438491821289062,-3.6571009159088135,36.21904754638672,0
1745923262.485685,8.986886978149414,5.996183395385742,10.908594131469727,10.354484558105469,-1.8822588920593262,-3.638460397720337,36.24614715576172,0
