time,f1,f2,f3,f4,COPx,COPy,W,W_sync
1745923207.2400877,0.07152428478002548,0.04202541708946228,0.04599247872829437,0.016902903094887733,0.0,0.0,0.17644508183002472,0
1745923207.2421098,0.07065174728631973,0.041721925139427185,0.045601338148117065,0.01759619638323784,0.0,0.0,0.17557121813297272,0
1745923207.2565963,0.0696464404463768,0.04193057492375374,0.044260282069444656,0.01636367291212082,0.0,0.0,0.1722009778022766,0
1745923207.2632542,0.07114492356777191,0.04090629518032074,0.04364563152194023,0.016575513407588005,0.0,0.0,0.17227236926555634,0
1745923207.27508,0.07135356962680817,0.03927503526210785,0.042081065475940704,0.019656822085380554,0.0,0.0,0.17236648499965668,0
1745923207.2900958,0.06996889412403107,0.040204476565122604,0.04388776421546936,0.019175367429852486,0.0,0.0,0.17323650419712067,0
1745923207.2975504,0.06877390295267105,0.04230993986129761,0.044353410601615906,0.018135426566004753,0.0,0.0,0.17357268929481506,0
1745923207.3097687,0.07142944633960724,0.04240477830171585,0.04399951919913292,0.020523440092802048,0.0,0.0,0.17835718393325806,0
1745923207.3242414,0.07222610712051392,0.041475340723991394,0.04351525008678436,0.022988487035036087,0.0,0.0,0.18020518124103546,0
1745923207.3329163,0.0713915079832077,0.041854701936244965,0.043105483055114746,0.01942572370171547,0.0,0.0,0.175777405500412,0
1745923207.3444526,0.07122079282999039,0.041475340723991394,0.04290059953927994,0.017384357750415802,0.0,0.0,0.17298108339309692,0
1745923207.3602686,0.07084143161773682,0.040071699768304825,0.045452333986759186,0.0174421314150095,0.0,0.0,0.17380759119987488,0
1745923207.367486,0.07161912322044373,0.04464301839470863,0.04306823015213013,0.017750263214111328,0.0,0.0,0.17708063125610352,0
1745923207.3808293,0.07220713794231415,0.043599773198366165,0.04345937445759773,0.016305899247527122,0.0,0.0,0.17557217180728912,0
1745923207.3922224,0.07148634642362595,0.043485961854457855,0.041876181960105896,0.01836652308702469,0.0,0.0,0.1752150058746338,0
1745923207.4025953,0.06976024806499481,0.04204438626766205,0.042118314653635025,0.020542697980999947,0.0,0.0,0.17446564137935638,0
1745923207.4150105,0.07108801603317261,0.040223442018032074,0.04521019756793976,0.02110118418931961,0.0,0.0,0.17762282490730286,0
1745923207.4261515,0.07004477083683014,0.040811456739902496,0.044502418488264084,0.01959904655814171,0.0,0.0,0.17495769262313843,0
1745923207.438819,0.07019651681184769,0.040830422192811966,0.044297534972429276,0.01927165873348713,0.0,0.0,0.1745961308479309,0
1745923207.4494827,0.07078452408313751,0.041589148342609406,0.044390663504600525,0.019926436245441437,0.0,0.0,0.17669075727462769,0
1745923207.4636257,0.0682048574090004,0.04139946773648262,0.045713093131780624,0.018270233646035194,0.0,0.0,0.17358766496181488,0
1745923207.472576,0.07120182365179062,0.040811456739902496,0.04411127418279648,0.017692487686872482,0.0,0.0,0.17381705343723297,0
1745923207.4844792,0.07144840806722641,0.04352390021085739,0.0415036641061306,0.017345840111374855,0.0,0.0,0.173821821808815,0
1745923207.4961143,0.07167603075504303,0.04356183484196663,0.043235864490270615,0.018751688301563263,0.0,0.0,0.17722541093826294,0
1745923207.5065968,0.0695895329117775,0.04293588548898697,0.04366425797343254,0.020754538476467133,0.0,0.0,0.17694422602653503,0
1745923207.5259788,0.0665166974067688,0.042746204882860184,0.041950684040784836,0.021775221452116966,0.0,0.0,0.17298880219459534,0
1745923207.5306733,0.06708573549985886,0.04149430990219116,0.043254490941762924,0.021197475492954254,0.0,0.0,0.1730320155620575,0
1745923207.5416412,0.06866009533405304,0.04052693396806717,0.045582711696624756,0.01938720792531967,0.0,0.0,0.17415696382522583,0
1745923207.5572655,0.07059484720230103,0.04026138037443161,0.044334784150123596,0.01526595838367939,0.0,0.0,0.17045696079730988,0
1745923207.5646267,0.07112595438957214,0.04056486859917641,0.04474455118179321,0.015323732048273087,0.0,0.0,0.17175909876823425,0
1745923207.5766075,0.06976024806499481,0.041608117520809174,0.04351525008678436,0.017480647191405296,0.0,0.0,0.1723642647266388,0
1745923207.5922635,0.07027238607406616,0.04028034955263138,0.040889013558626175,0.020369375124573708,0.0,0.0,0.17181113362312317,0
1745923207.5998244,0.07059484720230103,0.04024241119623184,0.04267708957195282,0.019233141094446182,0.0,0.0,0.17274749279022217,0
1745923207.611702,0.06837557256221771,0.03711266815662384,0.042099691927433014,0.020581213757395744,0.0,0.0,0.16816914081573486,0
1745923207.626828,0.06729438900947571,0.03916122764348984,0.04243495315313339,0.018405040726065636,0.0,0.0,0.16729560494422913,0
1745923207.6349733,0.0679582729935646,0.04052693396806717,0.04288197308778763,0.017827294766902924,0.0,0.0,0.16919448971748352,0
1745923207.6476777,0.06788240373134613,0.04191160574555397,0.04405539855360985,0.018135426566004753,0.0,0.0,0.17198483645915985,0
1745923207.6607053,0.07150531560182571,0.04206335172057152,0.04481905698776245,0.018597621470689774,0.0,0.0,0.17698533833026886,0
1745923207.6690917,0.07017754763364792,0.0415322445333004,0.044353410601615906,0.018462814390659332,0.0,0.0,0.17452600598335266,0
1745923207.6807373,0.06945675611495972,0.03900948166847229,0.04299372807145119,0.020561955869197845,0.0,0.0,0.17202192544937134,0
1745923207.6922235,0.0682617649435997,0.03910432383418083,0.04059100151062012,0.020581213757395744,0.0,0.0,0.16853830218315125,0
1745923207.703506,0.06953263282775879,0.04073558375239372,0.03802064061164856,0.020696762949228287,0.0,0.0,0.16898562014102936,0
1745923207.7166412,0.0703672245144844,0.043466996401548386,0.04019986093044281,0.018520589917898178,0.0,0.0,0.17255467176437378,0
1745923207.7281685,0.06943778693675995,0.04268930107355118,0.04252808168530464,0.01801987737417221,0.0,0.0,0.17267504334449768,0
1745923207.7389212,0.07040516287088394,0.04174089431762695,0.043347619473934174,0.017981359735131264,0.0,0.0,0.17347504198551178,0
1745923207.7503824,0.06911533325910568,0.04026138037443161,0.04258396103978157,0.01651773974299431,0.0,0.0,0.16847841441631317,0
1745923207.763754,0.06966540962457657,0.03914225846529007,0.04142916202545166,0.015246698632836342,0.0,0.0,0.1654835343360901,0
1745923207.7746665,0.07032929360866547,0.03775758668780327,0.043105483055114746,0.017653971910476685,0.0,0.0,0.16884633898735046,0
1745923207.7920983,0.06985508650541306,0.039806146174669266,0.042230069637298584,0.01790432818233967,0.0,0.0,0.16979563236236572,0
1745923207.7972746,0.07091730087995529,0.04238580912351608,0.04258396103978157,0.015169667080044746,0.0,0.0,0.17105673253536224,0
1745923207.808115,0.07070865482091904,0.041589148342609406,0.04247220605611801,0.018597621470689774,0.0,0.0,0.17336763441562653,0
1745923207.8239,0.0713915079832077,0.04141843691468239,0.04297510161995888,0.0189827848225832,0.0,0.0,0.17476782202720642,0
1745923207.833815,0.07190364599227905,0.0401475727558136,0.04183892905712128,0.01711474172770977,0.0,0.0,0.17100489139556885,0
1745923207.8437626,0.07015857845544815,0.03954059258103371,0.042230069637298584,0.018559105694293976,0.0,0.0,0.1704883575439453,0
1745923207.858604,0.068318672478199,0.041835736483335495,0.04275159165263176,0.0189827848225832,0.0,0.0,0.1718887835741043,0
1745923207.8660388,0.07110698521137238,0.03933194279670715,0.04422302916646004,0.018096908926963806,0.0,0.0,0.17275886237621307,0
1745923207.8799465,0.06911533325910568,0.03963543102145195,0.04284472018480301,0.01632515713572502,0.0,0.0,0.16792063415050507,0
1745923207.891214,0.06797724217176437,0.039559558033943176,0.04416715353727341,0.01724955067038536,0.0,0.0,0.16895350813865662,0
1745923207.9015558,0.07173293083906174,0.03874392807483673,0.044334784150123596,0.018713170662522316,0.0,0.0,0.17352482676506042,0
1745923207.913351,0.07197951525449753,0.03756790608167648,0.043124109506607056,0.020234566181898117,0.0,0.0,0.17290610074996948,0
1745923207.9260945,0.07086040079593658,0.03883877024054527,0.04066550359129906,0.019522015005350113,0.0,0.0,0.16988669335842133,0
1745923207.9378924,0.0707276239991188,0.04217716306447983,0.04047924652695656,0.019348690286278725,0.0,0.0,0.17273272573947906,0
1745923207.9481926,0.06985508650541306,0.040090665221214294,0.042118314653635025,0.01882871985435486,0.0,0.0,0.17089278995990753,0
1745923207.961333,0.06774962693452835,0.04065971076488495,0.043198611587285995,0.01788507029414177,0.0,0.0,0.16949301958084106,0
1745923207.9721756,0.06822382658720016,0.042594458907842636,0.044483792036771774,0.01773100346326828,0.0,0.0,0.17303308844566345,0
1745923207.9832695,0.06936191767454147,0.04187367111444473,0.04412990063428879,0.01773100346326828,0.0,0.0,0.17309650778770447,0
1745923207.994014,0.07194158434867859,0.03974923864006996,0.04236045107245445,0.017808036878705025,0.0,0.0,0.17185930907726288,0
1745923208.0063982,0.06905842572450638,0.040697645395994186,0.04277021810412407,0.016556255519390106,0.0,0.0,0.16908255219459534,0
1745923208.01856,0.0668201819062233,0.03925606980919838,0.04416715353727341,0.01803913526237011,0.0,0.0,0.16828253865242004,0
1745923208.0305603,0.06765478104352951,0.03976820781826973,0.045713093131780624,0.019156109541654587,0.0,0.0,0.17229220271110535,0
1745923208.041306,0.06852731853723526,0.03885773941874504,0.04349662363529205,0.021043410524725914,0.0,0.0,0.17192508280277252,0
1745923208.0581741,0.06960850208997726,0.037150606513023376,0.043273113667964935,0.019002044573426247,0.0,0.0,0.16903427243232727,0
1745923208.0686646,0.06962747126817703,0.037909332662820816,0.04262121394276619,0.01757693849503994,0.0,0.0,0.16773495078086853,0
1745923208.0760272,0.06670637428760529,0.03933194279670715,0.03872842341661453,0.019213883206248283,0.0,0.0,0.163980633020401,0
1745923208.089654,0.06575796753168106,0.039085354655981064,0.04029298946261406,0.019483497366309166,0.0,0.0,0.1646198034286499,0
1745923208.0991902,0.06881184130907059,0.039199165999889374,0.04016260802745819,0.017230290919542313,0.0,0.0,0.16540390253067017,0
1745923208.1110244,0.07160015404224396,0.03523482382297516,0.03887742757797241,0.01667180471122265,0.0,0.0,0.16238421201705933,0
1745923208.1240978,0.06966540962457657,0.03771964833140373,0.04116839915513992,0.017056968063116074,0.0,0.0,0.1656104326248169,0
1745923208.1336124,0.06828073412179947,0.0411718487739563,0.040702756494283676,0.01801987737417221,0.0,0.0,0.16817522048950195,0
1745923208.1444187,0.06803414970636368,0.04012860357761383,0.04042337089776993,0.017056968063116074,0.0,0.0,0.1656430959701538,0
1745923208.1634166,0.06721851229667664,0.0394267812371254,0.04237907752394676,0.01759619638323784,0.0,0.0,0.16662056744098663,0
1745923208.1685705,0.0679582729935646,0.040071699768304825,0.04297510161995888,0.017519164830446243,0.0,0.0,0.16852423548698425,0
1745923208.1804292,0.06884977966547012,0.03864908963441849,0.04159679263830185,0.01678735390305519,0.0,0.0,0.16588300466537476,0
1745923208.1921513,0.07059484720230103,0.039692334830760956,0.04142916202545166,0.016748838126659393,0.0,0.0,0.16846519708633423,0
1745923208.2041702,0.06941881775856018,0.03900948166847229,0.04163404554128647,0.016922160983085632,0.0,0.0,0.16698451340198517,0
1745923208.214613,0.06782549619674683,0.04041312634944916,0.04297510161995888,0.017673229798674583,0.0,0.0,0.1688869446516037,0
1745923208.2264516,0.06630804389715195,0.040830422192811966,0.04165267199277878,0.017808036878705025,0.0,0.0,0.16659916937351227,0
1745923208.2386298,0.06460091471672058,0.03751100227236748,0.040982142090797424,0.019329432398080826,0.0,0.0,0.1624234914779663,0
1745923208.250395,0.0672374814748764,0.036543626338243484,0.04126153141260147,0.020138276740908623,0.0,0.0,0.16518090665340424,0
1745923208.2609625,0.06981714814901352,0.03622116893529892,0.04236045107245445,0.018096908926963806,0.0,0.0,0.166495680809021,0
1745923208.2747679,0.06537860631942749,0.03880083188414574,0.041075270622968674,0.01834726519882679,0.0,0.0,0.16360197961330414,0
1745923208.2911882,0.06509408354759216,0.03800417110323906,0.04170854762196541,0.017480647191405296,0.0,0.0,0.16228744387626648,0
1745923208.2965791,0.06611836701631546,0.039825111627578735,0.04180167615413666,0.017788778990507126,0.0,0.0,0.16553394496440887,0
1745923208.3079748,0.06799621134996414,0.03936987742781639,0.042118314653635025,0.01803913526237011,0.0,0.0,0.16752353310585022,0
1745923208.3230445,0.06748407334089279,0.03749203309416771,0.04033023864030838,0.01882871985435486,0.0,0.0,0.16413506865501404,0
1745923208.3308442,0.06672534346580505,0.03771964833140373,0.04135465994477272,0.018925011157989502,0.0,0.0,0.164724662899971,0
1745923208.3431466,0.06683915108442307,0.037814490497112274,0.03997635096311569,0.01880946196615696,0.0,0.0,0.16343945264816284,0
1745923208.357012,0.06748407334089279,0.03787139430642128,0.04023711010813713,0.017384357750415802,0.0,0.0,0.1629769504070282,0
1745923208.3651612,0.06837557256221771,0.038326628506183624,0.039715588092803955,0.01574741117656231,0.0,0.0,0.16216520965099335,0
1745923208.3766131,0.06731335818767548,0.039047420024871826,0.04144778847694397,0.015150409191846848,0.0,0.0,0.16295897960662842,0
1745923208.3927588,0.06647875905036926,0.039711304008960724,0.04252808168530464,0.015593346208333969,0.0,0.0,0.1643114984035492,0
1745923208.402116,0.06553035229444504,0.03974923864006996,0.04051649942994118,0.01586296036839485,0.0,0.0,0.16165904700756073,0
1745923208.4121573,0.06786343455314636,0.0408683605492115,0.038653917610645294,0.016228865832090378,0.0,0.0,0.16361458599567413,0
1745923208.425878,0.06847041100263596,0.04064074158668518,0.03943620249629021,0.016228865832090378,0.0,0.0,0.16477622091770172,0
1745923208.4363353,0.06769271939992905,0.03650568798184395,0.040628254413604736,0.01724955067038536,0.0,0.0,0.1620762199163437,0
1745923208.4500096,0.06905842572450638,0.03637291118502617,0.040889013558626175,0.01755768060684204,0.0,0.0,0.16387802362442017,0
1745923208.459878,0.06919120252132416,0.038061074912548065,0.041894808411598206,0.017018452286720276,0.0,0.0,0.1661655455827713,0
1745923208.471178,0.06829970329999924,0.038952577859163284,0.04066550359129906,0.01713400147855282,0.0,0.0,0.16505178809165955,0
1745923208.4832678,0.0679013729095459,0.03990098461508751,0.039715588092803955,0.015766670927405357,0.0,0.0,0.16328461468219757,0
1745923208.4945889,0.0686221569776535,0.037681713700294495,0.038616668432950974,0.018578363582491875,0.0,0.0,0.1634989082813263,0
1745923208.5062952,0.06695295870304108,0.03661949932575226,0.038542162626981735,0.018077651038765907,0.0,0.0,0.16019228100776672,0
1745923208.5183492,0.0692291408777237,0.03783345967531204,0.04239770397543907,0.01682586967945099,0.0,0.0,0.1662861704826355,0
1745923208.5283165,0.06619423627853394,0.03800417110323906,0.04468867555260658,0.017480647191405296,0.0,0.0,0.16636772453784943,0
1745923208.5407083,0.06653565913438797,0.03973027318716049,0.04234182462096214,0.01803913526237011,0.0,0.0,0.16664689779281616,0
1745923208.5559788,0.06714264303445816,0.040716614574193954,0.039752840995788574,0.01788507029414177,0.0,0.0,0.16549716889858246,0
1745923208.5633874,0.06298862397670746,0.03874392807483673,0.0380951464176178,0.017211033031344414,0.0,0.0,0.15703873336315155,0
1745923208.5786958,0.06553035229444504,0.04026138037443161,0.03910093754529953,0.017519164830446243,0.0,0.0,0.16241182386875153,0
1745923208.5967062,0.06883081048727036,0.042234066873788834,0.03874704986810684,0.017384357750415802,0.0,0.0,0.16719627380371094,0
1745923208.598836,0.06786343455314636,0.039578527212142944,0.03764812648296356,0.01805839315056801,0.0,0.0,0.16314847767353058,0
1745923208.609704,0.06613732874393463,0.0405079647898674,0.03692172095179558,0.018289491534233093,0.0,0.0,0.1618565022945404,0
1745923208.6255708,0.06609939783811569,0.03735925629734993,0.03891468048095703,0.017480647191405296,0.0,0.0,0.1598539799451828,0
1745923208.6327863,0.06596662104129791,0.037814490497112274,0.04059100151062012,0.017942843958735466,0.0,0.0,0.16231495141983032,0
1745923208.644733,0.06941881775856018,0.03935090824961662,0.04029298946261406,0.017634714022278786,0.0,0.0,0.1666974425315857,0
1745923208.6582375,0.07106904685497284,0.039938922971487045,0.04038611799478531,0.018154684454202652,0.0,0.0,0.16954877972602844,0
1745923208.667163,0.07099317759275436,0.03826972469687462,0.04021848738193512,0.018135426566004753,0.0,0.0,0.1676168143749237,0
1745923208.6792245,0.0679013729095459,0.039066389203071594,0.03710797801613808,0.019541272893548012,0.0,0.0,0.16361701488494873,0
1745923208.6915078,0.06712367385625839,0.04029931500554085,0.037201106548309326,0.01848207227885723,0.0,0.0,0.16310617327690125,0
1745923208.703039,0.0693429484963417,0.03965440019965172,0.03789025917649269,0.01634441502392292,0.0,0.0,0.1632320135831833,0
1745923208.713531,0.07032929360866547,0.037947267293930054,0.03915681689977646,0.01680661179125309,0.0,0.0,0.16423998773097992,0
1745923208.7262366,0.0692860409617424,0.04067867994308472,0.04029298946261406,0.020581213757395744,0.0,0.0,0.17083892226219177,0
1745923208.7371013,0.07010167092084885,0.0405079647898674,0.038504913449287415,0.020831570029258728,0.0,0.0,0.1699461191892624,0
1745923208.7525108,0.06797724217176437,0.03952162340283394,0.03820690140128136,0.017788778990507126,0.0,0.0,0.1634945571422577,0
1745923208.7613912,0.06627010554075241,0.03709370270371437,0.038616668432950974,0.01651773974299431,0.0,0.0,0.15849822759628296,0
1745923208.7717962,0.07013960927724838,0.034893397241830826,0.04059100151062012,0.01711474172770977,0.0,0.0,0.16273875534534454,0
1745923208.7905197,0.06938088685274124,0.036922987550497055,0.04003222659230232,0.017230290919542313,0.0,0.0,0.16356638073921204,0
1745923208.7955973,0.06499924510717392,0.03734028711915016,0.03979009389877319,0.015554830431938171,0.0,0.0,0.15768446028232574,0
1745923208.8080726,0.06490439921617508,0.037150606513023376,0.0388588011264801,0.015054117888212204,0.0,0.0,0.15596793591976166,0
1745923208.818931,0.06310243159532547,0.03885773941874504,0.03993909806013107,0.015227440744638443,0.0,0.0,0.15712669491767883,0
1745923208.830293,0.06393703073263168,0.03836456686258316,0.03932444751262665,0.017326582223176956,0.0,0.0,0.15895262360572815,0
1745923208.8412495,0.0658528059720993,0.03646775335073471,0.03811377286911011,0.018751688301563263,0.0,0.0,0.1591860055923462,0
1745923208.8583174,0.06589074432849884,0.036676403135061264,0.04057237505912781,0.01911759190261364,0.0,0.0,0.162257120013237,0
1745923208.8647084,0.06613732874393463,0.03559521958231926,0.04137328267097473,0.018000619485974312,0.0,0.0,0.16110645234584808,0
1745923208.8768,0.06471472233533859,0.03523482382297516,0.040870387107133865,0.016305899247527122,0.0,0.0,0.1571258306503296,0
1745923208.8908365,0.06494233757257462,0.03889567404985428,0.043291740119457245,0.01574741117656231,0.0,0.0,0.162877157330513,0
1745923208.9024563,0.06748407334089279,0.04047003015875816,0.0392313189804554,0.016228865832090378,0.0,0.0,0.16341428458690643,0
1745923208.912449,0.06740819662809372,0.036543626338243484,0.03766675293445587,0.01788507029414177,0.0,0.0,0.15950365364551544,0
1745923208.9256344,0.06668740510940552,0.03726441413164139,0.03781575709581375,0.018116166815161705,0.0,0.0,0.15988373756408691,0
1745923208.9354885,0.0662132054567337,0.03775758668780327,0.04033023864030838,0.018308749422430992,0.0,0.0,0.1626097708940506,0
1745923208.946997,0.0668770894408226,0.03800417110323906,0.04234182462096214,0.018693912774324417,0.0,0.0,0.16591699421405792,0
1745923208.9609852,0.06664947420358658,0.03938884660601616,0.04161541908979416,0.017345840111374855,0.0,0.0,0.1649995744228363,0
1745923208.9693391,0.0655493214726448,0.037795521318912506,0.04161541908979416,0.016999194398522377,0.0,0.0,0.1619594544172287,0
1745923208.9809628,0.06875493377447128,0.03587974235415459,0.039641086012125015,0.017384357750415802,0.0,0.0,0.1616601049900055,0
1745923208.9927099,0.06989302486181259,0.03766274452209473,0.03802064061164856,0.015612604096531868,0.0,0.0,0.1611890196800232,0
1745923209.0054147,0.06837557256221771,0.038440439850091934,0.03934307396411896,0.015246698632836342,0.0,0.0,0.1614057868719101,0
1745923209.0180733,0.06864112615585327,0.03872496262192726,0.03990184888243675,0.015323732048273087,0.0,0.0,0.16259166598320007,0
1745923209.0290592,0.06839454174041748,0.03878186643123627,0.03979009389877319,0.01434156484901905,0.0,0.0,0.16130806505680084,0
1745923209.0403929,0.06606145948171616,0.03863012045621872,0.04046062007546425,0.01574741117656231,0.0,0.0,0.16089960932731628,0
1745923209.0513437,0.06812898814678192,0.03625910356640816,0.03936170041561127,0.017480647191405296,0.0,0.0,0.1612304300069809,0
1745923209.0648015,0.06939985603094101,0.035272762179374695,0.03893330693244934,0.016382932662963867,0.0,0.0,0.15998885035514832,0
1745923209.0736446,0.07004477083683014,0.03660053014755249,0.04023711010813713,0.014765245839953423,0.0,0.0,0.16164766252040863,0
1745923209.0861847,0.06903945654630661,0.03686608374118805,0.039454828947782516,0.01572815328836441,0.0,0.0,0.16108852624893188,0
1745923209.097378,0.06822382658720016,0.03766274452209473,0.03796476498246193,0.015439281240105629,0.0,0.0,0.1592906266450882,0
1745923209.1094973,0.07095523923635483,0.039559558033943176,0.040721382945775986,0.01632515713572502,0.0,0.0,0.167561337351799,0
1745923209.1240385,0.07180880755186081,0.03826972469687462,0.037499118596315384,0.018077651038765907,0.0,0.0,0.16565530002117157,0
1745923209.1328547,0.07004477083683014,0.03859218582510948,0.03915681689977646,0.017018452286720276,0.0,0.0,0.16481222212314606,0
1745923209.1433613,0.06955159455537796,0.037548936903476715,0.04128015413880348,0.01755768060684204,0.0,0.0,0.1659383624792099,0
1745923209.158668,0.07040516287088394,0.0370747335255146,0.04005085304379463,0.015477797016501427,0.0,0.0,0.16300854086875916,0
1745923209.1665874,0.06710470467805862,0.03724544495344162,0.03824415057897568,0.016228865832090378,0.0,0.0,0.1588231772184372,0
1745923209.1778846,0.06458194553852081,0.038459405303001404,0.03813239559531212,0.017788778990507126,0.0,0.0,0.15896253287792206,0
1745923209.1916642,0.06570106744766235,0.036145295947790146,0.038579415529966354,0.01682586967945099,0.0,0.0,0.15725165605545044,0
1745923209.2020457,0.06611836701631546,0.0377386175096035,0.03908231109380722,0.015612604096531868,0.0,0.0,0.1585519015789032,0
1745923209.2167592,0.06564415991306305,0.036429814994335175,0.040367491543293,0.018770946189761162,0.0,0.0,0.16121241450309753,0
1745923209.2256308,0.06792033463716507,0.03745409473776817,0.04105664789676666,0.017788778990507126,0.0,0.0,0.16421985626220703,0
1745923209.2365324,0.06740819662809372,0.0401475727558136,0.04047924652695656,0.014919310808181763,0.0,0.0,0.16295433044433594,0
1745923209.2480106,0.0650751143693924,0.037814490497112274,0.03876567259430885,0.015131151303648949,0.0,0.0,0.15678642690181732,0
1745923209.2604022,0.06535963714122772,0.036429814994335175,0.03759224712848663,0.015323732048273087,0.0,0.0,0.15470543503761292,0
1745923209.271894,0.06742716580629349,0.03813694790005684,0.037294235080480576,0.015631863847374916,0.0,0.0,0.15849022567272186,0
1745923209.2831807,0.06412670761346817,0.037947267293930054,0.038411784917116165,0.016768096014857292,0.0,0.0,0.15725386142730713,0
1745923209.2947643,0.06361456960439682,0.03870599344372749,0.036176688969135284,0.01821245811879635,0.0,0.0,0.1567097157239914,0
1745923209.3065755,0.06577693670988083,0.03677124157547951,0.03746186941862106,0.018385782837867737,0.0,0.0,0.15839584171772003,0
1745923209.3180754,0.0658528059720993,0.0370747335255146,0.03993909806013107,0.01832800731062889,0.0,0.0,0.16119465231895447,0
1745923209.3304696,0.06425948441028595,0.039085354655981064,0.040702756494283676,0.016228865832090378,0.0,0.0,0.16027647256851196,0
1745923209.340927,0.06359560042619705,0.039825111627578735,0.03567379340529442,0.01636367291212082,0.0,0.0,0.15545818209648132,0
1745923209.358711,0.0650751143693924,0.0401475727558136,0.03703347593545914,0.01696067675948143,0.0,0.0,0.15921685099601746,0
1745923209.3652866,0.06488543748855591,0.03961646184325218,0.036195315420627594,0.015092633664608002,0.0,0.0,0.15578985214233398,0
1745923209.3763468,0.06630804389715195,0.03669537231326103,0.037294235080480576,0.016440706327557564,0.0,0.0,0.15673835575580597,0
1745923209.3904123,0.06708573549985886,0.03587974235415459,0.03794613853096962,0.01667180471122265,0.0,0.0,0.15758341550827026,0
1745923209.4019754,0.06420258432626724,0.04115288332104683,0.03887742757797241,0.01636367291212082,0.0,0.0,0.1605965793132782,0
1745923209.4138353,0.06353870034217834,0.039199165999889374,0.037219732999801636,0.015631863847374916,0.0,0.0,0.15558947622776031,0
1745923209.426682,0.06625114381313324,0.040090665221214294,0.03932444751262665,0.01773100346326828,0.0,0.0,0.16339725255966187,0
1745923209.4339242,0.06600455194711685,0.03863012045621872,0.03805789351463318,0.017519164830446243,0.0,0.0,0.1602117270231247,0
1745923209.4456997,0.06581487506628036,0.03828869387507439,0.03645607456564903,0.015285216271877289,0.0,0.0,0.15584486722946167,0
1745923209.457259,0.06737025827169418,0.039673369377851486,0.03863529488444328,0.014591921120882034,0.0,0.0,0.1602708399295807,0
1745923209.469002,0.06706677377223969,0.03656259551644325,0.03789025917649269,0.01649848185479641,0.0,0.0,0.158018097281456,0
1745923209.480717,0.06221092864871025,0.03462784364819527,0.037368737161159515,0.01880946196615696,0.0,0.0,0.15301698446273804,0
1745923209.4922895,0.06350076198577881,0.038819801062345505,0.03789025917649269,0.016594771295785904,0.0,0.0,0.1568055897951126,0
1745923209.5034893,0.06295068562030792,0.040716614574193954,0.03461212292313576,0.015689637511968613,0.0,0.0,0.15396906435489655,0
1745923209.5161433,0.06084522232413292,0.0394836850464344,0.03789025917649269,0.01728806644678116,0.0,0.0,0.15550723671913147,0
1745923209.5291946,0.0626661628484726,0.0398440808057785,0.03766675293445587,0.017076225951313972,0.0,0.0,0.1572532206773758,0
1745923209.5378876,0.0633869543671608,0.03965440019965172,0.03667958453297615,0.016305899247527122,0.0,0.0,0.15602682530879974,0
1745923209.550219,0.06558725237846375,0.038307663053274155,0.03699622303247452,0.015227440744638443,0.0,0.0,0.15611857175827026,0
1745923209.5612445,0.06573899835348129,0.03586077317595482,0.03807651996612549,0.01372530311346054,0.0,0.0,0.15340158343315125,0
1745923209.575308,0.06573899835348129,0.03512101620435715,0.03781575709581375,0.012454263865947723,0.0,0.0,0.1511300504207611,0
1745923209.5852463,0.06700986623764038,0.03441919386386871,0.03787163645029068,0.013648271560668945,0.0,0.0,0.15294897556304932,0
1745923209.5980642,0.06560622155666351,0.036164261400699615,0.03818827494978905,0.014168241992592812,0.0,0.0,0.15412700176239014,0
1745923209.6075149,0.06710470467805862,0.03570902720093727,0.03759224712848663,0.014630438759922981,0.0,0.0,0.15503641963005066,0
1745923209.624775,0.06632701307535172,0.0356331542134285,0.03647470101714134,0.01526595838367939,0.0,0.0,0.1537008285522461,0
1745923209.631685,0.06763581931591034,0.03481752425432205,0.03664233162999153,0.015439281240105629,0.0,0.0,0.1545349657535553,0
1745923209.6434796,0.06852731853723526,0.03550037741661072,0.03593455255031586,0.015670379623770714,0.0,0.0,0.1556326299905777,0
1745923209.658468,0.06636495143175125,0.035519346594810486,0.037405990064144135,0.01464969664812088,0.0,0.0,0.15393999218940735,0
1745923209.6660972,0.06708573549985886,0.0339449904859066,0.03785300999879837,0.013359397649765015,0.0,0.0,0.15224313735961914,0
1745923209.6781693,0.06716161221265793,0.03508307784795761,0.036176688969135284,0.012338714674115181,0.0,0.0,0.15076009929180145,0
1745923209.690948,0.06551138311624527,0.03521585464477539,0.03692172095179558,0.012107616290450096,0.0,0.0,0.1497565656900406,0
1745923209.700895,0.06589074432849884,0.03620219975709915,0.03777850791811943,0.01403343491256237,0.0,0.0,0.15390488505363464,0
1745923209.713831,0.06439226120710373,0.044984444975852966,0.03187413141131401,0.015400765463709831,0.0,0.0,0.1566516011953354,0
1745923209.7264268,0.056615330278873444,0.08984408527612686,0.02391010709106922,0.031038401648402214,0.0,0.0,0.20140792429447174,0
1745923209.7365484,0.04587936773896217,0.1821809560060501,0.16010187566280365,0.06967030465602875,0.0,0.0,0.4578325152397156,0
1745923209.7479718,0.021657055243849754,0.3301324248313904,0.3844122588634491,0.1303720623254776,0.0,0.0,0.8665738105773926,0
1745923209.760226,0.011992414481937885,0.5156787037849426,0.6726277470588684,0.1958305984735489,19.66403579711914,-5.125980377197266,1.3961293697357178,0
1745923209.7799053,0.04916995391249657,0.6723934412002563,0.9054873585700989,0.2469610869884491,19.150890350341797,-4.828456878662109,1.8740118741989136,0
1745923209.7824364,0.08462139964103699,0.7735884189605713,1.1506026983261108,0.28493818640708923,18.977514266967773,-5.285645961761475,2.293750524520874,0
1745923209.7943454,0.1324779987335205,0.8696240782737732,1.3354078531265259,0.3344317078590393,18.214252471923828,-5.248051166534424,2.6719417572021484,0
1745923209.806318,0.19315706193447113,1.0163236856460571,1.5672802925109863,0.40757426619529724,17.43548583984375,-5.047474384307861,3.184335231781006,0
1745923209.8253813,0.24992869794368744,1.201566457748413,1.8314684629440308,0.4838366210460663,17.091306686401367,-4.815759658813477,3.7668004035949707,0
1745923209.8297691,0.3061312735080719,1.4231711626052856,2.194652557373047,0.5501233339309692,17.282651901245117,-4.766331672668457,4.474078178405762,0
1745923209.8403664,0.35451897978782654,1.701775074005127,2.61751389503479,0.6295247673988342,17.609092712402344,-4.7150797843933105,5.303332805633545,0
1745923209.851989,0.39641958475112915,2.2236263751983643,2.990253210067749,0.7183627486228943,18.13570213317871,-3.612133741378784,6.328661918640137,0
1745923209.8631089,0.44676101207733154,2.420306921005249,3.271707534790039,0.8033298254013062,17.91587257385254,-3.6541309356689453,6.942105293273926,0
1745923209.8747249,0.4960212707519531,2.5844571590423584,3.4770941734313965,0.932590663433075,17.31902313232422,-3.7266652584075928,7.4901628494262695,0
1745923209.8913164,0.533635139465332,2.723816156387329,3.651822566986084,0.983278214931488,17.237049102783203,-3.665562152862549,7.892552375793457,0
1745923209.8984323,0.5605319142341614,2.85611891746521,3.838304042816162,1.0311732292175293,17.24280548095703,-3.6819796562194824,8.286128044128418,0
1745923209.9115193,0.5740751624107361,2.970534563064575,4.037693023681641,1.077296495437622,17.32088851928711,-3.808255910873413,8.659599304199219,0
1745923209.9257653,0.5795949101448059,3.070117235183716,4.23006010055542,1.1240168809890747,17.40420913696289,-3.975177764892578,9.003788948059082,0
1745923209.933605,0.5888513326644897,3.1819534301757812,4.439414024353027,1.1810981035232544,17.445871353149414,-4.136145114898682,9.391316413879395,0
1745923209.9446743,0.6063589453697205,3.3315742015838623,4.704813003540039,1.2568212747573853,17.460338592529297,-4.292886257171631,9.899567604064941,0
1745923209.9595473,0.6442762613296509,3.555018663406372,5.077589511871338,1.3581000566482544,17.456207275390625,-4.416018009185791,10.634984016418457,0
1745923209.9678454,0.6923415064811707,3.8430309295654297,5.562902927398682,1.4811019897460938,17.48882484436035,-4.549578666687012,11.579377174377441,0
1745923209.9795957,0.7659189105033875,4.210121154785156,6.140749454498291,1.6374783515930176,17.447433471679688,-4.613824367523193,12.754266738891602,0
1745923209.9923625,0.8635858297348022,4.6460466384887695,6.81967830657959,1.81858229637146,17.38347625732422,-4.643885135650635,14.147893905639648,0
1745923210.002424,1.006870985031128,5.167196273803711,8.564933776855469,2.0463485717773438,17.813716888427734,-5.551359176635742,16.785350799560547,0
1745923210.0162473,1.2073073387145996,5.824347496032715,9.7103271484375,2.348201274871826,17.570112228393555,-5.52977180480957,19.09018325805664,0
1745923210.0281844,1.4958126544952393,6.614787578582764,11.009364128112793,2.737177848815918,17.15468978881836,-5.414924144744873,21.85714340209961,0
1745923210.0416908,1.8910326957702637,7.5323710441589355,12.454017639160156,3.244823455810547,16.55166244506836,-5.245716571807861,25.12224578857422,0
1745923210.0505257,2.3664119243621826,8.552800178527832,13.97723388671875,3.8623945713043213,15.871097564697266,-5.053358554840088,28.758840560913086,0
1745923210.0613692,2.8407671451568604,9.599727630615234,15.477690696716309,4.534620761871338,15.273157119750977,-4.8996734619140625,32.45280838012695,0
1745923210.0719879,3.210949182510376,11.352439880371094,16.83927345275879,5.152576923370361,15.187677383422852,-4.26745080947876,36.555240631103516,0
1745923210.0836024,3.4554293155670166,11.984097480773926,18.028661727905273,5.629505634307861,14.98756217956543,-4.414363861083984,39.097694396972656,0
1745923210.0961099,3.620774745941162,12.514389991760254,19.07064437866211,5.964752197265625,14.961811065673828,-4.539770126342773,41.170562744140625,0
1745923210.1069105,3.780998468399048,13.028654098510742,20.023780822753906,6.211641788482666,14.999956130981445,-4.598462104797363,43.04507827758789,0
1745923210.1263607,4.006927967071533,13.6002779006958,20.979843139648438,6.465811252593994,14.982545852661133,-4.585887908935547,45.05286407470703,0
1745923210.1315224,4.30635929107666,14.227288246154785,21.93633270263672,6.777292728424072,14.863059997558594,-4.524695873260498,47.24727249145508,0
1745923210.1420782,4.657876491546631,14.870687484741211,22.876562118530273,7.1492838859558105,14.657071113586426,-4.448502540588379,49.554412841796875,0
1745923210.1587193,5.0027360916137695,15.458831787109375,23.737279891967773,7.541091442108154,14.423365592956543,-4.390281677246094,51.73993682861328,0
1745923210.1659405,5.327337741851807,15.974727630615234,24.46457862854004,7.9078826904296875,14.191359519958496,-4.331259250640869,53.67452621459961,0
1745923210.1771078,5.625061511993408,16.420856475830078,25.07636260986328,8.242820739746094,13.973088264465332,-4.27595329284668,55.3651008605957,0
1745923210.1925895,5.901617050170898,16.79424476623535,25.57057762145996,8.5460786819458,13.758930206298828,-4.221546649932861,56.81251907348633,0
1745923210.2004645,6.155467510223389,17.11199951171875,25.979433059692383,8.827749252319336,13.55203914642334,-4.172801494598389,58.07465362548828,0
1745923210.2115407,6.373639106750488,17.384475708007812,26.339599609375,9.082880973815918,13.374174118041992,-4.139054775238037,59.18059539794922,0
1745923210.2246587,6.544978141784668,17.612871170043945,26.940412521362305,9.303406715393066,13.306540489196777,-4.201960563659668,60.40166473388672,0
1745923210.2346165,6.685797691345215,17.797014236450195,27.21588706970215,9.478617668151855,13.203547477722168,-4.191840171813965,61.17731857299805,0
1745923210.2463205,6.811860084533691,17.96419906616211,27.49616813659668,9.628022193908691,13.127145767211914,-4.189172267913818,61.900245666503906,0
1745923210.258155,6.956302165985107,18.134552001953125,27.83098602294922,9.936673164367676,12.950222969055176,-4.23511266708374,62.85851287841797,0
1745923210.2705526,7.138187885284424,18.348474502563477,28.21531105041504,10.147107124328613,12.839616775512695,-4.234844207763672,63.84907913208008,0
1745923210.281213,7.327375888824463,18.598968505859375,28.62561798095703,10.366958618164062,12.736610412597656,-4.226670265197754,64.9189224243164,0
1745923210.2936506,7.509640693664551,18.854202270507812,29.039501190185547,10.577065467834473,12.649147987365723,-4.2180280685424805,65.98040771484375,0
1745923210.3046625,7.6835784912109375,19.3421573638916,29.432226181030273,10.77409553527832,12.625940322875977,-4.116969108581543,67.2320556640625,0
1745923210.3158908,7.848677158355713,19.561031341552734,29.76361656188965,10.947630882263184,12.548171997070312,-4.100534439086914,68.12095642089844,0
1745923210.3282938,7.991924285888672,19.73102378845215,30.007911682128906,11.089468002319336,12.473222732543945,-4.081106662750244,68.82032775878906,0
1745923210.3387864,8.08985710144043,19.82518196105957,30.137287139892578,11.182330131530762,12.41181755065918,-4.065827369689941,69.23465728759766,0
1745923210.3512595,8.150308609008789,19.842500686645508,30.148591995239258,11.227452278137207,12.356744766235352,-4.05150032043457,69.36885833740234,0
1745923210.3628829,8.19416332244873,19.816816329956055,30.075820922851562,11.251352310180664,12.295100212097168,-4.032989978790283,69.33815002441406,0
1745923210.3872094,8.229899406433105,19.76706314086914,29.96408462524414,11.266585350036621,12.228796005249023,-4.014406681060791,69.22763061523438,0
1745923210.3934274,8.280753135681152,19.713857650756836,29.826570510864258,11.285284996032715,12.144781112670898,-3.9860541820526123,69.1064682006836,0
1745923210.3986015,8.345206260681152,19.65924835205078,29.668643951416016,11.319969177246094,12.038252830505371,-3.952096939086914,68.99307250976562,0
1745923210.409649,8.404500961303711,19.576908111572266,29.446680068969727,11.347123146057129,11.917302131652832,-3.9121694564819336,68.77521514892578,0
1745923210.421357,8.438263893127441,19.43373680114746,29.114469528198242,11.351070404052734,11.783397674560547,-3.8699705600738525,68.33753967285156,0
1745923210.438068,8.450498580932617,19.22671890258789,28.66361427307129,11.325361251831055,11.633657455444336,-3.8209171295166016,67.66619110107422,0
1745923210.4448638,8.449037551879883,18.986087799072266,28.136486053466797,11.282896995544434,11.471746444702148,-3.764434576034546,66.85450744628906,0
1745923210.4581926,8.433958053588867,18.73483657836914,27.081371307373047,11.233711242675781,11.180753707885742,-3.5744986534118652,65.48387908935547,0
1745923210.4687927,8.412315368652344,18.489105224609375,26.615726470947266,11.179306983947754,11.041871070861816,-3.535987377166748,64.69645690917969,0
1745923210.4797504,8.404443740844727,18.26080322265625,26.222461700439453,11.135956764221191,10.908469200134277,-3.507399559020996,64.02366638183594,0
1745923210.4935017,8.442646026611328,18.086790084838867,25.92046356201172,11.12846565246582,10.761712074279785,-3.4745991230010986,63.57836151123047,0
1745923210.501947,8.516109466552734,17.98550033569336,25.71099853515625,11.162513732910156,10.611427307128906,-3.4368369579315186,63.3751220703125,0
1745923210.513957,8.59602165222168,17.94325828552246,25.557838439941406,11.223196029663086,10.472037315368652,-3.39664888381958,63.3203125,0
1745923210.528057,8.67337417602539,17.914047241210938,25.4274959564209,11.283782958984375,10.34401798248291,-3.3586952686309814,63.29869842529297,0
1745923210.5362968,8.726598739624023,17.8880615234375,25.297691345214844,11.331292152404785,10.239449501037598,-3.3252475261688232,63.24364471435547,0
1745923210.5489187,8.738283157348633,17.824024200439453,25.132463455200195,11.343367576599121,10.160444259643555,-3.3025081157684326,63.03813934326172,0
1745923210.5602427,8.712827682495117,17.721349716186523,24.92603302001953,11.313478469848633,10.106157302856445,-3.285460948944092,62.67369079589844,0
1745923210.5724866,8.65554428100586,17.59303092956543,24.697494506835938,11.253219604492188,10.075508117675781,-3.275679349899292,62.19928741455078,0
1745923210.5830734,8.565653800964355,17.449783325195312,24.48601722717285,11.165922164916992,10.081801414489746,-3.281581401824951,61.667381286621094,0
1745923210.5946696,8.445832252502441,17.299365997314453,24.313560485839844,11.057209968566895,10.129541397094727,-3.307433843612671,61.115966796875,0
1745923210.6067414,8.271989822387695,17.119226455688477,24.166622161865234,10.923115730285645,10.227034568786621,-3.3674888610839844,60.480953216552734,0
1745923210.617526,8.04827880859375,16.91590690612793,24.059188842773438,10.742531776428223,10.393218040466309,-3.456623077392578,59.765907287597656,0
1745923210.6296618,7.811765193939209,16.723379135131836,24.042089462280273,10.313132286071777,10.764681816101074,-3.501788377761841,58.89036560058594,0
1745923210.6415768,7.628495216369629,16.603748321533203,24.170644760131836,10.172123908996582,10.981912612915039,-3.624772548675537,58.575008392333984,0
1745923210.6530817,7.540843486785889,16.619434356689453,24.492443084716797,10.123997688293457,11.169677734375,-3.7358226776123047,58.77671813964844,0
1745923210.6641998,7.537144660949707,16.763099670410156,24.9843692779541,10.152383804321289,11.333382606506348,-3.828704595565796,59.43699645996094,0
1745923210.6758463,7.561480522155762,16.984590530395508,26.265544891357422,10.204439163208008,11.694597244262695,-4.103874683380127,61.01605224609375,0
1745923210.6940153,7.56112003326416,17.218164443969727,26.942590713500977,10.236580848693848,11.913878440856934,-4.202777862548828,61.958457946777344,0
1745923210.7013845,7.541374206542969,17.431896209716797,27.62604522705078,10.251371383666992,12.146653175354004,-4.311601638793945,62.850685119628906,0
1745923210.711327,7.538870811462402,17.65029525756836,28.355710983276367,10.274365425109863,12.369272232055664,-4.42279052734375,63.81924057006836,0
1745923210.7278972,7.5474629402160645,17.903974533081055,29.118213653564453,10.306083679199219,12.589020729064941,-4.522955894470215,64.875732421875,0
1745923210.7340953,7.538054943084717,18.165508270263672,29.874570846557617,10.3236083984375,12.822052001953125,-4.618800163269043,65.90174102783203,0
1745923210.7456787,7.509982109069824,18.420856475830078,30.623010635375977,10.320950508117676,13.068633079528809,-4.714415073394775,66.87480163574219,0
1745923210.7605963,7.455904006958008,18.904335021972656,31.36811637878418,10.285381317138672,13.392480850219727,-4.721963882446289,68.01373291015625,0
1745923210.7701051,7.417550563812256,19.17169189453125,32.129425048828125,10.243147850036621,13.658742904663086,-4.8062825202941895,68.9618148803711,0
1745923210.7801528,7.431321144104004,19.484609603881836,32.94614791870117,10.254317283630371,13.87497615814209,-4.877250671386719,70.11639404296875,0
1745923210.7934563,7.447633743286133,19.775087356567383,33.72385025024414,10.280990600585938,14.061534881591797,-4.947866916656494,71.2275619506836,0
1745923210.8048217,7.4626946449279785,20.052343368530273,34.44576644897461,10.303656578063965,14.23229694366455,-5.008300304412842,72.26445770263672,0
1745923210.8150263,7.476579189300537,20.302400588989258,35.09748458862305,10.321374893188477,14.383676528930664,-5.0607709884643555,73.19783782958984,0
1745923210.8270633,7.415767192840576,20.447052001953125,35.5841178894043,10.28239631652832,14.55762767791748,-5.127913475036621,73.72933197021484,0
1745923210.8401554,7.24899959564209,20.453994750976562,35.85069274902344,10.126077651977539,14.794145584106445,-5.208339691162109,73.67976379394531,0
1745923210.8506908,7.024796009063721,20.37859535217285,35.9645881652832,9.882518768310547,15.074358940124512,-5.287581443786621,73.25050354003906,0
1745923210.8620818,6.753589630126953,20.231460571289062,35.95991516113281,9.581764221191406,15.386996269226074,-5.373042583465576,72.5267333984375,0
1745923210.8734221,6.468024730682373,20.034494400024414,35.8541374206543,9.244438171386719,15.711111068725586,-5.454066753387451,71.6010971069336,0
1745923210.8856285,6.192000389099121,19.835290908813477,35.70553970336914,8.909904479980469,16.028398513793945,-5.525709629058838,70.64273071289062,0
1745923210.897585,5.898866653442383,19.60433578491211,35.18265914916992,8.56982421875,16.300647735595703,-5.533624172210693,69.25568389892578,0
1745923210.9092038,5.579500198364258,19.30361557006836,34.75450897216797,8.201434135437012,16.624073028564453,-5.594555854797363,67.83905792236328,0
1745923210.9245594,5.248373508453369,18.95391845703125,34.241127014160156,7.815732479095459,16.95865821838379,-5.658778667449951,66.2591552734375,0
1745923210.9316335,4.914060115814209,18.57061004638672,33.64807891845703,7.424078941345215,17.2972469329834,-5.721118450164795,64.55683135986328,0
1745923210.943985,4.583730220794678,18.163421630859375,32.989437103271484,7.0357184410095215,17.634136199951172,-5.780224800109863,62.77230453491211,0
1745923210.9599948,4.25567626953125,17.734779357910156,32.26479721069336,6.6561784744262695,17.967994689941406,-5.837014198303223,60.91143035888672,0
1745923210.9661946,3.9258012771606445,17.27241325378418,31.471805572509766,6.281491279602051,18.303752899169922,-5.897333145141602,58.95151138305664,0
1745923210.9776247,3.61580491065979,16.22776222229004,30.650278091430664,5.916163444519043,18.537315368652344,-6.225497245788574,56.41000747680664,0
1745923210.9943662,3.3507821559906006,15.70949649810791,29.865257263183594,5.586001396179199,18.81919288635254,-6.314454078674316,54.511539459228516,0
1745923211.0007403,3.1218936443328857,15.19631290435791,29.110055923461914,5.30539083480835,19.05072784423828,-6.410367012023926,52.73365020751953,0
1745923211.0129683,2.9147047996520996,14.670156478881836,28.33822250366211,4.849780559539795,19.43614959716797,-6.453564643859863,50.772865295410156,0
1745923211.0287764,2.7269582748413086,14.142898559570312,27.551040649414062,4.652673244476318,19.578779220581055,-6.5617995262146,49.073570251464844,0
1745923211.0367785,2.545262575149536,13.58929443359375,26.705392837524414,4.456297874450684,19.7099666595459,-6.672194480895996,47.29624938964844,0
1745923211.047282,2.3600575923919678,12.99363899230957,25.73053741455078,4.255800724029541,19.828672409057617,-6.777353286743164,45.34003829956055,0
1745923211.0605092,2.1601333618164062,12.347830772399902,24.624313354492188,4.044808387756348,19.952289581298828,-6.887548923492432,43.177085876464844,0
1745923211.0711596,1.951977252960205,11.634495735168457,23.357351303100586,3.819159984588623,20.071638107299805,-7.001224517822266,40.76298522949219,0
1745923211.083254,1.7330660820007324,10.883243560791016,21.987590789794922,3.5913164615631104,20.193645477294922,-7.126927375793457,38.19521713256836,0
1745923211.0940554,1.506377935409546,10.073817253112793,20.50961685180664,3.3539979457855225,20.32077407836914,-7.277767658233643,35.443809509277344,0
1745923211.1062636,1.268839955329895,9.206707954406738,18.899267196655273,3.1034297943115234,20.461196899414062,-7.453301429748535,32.47824478149414,0
1745923211.117388,1.0270341634750366,8.262663841247559,15.183719635009766,2.8355870246887207,20.079288482666016,-6.712869644165039,27.309003829956055,0
1745923211.129261,0.7813400030136108,7.258167743682861,13.144140243530273,2.552800178527832,20.133960723876953,-6.774648189544678,23.736446380615234,0
1745923211.1422486,0.5453384518623352,6.256062030792236,11.147603988647461,2.2746541500091553,20.191343307495117,-6.8750176429748535,20.22365951538086,0
1745923211.1590457,0.3415257930755615,5.306308746337891,9.302552223205566,2.0145726203918457,20.22270393371582,-7.017705917358398,16.9649600982666,0
1745923211.163734,0.17821018397808075,4.452476978302002,7.580728054046631,1.7698012590408325,20.197486877441406,-7.089274883270264,13.981216430664062,0
1745923211.175497,0.03344536945223808,3.6491386890411377,5.940299034118652,1.5147652626037598,20.215612411499023,-7.11299991607666,11.13764762878418,0
1745923211.1929805,0.08258270472288132,2.8831863403320312,4.451427936553955,1.252642273902893,19.37554931640625,-6.632685661315918,8.669839859008789,0
1745923211.1993754,0.17010167241096497,1.5508077144622803,3.110445499420166,0.9862247109413147,16.869205474853516,-8.575899124145508,5.817579746246338,0
1745923211.2107809,0.21224886178970337,1.0080914497375488,1.9362013339996338,0.7200959920883179,14.531805038452148,-7.77867317199707,3.8766374588012695,0
1745923211.2258625,0.20111456513404846,0.5688653588294983,0.984460711479187,0.46844935417175293,11.132060050964355,-6.451751232147217,2.2228899002075195,0
1745923211.233219,0.15877769887447357,0.2734556198120117,0.2948780953884125,0.23756307363510132,0.0,0.0,0.9646745324134827,0
1745923211.2448497,0.159972682595253,0.13009445369243622,0.055063240230083466,0.11823942512273788,0.0,0.0,0.46336981654167175,0
1745923211.2584958,0.14878149330615997,0.09293588995933533,0.17099015414714813,0.08515387773513794,0.0,0.0,0.49786141514778137,0
1745923211.2680087,0.13622458279132843,0.0995747372508049,0.15979605913162231,0.08759966492652893,0.0,0.0,0.483195036649704,0
1745923211.2803323,0.13324658572673798,0.09151328355073929,0.15472984313964844,0.0788564532995224,0.0,0.0,0.4583461880683899,0
1745923211.2935731,0.1296236664056778,0.09490858018398285,0.14392688870429993,0.08018526434898376,0.0,0.0,0.44864439964294434,0
1745923211.3039765,0.12539377808570862,0.08633498102426529,0.14318186044692993,0.07371451705694199,0.0,0.0,0.4286251366138458,0
1745923211.3165052,0.12472990155220032,0.08633498102426529,0.13712847232818604,0.07377229630947113,0.0,0.0,0.42196565866470337,0
1745923211.3261797,0.12433157116174698,0.08642981946468353,0.13737061619758606,0.07227015495300293,0.0,0.0,0.4204021692276001,0
1745923211.3377275,0.12309864163398743,0.08504515141248703,0.12602749466896057,0.06712822616100311,0.0,0.0,0.40129953622817993,0
1745923211.3490999,0.11958953738212585,0.0833759531378746,0.12213470041751862,0.06766745448112488,0.0,0.0,0.39276763796806335,0
1745923211.361704,0.11898255348205566,0.08481752872467041,0.12027212232351303,0.06689712405204773,0.0,0.0,0.39096933603286743,0
1745923211.3722496,0.11843247711658478,0.08312936872243881,0.11816740781068802,0.06595347821712494,0.0,0.0,0.38568270206451416,0
1745923211.384511,0.11537861078977585,0.08237063884735107,0.1145353764295578,0.06579940766096115,0.0,0.0,0.37808406352996826,0
1745923211.406347,0.11154704540967941,0.08208611607551575,0.11025144904851913,0.0626988410949707,0.0,0.0,0.3665834665298462,0
1745923211.4197574,0.11059863865375519,0.08180160075426102,0.10725269466638565,0.06576089560985565,0.0,0.0,0.3654138445854187,0
1745923211.4197574,0.11059863865375519,0.08185850083827972,0.10730857402086258,0.06651196628808975,0.0,0.0,0.36627766489982605,0
1745923211.4300792,0.10959333181381226,0.07895638048648834,0.10647041350603104,0.06491353362798691,0.0,0.0,0.35993367433547974,0
1745923211.4417188,0.10873976349830627,0.0788046345114708,0.10814673453569412,0.06254477798938751,0.0,0.0,0.3582358956336975,0
1745923211.4544425,0.10885357111692429,0.08053073287010193,0.1062096506357193,0.05936717987060547,0.0,0.0,0.3549611568450928,0
1745923211.4670799,0.10731714963912964,0.07833042740821838,0.10384417325258255,0.06088857352733612,0.0,0.0,0.3503803014755249,0
1745923211.4772937,0.10435812175273895,0.07817868143320084,0.10146007686853409,0.05888572335243225,0.0,0.0,0.34288260340690613,0
1745923211.4920423,0.10652048885822296,0.07647155225276947,0.09952299296855927,0.05934792011976242,0.0,0.0,0.3418629765510559,0
1745923211.5004072,0.1052306592464447,0.07571282982826233,0.09620760381221771,0.060657478868961334,0.0,0.0,0.3378085792064667,0
1745923211.5121455,0.10490819811820984,0.07692679017782211,0.09471753984689713,0.061889998614788055,0.0,0.0,0.33844253420829773,0
1745923211.526468,0.10636874288320541,0.07692679017782211,0.09414013475179672,0.05902053415775299,0.0,0.0,0.33645617961883545,0
1745923211.5350049,0.10581866651773453,0.07554211467504501,0.09494104981422424,0.05686361342668533,0.0,0.0,0.3331654369831085,0
1745923211.5466385,0.10356146097183228,0.07411950081586838,0.09453128278255463,0.05796132981777191,0.0,0.0,0.3301736116409302,0
1745923211.5584815,0.10524962842464447,0.0744040235877037,0.09155115485191345,0.057287298142910004,0.0,0.0,0.32849210500717163,0
1745923211.570026,0.10314416140317917,0.0760921910405159,0.09058260917663574,0.05609329044818878,0.0,0.0,0.3259122371673584,0
1745923211.5817535,0.10014719516038895,0.07679401338100433,0.08929743617773056,0.056805841624736786,0.0,0.0,0.3230445086956024,0
1745923211.5934741,0.10054552555084229,0.07480235397815704,0.09075024724006653,0.05426376312971115,0.0,0.0,0.3203619122505188,0
1745923211.6039305,0.10172155499458313,0.07449886202812195,0.08734172582626343,0.05495705455541611,0.0,0.0,0.3185192048549652,0
1745923211.6178226,0.09821245074272156,0.07341767847537994,0.08713684231042862,0.057422101497650146,0.0,0.0,0.31618908047676086,0
1745923211.62784,0.09908498078584671,0.0729055404663086,0.08726722002029419,0.05613180249929428,0.0,0.0,0.3153895437717438,0
1745923211.6441932,0.10158877819776535,0.07269689440727234,0.08454785495996475,0.05532296001911163,0.0,0.0,0.3141564726829529,0
1745923211.6519103,0.10113354027271271,0.0726589560508728,0.08370969444513321,0.05722951889038086,0.0,0.0,0.3147317171096802,0
1745923211.662738,0.10117147862911224,0.07315212488174438,0.08411946147680283,0.05686361342668533,0.0,0.0,0.3153066635131836,0
1745923211.6745393,0.101076640188694,0.07081905007362366,0.0840635895729065,0.0573643296957016,0.0,0.0,0.31332361698150635,0
1745923211.6859422,0.10198710858821869,0.07030690461397171,0.08318817615509033,0.05694064497947693,0.0,0.0,0.31242284178733826,0
1745923211.6987038,0.09880045801401138,0.07184332609176636,0.08173536509275436,0.053320109844207764,0.0,0.0,0.30569925904273987,0
1745923211.7087479,0.09935053437948227,0.07214681804180145,0.08229413628578186,0.05395562946796417,0.0,0.0,0.30774712562561035,0
1745923211.7283921,0.09980577230453491,0.07138808816671371,0.08359794318675995,0.05399414896965027,0.0,0.0,0.30878594517707825,0
1745923211.733928,0.0969226136803627,0.07038278132677078,0.08134422451257706,0.05557331442832947,0.0,0.0,0.3042229413986206,0
1745923211.7441897,0.09899014234542847,0.07081905007362366,0.07963065057992935,0.05676732212305069,0.0,0.0,0.30620715022087097,0
1745923211.760114,0.09749165922403336,0.0712742805480957,0.08058056235313416,0.05495705455541611,0.0,0.0,0.3043035566806793,0
1745923211.7683446,0.09578453004360199,0.07201404124498367,0.08004041761159897,0.053897857666015625,0.0,0.0,0.30173686146736145,0
1745923211.7792356,0.09477921575307846,0.07062936574220657,0.07774944603443146,0.05368601530790329,0.0,0.0,0.2968440353870392,0
1745923211.7934952,0.09752959758043289,0.06842906028032303,0.07828959077596664,0.053897857666015625,0.0,0.0,0.2981460988521576,0
1745923211.801934,0.09745372086763382,0.07064833492040634,0.07869935780763626,0.05534221976995468,0.0,0.0,0.3021436333656311,0
1745923211.81351,0.09597420692443848,0.0681445375084877,0.07899737358093262,0.05509186536073685,0.0,0.0,0.29820796847343445,0
1745923211.8284142,0.09324279427528381,0.068087637424469,0.0780102014541626,0.053763046860694885,0.0,0.0,0.2931036949157715,0
1745923211.8366494,0.09183915704488754,0.06649431586265564,0.0766877755522728,0.05312752723693848,0.0,0.0,0.28814879059791565,0
1745923211.8496728,0.09339454025030136,0.06674090027809143,0.07784257084131241,0.05368601530790329,0.0,0.0,0.2916640341281891,0
1745923211.8601468,0.09436191618442535,0.06867565214633942,0.07568198442459106,0.054860763251781464,0.0,0.0,0.2935803234577179,0
1745923211.872457,0.09557587653398514,0.0688084289431572,0.07428504526615143,0.05518815666437149,0.0,0.0,0.29385751485824585,0
1745923211.883149,0.09544309973716736,0.06905501335859299,0.07402428239583969,0.053897857666015625,0.0,0.0,0.29242026805877686,0
1745923211.8955786,0.09597420692443848,0.06846699863672256,0.07292536646127701,0.05470670014619827,0.0,0.0,0.29207324981689453,0
1745923211.9059596,0.0930720865726471,0.06930159777402878,0.07180781662464142,0.05522666871547699,0.0,0.0,0.2894081771373749,0
1745923211.9191475,0.09269271790981293,0.0678410530090332,0.07203132659196854,0.053493432700634,0.0,0.0,0.28605854511260986,0
1745923211.9312246,0.09441882371902466,0.06630463153123856,0.07152842730283737,0.05339714139699936,0.0,0.0,0.28564903140068054,0
1745923211.9504666,0.0934893861413002,0.06660812348127365,0.0719568207859993,0.053146786987781525,0.0,0.0,0.2852011024951935,0
1745923211.9592516,0.09176328033208847,0.0674237534403801,0.07292536646127701,0.05324307829141617,0.0,0.0,0.28535547852516174,0
1745923211.9657023,0.09085281193256378,0.06723406910896301,0.07361451536417007,0.05301198363304138,0.0,0.0,0.28471338748931885,0
1745923211.9773445,0.09161153435707092,0.06732890754938126,0.071193166077137,0.055477023124694824,0.0,0.0,0.2856106162071228,0
1745923211.9930627,0.09125114232301712,0.0646544024348259,0.0706343948841095,0.053936369717121124,0.0,0.0,0.28047630190849304,0
1745923212.0007772,0.09064416587352753,0.06433194875717163,0.06826892495155334,0.05139429122209549,0.0,0.0,0.2746393382549286,0
1745923212.010808,0.09255994111299515,0.06416123360395432,0.06849243491888046,0.05166390538215637,0.0,0.0,0.2768775224685669,0
1745923212.026628,0.0903596431016922,0.06510964035987854,0.06806404143571854,0.051143936812877655,0.0,0.0,0.2746772766113281,0
1745923212.034076,0.08768513053655624,0.06486305594444275,0.06847380846738815,0.05106690526008606,0.0,0.0,0.2720889151096344,0
1745923212.0458329,0.08946813642978668,0.06448368728160858,0.06972172856330872,0.05037360638380051,0.0,0.0,0.2740471661090851,0
1745923212.0596418,0.08984749764204025,0.06438884884119034,0.06756114214658737,0.05399414896965027,0.0,0.0,0.27579164505004883,0
1745923212.0705261,0.08977162837982178,0.06541313230991364,0.06746800988912582,0.054514117538928986,0.0,0.0,0.27716687321662903,0
1745923212.0815878,0.08869044482707977,0.06791692227125168,0.06914433091878891,0.05447559803724289,0.0,0.0,0.28022730350494385,0
1745923212.0935302,0.08880425244569778,0.06334560364484787,0.0689394474029541,0.052511267364025116,0.0,0.0,0.27360057830810547,0
1745923212.1041355,0.08954401314258575,0.06344044208526611,0.06622008234262466,0.05351269245147705,0.0,0.0,0.2727172374725342,0
1745923212.1153462,0.08857663720846176,0.06209370121359825,0.06655535101890564,0.050508417189121246,0.0,0.0,0.2677341103553772,0
1745923212.1289961,0.08787481486797333,0.06186608597636223,0.0678032785654068,0.04785078763961792,0.0,0.0,0.26539498567581177,0
1745923212.1395454,0.08719196170568466,0.06340250372886658,0.06692786514759064,0.05043138563632965,0.0,0.0,0.2679537236690521,0
1745923212.15012,0.0875333920121193,0.06488202512264252,0.06564268469810486,0.05156761407852173,0.0,0.0,0.269625723361969,0
1745923212.1615648,0.08922155201435089,0.06319385766983032,0.06752388924360275,0.05228017270565033,0.0,0.0,0.2722194790840149,0
1745923212.1732337,0.08886115998029709,0.06395258009433746,0.06834342330694199,0.048852212727069855,0.0,0.0,0.2700093686580658,0
1745923212.1852949,0.0872868001461029,0.06641843914985657,0.06564268469810486,0.050238803029060364,0.0,0.0,0.2695867419242859,0
1745923212.1987638,0.08745751529932022,0.0660959854722023,0.06655535101890564,0.05100913345813751,0.0,0.0,0.2711179852485657,0
1745923212.2084324,0.08573141694068909,0.06583043187856674,0.0657358169555664,0.049141086637973785,0.0,0.0,0.266438752412796,0
1745923212.2263446,0.08834902197122574,0.06548900157213211,0.06389186531305313,0.046059779822826385,0.0,0.0,0.26378968358039856,0
1745923212.2327373,0.08842489123344421,0.06478717923164368,0.06795228272676468,0.046213842928409576,0.0,0.0,0.26737818121910095,0
1745923212.2425444,0.09037861227989197,0.06264378130435944,0.06422712653875351,0.04717675596475601,0.0,0.0,0.26442626118659973,0
1745923212.2587247,0.08882322162389755,0.06408535689115524,0.06333308666944504,0.04804337024688721,0.0,0.0,0.26428502798080444,0
1745923212.266986,0.08770409971475601,0.06207473203539848,0.0638359859585762,0.04754266142845154,0.0,0.0,0.26115748286247253,0
1745923212.2808788,0.08664188534021378,0.060139987617731094,0.0649535283446312,0.04846704751253128,0.0,0.0,0.26020243763923645,0
1745923212.2943342,0.08491578698158264,0.06175227835774422,0.06437613070011139,0.050855062901973724,0.0,0.0,0.26189926266670227,0
1745923212.3012354,0.08529514819383621,0.06615288555622101,0.06359384953975677,0.05125948786735535,0.0,0.0,0.26630139350891113,0
1745923212.3127506,0.08645220845937729,0.06590630114078522,0.06271843612194061,0.04983437806367874,0.0,0.0,0.26491132378578186,0
1745923212.327939,0.08516237139701843,0.062454093247652054,0.06351934373378754,0.048987023532390594,0.0,0.0,0.2601228356361389,0
1745923212.3362167,0.08430880308151245,0.061790209263563156,0.06277431547641754,0.04994992911815643,0.0,0.0,0.2588232755661011,0
1745923212.347531,0.08607283979654312,0.05941919609904289,0.06266255676746368,0.048909991979599,0.0,0.0,0.2570645809173584,0
1745923212.360374,0.08960091322660446,0.061922986060380936,0.062439050525426865,0.04840927571058273,0.0,0.0,0.262372225522995,0
1745923212.3708043,0.08971472084522247,0.06270068883895874,0.06355659663677216,0.04837075620889664,0.0,0.0,0.2643427550792694,0
1745923212.3833869,0.0859021320939064,0.06328869611024857,0.061936154961586,0.049314409494400024,0.0,0.0,0.260441392660141,0
1745923212.3951876,0.08567450940608978,0.061885055154561996,0.06201066076755524,0.0497380867600441,0.0,0.0,0.2593083083629608,0
1745923212.4059038,0.08472610265016556,0.06139187887310982,0.06158226728439331,0.04536648094654083,0.0,0.0,0.2530667185783386,0
1745923212.4177377,0.08364491909742355,0.06243513152003288,0.06398499011993408,0.04873666167259216,0.0,0.0,0.2588016986846924,0
1745923212.4293952,0.08203262835741043,0.0615815632045269,0.06262531131505966,0.04933366924524307,0.0,0.0,0.2555731534957886,0
1745923212.4419334,0.0848778486251831,0.06226441636681557,0.062271419912576675,0.05029657483100891,0.0,0.0,0.25971025228500366,0
1745923212.452617,0.08453642576932907,0.06048141047358513,0.06264393776655197,0.04994992911815643,0.0,0.0,0.2576116919517517,0
1745923212.4639957,0.08430880308151245,0.059836495667696,0.06178715080022812,0.04694565385580063,0.0,0.0,0.2528780996799469,0
1745923212.4755304,0.08290516585111618,0.0615815632045269,0.062439050525426865,0.04677233099937439,0.0,0.0,0.25369811058044434,0
1745923212.49187,0.0854848325252533,0.05985546484589577,0.06437613070011139,0.04704194515943527,0.0,0.0,0.25675836205482483,0
1745923212.4992821,0.08480197936296463,0.05924848094582558,0.06471139937639236,0.05004622042179108,0.0,0.0,0.25880807638168335,0
1745923212.5110302,0.08076176792383194,0.061031486839056015,0.05962655693292618,0.04933366924524307,0.0,0.0,0.2507534623146057,0
1745923212.526862,0.0831327810883522,0.05792071297764778,0.058881524950265884,0.04908331483602524,0.0,0.0,0.2490183413028717,0
1745923212.5375247,0.08322761952877045,0.05841388180851936,0.061079367995262146,0.04738859087228775,0.0,0.0,0.25010946393013,0
1745923212.5463877,0.0823550894856453,0.058489758521318436,0.06309095025062561,0.04677233099937439,0.0,0.0,0.25070813298225403,0
1745923212.5616298,0.0847640410065651,0.05970371887087822,0.06266255676746368,0.04575164616107941,0.0,0.0,0.2528819441795349,0
1745923212.5679035,0.0851244330406189,0.05816729739308357,0.060148078948259354,0.04644494503736496,0.0,0.0,0.24988475441932678,0
1745923212.5796807,0.08351214230060577,0.057863809168338776,0.05802474170923233,0.045597583055496216,0.0,0.0,0.2449982762336731,0
1745923212.594276,0.08011684566736221,0.05919158086180687,0.05925404280424118,0.045597583055496216,0.0,0.0,0.24416005611419678,0
1745923212.603286,0.08083763718605042,0.05936228856444359,0.0596638098359108,0.04632939398288727,0.0,0.0,0.24619312584400177,0
1745923212.6148956,0.08167223632335663,0.05716198682785034,0.05688856542110443,0.04555906355381012,0.0,0.0,0.24128185212612152,0
1745923212.6278932,0.08351214230060577,0.058888088911771774,0.05659055337309837,0.04580942541360855,0.0,0.0,0.24480020999908447,0
1745923212.6379547,0.083379365503788,0.05841388180851936,0.05554750934243202,0.04627162218093872,0.0,0.0,0.2436123788356781,0
1745923212.650183,0.08339833468198776,0.059267450124025345,0.05718658119440079,0.04767746478319168,0.0,0.0,0.24752983450889587,0
1745923212.6615267,0.08392944186925888,0.05960887297987938,0.05776397883892059,0.0465412363409996,0.0,0.0,0.24784353375434875,0
1745923212.6724186,0.0803634375333786,0.05877428129315376,0.06053922325372696,0.045482032001018524,0.0,0.0,0.24515897035598755,0
1745923212.6847262,0.07913050800561905,0.0564032606780529,0.0613773837685585,0.04675307124853134,0.0,0.0,0.2436642348766327,0
1745923212.6976998,0.07899773120880127,0.05756031721830368,0.05893740430474281,0.045828677713871,0.0,0.0,0.24132412672042847,0
1745923212.7076197,0.0803065299987793,0.05718095600605011,0.05964518338441849,0.04600200057029724,0.0,0.0,0.24313467741012573,0
1745923212.7190132,0.08250683546066284,0.0580914281308651,0.059924568980932236,0.047465622425079346,0.0,0.0,0.24798846244812012,0
1745923212.7305827,0.083379365503788,0.05625151842832565,0.058658018708229065,0.04496206343173981,0.0,0.0,0.24325096607208252,0
1745923212.7435453,0.08392944186925888,0.05617564544081688,0.059980448335409164,0.044095441699028015,0.0,0.0,0.24418097734451294,0
1745923212.760472,0.08180501312017441,0.055378980934619904,0.06012945622205734,0.04642568528652191,0.0,0.0,0.24373914301395416,0
1745923212.7667418,0.0816912055015564,0.05241995304822922,0.061097994446754456,0.046079039573669434,0.0,0.0,0.2412882000207901,0
1745923212.777413,0.0792822539806366,0.05439263954758644,0.06011082977056503,0.045443519949913025,0.0,0.0,0.2392292469739914,0
1745923212.7933435,0.07924431562423706,0.05431676656007767,0.056236665695905685,0.04571313410997391,0.0,0.0,0.23551088571548462,0
1745923212.800547,0.08243095874786377,0.05388050153851509,0.05662780627608299,0.0466182678937912,0.0,0.0,0.23955753445625305,0
1745923212.8118277,0.08191882073879242,0.05353907495737076,0.057559095323085785,0.04631013423204422,0.0,0.0,0.23932713270187378,0
1745923212.82728,0.08114112913608551,0.051926784217357635,0.05804336443543434,0.046233102679252625,0.0,0.0,0.23734436929225922,0
1745923212.83519,0.08106525242328644,0.0543547049164772,0.05897465720772743,0.04769672453403473,0.0,0.0,0.2420913428068161,0
1745923212.8475106,0.08163429796695709,0.05439263954758644,0.05932854488492012,0.0466182678937912,0.0,0.0,0.24197374284267426,0
1745923212.8599901,0.08212747424840927,0.05338732898235321,0.0568326897919178,0.04536648094654083,0.0,0.0,0.23771396279335022,0
1745923212.8696687,0.08470713347196579,0.05075075849890709,0.05850901082158089,0.04688788205385208,0.0,0.0,0.24085476994514465,0
1745923212.8817616,0.08360698819160461,0.05171813443303108,0.06048334389925003,0.04521241784095764,0.0,0.0,0.24102088809013367,0
1745923212.8977613,0.08085660636425018,0.051035281270742416,0.05930991843342781,0.04355621337890625,0.0,0.0,0.23475801944732666,0
1745923212.9059868,0.0799461379647255,0.04985925555229187,0.05787573382258415,0.04340215027332306,0.0,0.0,0.23108327388763428,0
1745923212.9172668,0.08303794264793396,0.04982132092118263,0.05668368190526962,0.0428244024515152,0.0,0.0,0.2323673516511917,0
1745923212.92864,0.08282928913831711,0.05171813443303108,0.05685131624341011,0.04629087448120117,0.0,0.0,0.23768961429595947,0
1745923212.9395874,0.07916843891143799,0.049043625593185425,0.05789436027407646,0.045116126537323,0.0,0.0,0.23122255504131317,0
1745923212.9554973,0.08004097640514374,0.050048936158418655,0.058732520788908005,0.04430728405714035,0.0,0.0,0.23312970995903015,0
1745923212.9650562,0.07886495441198349,0.05190781503915787,0.05780123174190521,0.04434580355882645,0.0,0.0,0.2329198122024536,0
1745923212.974674,0.07827693969011307,0.05171813443303108,0.058881524950265884,0.04636790603399277,0.0,0.0,0.2352445125579834,0
1745923212.9864495,0.08134977519512177,0.05274241045117378,0.05893740430474281,0.043459922075271606,0.0,0.0,0.23648950457572937,0
1745923213.0001495,0.08026859164237976,0.05039036273956299,0.05700032040476799,0.042843662202358246,0.0,0.0,0.2305029332637787,0
1745923213.0259838,0.08049621433019638,0.05025758594274521,0.05545438081026077,0.04220814257860184,0.0,0.0,0.2284163236618042,0
1745923213.027499,0.08134977519512177,0.04957473278045654,0.05705619975924492,0.04303624480962753,0.0,0.0,0.23101696372032166,0
1745923213.0406935,0.08218437433242798,0.04938505217432976,0.0572052039206028,0.04386434704065323,0.0,0.0,0.23263898491859436,0
1745923213.045459,0.0827154815196991,0.05298899859189987,0.05545438081026077,0.04471170902252197,0.0,0.0,0.2358705699443817,0
1745923213.0592194,0.08085660636425018,0.05300796777009964,0.056273914873600006,0.04523167759180069,0.0,0.0,0.23537015914916992,0
1745923213.0679643,0.08140668272972107,0.05314074456691742,0.057633597403764725,0.04434580355882645,0.0,0.0,0.23652681708335876,0
1745923213.0786748,0.08134977519512177,0.05490478128194809,0.05692581832408905,0.0435369610786438,0.0,0.0,0.2367173284292221,0
1745923213.0936496,0.08106525242328644,0.05425986275076866,0.055323999375104904,0.04386434704065323,0.0,0.0,0.23451346158981323,0
1745923213.103072,0.08100835233926773,0.05262860283255577,0.05560338869690895,0.04326733946800232,0.0,0.0,0.23250767588615417,0
1745923213.1135728,0.0820515975356102,0.05078869313001633,0.05694444477558136,0.04245849698781967,0.0,0.0,0.23224323987960815,0
1745923213.1289525,0.08157739788293839,0.052078526467084885,0.05489560589194298,0.04138004034757614,0.0,0.0,0.2299315631389618,0
1745923213.1374087,0.07905463129281998,0.05342526361346245,0.0543740838766098,0.03987790644168854,0.0,0.0,0.22673188149929047,0
1745923213.1488147,0.07947193086147308,0.05226820707321167,0.05424370616674423,0.04001270979642868,0.0,0.0,0.22599655389785767,0
1745923213.1604545,0.08019272238016129,0.051831942051649094,0.05610628426074982,0.04134152829647064,0.0,0.0,0.22947247326374054,0
1745923213.1714056,0.07907360047101974,0.051680196076631546,0.0545603446662426,0.043325118720531464,0.0,0.0,0.22863927483558655,0
1745923213.1833267,0.07945296168327332,0.05027655512094498,0.055249497294425964,0.043902866542339325,0.0,0.0,0.2288818657398224,0
1745923213.1955423,0.0807238295674324,0.05141464248299599,0.05364767834544182,0.044384315609931946,0.0,0.0,0.23017047345638275,0
1745923213.206866,0.08184295147657394,0.05075075849890709,0.051393959671258926,0.042381465435028076,0.0,0.0,0.22636912763118744,0
1745923213.218702,0.08265858143568039,0.05150948464870453,0.05299577862024307,0.042092591524124146,0.0,0.0,0.22925642132759094,0
1745923213.2305076,0.07966161519289017,0.05198368802666664,0.05254875868558884,0.04338289052248001,0.0,0.0,0.22757694125175476,0
1745923213.2416,0.07780273258686066,0.04961267113685608,0.052660513669252396,0.04303624480962753,0.0,0.0,0.22311216592788696,0
1745923213.2530425,0.07691123336553574,0.050181712955236435,0.053982943296432495,0.04234295338392258,0.0,0.0,0.22341883182525635,0
1745923213.2660892,0.07823900133371353,0.052173368632793427,0.053982943296432495,0.04141855984926224,0.0,0.0,0.2258138656616211,0
1745923213.2766154,0.07875113934278488,0.052192337810993195,0.05202723667025566,0.04157262295484543,0.0,0.0,0.22454333305358887,0
1745923213.2931876,0.07700607180595398,0.04923330619931221,0.053014401346445084,0.03916535526514053,0.0,0.0,0.2184191346168518,0
1745923213.2996016,0.0775940865278244,0.050162747502326965,0.052660513669252396,0.04087933152914047,0.0,0.0,0.22129666805267334,0
1745923213.311513,0.07886495441198349,0.05021965131163597,0.05457896739244461,0.04215037077665329,0.0,0.0,0.22581395506858826,0
1745923213.3280172,0.07987026125192642,0.05065591633319855,0.05539850518107414,0.04070600867271423,0.0,0.0,0.22663070261478424,0
1745923213.3352711,0.07812519371509552,0.051073215901851654,0.05415057763457298,0.043440669775009155,0.0,0.0,0.226789653301239,0
1745923213.3458052,0.07698710262775421,0.049935128539800644,0.05251150578260422,0.04126448929309845,0.0,0.0,0.22069822251796722,0
1745923213.3606656,0.07662671059370041,0.04906259477138519,0.051710598170757294,0.04259330779314041,0.0,0.0,0.2199932038784027,0
1745923213.369482,0.07713884860277176,0.049536798149347305,0.05377805978059769,0.04324808716773987,0.0,0.0,0.22370180487632751,0
1745923213.38152,0.07905463129281998,0.05186987668275833,0.05476522818207741,0.0427088588476181,0.0,0.0,0.22839859127998352,0
1745923213.3956304,0.07871320843696594,0.052837252616882324,0.05545438081026077,0.041919268667697906,0.0,0.0,0.22892409563064575,0
1745923213.4069405,0.07971851527690887,0.05088353529572487,0.05295852571725845,0.041630394756793976,0.0,0.0,0.22519096732139587,0
1745923213.4175029,0.0762663185596466,0.05039036273956299,0.05014603212475777,0.03972383588552475,0.0,0.0,0.21652653813362122,0
1745923213.429213,0.07787860929965973,0.04925227537751198,0.051338080316782,0.040513426065444946,0.0,0.0,0.21898238360881805,0
1745923213.4394948,0.0823550894856453,0.04923330619931221,0.05325653776526451,0.041611142456531525,0.0,0.0,0.22645607590675354,0
1745923213.4504335,0.07943399250507355,0.0484556145966053,0.05359180271625519,0.042554788291454315,0.0,0.0,0.22403618693351746,0
1745923213.4657102,0.07804932445287704,0.05101631209254265,0.052772268652915955,0.04322882741689682,0.0,0.0,0.22506672143936157,0
1745923213.4733725,0.07820107042789459,0.05238201841711998,0.05217624083161354,0.04188075661659241,0.0,0.0,0.22464008629322052,0
1745923213.485782,0.07909256964921951,0.051680196076631546,0.05184097960591316,0.042092591524124146,0.0,0.0,0.22470633685588837,0
1745923213.4985054,0.07698710262775421,0.05008687451481819,0.05232524871826172,0.04201555997133255,0.0,0.0,0.22141477465629578,0
1745923213.5088933,0.07827693969011307,0.05211646482348442,0.051691971719264984,0.04070600867271423,0.0,0.0,0.2227913737297058,0
1745923213.5261855,0.07814416289329529,0.05164226144552231,0.050611674785614014,0.041900016367435455,0.0,0.0,0.22229811549186707,0
1745923213.532596,0.0755455270409584,0.04910052940249443,0.05005290359258652,0.04232369363307953,0.0,0.0,0.21702264249324799,0
1745923213.5443745,0.07414188981056213,0.0508645661175251,0.04902848228812218,0.04159188270568848,0.0,0.0,0.2156268209218979,0
1745923213.5606248,0.0758490189909935,0.05528414249420166,0.0488794781267643,0.04034010320901871,0.0,0.0,0.22035273909568787,0
1745923213.5694091,0.07493855059146881,0.053595978766679764,0.04753842204809189,0.041900016367435455,0.0,0.0,0.21797296404838562,0
1745923213.5790486,0.07383839786052704,0.05331145599484444,0.04873047024011612,0.04037861526012421,0.0,0.0,0.2162589281797409,0
1745923213.5945134,0.07239681482315063,0.05336835980415344,0.04781780764460564,0.04153411090373993,0.0,0.0,0.21511709690093994,0
1745923213.6019983,0.07237785309553146,0.053595978766679764,0.048059944063425064,0.04155336320400238,0.0,0.0,0.21558713912963867,0
1745923213.6136198,0.07252959161996841,0.054070182144641876,0.04649537801742554,0.041900016367435455,0.0,0.0,0.21499517560005188,0
1745923213.6276824,0.07328832149505615,0.0522492416203022,0.04621598869562149,0.040532685816287994,0.0,0.0,0.21228623390197754,0
1745923213.6371593,0.0734400674700737,0.054335735738277435,0.04707277566194534,0.040898583829402924,0.0,0.0,0.2157471776008606,0
1745923213.647006,0.07565933465957642,0.05414605513215065,0.048208948224782944,0.04388360679149628,0.0,0.0,0.2218979448080063,0
1745923213.6621783,0.07748027890920639,0.05279931798577309,0.04986664280295372,0.04280515015125275,0.0,0.0,0.22295139729976654,0
1745923213.6713798,0.07791654765605927,0.05342526361346245,0.048004064708948135,0.0435369610786438,0.0,0.0,0.22288283705711365,0
1745923213.68296,0.07730956375598907,0.052609633654356,0.04705414921045303,0.04095636308193207,0.0,0.0,0.21792970597743988,0
1745923213.6952405,0.07816313207149506,0.05298899859189987,0.04873047024011612,0.03939644992351532,0.0,0.0,0.21927903592586517,0
1745923213.705744,0.07636115700006485,0.05314074456691742,0.049121614545583725,0.043016985058784485,0.0,0.0,0.22164051234722137,0
1745923213.7180884,0.07550758868455887,0.05298899859189987,0.04716590419411659,0.04396063834428787,0.0,0.0,0.2196231186389923,0
1745923213.7297602,0.07617148011922836,0.053444232791662216,0.04692377150058746,0.04234295338392258,0.0,0.0,0.21888244152069092,0
1745923213.7405043,0.07526100426912308,0.05317867919802666,0.04634637013077736,0.04326733946800232,0.0,0.0,0.21805338561534882,0
1745923213.7521152,0.07622838020324707,0.05204059183597565,0.04304960370063782,0.07567885518074036,0.0,0.0,0.2469974309206009,0
1745923213.7646317,0.058758728206157684,0.07969613373279572,0.04767661541700363,0.32832688093185425,0.0,0.0,0.5144583582878113,0
1745923213.7759697,0.010873294435441494,0.18493133783340454,0.5163014531135559,1.2601721286773682,-8.089505195617676,-16.830307006835938,1.9722782373428345,0
1745923213.7871022,0.26322534680366516,0.5743281841278076,3.861567735671997,3.0456745624542236,4.074463844299316,-16.457950592041016,7.744795799255371,0
1745923213.7997346,0.3588247299194336,0.9381749033927917,4.382233142852783,3.918050765991211,3.0444977283477783,-15.324018478393555,9.597283363342285,0
1745923213.8113394,0.4553346037864685,1.0197948217391968,4.389664649963379,3.8451006412506104,3.1980459690093994,-14.619351387023926,9.709894180297852,0
1745923213.827348,0.642246663570404,1.227211356163025,4.8028035163879395,4.069400787353516,3.4365530014038086,-13.690400123596191,10.74166202545166,0
1745923213.8338213,0.8065486550331116,1.4725451469421387,5.444741249084473,4.579665660858154,3.4843757152557373,-13.219941139221191,12.30350112915039,0
1745923213.8449674,0.9602473974227905,1.7017371654510498,6.207653522491455,5.229359149932861,3.4154162406921387,-13.070120811462402,14.098997116088867,0
1745923213.860854,1.140197992324829,1.9764336347579956,6.959725379943848,5.937867641448975,3.248775005340576,-12.8261079788208,16.014225006103516,0
1745923213.868324,1.2451107501983643,2.224517822265625,7.344273567199707,6.323994159698486,3.2670998573303223,-12.49695110321045,17.137895584106445,0
1745923213.880123,1.3123148679733276,2.3645405769348145,7.451632499694824,6.403876781463623,3.3537681102752686,-12.191835403442383,17.532365798950195,0
1745923213.8946147,1.4370872974395752,2.487757682800293,7.674602031707764,6.554745674133301,3.3476972579956055,-11.91981029510498,18.154193878173828,0
1745923213.9031076,1.6150842905044556,2.6971278190612793,8.04747200012207,6.851783752441406,3.3197097778320312,-11.572667121887207,19.211467742919922,0
1745923213.914007,1.8579901456832886,3.278444290161133,8.46077823638916,7.188050746917725,3.6280078887939453,-10.620999336242676,20.785263061523438,0
1745923213.9275572,2.1770529747009277,3.7075984477996826,9.082432746887207,7.698103427886963,3.6009626388549805,-10.095376014709473,22.66518783569336,0
1745923213.9389029,2.5645151138305664,4.226604461669922,9.943707466125488,8.404781341552734,3.56522798538208,-9.654276847839355,25.13960838317871,0
1745923213.94979,3.0224058628082275,4.837454319000244,11.072877883911133,9.321258544921875,3.534604072570801,-9.31619644165039,28.253997802734375,0
1745923213.9626253,3.538111448287964,5.519073963165283,12.460983276367188,10.436538696289062,3.5096981525421143,-9.09559440612793,31.954708099365234,0
1745923213.9734988,4.105031490325928,6.253046035766602,14.03843879699707,11.697660446166992,3.482173442840576,-8.94710636138916,36.09417724609375,0
1745923213.9836907,4.692910671234131,7.001054286956787,15.705707550048828,13.022102355957031,3.457764148712158,-8.849455833435059,40.421775817871094,0
1745923213.9974566,5.26415491104126,7.72893762588501,17.363906860351562,14.316926002502441,3.454573631286621,-8.784600257873535,44.67392349243164,0
1745923214.0082045,5.770395755767822,8.38764476776123,20.190555572509766,15.498626708984375,4.105685710906982,-9.070796012878418,49.84722137451172,0
1745923214.030446,6.1878461837768555,8.931119918823242,21.130674362182617,16.4558162689209,3.9409146308898926,-8.95197582244873,52.70545959472656,0
1745923214.0320551,6.538813591003418,9.383281707763672,21.799732208251953,17.1463565826416,3.8262546062469482,-8.81209945678711,54.868186950683594,0
1745923214.0428576,6.849208354949951,9.776491165161133,22.295215606689453,17.640695571899414,3.7532618045806885,-8.654536247253418,56.561607360839844,0
1745923214.059773,7.141905307769775,10.13227653503418,22.685108184814453,18.311168670654297,3.5386829376220703,-8.549169540405273,58.27045822143555,0
1745923214.0659447,7.450289249420166,10.489389419555664,23.058481216430664,18.60527992248535,3.5196704864501953,-8.358674049377441,59.60343933105469,0
1745923214.078755,7.765596866607666,10.865300178527832,23.444089889526367,18.906843185424805,3.5065300464630127,-8.168346405029297,60.981834411621094,0
1745923214.0934458,8.065881729125977,11.239617347717285,23.8271484375,19.198219299316406,3.5050785541534424,-7.991501808166504,62.330867767333984,0
1745923214.1008797,8.35355281829834,11.59929084777832,24.210020065307617,19.48308753967285,3.5074472427368164,-7.8331074714660645,63.64595031738281,0
1745923214.1129682,8.639573097229004,11.957220077514648,24.583839416503906,19.7396240234375,3.5201990604400635,-7.674954891204834,64.92025756835938,0
1745923214.1292603,8.914440155029297,12.316665649414062,24.884944915771484,19.917646408081055,3.5488951206207275,-7.496190071105957,66.03369903564453,0
1745923214.1355584,9.181303024291992,13.024252891540527,25.095565795898438,20.02227783203125,3.7082903385162354,-7.146966934204102,67.32339477539062,0
1745923214.1473393,9.422065734863281,13.343183517456055,25.215160369873047,20.046369552612305,3.741429567337036,-6.944644927978516,68.02677917480469,0
1745923214.1607575,9.610494613647461,13.603483200073242,25.1801815032959,19.94921112060547,3.7790184020996094,-6.733992576599121,68.34336853027344,0
1745923214.170604,9.762979507446289,13.822052955627441,24.972951889038086,19.739913940429688,3.8094751834869385,-6.496312618255615,68.29789733886719,0
1745923214.184586,9.89782428741455,14.024613380432129,24.67229461669922,19.480390548706055,3.832873582839966,-6.240682125091553,68.07512664794922,0
1745923214.1962554,10.017475128173828,14.213459968566895,24.347515106201172,19.20732879638672,3.856454372406006,-5.986536979675293,67.78578186035156,0
1745923214.2066185,10.116185188293457,14.37984848022461,24.020559310913086,18.94139289855957,3.8779568672180176,-5.748531341552734,67.4579849243164,0
1745923214.2174487,10.214174270629883,14.535198211669922,23.710365295410156,18.698450088500977,3.891145944595337,-5.5220112800598145,67.15818786621094,0
1745923214.231487,10.314080238342285,14.691362380981445,23.142967224121094,18.466754913330078,3.8054070472717285,-5.234391212463379,66.61516571044922,0
1745923214.2398903,10.405448913574219,14.838156700134277,22.874345779418945,18.241626739501953,3.825098752975464,-5.022933483123779,66.35957336425781,0
1745923214.252089,10.478856086730957,14.968448638916016,22.622581481933594,18.03583526611328,3.8444104194641113,-4.832159042358398,66.10572052001953,0
1745923214.2638848,10.527053833007812,15.076149940490723,22.367128372192383,17.832931518554688,3.8650400638580322,-4.658339977264404,65.80326080322266,0
1745923214.275168,10.561405181884766,15.158737182617188,22.11039161682129,17.623228073120117,3.886190891265869,-4.496044158935547,65.45376586914062,0
1745923214.2866359,10.591375350952148,15.23185920715332,21.867435455322266,17.421537399291992,3.9073896408081055,-4.3429718017578125,65.1122055053711,0
1745923214.301774,10.60690975189209,15.291817665100098,21.66126823425293,17.239046096801758,3.9352385997772217,-4.2135396003723145,64.79904174804688,0
1745923214.3095005,10.626484870910645,15.34477710723877,21.5195255279541,17.099597930908203,3.961428642272949,-4.112146377563477,64.59038543701172,0
1745923214.328214,10.650764465332031,15.404678344726562,21.43274688720703,17.00710105895996,3.985215902328491,-4.032426834106445,64.49529266357422,0
1745923214.3336866,10.67931079864502,15.468050956726074,21.39661407470703,16.948633193969727,4.010199069976807,-3.9718589782714844,64.49260711669922,0
1745923214.344604,10.711709022521973,15.53895378112793,21.40601921081543,16.927045822143555,4.034670352935791,-3.9287049770355225,64.58373260498047,0
1745923214.3615232,10.748640060424805,15.676377296447754,21.430400848388672,16.923521041870117,4.078011512756348,-3.8671045303344727,64.77893829345703,0
1745923214.3672547,10.787278175354004,15.74418830871582,21.45826530456543,16.929086685180664,4.091424942016602,-3.8351528644561768,64.91881561279297,0
1745923214.379573,10.828856468200684,15.818942070007324,21.50225830078125,16.945110321044922,4.10664176940918,-3.8065953254699707,65.09516906738281,0
1745923214.3949406,10.878400802612305,15.889806747436523,21.57059669494629,16.98272132873535,4.114721298217773,-3.7887561321258545,65.32152557373047,0
1745923214.402766,10.918726921081543,15.95039176940918,21.681793212890625,17.054746627807617,4.1222662925720215,-3.7986950874328613,65.60565948486328,0
1745923214.414068,10.927433013916016,15.976529121398926,21.8354549407959,17.164209365844727,4.129812240600586,-3.8542609214782715,65.90362548828125,0
1745923214.4276156,10.90861701965332,15.964844703674316,22.01728057861328,17.300268173217773,4.134257793426514,-3.94805645942688,66.19100952148438,0
1745923214.4378107,10.880562782287598,15.939066886901855,22.205251693725586,17.562776565551758,4.079245090484619,-4.083585262298584,66.58765411376953,0
1745923214.449917,10.841526985168457,15.896768569946289,22.350942611694336,17.587215423583984,4.123362064361572,-4.157345771789551,66.67645263671875,0
1745923214.4617302,10.805146217346191,15.855266571044922,22.27766990661621,17.54134178161621,4.121884346008301,-4.156633377075195,66.47942352294922,0
1745923214.47339,10.769903182983398,15.820649147033691,22.198957443237305,17.485820770263672,4.125045299530029,-4.149035453796387,66.27532958984375,0
1745923214.4848955,10.75950813293457,15.80115032196045,22.177854537963867,17.46735191345215,4.124408721923828,-4.150320053100586,66.20586395263672,0
1745923214.4967647,10.788168907165527,15.825637817382812,22.215049743652344,17.486919403076172,4.123253345489502,-4.144585132598877,66.31578063964844,0
1745923214.506043,10.832744598388672,15.882049560546875,22.251575469970703,17.506004333496094,4.125872611999512,-4.120486259460449,66.47237396240234,0
1745923214.5208423,10.874967575073242,15.950277328491211,22.245893478393555,17.49233055114746,4.13452672958374,-4.073894500732422,66.56346893310547,0
1745923214.5334055,10.924910545349121,16.015241622924805,22.200204849243164,17.447574615478516,4.1389312744140625,-4.007636547088623,66.58793640136719,0
1745923214.5420868,10.983256340026855,16.086732864379883,22.110204696655273,17.368732452392578,4.142193794250488,-3.91573429107666,66.54891967773438,0
1745923214.553189,11.052850723266602,16.179582595825195,21.993886947631836,17.267780303955078,4.148931980133057,-3.799042224884033,66.49409484863281,0
1745923214.565775,11.149113655090332,16.289976119995117,21.88658332824707,17.181560516357422,4.145185470581055,-3.671933889389038,66.50723266601562,0
1745923214.5770981,11.27773666381836,16.42888069152832,21.845495223999023,17.148359298706055,4.134181499481201,-3.553677797317505,66.70046997070312,0
1745923214.5948198,11.42902660369873,16.8176326751709,21.90003204345703,17.189668655395508,4.199383735656738,-3.3815884590148926,67.33635711669922,0
1745923214.6009858,11.585001945495605,17.028690338134766,22.02653694152832,17.27916145324707,4.2013020515441895,-3.305861711502075,67.91938781738281,0
1745923214.6147423,11.726997375488281,17.215394973754883,22.175823211669922,17.377147674560547,4.205220699310303,-3.253098487854004,68.495361328125,0
1745923214.6285079,11.83084774017334,17.353729248046875,22.282958984375,17.44033432006836,4.211915969848633,-3.211723566055298,68.90786743164062,0
1745923214.637024,11.89306354522705,17.432655334472656,22.289012908935547,17.435789108276367,4.214288234710693,-3.1626222133636475,69.05052185058594,0
1745923214.653588,11.917986869812012,17.456668853759766,22.17993927001953,17.358081817626953,4.209604263305664,-3.0971174240112305,68.91267395019531,0
1745923214.6607933,11.929064750671387,17.453861236572266,21.98571014404297,17.23145866394043,4.195524215698242,-3.0104784965515137,68.60009765625,0
1745923214.674466,11.953722953796387,17.460309982299805,21.47241973876953,17.085039138793945,4.0756964683532715,-2.8248891830444336,67.97148895263672,0
1745923214.6808085,11.972160339355469,17.472848892211914,21.16571044921875,16.911619186401367,4.045087814331055,-2.684722900390625,67.5223388671875,0
1745923214.6940346,11.976143836975098,17.477724075317383,20.8148193359375,16.694311141967773,4.023392200469971,-2.526179313659668,66.96299743652344,0
1745923214.7042506,11.982232093811035,17.490203857421875,20.427122116088867,16.436038970947266,4.009515762329102,-2.3396968841552734,66.33560180664062,0
1745923214.716803,11.97986125946045,17.50575828552246,19.965444564819336,16.134071350097656,3.994861602783203,-2.11773419380188,65.58513641357422,0
1745923214.7409053,11.97906494140625,17.516361236572266,19.406373977661133,15.760249137878418,3.9766108989715576,-1.8418086767196655,64.66204833984375,0
1745923214.7409053,11.981284141540527,17.537567138671875,18.73575210571289,15.298188209533691,3.962496280670166,-1.4919379949569702,63.552791595458984,0
1745923214.7503867,11.99219036102295,17.56444549560547,17.964271545410156,14.746768951416016,3.952503204345703,-1.0638340711593628,62.267677307128906,0
1745923214.7631361,12.010855674743652,17.602191925048828,17.125850677490234,14.123920440673828,3.9533402919769287,-0.5647318363189697,60.86281967163086,0
1745923214.7738154,12.042531967163086,17.655208587646484,16.27187728881836,13.453678131103516,3.9725921154022217,-0.009829683229327202,59.42329788208008,0
1745923214.784956,12.07299518585205,17.7227725982666,15.409836769104004,12.765236854553223,4.006196975708008,0.5870985388755798,57.97084045410156,0
1745923214.797578,12.078533172607422,17.77808380126953,14.523957252502441,12.061177253723145,4.04922342300415,1.2172040939331055,56.441749572753906,0
1745923214.8084872,12.03748607635498,17.735462188720703,13.615148544311523,11.334027290344238,4.082712650299072,1.85115647315979,54.72212600708008,0
1745923214.8203,11.945206642150879,17.615583419799805,12.704161643981934,9.873275756835938,4.56546688079834,2.81272292137146,52.13822937011719,0
1745923214.8326564,11.794693946838379,17.417081832885742,11.851007461547852,9.229474067687988,4.589768409729004,3.3952977657318115,50.29225540161133,0
1745923214.843739,11.553362846374512,17.10993194580078,11.115083694458008,8.673722267150879,4.621926307678223,3.846360683441162,48.45210266113281,0
1745923214.8607993,11.195225715637207,16.655681610107422,10.462472915649414,8.158276557922363,4.678341388702393,4.171000003814697,46.47165298461914,0
1745923214.8662639,10.65964126586914,15.9768705368042,9.826458930969238,7.623785972595215,4.775974750518799,4.37572717666626,44.08675765991211,0
1745923214.877743,9.90899658203125,15.007713317871094,9.119274139404297,7.023643493652344,4.906077861785889,4.487367630004883,41.059627532958984,0
1745923214.8945143,8.964667320251465,13.768657684326172,8.3021240234375,6.342674255371094,5.066501617431641,4.544344425201416,37.37812423706055,0
1745923214.9023366,7.868669509887695,12.313782691955566,6.378358840942383,5.593647003173828,4.5541157722473145,5.3622236251831055,32.154457092285156,0
1745923214.9138892,6.6833319664001465,10.724822044372559,5.370610237121582,4.818640232086182,4.660470485687256,5.493160247802734,27.597402572631836,0
1745923214.9277265,5.483578205108643,9.088687896728516,4.396667957305908,4.046464443206787,4.811941623687744,5.592421054840088,23.015398025512695,0
1745923214.9360163,4.34898042678833,7.4999542236328125,3.5070443153381348,3.3147690296173096,5.0137763023376465,5.6542744636535645,18.670747756958008,0
1745923214.9487646,3.3194468021392822,6.030094623565674,2.7206077575683594,2.6525380611419678,5.284638404846191,5.671811580657959,14.722687721252441,0
1745923214.9613802,2.4071364402770996,4.694851875305176,2.0256049633026123,2.06435489654541,5.626459121704102,5.651616096496582,11.191947937011719,0
1745923214.9720883,1.6246252059936523,3.5191688537597656,1.4292259216308594,1.5611004829406738,6.067617416381836,5.5596442222595215,8.13412094116211,0
1745923214.9825091,0.9794052243232727,2.5156219005584717,0.9290676116943359,1.1426780223846436,6.652503967285156,5.369163513183594,5.5667724609375,0
1745923214.994658,0.457933247089386,1.671103596687317,0.5167484879493713,0.7903305292129517,7.65645694732666,5.023437976837158,3.4361157417297363,0
1745923215.0069356,0.06514111906290054,0.9679359197616577,0.17906293272972107,0.48474177718162537,9.852924346923828,4.569981575012207,1.6968817710876465,0
1745923215.017815,0.1477382332086563,0.43286383152008057,0.07411741465330124,0.22845394909381866,0.0,0.0,0.883173406124115,0
1745923215.0312326,0.17137253284454346,0.14868323504924774,0.18220289051532745,0.09131649136543274,0.0,0.0,0.593575119972229,0
1745923215.0451543,0.15469954907894135,0.0982469692826271,0.17005887627601624,0.08561607450246811,0.0,0.0,0.5086214542388916,0
1745923215.0525222,0.14656221866607666,0.09640706330537796,0.1631487011909485,0.08176443725824356,0.0,0.0,0.4878824055194855,0
1745923215.0643961,0.1420288234949112,0.096748486161232,0.15133994817733765,0.07939568161964417,0.0,0.0,0.469512939453125,0
1745923215.0751698,0.13960090279579163,0.09619840979576111,0.14657175540924072,0.07165389508008957,0.0,0.0,0.4540249705314636,0
1745923215.0877392,0.13884218037128448,0.09333422034978867,0.141021266579628,0.07053691893815994,0.0,0.0,0.4437345862388611,0
1745923215.100263,0.13334143161773682,0.09088733047246933,0.13809701800346375,0.06882294267416,0.0,0.0,0.4311487376689911,0
1745923215.1108658,0.1328672170639038,0.08838354051113129,0.13303080201148987,0.06683935225009918,0.0,0.0,0.42112088203430176,0
1745923215.1276567,0.12877009809017181,0.08718854933977127,0.12658627331256866,0.0649905651807785,0.0,0.0,0.40753549337387085,0
1745923215.1351216,0.12459712475538254,0.08840250968933105,0.12414628267288208,0.06196703016757965,0.0,0.0,0.3991129398345947,0
1745923215.1495545,0.12146738171577454,0.08832663297653198,0.11991822719573975,0.061119675636291504,0.0,0.0,0.39083191752433777,0
1745923215.1619413,0.11869803071022034,0.08447610586881638,0.11483339220285416,0.061119675636291504,0.0,0.0,0.3791272044181824,0
1745923215.1690748,0.12019651383161545,0.0840398371219635,0.11144349724054337,0.061158187687397,0.0,0.0,0.3768380284309387,0
1745923215.1798422,0.11958953738212585,0.08548141270875931,0.11084747314453125,0.06100412458181381,0.0,0.0,0.3769225478172302,0
1745923215.1950185,0.11653566360473633,0.08519688993692398,0.10883588343858719,0.058962754905223846,0.0,0.0,0.36953118443489075,0
1745923215.2043765,0.11439226567745209,0.08303452283143997,0.1063959077000618,0.05692139267921448,0.0,0.0,0.36074408888816833,0
1745923215.21489,0.11205918341875076,0.08339492231607437,0.10436569899320602,0.057884298264980316,0.0,0.0,0.3577041029930115,0
1745923215.2278035,0.11001063138246536,0.08075834810733795,0.10112480819225311,0.05695990473031998,0.0,0.0,0.3488536775112152,0
1745923215.2403245,0.10997269302606583,0.08049279451370239,0.10175808519124985,0.05557331442832947,0.0,0.0,0.34779688715934753,0
1745923215.252185,0.11147117614746094,0.08231373876333237,0.100156269967556,0.05478373169898987,0.0,0.0,0.34872493147850037,0
1745923215.2627027,0.11031411588191986,0.08201024681329727,0.09868483245372772,0.05645919591188431,0.0,0.0,0.34746837615966797,0
1745923215.272812,0.10803794115781784,0.08218096196651459,0.09475479274988174,0.05488002300262451,0.0,0.0,0.3398537039756775,0
1745923215.284202,0.1076965183019638,0.0803031176328659,0.09382349997758865,0.05570812523365021,0.0,0.0,0.33753126859664917,0
1745923215.2966702,0.10600835084915161,0.08005652576684952,0.09227755665779114,0.052973464131355286,0.0,0.0,0.33131587505340576,0
1745923215.3098543,0.10515478253364563,0.0774768590927124,0.0914393961429596,0.052684590220451355,0.0,0.0,0.3267556428909302,0
1745923215.3198943,0.10642565041780472,0.0771733745932579,0.08911117166280746,0.053763046860694885,0.0,0.0,0.3264732360839844,0
1745923215.3308952,0.10682398080825806,0.07719234377145767,0.08922293037176132,0.05397488921880722,0.0,0.0,0.32721415162086487,0
1745923215.3435557,0.10422534495592117,0.07624393701553345,0.08806812763214111,0.05366675555706024,0.0,0.0,0.3222041726112366,0
1745923215.3600564,0.10437709093093872,0.0764525830745697,0.08810538053512573,0.05031583458185196,0.0,0.0,0.3192508816719055,0
1745923215.3655746,0.1045098677277565,0.07654742151498795,0.08493899554014206,0.0504506453871727,0.0,0.0,0.3164469301700592,0
1745923215.377057,0.10284066945314407,0.07668019831180573,0.08449198305606842,0.052819401025772095,0.0,0.0,0.3168322741985321,0
1745923215.394354,0.10170258581638336,0.07751479744911194,0.08518113195896149,0.05208759009838104,0.0,0.0,0.316486120223999,0
1745923215.4003935,0.1020440086722374,0.07561798393726349,0.08281566202640533,0.050855062901973724,0.0,0.0,0.31133273243904114,0
1745923215.413006,0.1006593406200409,0.07438505440950394,0.0831322968006134,0.050835803151130676,0.0,0.0,0.3090124726295471,0
1745923215.4278636,0.09862975031137466,0.07474545389413834,0.0827411562204361,0.04935292899608612,0.0,0.0,0.305469274520874,0
1745923215.435631,0.09919878840446472,0.07558005303144455,0.08084132522344589,0.05037360638380051,0.0,0.0,0.30599379539489746,0
1745923215.449282,0.10016616433858871,0.07592147588729858,0.0795375183224678,0.050219543278217316,0.0,0.0,0.3058446943759918,0
1745923215.4606254,0.0975864976644516,0.07502997666597366,0.08235001564025879,0.048390015959739685,0.0,0.0,0.3033565282821655,0
1745923215.4706888,0.09724507480859756,0.07559901475906372,0.08115795999765396,0.048216693103313446,0.0,0.0,0.3022187352180481,0
1745923215.4823675,0.0980037972331047,0.07423330843448639,0.07920225709676743,0.04696491360664368,0.0,0.0,0.2984042763710022,0
1745923215.4965208,0.09703642129898071,0.06729097664356232,0.07897874712944031,0.04604052007198334,0.0,0.0,0.2893466651439667,0
1745923215.5059154,0.09783308207988739,0.07159674167633057,0.08015216886997223,0.04532796889543533,0.0,0.0,0.2949099540710449,0
1745923215.5163848,0.09762443602085114,0.07246927171945572,0.07869935780763626,0.04629087448120117,0.0,0.0,0.2950839400291443,0
1745923215.5308962,0.09635356813669205,0.06969992816448212,0.07875523716211319,0.046213842928409576,0.0,0.0,0.29102256894111633,0
1745923215.5402396,0.09635356813669205,0.07064833492040634,0.07780531793832779,0.04476948082447052,0.0,0.0,0.2895767092704773,0
1745923215.551381,0.09618286043405533,0.07106563448905945,0.07624075561761856,0.045019835233688354,0.0,0.0,0.2885090708732605,0
1745923215.5637178,0.0980037972331047,0.06841009110212326,0.07540259510278702,0.045482032001018524,0.0,0.0,0.2872985303401947,0
1745923215.5751626,0.09684674441814423,0.06550797075033188,0.07475069165229797,0.045193158090114594,0.0,0.0,0.28229856491088867,0
1745923215.5870252,0.0962018296122551,0.0643509104847908,0.07322337478399277,0.0420348197221756,0.0,0.0,0.27581095695495605,0
1745923215.5979204,0.09358422458171844,0.06776517629623413,0.0749928280711174,0.04369102418422699,0.0,0.0,0.2800332307815552,0
1745923215.6121705,0.09284446388483047,0.06987064331769943,0.07719066739082336,0.047311559319496155,0.0,0.0,0.28721731901168823,0
1745923215.6287427,0.09149772673845291,0.07150190323591232,0.07568198442459106,0.04293995350599289,0.0,0.0,0.2816215753555298,0
1745923215.6350346,0.08967678993940353,0.06924469023942947,0.07245972007513046,0.04188075661659241,0.0,0.0,0.2732619643211365,0
1745923215.646538,0.09121320396661758,0.07057245820760727,0.0725342258810997,0.04482725262641907,0.0,0.0,0.2791471481323242,0
1745923215.659663,0.09274962544441223,0.06943437457084656,0.07387527823448181,0.04496206343173981,0.0,0.0,0.2810213565826416,0
1745923215.6674833,0.09218057990074158,0.06835319101810455,0.07350276410579681,0.0434984415769577,0.0,0.0,0.27753496170043945,0
1745923215.6797938,0.09223748743534088,0.06951024383306503,0.07314887642860413,0.04263181984424591,0.0,0.0,0.27752840518951416,0
1745923215.6951385,0.08905083686113358,0.06903604418039322,0.07257147133350372,0.0427473708987236,0.0,0.0,0.2734057307243347,0
1745923215.7019799,0.08840592205524445,0.06759446114301682,0.07182644307613373,0.04403766989707947,0.0,0.0,0.27186447381973267,0
1745923215.7147894,0.08777997642755508,0.0668167695403099,0.07104416191577911,0.04419173300266266,0.0,0.0,0.26983264088630676,0
1745923215.728299,0.09068209677934647,0.06740478426218033,0.07072751969099045,0.04382582753896713,0.0,0.0,0.2726402282714844,0
1745923215.737918,0.08827314525842667,0.06666502356529236,0.07080202549695969,0.04342141002416611,0.0,0.0,0.2691616117954254,0
1745923215.7488482,0.08785584568977356,0.06452162563800812,0.0655309334397316,0.042092591524124146,0.0,0.0,0.260001003742218,0
1745923215.762982,0.08870941400527954,0.06594423949718475,0.06670435518026352,0.043459922075271606,0.0,0.0,0.2648179233074188,0
1745923215.7720916,0.08660394698381424,0.06632360070943832,0.0670396238565445,0.04184223711490631,0.0,0.0,0.26180940866470337,0
1745923215.7844489,0.0857883170247078,0.06636153906583786,0.0687531903386116,0.04201555997133255,0.0,0.0,0.2629185914993286,0
1745923215.7957308,0.08508650213479996,0.06691161543130875,0.06860418617725372,0.0419963002204895,0.0,0.0,0.26259860396385193,0
1745923215.8069253,0.08755235373973846,0.06486305594444275,0.06791502982378006,0.041611142456531525,0.0,0.0,0.2619415819644928,0
1745923215.8197465,0.08941123634576797,0.06505273282527924,0.06625733524560928,0.04105265438556671,0.0,0.0,0.261773943901062,0
1745923215.8299649,0.08592109382152557,0.06590630114078522,0.06391048431396484,0.043459922075271606,0.0,0.0,0.25919780135154724,0
1745923215.842289,0.08937329798936844,0.06247306242585182,0.0657358169555664,0.04411470144987106,0.0,0.0,0.26169687509536743,0
1745923215.8536487,0.09212367981672287,0.062283385545015335,0.06728175282478333,0.042054079473018646,0.0,0.0,0.2637428939342499,0
1745923215.8656657,0.08760926127433777,0.06455956399440765,0.06962859630584717,0.041784465312957764,0.0,0.0,0.26358187198638916,0
1745923215.8776002,0.08631943166255951,0.06294727325439453,0.06674160808324814,0.041611142456531525,0.0,0.0,0.2576194405555725,0
1745923215.894955,0.08643323928117752,0.06353528052568436,0.06329583376646042,0.04111042618751526,0.0,0.0,0.25437477231025696,0
1745923215.9000802,0.08749545365571976,0.06653224676847458,0.06279294192790985,0.042978473007678986,0.0,0.0,0.25979912281036377,0
1745923215.911636,0.08588316291570663,0.06653224676847458,0.062215544283390045,0.044557638466358185,0.0,0.0,0.25918859243392944,0
1745923215.929125,0.08624355494976044,0.06484408676624298,0.06141463294625282,0.04224666208028793,0.0,0.0,0.2547489404678345,0
1745923215.934769,0.08427087217569351,0.06503376364707947,0.06275568902492523,0.041919268667697906,0.0,0.0,0.2539795935153961,0
1745923215.9464357,0.08447951823472977,0.061941955238580704,0.06454376131296158,0.04157262295484543,0.0,0.0,0.25253787636756897,0
1745923215.961027,0.08683156967163086,0.06321282684803009,0.06491628289222717,0.04188075661659241,0.0,0.0,0.25684142112731934,0
1745923215.969904,0.08389150351285934,0.06300417333841324,0.06337033957242966,0.042554788291454315,0.0,0.0,0.25282081961631775,0
1745923215.9809992,0.0862056165933609,0.06247306242585182,0.062457676976919174,0.041148945689201355,0.0,0.0,0.25228530168533325,0
1745923215.9947238,0.08567450940608978,0.06565971672534943,0.06359384953975677,0.04153411090373993,0.0,0.0,0.2564621865749359,0
1745923216.0040772,0.08586419373750687,0.06628566235303879,0.05791298672556877,0.04201555997133255,0.0,0.0,0.25207841396331787,0
1745923216.0172534,0.08624355494976044,0.0622454471886158,0.05899327993392944,0.04324808716773987,0.0,0.0,0.25073036551475525,0
1745923216.030339,0.08628149330615997,0.062017831951379776,0.06050197035074234,0.043594732880592346,0.0,0.0,0.2523960471153259,0
1745923216.0390058,0.08411912620067596,0.063990518450737,0.06126562878489494,0.04157262295484543,0.0,0.0,0.25094789266586304,0
1745923216.0628388,0.08148255199193954,0.0626627504825592,0.06031571328639984,0.04168817400932312,0.0,0.0,0.2461491972208023,0
1745923216.067453,0.07945296168327332,0.05936228856444359,0.05832275375723839,0.04082155227661133,0.0,0.0,0.23795956373214722,0
1745923216.074657,0.08089454472064972,0.05892602726817131,0.058769769966602325,0.03646920621395111,0.0,0.0,0.23505954444408417,0
1745923216.0875082,0.08207056671380997,0.05941919609904289,0.05841588228940964,0.03643069416284561,0.0,0.0,0.23633632063865662,0
1745923216.097615,0.08281031996011734,0.06135394796729088,0.05705619975924492,0.03982012718915939,0.0,0.0,0.24104058742523193,0
1745923216.114598,0.08023066073656082,0.06010204926133156,0.056571926921606064,0.040898583829402924,0.0,0.0,0.23780322074890137,0
1745923216.1208963,0.07966161519289017,0.0605003796517849,0.056385669857263565,0.041014134883880615,0.0,0.0,0.23756179213523865,0
1745923216.1326778,0.07797344774007797,0.05843285098671913,0.058713894337415695,0.0389535129070282,0.0,0.0,0.2340737134218216,0
1745923216.1440108,0.0810842216014862,0.059665780514478683,0.060148078948259354,0.040840812027454376,0.0,0.0,0.24173888564109802,0
1745923216.1547594,0.08248786628246307,0.061941955238580704,0.05932854488492012,0.040397875010967255,0.0,0.0,0.24415624141693115,0
1745923216.1678705,0.0834362730383873,0.06171434000134468,0.05791298672556877,0.041187457740306854,0.0,0.0,0.2442510724067688,0
1745923216.1809254,0.0837397649884224,0.05968474969267845,0.05692581832408905,0.04099487513303757,0.0,0.0,0.24134519696235657,0
1745923216.195444,0.08413809537887573,0.06082284078001976,0.05724245682358742,0.039646804332733154,0.0,0.0,0.24185019731521606,0
1745923216.2019565,0.08117906749248505,0.059646811336278915,0.056497424840927124,0.03831799328327179,0.0,0.0,0.23564130067825317,0
1745923216.2137954,0.08026859164237976,0.060045141726732254,0.055417127907276154,0.038529835641384125,0.0,0.0,0.2342607080936432,0
1745923216.2286782,0.08087557554244995,0.058888088911771774,0.05789436027407646,0.04076378047466278,0.0,0.0,0.23842181265354156,0
1745923216.237037,0.08087557554244995,0.058755312114953995,0.05605040490627289,0.04064822942018509,0.0,0.0,0.23632952570915222,0
1745923216.2493556,0.08121699839830399,0.058148328214883804,0.05560338869690895,0.04093710333108902,0.0,0.0,0.23590582609176636,0
1745923216.2603083,0.07981336116790771,0.057370636612176895,0.054113324731588364,0.042862921953201294,0.0,0.0,0.23416024446487427,0
1745923216.2711046,0.07804932445287704,0.058262135833501816,0.05364767834544182,0.04066748917102814,0.0,0.0,0.23062662780284882,0
1745923216.2822459,0.08131184428930283,0.0594760961830616,0.055249497294425964,0.037759505212306976,0.0,0.0,0.23379695415496826,0
1745923216.2959487,0.0821085050702095,0.055985964834690094,0.056236665695905685,0.03928089886903763,0.0,0.0,0.2336120307445526,0
1745923216.3058498,0.08042033761739731,0.056479133665561676,0.0547466017305851,0.04060971736907959,0.0,0.0,0.23225578665733337,0
1745923216.317962,0.08042033761739731,0.05892602726817131,0.052697762846946716,0.03991641849279404,0.0,0.0,0.23196053504943848,0
1745923216.3318474,0.07804932445287704,0.055834218859672546,0.05478385463356972,0.03958903253078461,0.0,0.0,0.22825641930103302,0
1745923216.3410418,0.07882701605558395,0.05602389946579933,0.053889814764261246,0.036681048572063446,0.0,0.0,0.22542178630828857,0
1745923216.3526394,0.07791654765605927,0.057977620512247086,0.052641887217760086,0.03481300175189972,0.0,0.0,0.22334904968738556,0
1745923216.3638759,0.07685432583093643,0.0584518201649189,0.05444858968257904,0.03552555292844772,0.0,0.0,0.2252802848815918,0
1745923216.3770385,0.08062899112701416,0.056460168212652206,0.05483973026275635,0.03745137155056,0.0,0.0,0.229380264878273,0
1745923216.3885148,0.07988923043012619,0.05553072690963745,0.05536125227808952,0.03912683576345444,0.0,0.0,0.2299080491065979,0
1745923216.398969,0.07905463129281998,0.05731373280286789,0.05442996323108673,0.038857221603393555,0.0,0.0,0.22965554893016815,0
1745923216.4108834,0.08078072965145111,0.057731032371520996,0.053796686232089996,0.03774024546146393,0.0,0.0,0.23004870116710663,0
1745923216.4221494,0.08140668272972107,0.05606183409690857,0.056441549211740494,0.0373358279466629,0.0,0.0,0.23124589025974274,0
1745923216.4369185,0.07918740808963776,0.05551176145672798,0.0556965172290802,0.03618033230304718,0.0,0.0,0.22657601535320282,0
1745923216.444819,0.07763202488422394,0.05424089357256889,0.05364767834544182,0.03542926907539368,0.0,0.0,0.22094987332820892,0
1745923216.4610908,0.07748027890920639,0.05310280621051788,0.05489560589194298,0.03596849739551544,0.0,0.0,0.2214471846818924,0
1745923216.4688144,0.07977542281150818,0.0553220771253109,0.053722184151411057,0.036719560623168945,0.0,0.0,0.22553925216197968,0
1745923216.4822774,0.0789218544960022,0.054221928119659424,0.05109594762325287,0.03646920621395111,0.0,0.0,0.2207089364528656,0
1745923216.4938943,0.07804932445287704,0.05298899859189987,0.05117044970393181,0.0374128594994545,0.0,0.0,0.21962162852287292,0
1745923216.5044215,0.07818210124969482,0.054108116775751114,0.051580216735601425,0.0373743399977684,0.0,0.0,0.22124478220939636,0
1745923216.5164287,0.07829590886831284,0.05528414249420166,0.052567385137081146,0.03772098571062088,0.0,0.0,0.22386842966079712,0
1745923216.5300372,0.07833384722471237,0.05479096993803978,0.05098419263958931,0.03598774969577789,0.0,0.0,0.22009675204753876,0
1745923216.5385914,0.07725266367197037,0.053577009588479996,0.05087243765592575,0.03541000932455063,0.0,0.0,0.21711212396621704,0
1745923216.5496066,0.07755614817142487,0.0539374053478241,0.050462670624256134,0.037143245339393616,0.0,0.0,0.2190994769334793,0
1745923216.5625029,0.0772336944937706,0.05350113660097122,0.050462670624256134,0.037143245339393616,0.0,0.0,0.21834073960781097,0
1745923216.573796,0.07787860929965973,0.05312177538871765,0.05215761810541153,0.035140395164489746,0.0,0.0,0.21829840540885925,0
1745923216.585277,0.08222231268882751,0.05090250447392464,0.05368493124842644,0.03693140298128128,0.0,0.0,0.22374114394187927,0
1745923216.5973535,0.07694917172193527,0.04944195598363876,0.052716389298439026,0.0351211354136467,0.0,0.0,0.21422865986824036,0
1745923216.6081245,0.07594385743141174,0.051054246723651886,0.05195273458957672,0.033580482006073,0.0,0.0,0.21253131330013275,0
1745923216.6199777,0.0786183625459671,0.051926784217357635,0.05238112434744835,0.03431229293346405,0.0,0.0,0.21723856031894684,0
1745923216.6309004,0.07833384722471237,0.05175606906414032,0.05431820824742317,0.03390786796808243,0.0,0.0,0.218315988779068,0
1745923216.6433754,0.07638012617826462,0.052932094782590866,0.05295852571725845,0.03533297777175903,0.0,0.0,0.21760371327400208,0
1745923216.65434,0.07804932445287704,0.0539374053478241,0.05063030123710632,0.03544852137565613,0.0,0.0,0.2180655598640442,0
1745923216.6663556,0.07998406887054443,0.05095940828323364,0.05104006826877594,0.035140395164489746,0.0,0.0,0.21712394058704376,0
1745923216.6779487,0.07818210124969482,0.04959370195865631,0.05092831328511238,0.03421600162982941,0.0,0.0,0.21292011439800262,0
1745923216.6955297,0.07913050800561905,0.048645295202732086,0.05074205622076988,0.03448561578989029,0.0,0.0,0.2130034863948822,0
1745923216.701875,0.07878907769918442,0.048664264380931854,0.049270618706941605,0.03408119082450867,0.0,0.0,0.21080514788627625,0
1745923216.712147,0.07598179578781128,0.04982132092118263,0.04951275512576103,0.03254053741693497,0.0,0.0,0.2078564167022705,0
1745923216.7288594,0.07463505864143372,0.051168058067560196,0.050425417721271515,0.03292570263147354,0.0,0.0,0.20915421843528748,0
1745923216.7378201,0.0757921114563942,0.05186987668275833,0.045713093131780624,0.03296422213315964,0.0,0.0,0.2063392996788025,0
1745923216.7482243,0.07641806453466415,0.05202162265777588,0.050462670624256134,0.03232870250940323,0.0,0.0,0.2112310528755188,0
1745923216.7621732,0.07609560340642929,0.0539374053478241,0.05189685523509979,0.03300273418426514,0.0,0.0,0.2149326056241989,0
1745923216.7730877,0.07643703371286392,0.05204059183597565,0.04968038573861122,0.0358336865901947,0.0,0.0,0.2139917016029358,0
1745923216.7840657,0.07575418055057526,0.053975339978933334,0.05003427714109421,0.033599741756916046,0.0,0.0,0.21336352825164795,0
1745923216.7972438,0.07730956375598907,0.05287518724799156,0.0496431365609169,0.03142356872558594,0.0,0.0,0.21125146746635437,0
1745923216.8056476,0.07571624219417572,0.05238201841711998,0.049345120787620544,0.032887183129787445,0.0,0.0,0.21033057570457458,0
1745923216.8174357,0.07596282660961151,0.052325114607810974,0.04955000430345535,0.036064788699150085,0.0,0.0,0.21390272676944733,0
1745923216.8306253,0.07573521137237549,0.052211303263902664,0.05072342976927757,0.03417748212814331,0.0,0.0,0.21284742653369904,0
1745923216.8407872,0.07613354176282883,0.052970029413700104,0.05072342976927757,0.03325308859348297,0.0,0.0,0.21308009326457977,0
1745923216.8511283,0.07565933465957642,0.05401327833533287,0.04874909669160843,0.032713860273361206,0.0,0.0,0.21113556623458862,0
1745923216.8634326,0.0754317194223404,0.054696131497621536,0.046867892146110535,0.03315679728984833,0.0,0.0,0.2101525366306305,0
1745923216.8752375,0.07624734938144684,0.05452541634440422,0.047985438257455826,0.03338789939880371,0.0,0.0,0.2121461033821106,0
1745923216.889159,0.07829590886831284,0.05175606906414032,0.048134446144104004,0.03265608847141266,0.0,0.0,0.21084250509738922,0
1745923216.900912,0.07666464895009995,0.04919537156820297,0.04500531405210495,0.033773064613342285,0.0,0.0,0.20463839173316956,0
1745923216.91028,0.07550758868455887,0.049043625593185425,0.04616011306643486,0.03483226150274277,0.0,0.0,0.20554357767105103,0
1745923216.921893,0.07890288531780243,0.05037139356136322,0.04655125364661217,0.03454338759183884,0.0,0.0,0.21036893129348755,0
1745923216.9337595,0.07681639492511749,0.04847458377480507,0.045694466680288315,0.0350826159119606,0.0,0.0,0.20606806874275208,0
1745923216.9445112,0.0740470439195633,0.04883497580885887,0.045731719583272934,0.03371528536081314,0.0,0.0,0.20232903957366943,0
1745923216.9629252,0.07361077517271042,0.05160432308912277,0.0439622700214386,0.03161614388227463,0.0,0.0,0.20079350471496582,0
1745923216.9681926,0.07556449621915817,0.0522492416203022,0.04405539855360985,0.030114008113741875,0.0,0.0,0.20198315382003784,0
1745923216.979868,0.07501441985368729,0.050542108714580536,0.044260282069444656,0.030210299417376518,0.0,0.0,0.20002710819244385,0
1745923216.9944506,0.07531791180372238,0.05039036273956299,0.046607133001089096,0.02957477979362011,0.0,0.0,0.20189020037651062,0
1745923217.0026145,0.07552655786275864,0.04786759987473488,0.04656988009810448,0.030441397801041603,0.0,0.0,0.20040544867515564,0
1745923217.0165222,0.07467299699783325,0.04832283779978752,0.046756137162446976,0.031943537294864655,0.0,0.0,0.2016955018043518,0
1745923217.03064,0.07332625985145569,0.052438922226428986,0.045675840228796005,0.03001771681010723,0.0,0.0,0.20145873725414276,0
1745923217.0381074,0.07484370470046997,0.05162329226732254,0.047035522758960724,0.031635403633117676,0.0,0.0,0.20513790845870972,0
1745923217.050946,0.07421775907278061,0.048417676240205765,0.04779918119311333,0.033310867846012115,0.0,0.0,0.20374548435211182,0
1745923217.06101,0.0744643434882164,0.0484556145966053,0.04401814565062523,0.03250202536582947,0.0,0.0,0.199440136551857,0
1745923217.0724492,0.07397117465734482,0.048152122646570206,0.04411127418279648,0.031789474189281464,0.0,0.0,0.19802406430244446,0
1745923217.0832899,0.07440744340419769,0.04733649268746376,0.04664438217878342,0.027957094833254814,0.0,0.0,0.19634540379047394,0
1745923217.096141,0.07537481188774109,0.050162747502326965,0.04765017703175545,0.028592614457011223,0.0,0.0,0.20178034901618958,0
1745923217.1080835,0.07474886626005173,0.051054246723651886,0.04653262719511986,0.028708161786198616,0.0,0.0,0.20104390382766724,0
1745923217.1191258,0.07583004981279373,0.04970750957727432,0.04511706903576851,0.027995610609650612,0.0,0.0,0.19865024089813232,0
1745923217.1310453,0.07698710262775421,0.04756411164999008,0.04265846312046051,0.03169318288564682,0.0,0.0,0.19890287518501282,0
1745923217.1413755,0.0754886269569397,0.04724165424704552,0.042006559669971466,0.030999885872006416,0.0,0.0,0.19573672115802765,0
1745923217.162242,0.07524203509092331,0.0480952188372612,0.044558294117450714,0.030114008113741875,0.0,0.0,0.19800956547260284,0
1745923217.165322,0.0726623684167862,0.04811418801546097,0.04647675156593323,0.031327277421951294,0.0,0.0,0.19858059287071228,0
1745923217.1769297,0.07142944633960724,0.04906259477138519,0.04517294466495514,0.03046065755188465,0.0,0.0,0.19612564146518707,0
1745923217.1956255,0.0738004595041275,0.049309179186820984,0.04280747100710869,0.03229018300771713,0.0,0.0,0.198207288980484,0
1745923217.2024193,0.07436950504779816,0.050409331917762756,0.04390639066696167,0.03236721456050873,0.0,0.0,0.2010524421930313,0
1745923217.212042,0.07256752997636795,0.0494798943400383,0.04269571602344513,0.032097600400447845,0.0,0.0,0.19684073328971863,0
1745923217.2292457,0.0720553919672966,0.04547761753201485,0.04342212155461311,0.030133267864584923,0.0,0.0,0.19108839333057404,0
1745923217.2345679,0.07317451387643814,0.04726061969995499,0.04353387653827667,0.028226708993315697,0.0,0.0,0.19219571352005005,0
1745923217.2495198,0.07281411439180374,0.048398710787296295,0.041876181960105896,0.02957477979362011,0.0,0.0,0.1926637887954712,0
1745923217.2615547,0.07399014383554459,0.04800038039684296,0.042211443185806274,0.02942071668803692,0.0,0.0,0.19362269341945648,0
1745923217.26992,0.07220713794231415,0.0467105470597744,0.042006559669971466,0.03290644288063049,0.0,0.0,0.1938306987285614,0
1745923217.28209,0.07222610712051392,0.048778071999549866,0.04126153141260147,0.033310867846012115,0.0,0.0,0.19557657837867737,0
1745923217.2948673,0.0709742084145546,0.04906259477138519,0.04154091700911522,0.032405734062194824,0.0,0.0,0.19398345053195953,0
1745923217.3046577,0.0703103244304657,0.052173368632793427,0.042230069637298584,0.031924277544021606,0.0,0.0,0.1966380476951599,0
1745923217.3162048,0.07112595438957214,0.049536798149347305,0.04293785244226456,0.030114008113741875,0.0,0.0,0.19371460378170013,0
1745923217.3309143,0.0703672245144844,0.04946092516183853,0.04273296892642975,0.03155837208032608,0.0,0.0,0.19411948323249817,0
1745923217.3406365,0.07122079282999039,0.050447266548871994,0.04262121394276619,0.033638253808021545,0.0,0.0,0.19792751967906952,0
1745923217.35211,0.07243475317955017,0.04885394498705864,0.04349662363529205,0.03157763183116913,0.0,0.0,0.1963629573583603,0
1745923217.363413,0.07228300720453262,0.0508645661175251,0.043347619473934174,0.031134692952036858,0.0,0.0,0.1976298987865448,0
1745923217.3738003,0.07084143161773682,0.05137670785188675,0.04409265145659447,0.028573354706168175,0.0,0.0,0.19488413631916046,0
1745923217.385668,0.0709742084145546,0.051054246723651886,0.0447259247303009,0.027167508378624916,0.0,0.0,0.19392189383506775,0
1745923217.3978796,0.07023444771766663,0.049422990530729294,0.04651400074362755,0.025915728881955147,0.0,0.0,0.19208717346191406,0
1745923217.4091847,0.0689825564622879,0.05185091122984886,0.04608561098575592,0.028611870482563972,0.0,0.0,0.1955309510231018,0
1745923217.4206333,0.07321244478225708,0.05088353529572487,0.04420440271496773,0.03049917332828045,0.0,0.0,0.19879955053329468,0
1745923217.4333158,0.07399014383554459,0.04910052940249443,0.04342212155461311,0.02816893346607685,0.0,0.0,0.19468171894550323,0
1745923217.4435978,0.07288999110460281,0.04733649268746376,0.04021848738193512,0.027629705145955086,0.0,0.0,0.18807467818260193,0
1745923217.4563084,0.07207436114549637,0.046388085931539536,0.042155567556619644,0.02816893346607685,0.0,0.0,0.18878693878650665,0
1745923217.4672265,0.07154325395822525,0.04617943614721298,0.04405539855360985,0.028746677562594414,0.0,0.0,0.19052477180957794,0
1745923217.4781601,0.06903945654630661,0.04570523276925087,0.042248696088790894,0.029517004266381264,0.0,0.0,0.18651039898395538,0
1745923217.4943676,0.06873596459627151,0.04686228930950165,0.04180167615413666,0.028534838929772377,0.0,0.0,0.18593476712703705,0
1745923217.5032635,0.06905842572450638,0.048417676240205765,0.04012535512447357,0.026551248505711555,0.0,0.0,0.18415270745754242,0
1745923217.5131557,0.07188467681407928,0.046653639525175095,0.03936170041561127,0.028592614457011223,0.0,0.0,0.18649263679981232,0
1745923217.5297425,0.07273824512958527,0.04798141121864319,0.04014398157596588,0.028265224769711494,0.0,0.0,0.18912886083126068,0
1745923217.5371068,0.07328832149505615,0.04585697874426842,0.04159679263830185,0.026705311611294746,0.0,0.0,0.1874474138021469,0
1745923217.548769,0.05606525391340256,0.06801176071166992,0.04012535512447357,0.03683511167764664,0.0,0.0,0.2010374665260315,0
1745923217.563345,0.04924582690000534,0.1932014375925064,0.09411071240901947,0.11881716549396515,0.0,0.0,0.45537513494491577,0
1745923217.571829,0.19222763180732727,0.38182058930397034,0.21320399641990662,0.2407984435558319,4.412193298339844,2.452176332473755,1.0280506610870361,0
1745923217.5822332,0.324739009141922,0.5363919138908386,0.2962750196456909,0.3049089312553406,3.8873507976531982,3.7330448627471924,1.4623148441314697,0
1745923217.5953486,0.5726715326309204,0.7977159023284912,0.4415934383869171,0.4255421459674835,3.0170319080352783,4.723208904266357,2.237523078918457,0
1745923217.6069095,0.8830281496047974,1.1496506929397583,0.6201589107513428,0.6029869914054871,2.440624713897705,5.221469879150391,3.2558248043060303,0
1745923217.6174586,1.212011456489563,1.511657476425171,0.8177598714828491,0.8109560608863831,1.971468448638916,5.283083438873291,4.3523850440979,0
1745923217.629739,1.598638892173767,1.924423098564148,1.0644398927688599,1.0788371562957764,1.5387073755264282,5.113615989685059,5.666338920593262,0
1745923217.6416287,2.0664308071136475,2.4104626178741455,1.3502153158187866,1.3888553380966187,1.1850073337554932,5.057435989379883,7.215964317321777,0
1745923217.652763,2.637845993041992,3.0080726146698,1.7001566886901855,1.7462871074676514,0.9980553388595581,5.079975128173828,9.092362403869629,0
1745923217.6650782,3.2655773162841797,3.695344924926758,2.109365224838257,2.1344547271728516,1.0112676620483398,5.092410087585449,11.204742431640625,0
1745923217.676099,3.9414498805999756,4.411619663238525,2.5541675090789795,2.5534932613372803,0.9794138669967651,5.063141345977783,13.46073055267334,0
1745923217.6869755,4.697501182556152,5.182750225067139,3.0743300914764404,3.065009832382202,0.8644370436668396,4.9039411544799805,16.019590377807617,0
1745923217.699403,5.5576491355896,6.0323896408081055,3.7290265560150146,3.7473461627960205,0.6702774167060852,4.530846118927002,19.0664119720459,0
1745923217.711499,6.540520668029785,6.954317092895508,4.5743207931518555,4.726624488830566,0.32119080424308777,3.8635098934173584,22.79578399658203,0
1745923217.7309048,7.632364749908447,7.9505615234375,5.671305179595947,6.107320308685303,-0.12056799232959747,2.919801712036133,27.36155128479004,0
1745923217.7342083,8.700669288635254,8.975637435913086,6.950040340423584,7.790465354919434,-0.4884125888347626,1.9018480777740479,32.416812896728516,0
1745923217.7485337,9.494561195373535,10.523702621459961,8.102157592773438,9.318562507629395,-0.14005127549171448,1.4569963216781616,37.43898391723633,0
1745923217.7634957,9.99858283996582,10.934988975524902,8.793416023254395,10.230340957641602,-0.3507373034954071,1.0037225484848022,39.95732879638672,0
1745923217.7698107,10.389667510986328,11.26970100402832,9.134882926940918,10.676977157592773,-0.447002112865448,0.935532808303833,41.471229553222656,0
1745923217.780847,10.77371597290039,11.585994720458984,9.387653350830078,11.023700714111328,-0.5392786264419556,0.9566161036491394,42.77106475830078,0
1745923217.794434,11.193328857421875,11.907011032104492,10.072113990783691,11.457683563232422,-0.42152726650238037,0.7389941215515137,44.6301383972168,0
1745923217.8044999,11.638169288635254,12.227705001831055,10.558433532714844,12.037278175354004,-0.5359405875205994,0.5740969181060791,46.461585998535156,0
1745923217.8154285,12.098278999328613,12.555721282958984,11.15239143371582,12.78713321685791,-0.6783699989318848,0.30876436829566956,48.59352111816406,0
1745923217.8322003,12.566412925720215,12.902647972106934,11.837671279907227,13.679962158203125,-0.8270710110664368,-0.02000567689538002,50.9866943359375,0
1745923217.843867,13.02566909790039,13.255853652954102,12.575867652893066,14.6707181930542,-0.9753875136375427,-0.37861087918281555,53.52811050415039,0
1745923217.8626378,13.455866813659668,13.607200622558594,13.338202476501465,15.713953018188477,-1.1099236011505127,-0.7443757057189941,56.11522674560547,0
1745923217.8657405,13.832345962524414,13.92717456817627,14.068891525268555,16.760540008544922,-1.241034746170044,-1.1003458499908447,58.58895492553711,0
1745923217.8753266,14.137789726257324,14.188213348388672,14.71755313873291,18.59796142578125,-1.7397304773330688,-1.6998236179351807,61.641517639160156,0
1745923217.8846922,14.366052627563477,14.39303207397461,15.25040054321289,19.288366317749023,-1.774272084236145,-1.917494535446167,63.2978515625,0
1745923217.897259,14.505449295043945,14.518013000488281,15.63604736328125,19.79631996154785,-1.8017897605895996,-2.0880496501922607,64.45582580566406,0
1745923217.9085507,14.57982349395752,14.5724515914917,15.901110649108887,20.177709579467773,-1.8388655185699463,-2.2298786640167236,65.23109436035156,0
1745923217.9203646,14.601845741271973,14.582523345947266,16.091747283935547,20.463289260864258,-1.8701757192611694,-2.3545098304748535,65.7394027709961,0
1745923217.9317882,14.569581031799316,14.55192756652832,16.220413208007812,20.661725997924805,-1.8915784358978271,-2.4691553115844727,66.00364685058594,0
1745923217.9430914,14.494543075561523,14.48466682434082,16.30044937133789,20.801963806152344,-1.9115601778030396,-2.581463098526001,66.08161926269531,0
1745923217.9548132,14.392475128173828,14.388270378112793,16.35129737854004,20.915374755859375,-1.9366681575775146,-2.6981282234191895,66.04741668701172,0
1745923217.9672348,14.278135299682617,3.870152235031128,16.384246826171875,21.019678115844727,-7.582338333129883,-7.279069423675537,55.552207946777344,0
1745923217.9780114,14.170851707458496,124.15059661865234,16.406057357788086,21.131547927856445,16.7584171295166,12.034982681274414,175.85903930664062,0
1745923217.9953935,14.073165893554688,13.867273330688477,16.433176040649414,21.25982666015625,-2.146942377090454,-3.1204185485839844,65.63343811035156,0
1745923218.0011573,13.989023208618164,13.735710144042969,16.46178436279297,21.394960403442383,-2.2143707275390625,-3.2443950176239014,65.58147430419922,0
1745923218.0154204,13.949057579040527,13.635406494140625,16.52151870727539,21.53055763244629,-2.2706146240234375,-3.3490471839904785,65.63654327392578,0
1745923218.0293462,13.927414894104004,13.549708366394043,16.51106834411621,21.635591506958008,-2.3476624488830566,-3.4143152236938477,65.623779296875,0
1745923218.0362926,13.918670654296875,13.465490341186523,16.48007583618164,21.69866180419922,-2.422245979309082,-3.4575366973876953,65.56289672851562,0
1745923218.0488477,13.939800262451172,13.395136833190918,16.48795509338379,21.789657592773438,-2.4949231147766113,-3.502319812774658,65.612548828125,0
1745923218.0623364,13.994428634643555,13.348342895507812,16.55539894104004,21.96999168395996,-2.576343059539795,-3.565227508544922,65.8681640625,0
1745923218.0705297,14.076807975769043,13.324746131896973,16.65642547607422,22.20842742919922,-2.6637003421783447,-3.6327497959136963,66.26640319824219,0
1745923218.082439,14.187751770019531,13.33887767791748,16.76667022705078,22.449827194213867,-2.7403106689453125,-3.6780903339385986,66.74312591552734,0
1745923218.0956147,14.278818130493164,13.373798370361328,16.831283569335938,22.62130355834961,-2.793541193008423,-3.692699670791626,67.10520935058594,0
1745923218.1072335,14.321136474609375,13.389123916625977,16.81781768798828,22.659067153930664,-2.8227319717407227,-3.6777734756469727,67.18714141845703,0
1745923218.1177037,14.332308769226074,13.38586139678955,16.781143188476562,22.617700576782227,-2.829746723175049,-3.6547234058380127,67.11701202392578,0
1745923218.1297164,14.349740028381348,13.382333755493164,16.77138328552246,22.58821678161621,-2.8313310146331787,-3.639468193054199,67.0916748046875,0
1745923218.140198,14.38536262512207,13.396862983703613,16.808429718017578,22.624229431152344,-2.834496259689331,-3.63995361328125,67.21488952636719,0
1745923218.1528559,14.403666496276855,13.410804748535156,16.8433895111084,22.68448829650879,-2.8414642810821533,-3.6527018547058105,67.34234619140625,0
1745923218.164102,14.402604103088379,13.397660255432129,16.84670639038086,22.714357376098633,-2.8567237854003906,-3.6664483547210693,67.361328125,0
1745923218.1767433,14.394144058227539,13.368827819824219,16.840913772583008,22.733943939208984,-2.8767447471618652,-3.683659553527832,67.33782958984375,0
1745923218.1868703,14.347084045410156,13.331119537353516,16.83221435546875,22.74806022644043,-2.885744094848633,-3.7161638736724854,67.25847625732422,0
1745923218.1983478,14.265938758850098,13.178217887878418,16.812788009643555,22.749004364013672,-2.9351160526275635,-3.797727108001709,67.00595092773438,0
1745923218.2101905,14.171856880187988,13.067994117736816,16.795429229736328,22.768550872802734,-2.9662303924560547,-3.8741297721862793,66.8038330078125,0
1745923218.2305565,14.091279983520508,12.954071044921875,16.810646057128906,22.849666595458984,-3.0122554302215576,-3.9713900089263916,66.70565795898438,0
1745923218.233876,14.033047676086426,12.852534294128418,16.910667419433594,22.9882869720459,-3.0430355072021484,-4.091978073120117,66.78453826904297,0
1745923218.2458334,14.007213592529297,12.771350860595703,16.949277877807617,23.154773712158203,-3.11527943611145,-4.1839752197265625,66.88261413574219,0
1745923218.2561445,13.991678237915039,12.695572853088379,16.94309425354004,23.394729614257812,-3.2366490364074707,-4.276936054229736,67.02507781982422,0
1745923218.268221,13.994940757751465,12.631555557250977,16.918825149536133,23.462827682495117,-3.304177761077881,-4.310793876647949,67.00814819335938,0
1745923218.280564,14.030354499816895,12.590243339538574,16.872093200683594,23.491212844848633,-3.3688461780548096,-4.308450698852539,66.98390197753906,0
1745923218.2952228,14.082744598388672,12.573115348815918,16.799135208129883,23.46409797668457,-3.420379161834717,-4.270153999328613,66.9190902709961,0
1745923218.3026302,14.142626762390137,12.579071044921875,16.70101547241211,23.363628387451172,-3.4487998485565186,-4.19549560546875,66.78634643554688,0
1745923218.3141797,14.209754943847656,12.605740547180176,16.55575180053711,23.15937614440918,-3.454258441925049,-4.07169246673584,66.53062438964844,0
1745923218.329384,14.308313369750977,12.658414840698242,16.402219772338867,22.935884475708008,-3.455853223800659,-3.9182498455047607,66.3048324584961,0
1745923218.3384109,14.470263481140137,12.76124095916748,16.310283660888672,22.78507423400879,-3.454810380935669,-3.756260395050049,66.32685852050781,0
1745923218.350543,14.672103881835938,12.907390594482422,16.272361755371094,22.699934005737305,-3.446700096130371,-3.5949275493621826,66.55178833007812,0
1745923218.364722,14.891356468200684,13.072223663330078,16.279233932495117,22.680387496948242,-3.4392852783203125,-3.4504752159118652,66.92320251464844,0
1745923218.373568,15.106473922729492,13.239617347717285,16.319110870361328,22.707347869873047,-3.4308125972747803,-3.329066514968872,67.37255096435547,0
1745923218.3848047,15.304766654968262,13.39868450164795,16.36640167236328,22.74455451965332,-3.420490264892578,-3.2228779792785645,67.81440734863281,0
1745923218.3961556,15.480961799621582,13.54460620880127,16.414531707763672,22.792333602905273,-3.4118151664733887,-3.1335127353668213,68.23243713378906,0
1745923218.4087937,15.62320327758789,13.66399097442627,16.4708194732666,22.861780166625977,-3.4072513580322266,-3.074237585067749,68.61978912353516,0
1745923218.4189644,15.720908164978027,13.825998306274414,16.533905029296875,22.94245147705078,-3.3683834075927734,-3.0209882259368896,69.02326202392578,0
1745923218.4314673,15.77400016784668,13.86161994934082,16.593860626220703,23.0261287689209,-3.3737363815307617,-3.0275051593780518,69.25560760498047,0
1745923218.4420407,15.781644821166992,13.862473487854004,16.657840728759766,23.113290786743164,-3.3780677318573,-3.06369686126709,69.41525268554688,0
1745923218.4540098,15.753362655639648,13.840679168701172,16.75067138671875,23.18905258178711,-3.362823009490967,-3.1245152950286865,69.53376770019531,0
1745923218.4656477,15.675631523132324,13.788290023803711,16.75331687927246,23.23003387451172,-3.372251272201538,-3.1809468269348145,69.44727325439453,0
1745923218.4791007,15.526921272277832,13.684325218200684,16.70615577697754,23.219385147094727,-3.384061813354492,-3.254420518875122,69.13678741455078,0
1745923218.4883218,15.313719749450684,13.528483390808105,16.62693977355957,23.155332565307617,-3.3921079635620117,-3.347806453704834,68.62447357177734,0
1745923218.5016556,15.112751960754395,13.382011413574219,16.595407485961914,23.09961700439453,-3.3814237117767334,-3.449276924133301,68.18978881835938,0
1745923218.5146172,14.955316543579102,13.273001670837402,16.631391525268555,23.107955932617188,-3.3611361980438232,-3.5565686225891113,67.96766662597656,0
1745923218.529052,14.809622764587402,13.18720817565918,16.7085018157959,23.183120727539062,-3.3395514488220215,-3.6794281005859375,67.8884506225586,0
1745923218.535183,14.646079063415527,13.092936515808105,16.791332244873047,23.287904739379883,-3.3234705924987793,-3.82116436958313,67.81825256347656,0
1745923218.5470316,14.45262336730957,12.97696590423584,16.860692977905273,23.392515182495117,-3.312650442123413,-3.978795289993286,67.68280029296875,0
1745923218.5625448,14.255107879638672,12.842576026916504,16.931453704833984,23.49331283569336,-3.3067963123321533,-4.144825458526611,67.52244567871094,0
1745923218.5702999,14.058920860290527,12.712038040161133,17.0120849609375,23.619857788085938,-3.3044629096984863,-4.31851863861084,67.40290069580078,0
1745923218.5833642,13.856037139892578,12.563573837280273,17.100332260131836,23.771286010742188,-3.313591957092285,-4.510129928588867,67.29122924804688,0
1745923218.595666,13.650498390197754,12.401680946350098,17.209592819213867,23.96733283996582,-3.3346214294433594,-4.724437236785889,67.2291030883789,0
1745923218.605118,13.43697452545166,12.229033470153809,17.31683921813965,24.19733428955078,-3.37117600440979,-4.954013347625732,67.18018341064453,0
1745923218.6349697,13.236860275268555,12.044472694396973,17.36744499206543,24.37745475769043,-3.426525354385376,-5.158202171325684,67.02623748779297,0
1745923218.6364264,13.098715782165527,11.881518363952637,17.359493255615234,24.460304260253906,-3.486588716506958,-5.293871879577637,66.80003356933594,0
1745923218.6395037,13.00886344909668,11.779488563537598,17.333602905273438,24.470260620117188,-3.51766300201416,-5.365878582000732,66.59221649169922,0
1745923218.651074,12.943081855773926,11.663175582885742,17.308513641357422,24.483125686645508,-3.5652718544006348,-5.43530797958374,66.39789581298828,0
1745923218.663601,12.913454055786133,11.647147178649902,17.318645477294922,24.534391403198242,-3.5760343074798584,-5.467869758605957,66.41363525390625,0
1745923218.6745043,12.89539623260498,11.645952224731445,17.41520118713379,24.583459854125977,-3.5421643257141113,-5.509521484375,66.54000854492188,0
1745923218.6858416,12.876219749450684,11.645478248596191,17.417139053344727,24.57681655883789,-3.5319766998291016,-5.516256809234619,66.51565551757812,0
1745923218.6975925,12.88705062866211,11.672280311584473,17.4038028717041,24.529287338256836,-3.512085199356079,-5.4870758056640625,66.49242401123047,0
1745923218.709318,12.919219970703125,11.725884437561035,17.403411865234375,24.478849411010742,-3.4801576137542725,-5.441074371337891,66.5273666381836,0
1745923218.7216048,12.980810165405273,11.812018394470215,17.45170783996582,24.475229263305664,-3.4380335807800293,-5.392949104309082,66.71976470947266,0
1745923218.7334669,13.064952850341797,11.930076599121094,17.574769973754883,24.549335479736328,-3.383004665374756,-5.359285831451416,67.119140625,0
1745923218.7459037,13.141242027282715,12.062606811523438,17.72694206237793,24.64722442626953,-3.314239263534546,-5.335710048675537,67.57801818847656,0
1745923218.75534,13.190104484558105,12.189522743225098,17.845178604125977,24.688764572143555,-3.2340610027313232,-5.304398059844971,67.91357421875,0
1745923218.7676177,13.24036979675293,12.310596466064453,17.925661087036133,24.684547424316406,-3.158432960510254,-5.255837440490723,68.16117858886719,0
1745923218.7792194,13.304766654968262,12.440053939819336,18.00724220275879,24.684083938598633,-3.0855553150177,-5.200127124786377,68.43614196777344,0
1745923218.7959266,13.353533744812012,12.568069458007812,18.087480545043945,24.680810928344727,-3.0078110694885254,-5.150400161743164,68.68989562988281,0
1745923218.803078,13.380165100097656,12.691741943359375,18.144699096679688,24.640464782714844,-2.9213743209838867,-5.097201824188232,68.85707092285156,0
1745923218.8135676,13.366299629211426,12.811164855957031,18.180517196655273,24.569055557250977,-2.8207056522369385,-5.04902458190918,68.92703247070312,0
1745923218.8287587,13.32864761352539,12.900694847106934,18.20568084716797,24.4947566986084,-2.7285263538360596,-5.018049240112305,68.92977905273438,0
1745923218.8370748,13.333617210388184,12.98610782623291,18.270795822143555,24.49593162536621,-2.6638216972351074,-4.999345302581787,69.08645629882812,0
1745923218.8478894,13.399360656738281,13.109363555908203,18.446308135986328,24.655061721801758,-2.614060163497925,-5.00567626953125,69.61009216308594,0
1745923218.8625648,13.437448501586914,13.249063491821289,18.66748809814453,24.846893310546875,-2.5398261547088623,-5.033913612365723,70.20089721679688,0
1745923218.8717947,13.439857482910156,13.365622520446777,18.801332473754883,24.941238403320312,-2.4663469791412354,-5.041654109954834,70.54804992675781,0
1745923218.8841367,13.411576271057129,13.35429859161377,18.860227584838867,24.964176177978516,-2.4438817501068115,-5.074764728546143,70.59027862548828,0
1745923218.8961494,13.33803653717041,13.289673805236816,18.734094619750977,24.902875900268555,-2.477489948272705,-5.083556652069092,70.26467895507812,0
1745923218.9073124,13.23769474029541,13.199366569519043,18.555192947387695,24.734058380126953,-2.496638536453247,-5.075501441955566,69.726318359375,0
1745923218.9180984,13.12728214263916,13.096028327941895,18.358692169189453,24.50063133239746,-2.502068042755127,-5.057077407836914,69.08263397216797,0
1745923218.9318354,12.997786521911621,12.972090721130371,18.157682418823242,24.25574493408203,-2.5074145793914795,-5.049691677093506,68.38330078125,0
1745923218.9532793,12.853267669677734,12.830246925354004,17.96278190612793,24.01565170288086,-2.5143368244171143,-5.057396411895752,67.66194152832031,0
1745923218.9544024,12.701447486877441,12.683528900146484,17.77147674560547,23.791950225830078,-2.52545166015625,-5.074766159057617,66.94840240478516,0
1745923218.9651136,12.544371604919434,12.527800559997559,17.554597854614258,23.564105987548828,-2.549147129058838,-5.090991973876953,66.19087219238281,0
1745923218.9764056,12.39385986328125,12.374481201171875,17.309221267700195,23.296262741088867,-2.5725865364074707,-5.087357044219971,65.37382507324219,0
1745923218.9880478,12.236481666564941,12.222413063049316,17.023073196411133,22.97792625427246,-2.5927720069885254,-5.063368797302246,64.45989227294922,0
1745923218.998976,12.073127746582031,12.066001892089844,16.713512420654297,22.59938621520996,-2.6004536151885986,-5.021890163421631,63.4520263671875,0
1745923219.0113409,11.9008207321167,11.908604621887207,16.404399871826172,22.202457427978516,-2.597522735595703,-4.978606224060059,62.416282653808594,0
1745923219.022533,11.70958423614502,11.73686695098877,16.07671546936035,21.356887817382812,-2.41591215133667,-4.824735641479492,60.88005447387695,0
1745923219.0365567,11.511898040771484,11.553730010986328,15.724128723144531,20.890243530273438,-2.404154062271118,-4.767487049102783,59.68000030517578,0
1745923219.0463226,11.313871383666992,11.371274948120117,15.366978645324707,20.426197052001953,-2.394918203353882,-4.70719051361084,58.47832107543945,0
1745923219.0627792,11.12834358215332,11.188403129577637,15.020613670349121,19.990385055541992,-2.3980000019073486,-4.650092124938965,57.32774353027344,0
1745923219.0689013,10.964326858520508,11.023361206054688,14.703919410705566,19.59099006652832,-2.401897668838501,-4.592034816741943,56.28260040283203,0
1745923219.080566,10.806777000427246,10.878425598144531,14.418628692626953,19.199567794799805,-2.3843040466308594,-4.5312371253967285,55.30339813232422,0
1745923219.0973969,10.647027015686035,10.74227237701416,14.130338668823242,18.79429817199707,-2.3552701473236084,-4.460035800933838,54.313934326171875,0
1745923219.1032236,10.476788520812988,10.478445053100586,13.839664459228516,18.365554809570312,-2.382946491241455,-4.444087028503418,53.16045379638672,0
1745923219.115139,10.310001373291016,10.360140800476074,13.227025032043457,17.91939926147461,-2.508513927459717,-4.245782852172852,51.816566467285156,0
1745923219.1301022,10.159963607788086,10.257542610168457,12.922772407531738,17.468103408813477,-2.4511125087738037,-4.122169494628906,50.808380126953125,0
1745923219.1408658,10.031682014465332,10.180815696716309,12.598907470703125,16.98393440246582,-2.381849527359009,-3.9517195224761963,49.79534149169922,0
1745923219.1513724,9.913074493408203,10.128843307495117,12.230116844177246,16.42877769470215,-2.2899208068847656,-3.71567702293396,48.70081329345703,0
1745923219.1630046,9.778039932250977,10.082011222839355,11.782371520996094,15.755646705627441,-2.167609691619873,-3.4017696380615234,47.398067474365234,0
1745923219.1732948,9.62872314453125,10.033907890319824,11.249673843383789,14.946784019470215,-2.0099387168884277,-2.9919984340667725,45.85908889770508,0
1745923219.1848478,9.466299057006836,9.999234199523926,10.647892951965332,14.012954711914062,-1.79710054397583,-2.4724793434143066,44.126380920410156,0
1745923219.1967692,9.292759895324707,9.964313507080078,10.01081657409668,13.007408142089844,-1.539930820465088,-1.8683297634124756,42.275299072265625,0
1745923219.2086947,9.125555038452148,9.94295597076416,9.352805137634277,11.960996627807617,-1.241685390472412,-1.167616605758667,40.38231658935547,0
1745923219.2200117,8.922292709350586,9.92398738861084,8.657746315002441,10.86524486541748,-0.8799354434013367,-0.37037327885627747,38.36927032470703,0
1745923219.2319772,8.603002548217773,9.829071044921875,7.893808841705322,9.709099769592285,-0.45784035325050354,0.4832097887992859,36.03498077392578,0
1745923219.2442727,8.127888679504395,9.600732803344727,7.042126178741455,8.474226951599121,0.03431497514247894,1.3974336385726929,33.24497604370117,0
1745923219.2553663,7.482497215270996,9.213289260864258,6.101952075958252,7.174954891204834,0.6144959926605225,2.395395278930664,29.972692489624023,0
1745923219.267328,6.697121620178223,8.64291763305664,5.129220008850098,5.868229866027832,1.2829625606536865,3.462531089782715,26.33749008178711,0
1745923219.2787106,5.838149547576904,7.913269996643066,4.224696159362793,4.6788835525512695,2.0033609867095947,4.493693828582764,22.654998779296875,0
1745923219.2893825,5.002906799316406,7.08121395111084,3.444387197494507,3.680173635482788,2.6857948303222656,5.422067165374756,19.208681106567383,0
1745923219.3030818,4.274853229522705,6.25177526473999,2.831486940383911,2.9440107345581055,3.202230215072632,6.120290756225586,16.302125930786133,0
1745923219.3125668,3.506188154220581,5.418675899505615,2.3474957942962646,2.4322824478149414,3.7341814041137695,6.351628303527832,13.704642295837402,0
1745923219.3344939,2.7316055297851562,3.6084330081939697,1.9047236442565918,2.0371816158294678,2.0270822048187256,4.897983551025391,10.281944274902344,0
1745923219.3388433,1.9893255233764648,2.762681722640991,1.0895473957061768,1.6719697713851929,0.7115360498428345,5.56334114074707,7.513524532318115,0
1745923219.3485913,1.3358923196792603,2.0217294692993164,0.7473730444908142,1.3250529766082764,0.5577115416526794,4.970325469970703,5.430047988891602,0
1745923219.3621168,0.795110821723938,1.3886871337890625,0.4512602388858795,1.0059449672698975,0.2990833818912506,4.190725803375244,3.641003131866455,0
1745923219.3705878,0.37673065066337585,0.8751058578491211,0.21627725660800934,0.7205774188041687,-0.07579796016216278,3.0221805572509766,2.1886911392211914,0
1745923219.3827534,0.07982245832681656,0.4881749153137207,0.045013125985860825,0.48323962092399597,-0.7630308866500854,0.7613573670387268,1.0962501764297485,0
1745923219.396633,0.10081107914447784,0.23808003962039948,0.07059714198112488,0.15627431869506836,0.0,0.0,0.5657625794410706,0
1745923219.4067912,0.14777617156505585,0.12277276068925858,0.1311682164669037,0.0849035233259201,0.0,0.0,0.4866206645965576,0
1745923219.41954,0.14041653275489807,0.10539795458316803,0.12952914834022522,0.07290567457675934,0.0,0.0,0.44824928045272827,0
1745923219.4322414,0.1351623684167862,0.09892982244491577,0.12349437922239304,0.06741710007190704,0.0,0.0,0.42500364780426025,0
1745923219.4411075,0.13201364874839783,0.09856943041086197,0.11438637226819992,0.06766745448112488,0.0,0.0,0.4126369059085846,0
1745923219.4527256,0.12979437410831451,0.09460508823394775,0.11108960956335068,0.06591495871543884,0.0,0.0,0.4014040231704712,0
1745923219.4647222,0.12603868544101715,0.09519310295581818,0.10820260643959045,0.06483650207519531,0.0,0.0,0.3942708969116211,0
1745923219.4756696,0.12632320821285248,0.09183573722839355,0.10520385950803757,0.06452836841344833,0.0,0.0,0.38789117336273193,0
1745923219.4889476,0.1245022788643837,0.08946472406387329,0.10214922577142715,0.06335362046957016,0.0,0.0,0.3794698417186737,0
1745923219.5037127,0.1231745108962059,0.08760584890842438,0.10214922577142715,0.06260254979133606,0.0,0.0,0.3755321204662323,0
1745923219.5122168,0.1200447678565979,0.08821282535791397,0.10168357938528061,0.06287217140197754,0.0,0.0,0.37281334400177,0
1745923219.5217285,0.11774962395429611,0.08775759488344193,0.09849857538938522,0.06169741600751877,0.0,0.0,0.3657032251358032,0
1745923219.5348399,0.11723748594522476,0.08656259626150131,0.09766041487455368,0.060368604958057404,0.0,0.0,0.36182910203933716,0
1745923219.5460205,0.11778756231069565,0.08532966673374176,0.09687812626361847,0.060195282101631165,0.0,0.0,0.36019062995910645,0
1745923219.5628946,0.11718058586120605,0.08627807348966599,0.09831231832504272,0.060310833156108856,0.0,0.0,0.3620818257331848,0
1745923219.5687413,0.11702883988618851,0.08386912196874619,0.09302259236574173,0.057556912302970886,0.0,0.0,0.3514774441719055,0
1745923219.5804787,0.11511305719614029,0.08248444646596909,0.09218443185091019,0.05794207751750946,0.0,0.0,0.3477240204811096,0
1745923219.5952005,0.11308346688747406,0.08081525564193726,0.08890628814697266,0.05936717987060547,0.0,0.0,0.34217220544815063,0
1745923219.6055753,0.11145220696926117,0.0809100940823555,0.08769561350345612,0.059155337512493134,0.0,0.0,0.3392132520675659,0
1745923219.61443,0.1113763302564621,0.0822947695851326,0.08784462511539459,0.05992566794157028,0.0,0.0,0.34144139289855957,0
1745923219.6320467,0.10961229354143143,0.08153603971004486,0.08719272166490555,0.06073451042175293,0.0,0.0,0.33907556533813477,0
1745923219.6414533,0.10891047865152359,0.08072041720151901,0.08683882653713226,0.05821169167757034,0.0,0.0,0.3346813917160034,0
1745923219.6499803,0.10820865631103516,0.08005652576684952,0.08812400698661804,0.05695990473031998,0.0,0.0,0.3333490788936615,0
1745923219.66503,0.10644461959600449,0.08123255521059036,0.08750935643911362,0.05445634573698044,0.0,0.0,0.3296428918838501,0
1745923219.6723368,0.10744992643594742,0.08068247884511948,0.0861683040857315,0.05305049568414688,0.0,0.0,0.3273511826992035,0
1745923219.6840587,0.1073361188173294,0.07798900455236435,0.08410083502531052,0.05536147952079773,0.0,0.0,0.324787437915802,0
1745923219.6982684,0.10712747275829315,0.0792219340801239,0.08251764625310898,0.05821169167757034,0.0,0.0,0.3270787298679352,0
1745923219.7080276,0.1052306592464447,0.07882360368967056,0.08344893157482147,0.05917459726333618,0.0,0.0,0.3266777992248535,0
1745923219.7197182,0.10591351240873337,0.07660432904958725,0.08454785495996475,0.05769171565771103,0.0,0.0,0.3247574269771576,0
1745923219.7314675,0.10532549768686295,0.0746506080031395,0.08246176689863205,0.05538073927164078,0.0,0.0,0.31781861186027527,0
1745923219.7422776,0.1027648001909256,0.07558005303144455,0.08262939751148224,0.05699842423200607,0.0,0.0,0.31797266006469727,0
1745923219.7567804,0.10064037144184113,0.07740098983049393,0.08018942177295685,0.05844278633594513,0.0,0.0,0.3166735768318176,0
1745923219.7667906,0.10115250945091248,0.07508687674999237,0.08037567883729935,0.05832723528146744,0.0,0.0,0.31494230031967163,0
1745923219.778384,0.10092489421367645,0.07540933787822723,0.07964927703142166,0.05539999157190323,0.0,0.0,0.3113834857940674,0
1745923219.7889597,0.10202503949403763,0.07349355518817902,0.07927675545215607,0.05642067641019821,0.0,0.0,0.3112160563468933,0
1745923219.80089,0.10027997195720673,0.07034484297037125,0.079332634806633,0.055477023124694824,0.0,0.0,0.3054344654083252,0
1745923219.811684,0.10007132589817047,0.0719381645321846,0.07922088354825974,0.05516889691352844,0.0,0.0,0.30639928579330444,0
1745923219.8299997,0.09984371066093445,0.07533346116542816,0.08015216886997223,0.05532296001911163,0.0,0.0,0.31065231561660767,0
1745923219.8359623,0.09775721281766891,0.07372117042541504,0.07907187193632126,0.054514117538928986,0.0,0.0,0.3050643801689148,0
1745923219.8484576,0.09811760485172272,0.07402466237545013,0.07901600003242493,0.054822251200675964,0.0,0.0,0.30598050355911255,0
1745923219.862799,0.09976783394813538,0.07328490167856216,0.07571922987699509,0.055303700268268585,0.0,0.0,0.3040756583213806,0
1745923219.86993,0.09980577230453491,0.07053452730178833,0.07340963184833527,0.05624735355377197,0.0,0.0,0.2999972701072693,0
1745923219.8818197,0.09954021871089935,0.07186229526996613,0.07173331081867218,0.05520740896463394,0.0,0.0,0.2983432412147522,0
1745923219.8997202,0.09635356813669205,0.07245030999183655,0.07054126262664795,0.05457188934087753,0.0,0.0,0.2939170300960541,0
1745923219.9069536,0.0965053141117096,0.07172951847314835,0.07078339904546738,0.055265188217163086,0.0,0.0,0.2942834198474884,0
1745923219.918957,0.0955379381775856,0.07233649492263794,0.06957272440195084,0.0535704642534256,0.0,0.0,0.2910175919532776,0
1745923219.92902,0.09595523774623871,0.0716346800327301,0.06972172856330872,0.052222393453121185,0.0,0.0,0.2895340323448181,0
1745923219.9393623,0.09739682078361511,0.06987064331769943,0.07232934236526489,0.05110541731119156,0.0,0.0,0.290702223777771,0
1745923219.9516659,0.09500683099031448,0.06951024383306503,0.07251559942960739,0.05106690526008606,0.0,0.0,0.28809958696365356,0
1745923219.9642873,0.09400152415037155,0.06973786652088165,0.07232934236526489,0.05208759009838104,0.0,0.0,0.28815633058547974,0
1745923219.9751282,0.0972261056303978,0.06865668296813965,0.07052263617515564,0.051606133580207825,0.0,0.0,0.2880115509033203,0
1745923219.9870207,0.09623976051807404,0.06829628348350525,0.07080202549695969,0.05220313370227814,0.0,0.0,0.2875412106513977,0
1745923219.9984999,0.09455160051584244,0.067120261490345,0.06953547149896622,0.0542830228805542,0.0,0.0,0.28549036383628845,0
1745923220.0086753,0.09320486336946487,0.06933953613042831,0.07257147133350372,0.05445634573698044,0.0,0.0,0.28957220911979675,0
1745923220.021073,0.09242716431617737,0.07051555812358856,0.07096965610980988,0.05430227518081665,0.0,0.0,0.28821465373039246,0
1745923220.0325205,0.09496890008449554,0.06990857422351837,0.06996386498212814,0.052222393453121185,0.0,0.0,0.28706374764442444,0
1745923220.0449407,0.09527238458395004,0.06638050079345703,0.06990798562765121,0.05125948786735535,0.0,0.0,0.28282037377357483,0
1745923220.063139,0.09443779289722443,0.06708232313394547,0.06625733524560928,0.052376456558704376,0.0,0.0,0.28015390038490295,0
1745923220.0683193,0.09432397782802582,0.06730994582176208,0.06804541498422623,0.05272310972213745,0.0,0.0,0.2824024558067322,0
1745923220.0781512,0.09546206891536713,0.0663994699716568,0.06895807385444641,0.05066248029470444,0.0,0.0,0.28148210048675537,0
1745923220.0921082,0.09221851825714111,0.06818247586488724,0.0681944191455841,0.049911417067050934,0.0,0.0,0.2785068154335022,0
1745923220.103542,0.0921047106385231,0.06861874461174011,0.06659260392189026,0.049468472599983215,0.0,0.0,0.2767845392227173,0
1745923220.114048,0.09273065626621246,0.0670633539557457,0.06290469318628311,0.05072025954723358,0.0,0.0,0.27341896295547485,0
1745923220.131717,0.09197193384170532,0.06615288555622101,0.06618283689022064,0.05062396824359894,0.0,0.0,0.2749316096305847,0
1745923220.1375375,0.09058725833892822,0.06719613075256348,0.06772877275943756,0.052530527114868164,0.0,0.0,0.27804267406463623,0
1745923220.1486483,0.09214264899492264,0.06755653023719788,0.06940508633852005,0.05260755866765976,0.0,0.0,0.2817118167877197,0
1745923220.1645117,0.09189605712890625,0.06628566235303879,0.06655535101890564,0.05139429122209549,0.0,0.0,0.27613136172294617,0
1745923220.1719913,0.08961988240480423,0.06454059481620789,0.06418987363576889,0.05643993616104126,0.0,0.0,0.27479028701782227,0
1745923220.1833913,0.07960470765829086,0.06448368728160858,0.05469072237610817,0.1305261254310608,0.0,0.0,0.3293052315711975,0
1745923220.1957207,0.01532170083373785,0.08940781652927399,0.06524074077606201,0.45458346605300903,0.0,0.0,0.6245537400245667,0
1745923220.207118,0.19277770817279816,0.192613422870636,0.47552964091300964,1.2677791118621826,-10.423069953918457,-13.396097183227539,2.128699779510498,0
1745923220.2194476,0.5031533241271973,0.49375155568122864,1.3761796951293945,2.188281297683716,-5.042808532714844,-11.820730209350586,4.561366081237793,0
1745923220.2301958,0.5430054068565369,0.9064602255821228,2.1612751483917236,2.2682220935821533,1.2216815948486328,-10.644847869873047,5.878962516784668,0
1745923220.2412493,0.5636806488037109,0.9752765893936157,2.123148202896118,2.0935311317443848,2.146411895751953,-9.769930839538574,5.755636692047119,0
1745923220.2549703,0.6861958503723145,1.1414563655853271,2.3320364952087402,2.181386947631836,2.6754894256591797,-8.894577980041504,6.341075897216797,0
1745923220.2648804,0.8204522728919983,1.3202121257781982,2.6451733112335205,2.4270827770233154,2.786640167236328,-8.535160064697266,7.212920188903809,0
1745923220.2766433,0.9013323783874512,1.4408683776855469,2.939497947692871,2.706460952758789,2.7080135345458984,-8.685219764709473,7.988159656524658,0
1745923220.2882216,0.9625805020332336,1.52681303024292,3.167421817779541,2.951733112335205,2.536756753921509,-8.854569435119629,8.608549118041992,0
1745923220.2991316,1.0359681844711304,1.6445292234420776,3.3324835300445557,3.1111907958984375,2.546631097793579,-8.661247253417969,9.12417221069336,0
1745923220.313151,1.0725955963134766,1.7520976066589355,3.382568120956421,3.125056743621826,2.811345338821411,-8.287497520446777,9.332317352294922,0
1745923220.3308418,1.059431791305542,1.7913236618041992,3.3154780864715576,3.01004695892334,3.1652302742004395,-7.952041149139404,9.176280975341797,0
1745923220.335104,1.0497958660125732,1.8118093013763428,3.2366909980773926,2.897906541824341,3.426149368286133,-7.640206336975098,8.99620246887207,0
1745923220.3479397,1.0462678670883179,1.827723503112793,3.2041144371032715,2.8490679264068604,3.564629316329956,-7.478628158569336,8.927173614501953,0
1745923220.3642278,1.0320037603378296,1.8276476860046387,3.1592636108398438,2.8006913661956787,3.664341926574707,-7.382004737854004,8.81960678100586,0
1745923220.3700893,1.0269962549209595,1.8315740823745728,3.1131834983825684,2.7507548332214355,3.7461905479431152,-7.235616207122803,8.722509384155273,0
1745923220.380655,1.0448262691497803,1.8548479080200195,3.117541790008545,2.740971803665161,3.793543577194214,-7.094576835632324,8.758187294006348,0
1745923220.3972201,1.0878839492797852,1.906574010848999,3.177088499069214,2.7846107482910156,3.7865231037139893,-6.957455635070801,8.956157684326172,0
1745923220.4044058,1.1630736589431763,1.9965589046478271,3.302030324935913,2.8815948963165283,3.757765769958496,-6.796755790710449,9.343257904052734,0
1745923220.416005,1.2572314739227295,2.1267940998077393,3.479142904281616,3.012531280517578,3.788376808166504,-6.6082024574279785,9.875699996948242,0
1745923220.4315443,1.3548414707183838,2.2809102535247803,3.683803081512451,3.164016008377075,3.86165714263916,-6.434202194213867,10.48357105255127,0
1745923220.4398148,1.452527403831482,2.444225788116455,3.906399965286255,3.33439302444458,3.931184768676758,-6.305234432220459,11.13754653930664,0
1745923220.4516096,1.5394772291183472,2.7457242012023926,4.370983123779297,3.522718906402588,4.7234392166137695,-6.222112655639648,12.178903579711914,0
1745923220.4652445,1.6023945808410645,2.8542978763580322,4.553720474243164,3.7009146213531494,4.636167526245117,-6.274465560913086,12.71132755279541,0
1745923220.4767377,1.6380926370620728,2.9269838333129883,4.669610023498535,3.8339693546295166,4.551875114440918,-6.328773498535156,13.068655014038086,0
1745923220.4857454,1.6571556329727173,2.9834139347076416,4.7426605224609375,3.913910150527954,4.537835597991943,-6.3424177169799805,13.297140121459961,0
1745923220.4976406,1.6918293237686157,3.0628714561462402,4.820963382720947,3.9632880687713623,4.609225749969482,-6.250155925750732,13.538952827453613,0
1745923220.5080676,1.7518634796142578,3.174328327178955,4.924895286560059,4.0162482261657715,4.706826686859131,-6.080041408538818,13.86733627319336,0
1745923220.5200098,1.8070228099822998,3.28438138961792,5.03275728225708,4.082823753356934,4.783856391906738,-5.948322772979736,14.206984519958496,0
1745923220.5381236,1.8436692953109741,3.3705155849456787,5.13475227355957,4.154367923736572,4.8404459953308105,-5.900285243988037,14.503305435180664,0
1745923220.5432243,1.8617268800735474,3.4310429096221924,5.210428714752197,4.268838405609131,4.759356498718262,-5.951544761657715,14.772037506103516,0
1745923220.5549889,1.8603233098983765,3.4599313735961914,5.242297172546387,4.284071922302246,4.823946952819824,-5.949392795562744,14.846623420715332,0
1745923220.568007,1.8610819578170776,3.473778247833252,5.247996807098389,4.294740676879883,4.829184532165527,-5.93949556350708,14.87759780883789,0
1745923220.5978403,1.8794242143630981,3.503406524658203,5.264443397521973,4.3244948387146,4.7950286865234375,-5.899653434753418,14.971769332885742,0
1745923220.5978403,1.9192193746566772,3.5613160133361816,5.317117214202881,4.384310722351074,4.74887752532959,-5.838422775268555,15.181963920593262,0
1745923220.6030567,1.9941434860229492,3.653747797012329,5.416206359863281,4.48337459564209,4.6688103675842285,-5.7427659034729,15.54747200012207,0
1745923220.6333861,2.1017115116119385,3.794377565383911,5.581640720367432,4.6357645988464355,4.584926128387451,-5.631779193878174,16.113494873046875,0
1745923220.6333861,2.2155961990356445,3.9663617610931396,5.802132606506348,4.81977653503418,4.554154396057129,-5.548661231994629,16.80386734008789,0
1745923220.652894,2.3286843299865723,4.143542766571045,6.0473785400390625,5.019637584686279,4.537983417510986,-5.501410484313965,17.539243698120117,0
1745923220.654802,2.452660083770752,4.328159809112549,6.308828830718994,5.235387325286865,4.505876541137695,-5.458724498748779,18.325037002563477,0
1745923220.6666179,2.60681414604187,4.540944576263428,6.604308128356934,5.484221935272217,4.4456634521484375,-5.393774509429932,19.23628807067871,0
1745923220.6718488,2.8033618927001953,4.801092147827148,7.422725677490234,5.800036907196045,4.867271423339844,-5.664918422698975,20.82721710205078,0
1745923220.6825802,3.0548794269561768,5.5274200439453125,8.001019477844238,6.195522785186768,5.258609771728516,-5.175817012786865,22.778841018676758,0
1745923220.700817,3.367929458618164,6.050732135772705,8.711369514465332,6.674993515014648,5.3270263671875,-5.052272319793701,24.805025100708008,0
1745923220.7059646,3.7200348377227783,6.639313220977783,9.487133979797363,7.208521842956543,5.379446983337402,-4.918219566345215,27.055004119873047,0
1745923220.7175384,4.07331657409668,7.240090847015381,10.269826889038086,7.743167400360107,5.435925483703613,-4.797428607940674,29.32640266418457,0
1745923220.73099,4.431321144104004,7.850409507751465,11.045628547668457,8.259593963623047,5.500481605529785,-4.669437885284424,31.586952209472656,0
1745923220.741221,4.800346374511719,8.47415828704834,11.81442642211914,8.768529891967773,5.557176113128662,-4.533047676086426,33.857460021972656,0
1745923220.7523656,5.166127681732178,9.101244926452637,12.553479194641113,9.24886703491211,5.620016574859619,-4.386905193328857,36.06971740722656,0
1745923220.76501,5.519636631011963,9.73261833190918,13.253975868225098,9.684545516967773,5.705765247344971,-4.226456165313721,38.190773010253906,0
1745923220.7771118,5.875118732452393,10.379526138305664,13.928285598754883,10.076680183410645,5.811490535736084,-4.0426812171936035,40.25960922241211,0
1745923220.7881782,6.239534378051758,11.058414459228516,14.594623565673828,10.439888954162598,5.935425758361816,-3.8379015922546387,42.332462310791016,0
1745923220.8011796,6.612903118133545,11.761260032653809,15.246787071228027,10.774191856384277,6.067931175231934,-3.617133378982544,44.3951416015625,0
1745923220.8094838,6.991601943969727,12.490528106689453,15.890754699707031,11.091238975524902,6.206000804901123,-3.389650821685791,46.46412658691406,0
1745923220.8250124,7.337523937225342,13.223191261291504,16.4791259765625,11.356597900390625,6.368845462799072,-3.1567444801330566,48.39643859863281,0
1745923220.8346593,7.653703689575195,13.938858985900879,16.98369789123535,11.54037857055664,6.55265998840332,-2.9044597148895264,50.116641998291016,0
1745923220.845222,7.933958053588867,14.640945434570312,17.417194366455078,11.653732299804688,6.760905742645264,-2.6413843631744385,51.64582824707031,0
1745923220.8567748,8.165274620056152,15.282106399536133,17.761659622192383,11.708117485046387,6.9688262939453125,-2.389968156814575,52.91715621948242,0
1745923220.8698645,8.3546142578125,15.856669425964355,18.02147102355957,11.708637237548828,7.17105770111084,-2.14854097366333,53.9413948059082,0
1745923220.8836672,8.520889282226562,16.401281356811523,18.231813430786133,11.667116165161133,7.377862453460693,-1.9064180850982666,54.82109832763672,0
1745923220.8957007,8.685077667236328,16.938194274902344,18.611555099487305,11.599596977233887,7.655171871185303,-1.72555673122406,55.83442306518555,0
1745923220.9035292,8.851162910461426,18.019794464111328,18.80723762512207,11.527321815490723,8.0509614944458,-1.2714803218841553,57.20551300048828,0
1745923220.914538,9.016280174255371,18.54339027404785,19.01323890686035,11.4706449508667,8.234363555908203,-1.0579724311828613,58.04355239868164,0
1745923220.931287,9.184375762939453,19.062170028686523,19.217302322387695,11.406515121459961,8.413066864013672,-0.8480108380317688,58.870361328125,0
1745923220.938712,9.343916893005371,19.573740005493164,19.398290634155273,11.3469877243042,8.579388618469238,-0.6432812809944153,59.66293716430664,0
1745923220.950015,9.495414733886719,20.072052001953125,19.54230499267578,11.268280029296875,8.741893768310547,-0.43236711621284485,60.3780517578125,0
1745923220.9666739,9.642816543579102,20.552419662475586,19.6691837310791,11.185103416442871,8.894798278808594,-0.226702019572258,61.049522399902344,0
1745923220.9738595,9.78515338897705,21.019207000732422,19.807498931884766,11.120319366455078,9.035717964172363,-0.04199812933802605,61.732177734375,0
1745923220.9843767,9.93122673034668,21.4771728515625,19.97695541381836,11.092991828918457,9.15577220916748,0.11375971883535385,62.47834396362305,0
1745923220.9982917,10.09135627746582,21.93299674987793,20.19500732421875,11.111268043518066,9.251616477966309,0.23810991644859314,63.33062744140625,0
1745923221.010806,10.248544692993164,22.354848861694336,20.44429588317871,11.169485092163086,9.322602272033691,0.32361847162246704,64.21717834472656,0
1745923221.019638,10.395547866821289,22.73578453063965,20.69769859313965,11.248944282531738,9.37477970123291,0.3822869062423706,65.0779800415039,0
1745923221.032494,10.533408164978027,23.07265853881836,20.93705940246582,11.337146759033203,9.409440994262695,0.4245436191558838,65.88027954101562,0
1745923221.0457158,10.648165702819824,23.34572410583496,21.1416072845459,11.420187950134277,9.431671142578125,0.4518619775772095,66.5556869506836,0
1745923221.0535538,10.749701499938965,23.55875587463379,21.3085880279541,11.506638526916504,9.431962966918945,0.4671646058559418,67.1236801147461,0
1745923221.066496,10.837448120117188,23.730911254882812,21.458843231201172,11.592510223388672,9.424386024475098,0.4711218476295471,67.61971282958984,0
1745923221.0788443,10.910722732543945,23.86266326904297,21.58257293701172,11.671507835388184,9.410378456115723,0.46900689601898193,68.0274658203125,0
1745923221.0996366,10.963890075683594,23.952932357788086,21.68799591064453,11.759844779968262,9.386157035827637,0.4512365758419037,68.36466217041016,0
1745923221.1018107,10.993195533752441,23.978178024291992,21.756072998046875,11.835471153259277,9.354275703430176,0.42262518405914307,68.56291961669922,0
1745923221.1143878,11.000555992126465,23.938308715820312,21.740724563598633,11.891724586486816,9.304605484008789,0.40009045600891113,68.5713119506836,0
1745923221.12368,10.994485855102539,23.8431453704834,21.68814468383789,11.942797660827637,9.239745140075684,0.37010329961776733,68.46857452392578,0
1745923221.1350975,10.975480079650879,23.54231071472168,21.60924530029297,11.991250991821289,9.119065284729004,0.2827911078929901,68.1182861328125,0
1745923221.1476922,10.937201499938965,23.350143432617188,21.503265380859375,12.025684356689453,9.03816032409668,0.23484499752521515,67.81629943847656,0
1745923221.1664226,10.87601089477539,23.13348960876465,21.367706298828125,12.041765213012695,8.963884353637695,0.1869000494480133,67.4189682006836,0
1745923221.1705272,10.807801246643066,22.921730041503906,21.213634490966797,12.034832000732422,8.901378631591797,0.1508307307958603,66.97799682617188,0
1745923221.1813273,10.735191345214844,22.73166847229004,21.051366806030273,11.999185562133789,8.860273361206055,0.1314305067062378,66.51741027832031,0
1745923221.1962087,10.666772842407227,22.568050384521484,20.890905380249023,11.94449234008789,8.835073471069336,0.12695607542991638,66.07022094726562,0
1745923221.2050433,10.61205005645752,22.4354248046875,20.767396926879883,11.894439697265625,8.819103240966797,0.1232462003827095,65.70931243896484,0
1745923221.2170076,10.569220542907715,22.32303810119629,20.68125343322754,11.869924545288086,8.798806190490723,0.10944831371307373,65.44343566894531,0
1745923221.2316093,10.538947105407715,22.234683990478516,20.62688446044922,11.868114471435547,8.774907112121582,0.08964943140745163,65.26863098144531,0
1745923221.2401927,10.5166597366333,22.180606842041016,20.5841007232666,11.86952018737793,8.758112907409668,0.07853368669748306,65.15088653564453,0
1745923221.2551906,10.495092391967773,22.1495361328125,20.53708839416504,11.854498863220215,8.75568962097168,0.0817071944475174,65.03621673583984,0
1745923221.2747765,10.471799850463867,22.13218116760254,20.486780166625977,11.821624755859375,8.767433166503906,0.09562332928180695,64.91238403320312,0
1745923221.2747765,10.456985473632812,22.12628173828125,20.45392608642578,11.790888786315918,8.781770706176758,0.10963581502437592,64.82807922363281,0
1745923221.2860966,10.4549560546875,22.127704620361328,20.452043533325195,11.780220031738281,8.788841247558594,0.11352908611297607,64.81492614746094,0
1745923221.2986314,10.467513084411621,22.14676856994629,20.489667892456055,11.853805541992188,8.756818771362305,0.08754786103963852,64.95775604248047,0
1745923221.30991,10.490160942077637,22.17195701599121,20.55539894104004,11.906861305236816,8.740957260131836,0.06444548815488815,65.12437438964844,0
1745923221.3217778,10.510722160339355,22.21222686767578,20.622358322143555,11.93850326538086,8.743209838867188,0.052139975130558014,65.2838134765625,0
1745923221.3336983,10.525574684143066,22.26268196105957,20.668027877807617,11.942854881286621,8.760725021362305,0.05695628002285957,65.39913940429688,0
1745923221.3453107,10.53464126586914,22.300466537475586,20.646087646484375,11.92966365814209,8.76770305633545,0.08326486498117447,65.41085815429688,0
1745923221.3561718,10.531227111816406,22.32632064819336,20.631484985351562,11.915046691894531,8.781147003173828,0.09986130893230438,65.40408325195312,0
1745923221.368896,10.525574684143066,22.328388214111328,20.639381408691406,11.924444198608398,8.78196907043457,0.09313710033893585,65.41778564453125,0
1745923221.382724,10.524625778198242,22.319416046142578,20.68754768371582,11.978155136108398,8.763843536376953,0.057168278843164444,65.5097427368164,0
1745923221.396308,10.513397216796875,22.2758846282959,20.749591827392578,12.053378105163574,8.733402252197266,-0.00438206922262907,65.59225463867188,0
1745923221.402696,10.46481990814209,22.16871452331543,20.753297805786133,12.10136890411377,8.703292846679688,-0.0709107518196106,65.48820495605469,0
1745923221.4144964,10.403059005737305,22.042253494262695,20.71299171447754,12.121744155883789,8.677267074584961,-0.12527397274971008,65.28004455566406,0
1745923221.430766,10.364326477050781,21.971349716186523,20.697420120239258,12.138518333435059,8.663985252380371,-0.16119666397571564,65.17161560058594,0
1745923221.4371884,10.354728698730469,21.984418869018555,20.731077194213867,12.155157089233398,8.67387866973877,-0.1761397123336792,65.22538757324219,0
1745923221.4495099,10.365995407104492,22.063079833984375,20.78483009338379,12.162186622619629,8.7027587890625,-0.16637200117111206,65.37609100341797,0
1745923221.4648633,10.403210639953613,22.201623916625977,20.870044708251953,12.169292449951172,8.743757247924805,-0.13899990916252136,65.64417266845703,0
1745923221.47218,10.45814323425293,22.396785736083984,20.993328094482422,12.181001663208008,8.799540519714355,-0.10158370435237885,66.02925872802734,0
1745923221.4838285,10.515085220336914,22.627458572387695,21.131811141967773,12.181829452514648,8.87420654296875,-0.054066188633441925,66.45618438720703,0
1745923221.4983778,10.581587791442871,22.88534927368164,21.283220291137695,12.18053913116455,8.955239295959473,0.0009970087558031082,66.93070220947266,0
1745923221.5085871,10.6536283493042,23.165319442749023,21.446847915649414,12.18240737915039,9.039999008178711,0.059059880673885345,67.44819641113281,0
1745923221.5188606,10.721059799194336,23.450048446655273,21.612485885620117,12.177689552307129,9.131463050842285,0.1177077367901802,67.9612808227539,0
1745923221.533139,10.778002738952637,23.73548126220703,21.7632999420166,12.155754089355469,9.23275089263916,0.18241451680660248,68.43254089355469,0
1745923221.5413888,10.833009719848633,24.009685516357422,21.88753318786621,12.11392593383789,9.33423900604248,0.25660911202430725,68.84416198730469,0
1745923221.5544493,10.878116607666016,24.273000717163086,21.986492156982422,12.062236785888672,9.435510635375977,0.3345399796962738,69.19984436035156,0
1745923221.565436,10.912694931030273,24.50809097290039,22.1167049407959,12.0005521774292,9.547628402709961,0.39365625381469727,69.53804016113281,0
1745923221.5772629,10.949531555175781,24.884950637817383,22.207244873046875,11.9541015625,9.676000595092773,0.5019700527191162,69.9958267211914,0
1745923221.5885086,10.996553421020508,25.043581008911133,22.356176376342773,11.959243774414062,9.728171348571777,0.5147988796234131,70.35555267333984,0
1745923221.602519,11.061652183532715,25.199840545654297,22.563426971435547,12.028997421264648,9.750106811523438,0.4946867525577545,70.85391998291016,0
1745923221.6113691,11.103988647460938,25.304487228393555,22.723569869995117,12.134031295776367,9.739851951599121,0.4569973051548004,71.26608276367188,0
1745923221.6312492,11.09084415435791,25.327667236328125,22.729419708251953,12.188069343566895,9.725648880004883,0.4418732523918152,71.33599853515625,0
1745923221.6354754,11.011860847473145,25.262113571166992,22.522058486938477,12.125654220581055,9.730539321899414,0.4815383553504944,70.92169189453125,0
1745923221.6506374,10.887733459472656,25.131290435791016,22.110130310058594,11.919976234436035,9.766629219055176,0.5962569713592529,70.04913330078125,0
1745923221.6810641,10.735950469970703,24.9620361328125,21.545787811279297,11.590970039367676,9.836097717285156,0.7813761234283447,68.83474731445312,0
1745923221.6810641,10.57314682006836,24.7725830078125,20.89267349243164,11.180867195129395,9.930614471435547,1.0192337036132812,67.41927337646484,0
1745923221.6898632,10.407554626464844,24.561656951904297,20.194839477539062,10.283454895019531,10.29578685760498,1.4409908056259155,65.447509765625,0
1745923221.6983266,10.232346534729004,24.333755493164062,19.491418838500977,9.843232154846191,10.406585693359375,1.7192354202270508,63.90074920654297,0
1745923221.7040913,10.045604705810547,24.080928802490234,18.798315048217773,9.416702270507812,10.517450332641602,1.9913177490234375,62.341552734375,0
1745923221.7171097,9.858275413513184,23.809192657470703,18.13249969482422,9.023411750793457,10.615656852722168,2.2481935024261475,60.82337951660156,0
1745923221.733778,9.67621898651123,23.533092498779297,17.51689910888672,8.658411979675293,10.710349082946777,2.4874117374420166,59.38462448120117,0
1745923221.7420068,9.482327461242676,23.246843338012695,16.931657791137695,8.306777000427246,10.814714431762695,2.713679313659668,57.96760559082031,0
1745923221.7510128,9.28553295135498,22.943391799926758,16.364614486694336,7.973726272583008,10.913820266723633,2.929295778274536,56.5672607421875,0
1745923221.7645738,9.085172653198242,22.62140655517578,15.8234224319458,7.663631439208984,11.006498336791992,3.127354383468628,55.193634033203125,0
1745923221.7734458,8.888775825500488,22.29680633544922,15.316912651062012,7.384195327758789,11.088841438293457,3.3064558506011963,53.886688232421875,0
1745923221.7859075,8.700441360473633,21.978084564208984,14.432374000549316,7.127676010131836,11.032182693481445,3.6656429767608643,52.23857879638672,0
1745923221.7973719,8.519580841064453,21.668542861938477,14.042834281921387,6.886005401611328,11.12276840209961,3.803922176361084,51.11696243286133,0
1745923221.8091533,8.341279983520508,21.108224868774414,13.685461044311523,6.661820888519287,11.127954483032227,3.8385345935821533,49.796783447265625,0
1745923221.8200145,8.160096168518066,20.840280532836914,13.347757339477539,6.445782661437988,11.237065315246582,3.9624521732330322,48.79391860961914,0
1745923221.83816,7.986480712890625,20.588706970214844,13.033539772033691,6.240933418273926,11.349199295043945,4.081847190856934,47.84965896606445,0
1745923221.8435233,7.813965320587158,20.336467742919922,12.738656997680664,6.052241802215576,11.457913398742676,4.187145709991455,46.94133377075195,0
1745923221.8545651,7.631871223449707,20.064882278442383,12.448131561279297,5.868345737457275,11.569679260253906,4.281069278717041,46.01323318481445,0
1745923221.8671534,7.434109687805176,19.750106811523438,12.1434326171875,5.690342426300049,11.67387580871582,4.361795425415039,45.01799011230469,0
1745923221.878047,7.214686393737793,19.37339973449707,11.813774108886719,5.510066509246826,11.772377967834473,4.430439472198486,43.91192626953125,0
1745923221.8900874,6.971116542816162,18.93094825744629,11.44498348236084,5.322896480560303,11.865346908569336,4.495386600494385,42.669944763183594,0
1745923221.908182,6.70933723449707,18.43635368347168,11.045050621032715,5.126270294189453,11.958325386047363,4.561359405517578,41.317012786865234,0
1745923221.912891,6.437713623046875,17.89373207092285,10.617588996887207,4.918262958526611,12.048714637756348,4.633056640625,39.8672981262207,0
1745923221.9306104,6.148942470550537,17.310501098632812,10.170867919921875,4.704901218414307,12.14472770690918,4.7021307945251465,38.33521270751953,0
1745923221.9363055,5.832952499389648,16.66448402404785,9.687417030334473,4.475690841674805,12.25326156616211,4.774094104766846,36.660545349121094,0
1745923221.9492218,5.490824222564697,15.942766189575195,9.166193008422852,4.230669021606445,12.369895935058594,4.8455095291137695,34.83045196533203,0
1745923221.9645736,5.123885631561279,15.162569046020508,8.619563102722168,3.9751319885253906,12.503430366516113,4.912448883056641,32.88114929199219,0
1745923221.9704285,4.752679347991943,14.349992752075195,8.069897651672363,3.709927558898926,12.654545783996582,4.979513168334961,30.882495880126953,0
1745923221.9826221,4.386670112609863,13.533414840698242,7.534442901611328,3.444819450378418,12.824451446533203,5.043618679046631,28.899349212646484,0
1745923221.9987965,4.0408244132995605,12.742329597473145,7.02882719039917,3.191343307495117,13.001794815063477,5.103913307189941,27.003324508666992,0
1745923222.0079923,3.7162222862243652,11.989768981933594,6.1306915283203125,2.9457247257232666,12.94621467590332,5.617738723754883,24.782407760620117,0
1745923222.0177448,3.423525094985962,11.282940864562988,5.747000217437744,2.718478202819824,13.156526565551758,5.656008720397949,23.17194366455078,0
1745923222.0321705,3.1588246822357178,10.024044036865234,5.398344039916992,2.510143280029297,12.948230743408203,5.251535892486572,21.09135627746582,0
1745923222.0414221,2.923088788986206,9.470099449157715,5.086082935333252,2.325495719909668,13.159090995788574,5.282253742218018,19.804767608642578,0
1745923222.0524635,2.7195985317230225,8.96943473815918,4.810514450073242,2.1653640270233154,13.343735694885254,5.302797794342041,18.6649112701416,0
1745923222.0647285,2.5328574180603027,8.491741180419922,4.554167747497559,1.8929765224456787,13.81442642211914,5.501829147338867,17.471742630004883,0
1745923222.07539,2.347804307937622,8.014731407165527,4.298100471496582,1.769242763519287,13.96735668182373,5.4899396896362305,16.42987823486328,0
1745923222.087984,2.157421112060547,7.517405033111572,4.030428886413574,1.6448928117752075,14.128500938415527,5.471581935882568,15.350147247314453,0
1745923222.1001723,1.967682957649231,7.008641719818115,3.7543203830718994,1.5221025943756104,14.288399696350098,5.451436519622803,14.252747535705566,0
1745923222.1123548,1.7893255949020386,6.521482944488525,3.4873011112213135,1.4060336351394653,14.448185920715332,5.435183525085449,13.204142570495605,0
1745923222.123764,1.6337488889694214,6.0692830085754395,3.2379202842712402,1.3028483390808105,14.568758010864258,5.423767566680908,12.24380111694336,0
1745923222.1349728,1.498012900352478,5.666304588317871,3.0125482082366943,1.2096772193908691,14.68334674835205,5.426048755645752,11.386543273925781,0
1745923222.145032,1.374644160270691,5.309343338012695,2.8152825832366943,1.130179524421692,14.803632736206055,5.410348892211914,10.629449844360352,0
1745923222.1564844,1.262656331062317,4.981403350830078,2.63340163230896,1.0546296834945679,14.93447208404541,5.404359817504883,9.932090759277344,0
1745923222.1723037,1.1531533002853394,4.665242671966553,2.455096960067749,0.9787718057632446,15.096368789672852,5.412196159362793,9.252264976501465,0
1745923222.1819575,1.047728419303894,4.355530738830566,2.271446704864502,0.9032989740371704,15.263059616088867,5.455672740936279,8.578004837036133,0
1745923222.19728,0.9472163319587708,4.06133508682251,2.097947597503662,0.8309845328330994,15.45455551147461,5.501996040344238,7.937483787536621,0
1745923222.2052224,0.8626753687858582,3.7876439094543457,1.9385108947753906,0.7703213095664978,15.573594093322754,5.540207386016846,7.359151363372803,0
1745923222.2160013,0.7905395030975342,3.545572519302368,1.80081045627594,0.7215210795402527,15.653847694396973,5.55364990234375,6.858443260192871,0
1745923222.234669,0.7220076322555542,3.315147638320923,1.5534040927886963,0.671796441078186,15.53615665435791,6.076155662536621,6.262355327606201,0
1745923222.2398906,0.6656153798103333,3.1050946712493896,1.460796594619751,0.6284270286560059,15.633584976196289,6.025872707366943,5.859933376312256,0
1745923222.2504864,0.6199591159820557,2.9351022243499756,1.3867591619491577,0.5969591736793518,15.696310043334961,5.957666397094727,5.5387797355651855,0
1745923222.264488,0.5776222348213196,2.652040719985962,1.3100022077560425,0.5688807964324951,15.432004928588867,5.552730083465576,5.108546257019043,0
1745923222.2745466,0.5368407368659973,2.5132508277893066,1.2354059219360352,0.5397046208381653,15.505904197692871,5.548907279968262,4.825202465057373,0
1745923222.2839048,0.4992268681526184,2.381042957305908,1.1632683277130127,0.5098737478256226,15.589605331420898,5.567183971405029,4.553411960601807,0
1745923222.2977676,0.4610629677772522,2.255265235900879,1.0961781740188599,0.4875534772872925,15.646095275878906,5.531208038330078,4.300059795379639,0
1745923222.3079169,0.4288550913333893,2.1481900215148926,1.039146065711975,0.4657917320728302,15.726496696472168,5.515519618988037,4.0819830894470215,0
1745923222.3197072,0.4067382514476776,2.0624730587005615,0.9923580288887024,0.4473038911819458,15.764669418334961,5.5311431884765625,3.9088730812072754,0
1745923222.333364,0.3866320252418518,1.9821810722351074,0.9467993378639221,0.432609885931015,15.760185241699219,5.543289661407471,3.7482221126556396,0
1745923222.3430367,0.3671896755695343,1.9086226224899292,0.9114289879798889,0.4186669588088989,15.795591354370117,5.507639408111572,3.6059083938598633,0
1745923222.3539126,0.34994766116142273,1.838004231452942,0.8805288076400757,0.4097696840763092,15.768514633178711,5.419598579406738,3.47825026512146,0
1745923222.3686106,0.3311881721019745,1.7650527954101562,0.8492188453674316,0.4029330313205719,15.722232818603516,5.293844223022461,3.348392963409424,0
1745923222.3766341,0.32037633657455444,1.708319067955017,0.8286187052726746,0.39719411730766296,15.652836799621582,5.180670261383057,3.2545082569122314,0
1745923222.3891335,0.3168103098869324,1.681801676750183,0.8259552121162415,0.3971555829048157,15.589842796325684,5.054912090301514,3.2217226028442383,0
1745923222.400576,0.3165637254714966,1.671691656112671,0.8298107981681824,0.3975600004196167,15.56356430053711,4.969040393829346,3.2156262397766113,0
1745923222.412538,0.3129977285861969,1.6552083492279053,0.8326604962348938,0.3944787085056305,15.601126670837402,4.870335102081299,3.195345401763916,0
1745923222.4246457,0.3016737401485443,1.6211225986480713,0.8213919401168823,0.38900938630104065,15.655340194702148,4.774769306182861,3.133197784423828,0
1745923222.435314,0.2831229269504547,1.571445107460022,0.8004937767982483,0.3817490339279175,15.739497184753418,4.649228572845459,3.036810874938965,0
1745923222.4495485,0.2727093994617462,1.5192447900772095,0.7764292359352112,0.37803220748901367,15.631911277770996,4.543604850769043,2.946415662765503,0
1745923222.4643786,0.2742268443107605,1.4914374351501465,0.7877165079116821,0.3815179467201233,15.487911224365234,4.267617702484131,2.934898853302002,0
1745923222.4727244,0.2787223160266876,1.4968054294586182,0.8070127964019775,0.3848303556442261,15.477483749389648,4.13071870803833,2.9673709869384766,0
1745923222.4817016,0.2856077253818512,1.5357091426849365,0.8259738683700562,0.3862939774990082,15.596689224243164,4.216143608093262,3.0335845947265625,0
1745923222.4993138,0.28841501474380493,1.545534610748291,0.8373355865478516,0.384868860244751,15.662960052490234,4.203534126281738,3.0561540126800537,0
1745923222.5055013,0.28695446252822876,1.5374162197113037,0.8372424840927124,0.38194161653518677,15.692622184753418,4.175682067871094,3.0435545444488525,0
1745923222.517151,0.2795948386192322,1.507294774055481,0.8279854655265808,0.3767804503440857,15.713485717773438,4.086231231689453,2.9916555881500244,0
1745923222.5310104,0.2642116844654083,1.454146146774292,0.8005496263504028,0.36688172817230225,15.753355979919434,4.00911283493042,2.885789394378662,0
1745923222.5399168,0.23790289461612701,1.376850962638855,0.7595170140266418,0.3535550832748413,15.85785961151123,3.8621654510498047,2.7278261184692383,0
1745923222.551954,0.21091124415397644,1.2899389266967773,0.7106243371963501,0.33658862113952637,15.96733283996582,3.738676071166992,2.548063039779663,0
1745923222.5653257,0.18923066556453705,1.2067826986312866,0.661266028881073,0.3249181807041168,15.91353988647461,3.6128034591674805,2.382197618484497,0
1745923222.576367,0.1724628359079361,1.1402614116668701,0.6222449541091919,0.3141143321990967,15.884700775146484,3.5141708850860596,2.2490835189819336,0
1745923222.5864756,0.16157512366771698,1.0903751850128174,0.592387855052948,0.3048318922519684,15.847031593322754,3.4661474227905273,2.149170160293579,0
1745923222.5993328,0.15694689750671387,1.0583570003509521,0.572178840637207,0.29660865664482117,15.812860488891602,3.49161434173584,2.0840914249420166,0
1745923222.6096709,0.1513323336839676,1.0340209007263184,0.5593829154968262,0.2913319170475006,15.82496452331543,3.4514598846435547,2.0360682010650635,0
1745923222.6237278,0.15351366996765137,1.0187515020370483,0.5531991720199585,0.29110080003738403,15.653059959411621,3.41534686088562,2.0165650844573975,0
1745923222.6382878,0.15901441872119904,1.0144647359848022,0.5522119998931885,0.2964545786380768,15.38653564453125,3.3731818199157715,2.0221457481384277,0
1745923222.6480112,0.16130957007408142,1.010746955871582,0.5521002411842346,0.2998632788658142,15.240402221679688,3.3210902214050293,2.024020195007324,0
1745923222.6652296,0.1601714789867401,1.0052841901779175,0.5480398535728455,0.300479531288147,15.19127082824707,3.304738998413086,2.013975143432617,0
1745923222.6714518,0.13881336152553558,0.9741954207420349,0.5271975994110107,0.29181337356567383,15.518194198608398,3.1955955028533936,1.9320197105407715,0
1745923222.68299,0.1205660030245781,0.9119989275932312,0.4569410979747772,0.2750202417373657,15.445451736450195,3.5775458812713623,1.7645262479782104,0
1745923222.6902182,0.12866541743278503,0.8731901049613953,0.4684145748615265,0.27432695031166077,15.064308166503906,3.118997573852539,1.7445969581604004,0
1745923222.7023773,0.15761078894138336,0.8879662752151489,0.5161152482032776,0.29300737380981445,14.394231796264648,2.677276134490967,1.8546996116638184,0
1745923222.7151487,0.21001973748207092,1.0749731063842773,0.5987019538879395,0.3263818025588989,14.408397674560547,3.4198317527770996,2.2100765705108643,0
1745923222.7313654,0.28490591049194336,1.2427083253860474,0.7039377093315125,0.3751242458820343,13.820375442504883,3.613643169403076,2.6066761016845703,0
1745923222.7373812,0.37572532892227173,1.4391233921051025,0.8300342559814453,0.427467942237854,13.360127449035645,3.8095502853393555,3.0723509788513184,0
1745923222.7522423,0.47868436574935913,1.6516802310943604,0.970584511756897,0.48749569058418274,12.922135353088379,3.9342875480651855,3.588444948196411,0
1745923222.7650752,0.5809037089347839,1.8575224876403809,1.1127551794052124,0.5585005879402161,12.474068641662598,3.920152187347412,4.109682083129883,0
1745923222.7886188,0.6762754917144775,2.052401065826416,1.2501016855239868,0.6313157677650452,12.116351127624512,3.859452486038208,4.61009407043457,0
1745923222.7896223,0.7740182876586914,2.2558722496032715,1.3985306024551392,0.7053442001342773,11.862857818603516,3.7879281044006348,5.13376522064209,0
1745923222.805796,0.8825160264968872,2.4722037315368652,1.550759196281433,0.7829738855361938,11.60407829284668,3.7691650390625,5.68845272064209,0
1745923222.8089046,1.0144582986831665,2.7350072860717773,1.7304607629776,0.8610273003578186,11.436687469482422,3.8349950313568115,6.340953350067139,0
1745923222.8182611,1.1564537286758423,3.0362021923065186,1.9380266666412354,0.9573374390602112,11.299664497375488,3.843545913696289,7.088020324707031,0
1745923222.832131,1.3066813945770264,3.344529390335083,2.15265154838562,1.1709104776382446,10.601993560791016,3.4961023330688477,7.974772930145264,0
1745923222.842352,1.4457557201385498,3.6549997329711914,2.3744473457336426,1.2760409116744995,10.582977294921875,3.480146884918213,8.751243591308594,0
1745923222.8551428,1.5653687715530396,3.939692497253418,2.5856080055236816,1.3690578937530518,10.628684997558594,3.441779851913452,9.45972728729248,0
1745923222.8670063,1.6591472625732422,4.1879096031188965,2.7806198596954346,1.4526768922805786,10.712695121765137,3.361882209777832,10.080353736877441,0
1745923222.875601,1.7334833145141602,4.40334939956665,2.965648651123047,1.5451353788375854,10.756455421447754,3.207010507583618,10.64761734008789,0
1745923222.8893833,1.812144160270691,4.6185431480407715,3.181241989135742,1.6622443199157715,10.742348670959473,2.9564225673675537,11.274173736572266,0
1745923222.9067154,1.9302966594696045,4.868410110473633,3.8229005336761475,1.8324674367904663,11.080656051635742,1.9278929233551025,12.45407485961914,0
1745923222.9116466,2.070793628692627,5.198228359222412,4.23685884475708,2.0391266345977783,11.00809097290039,1.5395903587341309,13.54500675201416,0
1745923222.9231565,2.2283239364624023,5.574631690979004,4.650295257568359,2.245959520339966,10.954195976257324,1.2953568696975708,14.699210166931152,0
1745923222.935296,2.406946897506714,6.374575138092041,5.008785724639893,2.4310498237609863,11.298080444335938,1.7369329929351807,16.221357345581055,0
1745923222.9466257,2.6147615909576416,6.785633563995361,5.330695629119873,2.599597454071045,11.15103816986084,1.7813572883605957,17.3306884765625,0
1745923222.9590294,2.864401340484619,7.257010459899902,5.685609817504883,2.788520097732544,10.976369857788086,1.860280990600586,18.595542907714844,0
1745923222.9692173,3.187504529953003,7.8363542556762695,6.156805038452148,3.0503158569335938,10.733512878417969,1.8857959508895874,20.230979919433594,0
1745923222.9806674,3.6041207313537598,8.555474281311035,6.831151962280273,3.450000047683716,10.396718978881836,1.7578431367874146,22.44074821472168,0
1745923222.996774,4.119542121887207,9.420971870422363,7.778459548950195,4.051298141479492,9.964441299438477,1.4160621166229248,25.370271682739258,0
1745923223.0044682,4.7114996910095215,10.373133659362793,9.019161224365234,4.898715496063232,9.443950653076172,0.8448189496994019,29.00251007080078,0
1745923223.0161874,5.321343898773193,11.344605445861816,10.474002838134766,5.93311071395874,8.943721771240234,0.16434919834136963,33.073062896728516,0
1745923223.031385,5.958483695983887,12.371332168579102,12.131306648254395,7.097960948944092,8.533048629760742,-0.5029008984565735,37.55908203125,0
1745923223.0397556,6.649929046630859,13.483073234558105,14.014373779296875,8.39078140258789,8.199430465698242,-1.1217032670974731,42.53815841674805,0
1745923223.0523314,7.382819652557373,14.654962539672852,16.051179885864258,9.76935863494873,7.929885387420654,-1.659854531288147,47.85832214355469,0
1745923223.0645342,8.085058212280273,15.811013221740723,18.03639030456543,11.083401679992676,7.752593040466309,-2.0691566467285156,53.015865325927734,0
1745923223.0745509,8.682478904724121,16.864274978637695,19.749088287353516,12.170486450195312,7.679125785827637,-2.328829050064087,57.46632766723633,0
1745923223.0873492,9.157479286193848,17.738250732421875,21.1019344329834,12.980928421020508,7.669081687927246,-2.475127935409546,60.97859191894531,0
1745923223.0980997,9.55379867553711,18.438383102416992,22.185546875,13.625557899475098,7.655533313751221,-2.5734939575195312,63.80328369140625,0
1745923223.109236,9.90698528289795,19.021425247192383,23.184354782104492,14.252718925476074,7.613749027252197,-2.692392587661743,66.365478515625,0
1745923223.1216993,10.2061128616333,19.5058536529541,25.094409942626953,14.906129837036133,7.82735538482666,-3.0993010997772217,69.71250915527344,0
1745923223.1321425,10.423905372619629,19.867233276367188,25.824541091918945,15.51701831817627,7.720270156860352,-3.2395663261413574,71.63269805908203,0
1745923223.144334,10.541887283325195,20.08189582824707,26.291582107543945,16.008718490600586,7.611207962036133,-3.362494945526123,72.92408752441406,0
1745923223.1564734,10.553913116455078,20.12535285949707,26.469589233398438,16.340248107910156,7.506171226501465,-3.4663913249969482,73.48910522460938,0
1745923223.1679213,10.471344947814941,19.743751525878906,26.3792724609375,16.49631690979004,7.338146209716797,-3.637540817260742,73.09068298339844,0
1745923223.1781363,10.316640853881836,19.370573043823242,26.073177337646484,16.49030876159668,7.222495079040527,-3.7425475120544434,72.25070190429688,0
1745923223.1912382,10.103324890136719,18.91776466369629,25.635358810424805,16.366748809814453,7.12901496887207,-3.8382015228271484,71.023193359375,0
1745923223.2014198,9.873260498046875,18.434228897094727,25.204524993896484,16.183391571044922,7.063577651977539,-3.9412782192230225,69.69540405273438,0
1745923223.2141988,9.675612449645996,17.991209030151367,24.928268432617188,16.021814346313477,7.027677536010742,-4.06530237197876,68.61690521240234,0
1745923223.2331033,9.493992805480957,17.56556510925293,24.759910583496094,16.039955139160156,6.928483009338379,-4.2521209716796875,67.85942077636719,0
1745923223.2370942,9.301048278808594,17.107086181640625,24.564189910888672,16.0479679107666,6.819177150726318,-4.45065975189209,67.02029418945312,0
1745923223.2495925,9.104937553405762,16.62066650390625,24.337942123413086,16.065414428710938,6.684986591339111,-4.6610870361328125,66.12895965576172,0
1745923223.26672,8.920282363891602,16.13309097290039,24.123689651489258,16.11600685119629,6.527091026306152,-4.884328365325928,65.2930679321289,0
1745923223.2720158,8.757611274719238,15.6775541305542,23.972354888916016,16.22254180908203,6.355450630187988,-5.120748996734619,64.63006591796875,0
1745923223.2829762,8.610456466674805,15.239749908447266,23.886117935180664,16.37352752685547,6.176474094390869,-5.375121116638184,64.10984802246094,0
1745923223.298705,8.478798866271973,14.816116333007812,23.871944427490234,16.587562561035156,5.982449531555176,-5.6538262367248535,63.75442123413086,0
1745923223.306914,8.386215209960938,14.430721282958984,23.968257904052734,16.887643814086914,5.771744728088379,-5.949449062347412,63.67283630371094,0
1745923223.317488,8.352680206298828,14.14316463470459,24.195846557617188,17.237640380859375,5.5837178230285645,-6.220782279968262,63.9293327331543,0
1745923223.3364778,8.366374969482422,13.96645736694336,24.493505477905273,17.576892852783203,5.441767692565918,-6.435839653015137,64.40322875976562,0
1745923223.3447273,8.404955863952637,13.864598274230957,25.041213989257812,17.879901885986328,5.420816421508789,-6.652528285980225,65.190673828125,0
1745923223.3530405,8.447159767150879,13.790699005126953,25.257516860961914,18.14866828918457,5.311478137969971,-6.771899700164795,65.64404296875,0
1745923223.3854136,8.491488456726074,13.723076820373535,25.463218688964844,18.39201545715332,5.2138519287109375,-6.878392219543457,66.0698013305664,0
1745923223.3864386,8.536766052246094,13.67501163482666,25.683712005615234,18.637941360473633,5.127533912658691,-6.978558540344238,66.53343200683594,0
1745923223.3874235,8.57379150390625,13.573854446411133,25.90517234802246,18.886699676513672,5.027209758758545,-7.103856563568115,66.93951416015625,0
1745923223.4005663,8.604045867919922,13.525428771972656,26.111209869384766,19.12126350402832,4.951122283935547,-7.202331066131592,67.36194610595703,0
1745923223.4110732,8.623051643371582,13.465262413024902,26.285213470458984,19.330196380615234,4.878940582275391,-7.297516345977783,67.70372009277344,0
1745923223.4227693,8.623905181884766,13.393941879272461,26.416152954101562,19.508718490600586,4.812425136566162,-7.38927698135376,67.94271850585938,0
1745923223.4373798,8.607099533081055,13.305437088012695,26.504457473754883,19.65479278564453,4.750045299530029,-7.480058670043945,68.07178497314453,0
1745923223.4459229,8.572842597961426,13.201301574707031,26.563016891479492,19.77159309387207,4.694797039031982,-7.572739601135254,68.10874938964844,0
1745923223.4568706,8.52722454071045,13.08887767791748,26.598331451416016,19.869308471679688,4.643383502960205,-7.665299892425537,68.083740234375,0
1745923223.4684129,8.467626571655273,12.959382057189941,26.605985641479492,19.94942283630371,4.591671466827393,-7.762247085571289,67.982421875,0
1745923223.4800868,8.38143539428711,12.80065631866455,26.54664421081543,19.994178771972656,4.536237716674805,-7.863415718078613,67.72291564941406,0
1745923223.4916465,8.269391059875488,12.607428550720215,26.393131256103516,19.973342895507812,4.479542255401611,-7.96038818359375,67.24329376220703,0
1745923223.504925,8.151010513305664,12.399214744567871,26.188264846801758,19.916221618652344,4.4192962646484375,-8.05103588104248,66.65470886230469,0
1745923223.5150206,8.046989440917969,12.206840515136719,25.99526596069336,19.86882781982422,4.356097221374512,-8.134186744689941,66.117919921875,0
1745923223.532203,7.952319145202637,12.029924392700195,25.818767547607422,19.828500747680664,4.2953314781188965,-8.212244987487793,65.62950897216797,0
1745923223.556332,7.881605625152588,11.88343334197998,25.674287796020508,19.80535316467285,4.236074447631836,-8.27663803100586,65.24468231201172,0
1745923223.556332,7.822330474853516,11.76344108581543,25.561582565307617,19.801347732543945,4.182342052459717,-8.334583282470703,64.94869995117188,0
1745923223.567349,7.769769668579102,11.65549373626709,25.3074893951416,19.775869369506836,4.087602615356445,-8.352682113647461,64.50862121582031,0
1745923223.5735438,7.728646755218506,11.574044227600098,25.19156265258789,19.729360580444336,4.057895660400391,-8.376713752746582,64.22361755371094,0
1745923223.5854175,7.696325302124023,11.508509635925293,25.08334732055664,19.624191284179688,4.061773300170898,-8.379548072814941,63.91237258911133,0
1745923223.600523,7.6850199699401855,11.460122108459473,25.03382110595703,19.604759216308594,4.040475368499756,-8.39339828491211,63.783721923828125,0
1745923223.6079855,7.709546089172363,11.48648738861084,25.092138290405273,19.652578353881836,4.03595495223999,-8.39093017578125,63.94075012207031,0
1745923223.6194463,7.756473064422607,11.54834270477295,25.271448135375977,19.773942947387695,4.041983604431152,-8.400160789489746,64.35020446777344,0
1745923223.635331,7.806131362915039,11.615262031555176,25.527851104736328,19.935365676879883,4.057128429412842,-8.428474426269531,64.88461303710938,0
1745923223.6426334,7.839951992034912,11.673456192016602,25.77926254272461,20.080591201782227,4.082723617553711,-8.46332836151123,65.37326049804688,0
1745923223.655373,7.864856719970703,11.72288703918457,26.003870010375977,20.203399658203125,4.110311985015869,-8.496236801147461,65.79501342773438,0
1745923223.666475,7.889212131500244,11.766855239868164,26.21866226196289,20.318815231323242,4.135898590087891,-8.528166770935059,66.19354248046875,0
1745923223.6779845,7.9056196212768555,11.806062698364258,26.423137664794922,20.417570114135742,4.167669773101807,-8.56031608581543,66.5523910522461,0
1745923223.6894913,7.9077630043029785,11.83517837524414,26.566312789916992,20.463096618652344,4.206196308135986,-8.581633567810059,66.77235412597656,0
1745923223.701507,7.904348373413086,11.860349655151367,26.628690719604492,20.449384689331055,4.2456135749816895,-8.581046104431152,66.8427734375,0
1745923223.7123055,7.909451007843018,11.883584976196289,26.661733627319336,20.436559677124023,4.269322395324707,-8.57226848602295,66.89132690429688,0
1745923223.723947,7.931264400482178,11.918524742126465,26.740556716918945,20.46494483947754,4.28542423248291,-8.567108154296875,67.05529022216797,0
1745923223.7361038,7.964515686035156,11.962777137756348,26.835865020751953,20.508642196655273,4.297693252563477,-8.558734893798828,67.27179718017578,0
1745923223.7496698,8.007915496826172,12.016153335571289,26.94082260131836,20.563989639282227,4.306039810180664,-8.54590892791748,67.52887725830078,0
1745923223.7592351,8.046059608459473,12.065622329711914,27.015939712524414,20.587543487548828,4.320197105407715,-8.52582836151123,67.71516418457031,0
1745923223.7712617,8.069125175476074,12.094871520996094,27.023408889770508,20.5715389251709,4.329660415649414,-8.501459121704102,67.75894927978516,0
1745923223.783572,8.101143836975098,12.112587928771973,26.960975646972656,20.547447204589844,4.310247421264648,-8.463826179504395,67.72215270996094,0
1745923223.8001487,8.132877349853516,12.143828392028809,26.94419288635254,20.541091918945312,4.3032002449035645,-8.432162284851074,67.76199340820312,0
1745923223.8047528,8.13399600982666,12.162758827209473,26.882169723510742,20.516712188720703,4.299217224121094,-8.407404899597168,67.69563293457031,0
1745923223.816651,8.112979888916016,12.14984130859375,26.775909423828125,20.449867248535156,4.299412250518799,-8.389891624450684,67.48860168457031,0
1745923223.8336537,8.08765697479248,12.120383262634277,26.667917251586914,20.359121322631836,4.3067193031311035,-8.376564979553223,67.23507690429688,0
1745923223.840045,8.063453674316406,12.06641960144043,26.577898025512695,20.26941680908203,4.310729026794434,-8.376975059509277,66.97718811035156,0
1745923223.8532517,8.032668113708496,12.04282283782959,26.495851516723633,20.17967414855957,4.331579208374023,-8.368422508239746,66.75101470947266,0
1745923223.8648403,8.01129150390625,12.02844524383545,26.4285945892334,20.092626571655273,4.3552165031433105,-8.354915618896484,66.56095886230469,0
1745923223.8749425,7.994598865509033,12.01647663116455,26.341405868530273,20.00506019592285,4.370720863342285,-8.334293365478516,66.3575439453125,0
1745923223.8871565,7.970319747924805,11.997072219848633,26.21648406982422,19.8956356048584,4.384608268737793,-8.308767318725586,66.07951354980469,0
1745923223.9021862,7.9420952796936035,11.977458953857422,26.068687438964844,19.76727867126465,4.401601791381836,-8.276790618896484,65.75552368164062,0
1745923223.9116943,7.910228729248047,11.957427978515625,25.891258239746094,19.61392593383789,4.422125339508057,-8.2356538772583,65.37284088134766,0
1745923223.9312558,7.875137805938721,11.932693481445312,25.683338165283203,19.433862686157227,4.4450788497924805,-8.186315536499023,64.92503356933594,0
1745923223.9342716,7.839894771575928,11.903938293457031,25.442861557006836,19.22812843322754,4.468005180358887,-8.12654972076416,64.41482543945312,0
1745923223.945986,7.803494930267334,11.8869047164917,25.188377380371094,18.99884033203125,4.503025054931641,-8.05341911315918,63.87761688232422,0
1745923223.959491,7.763434410095215,11.878122329711914,24.945682525634766,18.764678955078125,4.550444602966309,-7.978368282318115,63.3519172668457,0
1745923223.9680011,7.712353229522705,11.85714340209961,24.730667114257812,18.345409393310547,4.7064995765686035,-7.879858016967773,62.645572662353516,0
1745923223.9821143,7.643650531768799,11.815585136413574,24.52304458618164,18.11178970336914,4.77226448059082,-7.837907314300537,62.09407043457031,0
1745923223.9912143,7.544029712677002,11.738991737365723,24.249841690063477,17.807836532592773,4.855424404144287,-7.796907901763916,61.3406982421875,0
1745923224.0026476,7.408388614654541,11.626585960388184,23.419206619262695,17.441680908203125,4.7662763595581055,-7.652350425720215,59.8958625793457,0
1745923224.015714,7.244314670562744,11.479791641235352,22.863990783691406,17.01226234436035,4.819794654846191,-7.580074310302734,58.60035705566406,0
1745923224.0316215,7.0581231117248535,11.295099258422852,22.20854949951172,16.51205062866211,4.873289585113525,-7.494065284729004,57.073822021484375,0
1745923224.0405023,6.862903118133545,11.094852447509766,21.490488052368164,15.95656681060791,4.935391902923584,-7.386999607086182,55.404808044433594,0
1745923224.049027,6.670243740081787,10.901680946350098,20.759035110473633,15.387834548950195,5.0052103996276855,-7.261403560638428,53.71879577636719,0
1745923224.0655599,6.474606513977051,10.515015602111816,20.05984115600586,14.834875106811523,5.000168800354004,-7.2470221519470215,51.88433837890625,0
1745923224.0717597,6.27172327041626,10.307466506958008,19.421833038330078,14.328499794006348,5.078811168670654,-7.164661407470703,50.32952117919922,0
1745923224.0849783,6.063282489776611,10.081138610839844,18.82148551940918,13.864666938781738,5.146179676055908,-7.113912105560303,48.830570220947266,0
1745923224.098891,5.8471784591674805,9.831025123596191,18.21160316467285,13.401796340942383,5.206470966339111,-7.07607889175415,47.291603088378906,0
1745923224.1072378,5.616962432861328,9.556100845336914,17.582088470458984,12.931319236755371,5.26452112197876,-7.0512614250183105,45.68647003173828,0
1745923224.1183565,5.381453990936279,9.26484489440918,16.92400360107422,12.44749641418457,5.317783355712891,-7.025094985961914,44.017799377441406,0
1745923224.134818,5.1554107666015625,8.978899955749512,16.272808074951172,11.977577209472656,5.36335563659668,-6.993976593017578,42.38469696044922,0
1745923224.1420195,4.946059226989746,8.705265998840332,15.680115699768066,11.551817893981934,5.401969909667969,-6.975783824920654,40.88325881958008,0
1745923224.1536129,4.7463059425354,8.431005477905273,15.157122611999512,11.186663627624512,5.423543453216553,-6.996161460876465,39.52109909057617,0
1745923224.1652524,4.539932727813721,8.131043434143066,14.674323081970215,10.860795974731445,5.426617622375488,-7.070782661437988,38.206092834472656,0
1745923224.1770792,4.323031902313232,7.807845115661621,14.180293083190918,10.538183212280273,5.415396213531494,-7.173520565032959,36.84934997558594,0
1745923224.199804,4.10563850402832,7.480910301208496,13.68581485748291,10.215531349182129,5.401153087615967,-7.287294387817383,35.48789596557617,0
1745923224.2050717,3.890122175216675,7.147621154785156,13.209665298461914,9.909865379333496,5.375263690948486,-7.427919864654541,34.15727615356445,0
1745923224.2134712,3.6831040382385254,6.818562030792236,12.753500938415527,9.619760513305664,5.339558124542236,-7.58339262008667,32.87492752075195,0
1745923224.2330897,3.4802207946777344,6.49458646774292,11.88602352142334,9.334335327148438,4.995950222015381,-7.570294380187988,31.195167541503906,0
1745923224.2351608,3.2849247455596924,6.18491268157959,11.500823974609375,9.066665649414062,4.97235107421875,-7.758702754974365,30.03732681274414,0
1745923224.249777,3.0832176208496094,5.8881940841674805,11.125346183776855,8.827691078186035,4.939547538757324,-7.972982883453369,28.924449920654297,0
1745923224.258597,2.854917287826538,5.574631690979004,10.697157859802246,8.587002754211426,4.879762649536133,-8.225056648254395,27.71371078491211,0
1745923224.2705183,2.592587947845459,5.221824645996094,10.181205749511719,8.301827430725098,4.800512790679932,-8.519495964050293,26.297447204589844,0
1745923224.2830877,2.3041205406188965,4.825637340545654,9.572049140930176,7.948902606964111,4.707798004150391,-8.85228443145752,24.65070915222168,0
1745923224.2977188,2.0154824256896973,3.9848365783691406,8.922344207763672,7.536835193634033,4.182469844818115,-9.779207229614258,22.459497451782227,0
1745923224.3046641,1.7476714849472046,3.587473154067993,8.279940605163574,7.109265327453613,4.067358016967773,-10.187788009643555,20.724349975585938,0
1745923224.315491,1.5036085844039917,3.221388101577759,7.66204833984375,6.684083461761475,3.9578592777252197,-10.594226837158203,19.071128845214844,0
1745923224.334427,1.3073073625564575,2.9206674098968506,7.111208915710449,6.282434940338135,3.8804471492767334,-10.922893524169922,17.621618270874023,0
1745923224.339551,1.159716248512268,2.685671091079712,6.629732608795166,5.921074390411377,3.8160791397094727,-11.149770736694336,16.396194458007812,0
1745923224.3508227,1.0437641143798828,2.498645305633545,6.229557514190674,5.323146820068359,4.379971504211426,-11.143750190734863,15.095113754272461,0
1745923224.36447,0.9524515271186829,2.355151414871216,5.928415775299072,5.105452060699463,4.345341205596924,-11.313453674316406,14.341470718383789,0
1745923224.3748243,0.8618407249450684,2.2186567783355713,5.643906593322754,4.868210792541504,4.392850399017334,-11.48153018951416,13.592615127563477,0
1745923224.3863766,0.7744734883308411,2.0804359912872314,5.338909149169922,4.623689651489258,4.415295124053955,-11.645124435424805,12.817508697509766,0
1745923224.402884,0.7103422284126282,1.9658304452896118,5.065352439880371,4.422114372253418,4.370758533477783,-11.759407043457031,12.163639068603516,0
1745923224.4090176,0.6600008010864258,1.873664379119873,4.8569111824035645,4.2626953125,4.343898296356201,-11.868319511413574,11.653271675109863,0
1745923224.4230762,0.6162223815917969,1.7964071035385132,4.688776016235352,4.1374592781066895,4.313785076141357,-11.983924865722656,11.23886489868164,0
1745923224.4337788,0.5931001901626587,1.743941307067871,4.581324100494385,4.083767414093018,4.195108413696289,-12.078481674194336,11.002132415771484,0
1745923224.444176,0.5832747220993042,1.7220900058746338,4.565268516540527,4.077335357666016,4.160492897033691,-12.155864715576172,10.947968482971191,0
1745923224.4559202,0.5633202195167542,1.7032166719436646,4.581566333770752,4.057595729827881,4.271920204162598,-12.271119117736816,10.905698776245117,0
1745923224.470364,0.5342800617218018,1.6786149740219116,4.544705867767334,4.009989261627197,4.366199016571045,-12.36839485168457,10.767589569091797,0
1745923224.4802926,0.49987179040908813,1.6416081190109253,4.482011318206787,3.944549798965454,4.449030876159668,-12.48923110961914,10.56804084777832,0
1745923224.4995902,0.4657670855522156,1.5955535173416138,4.415517330169678,3.8801891803741455,4.501600742340088,-12.640896797180176,10.357027053833008,0
1745923224.5031319,0.428551584482193,1.552761435508728,4.318234920501709,3.804331064224243,4.539562702178955,-12.764039993286133,10.10387897491455,0
1745923224.5139105,0.3847731351852417,1.4275907278060913,4.163771152496338,3.6895716190338135,4.394555568695068,-13.124811172485352,9.665706634521484,0
1745923224.525396,0.33306601643562317,1.3441308736801147,3.953690767288208,3.5335612297058105,4.372705936431885,-13.313529014587402,9.164448738098145,0
1745923224.5387182,0.28225037455558777,1.2562326192855835,3.7063589096069336,3.3500115871429443,4.33389949798584,-13.481979370117188,8.594853401184082,0
1745923224.5488973,0.23467831313610077,1.1639715433120728,3.441239356994629,3.146106004714966,4.293007850646973,-13.644210815429688,7.985995292663574,0
1745923224.565507,0.19803187251091003,1.0794875621795654,3.183570384979248,2.944434404373169,4.236912727355957,-13.754623413085938,7.405524253845215,0
1745923224.5732453,0.17272838950157166,1.0131938457489014,2.961308717727661,2.7720351219177246,4.16701602935791,-13.801444053649902,6.919266223907471,0
1745923224.5828166,0.1552397608757019,0.9605952501296997,2.788424253463745,2.6289854049682617,4.134889602661133,-13.826678276062012,6.533244609832764,0
1745923224.6001606,0.13875645399093628,0.914787232875824,2.6412060260772705,2.5017850399017334,4.13661003112793,-13.859099388122559,6.196535110473633,0
1745923224.606959,0.12487178295850754,0.8734936118125916,2.504995584487915,2.3874878883361816,4.116831302642822,-13.881951332092285,5.8908491134643555,0
1745923224.6180277,0.11986418813467026,0.844434380531311,2.404937744140625,2.305737018585205,4.064438343048096,-13.86330795288086,5.674973487854004,0
1745923224.6335478,0.12115401774644852,0.8268699049949646,2.3472537994384766,2.2514865398406982,4.045877456665039,-13.82158088684082,5.546764373779297,0
1745923224.6404502,0.1241130456328392,0.818087637424469,2.3228352069854736,2.2208468914031982,4.0626020431518555,-13.786497116088867,5.485882759094238,0
1745923224.6523001,0.1303156316280365,0.8182204365730286,2.321922540664673,2.211448907852173,4.07788610458374,-13.732728004455566,5.481907844543457,0
1745923224.6647224,0.14148786664009094,0.8251627683639526,2.3418149948120117,2.218073606491089,4.090744972229004,-13.653754234313965,5.526538848876953,0
1745923224.6763637,0.16176480054855347,0.8426893353462219,2.510918617248535,2.255126476287842,4.545198440551758,-13.689181327819824,5.770499229431152,0
1745923224.6879368,0.1902170032262802,0.8766802549362183,2.6584534645080566,2.3365116119384766,4.657866477966309,-13.60793399810791,6.061862468719482,0
1745923224.7052073,0.2149704247713089,0.9183342456817627,2.8171637058258057,2.4423351287841797,4.722402095794678,-13.554314613342285,6.39280366897583,0
1745923224.7103195,0.24628682434558868,0.9608039259910583,2.9799344539642334,2.5540711879730225,4.736714839935303,-13.479292869567871,6.741096496582031,0
1745923224.7251637,0.27088847756385803,1.0082621574401855,3.1378440856933594,2.6694276332855225,4.764339447021484,-13.418697357177734,7.086421966552734,0
1745923224.7354317,0.29425719380378723,1.0509973764419556,3.2941701412200928,2.8849265575408936,4.338919162750244,-13.49095630645752,7.524351119995117,0
1745923224.7463837,0.33133989572525024,1.1509974002838135,3.4827749729156494,3.027090311050415,4.468052387237549,-13.210135459899902,7.9922027587890625,0
1745923224.7587357,0.37858954071998596,1.228311538696289,3.724109411239624,3.209368944168091,4.473448753356934,-13.097558975219727,8.540379524230957,0
1745923224.7696583,0.43213656544685364,1.3147492408752441,3.9972753524780273,3.4097118377685547,4.4969964027404785,-12.984899520874023,9.153873443603516,0
1745923224.7810998,0.48494386672973633,1.4012629985809326,4.2707390785217285,3.60300612449646,4.544434070587158,-12.883085250854492,9.759952545166016,0
1745923224.791655,0.5384909510612488,1.4872075319290161,4.5306620597839355,3.7832820415496826,4.593070030212402,-12.771539688110352,10.339642524719238,0
1745923224.8030741,0.5928156971931458,1.5704586505889893,4.781495571136475,3.960977077484131,4.616696357727051,-12.668841361999512,10.905746459960938,0
1745923224.8147955,0.6398946046829224,1.6503335237503052,5.016403675079346,4.125268936157227,4.657498359680176,-12.585862159729004,11.431900978088379,0
1745923224.8354273,0.678798258304596,1.7204207181930542,5.2191267013549805,4.255819797515869,4.727745056152344,-12.51374626159668,11.874165534973145,0
1745923224.8395548,0.709943950176239,1.7751628160476685,5.380854606628418,4.3546142578125,4.791988849639893,-12.45911979675293,12.220575332641602,0
1745923224.849922,0.7375615239143372,1.8218433856964111,5.504920959472656,4.434516429901123,4.826943874359131,-12.399603843688965,12.498842239379883,0
1745923224.865424,0.7595076560974121,1.8652993440628052,5.613304615020752,4.505675792694092,4.863214015960693,-12.349361419677734,12.74378776550293,0
1745923224.875773,0.7847352623939514,1.907522439956665,5.720775127410889,4.578394412994385,4.882043361663818,-12.296196937561035,12.991426467895508,0
1745923224.8852046,0.8035137057304382,1.952040672302246,5.828097343444824,4.639385223388672,4.949142932891846,-12.247602462768555,13.223036766052246,0
1745923224.8988407,0.8143066167831421,1.984665870666504,5.937002182006836,4.666808605194092,5.098603248596191,-12.228921890258789,13.40278434753418,0
1745923224.9082062,0.8198453187942505,2.0032167434692383,5.95350456237793,4.67064094543457,5.135235786437988,-12.182659149169922,13.4472074508667,0
1745923224.9208367,0.8269773125648499,2.0207622051239014,5.987421989440918,4.6799235343933105,5.182056903839111,-12.150254249572754,13.515085220336914,0
1745923224.9333096,0.8385289311408997,2.043353319168091,6.03683614730835,4.698777198791504,5.228621959686279,-12.111502647399902,13.6174955368042,0
1745923224.942827,0.8560554385185242,2.0744988918304443,6.106832027435303,4.729629039764404,5.279147148132324,-12.059552192687988,13.76701545715332,0
1745923224.9567266,0.8777360320091248,2.111524820327759,6.194987773895264,4.7711687088012695,5.332196235656738,-12.003567695617676,13.95541763305664,0
1745923224.9689748,0.9086161851882935,2.239616632461548,6.327491760253906,4.829829216003418,5.536490440368652,-11.75703239440918,14.305554389953613,0
1745923224.97858,1.0070416927337646,2.468391180038452,6.640740394592285,4.9480743408203125,5.862386226654053,-11.310291290283203,15.064247131347656,0
1745923224.990178,1.1364233493804932,2.7527613639831543,7.118417263031006,5.170159816741943,6.169498443603516,-10.903067588806152,16.17776107788086,0
1745923225.0013633,1.221229910850525,2.987017869949341,7.502667427062988,5.355173110961914,6.420445919036865,-10.643415451049805,17.06608772277832,0
1745923225.0133026,1.2907860279083252,3.1968624591827393,7.797979354858398,5.461824893951416,6.692929744720459,-10.379815101623535,17.747451782226562,0
1745923225.0250127,1.3406343460083008,3.3635542392730713,8.017931938171387,5.533002853393555,6.914210796356201,-10.176960945129395,18.255123138427734,0
1745923225.0378492,1.3765978813171387,3.50408935546875,8.149299621582031,5.5473504066467285,7.128273010253906,-9.96564769744873,18.57733726501465,0
1745923225.0475817,1.4280964136123657,3.6575982570648193,8.247587203979492,5.522873401641846,7.356645584106445,-9.672176361083984,18.856155395507812,0
1745923225.069689,1.5089006423950195,3.852799415588379,8.384151458740234,5.512589454650879,7.582799434661865,-9.306872367858887,19.258441925048828,0
1745923225.0717294,1.6138513088226318,4.101206302642822,8.601533889770508,5.54014778137207,7.824282169342041,-8.91179084777832,19.856739044189453,0
1745923225.0829597,1.7319279909133911,4.387397289276123,8.917855262756348,5.616544723510742,8.075532913208008,-8.556160926818848,20.653724670410156,0
1745923225.0974436,1.8585402965545654,4.695686340332031,9.293724060058594,5.72225284576416,8.318942070007324,-8.238065719604492,21.57020378112793,0
1745923225.1070147,2.006605386734009,5.0520405769348145,9.720403671264648,5.850627899169922,8.556282043457031,-7.899365425109863,22.629676818847656,0
1745923225.1177096,2.183729887008667,5.473588466644287,10.843668937683105,6.232536792755127,8.944448471069336,-7.99710750579834,24.733524322509766,0
1745923225.133771,2.367398262023926,5.9358229637146,11.493616104125977,6.478155612945557,9.147435188293457,-7.72748327255249,26.274991989135742,0
1745923225.141795,2.568403482437134,6.41643762588501,12.223374366760254,6.762213706970215,9.319037437438965,-7.508489608764648,27.970428466796875,0
1745923225.158529,2.797899007797241,6.9414753913879395,13.037395477294922,7.091644287109375,9.45819091796875,-7.304806232452393,29.8684139251709,0
1745923225.165766,3.0425500869750977,7.510955810546875,13.895709037780762,7.443414211273193,9.587784767150879,-7.1018900871276855,31.892629623413086,0
1745923225.1753209,3.306833028793335,8.09532642364502,14.823012351989746,7.835259914398193,9.680878639221191,-6.939969539642334,34.06043243408203,0
1745923225.1873982,3.6061313152313232,8.724954605102539,15.868180274963379,8.299112319946289,9.733610153198242,-6.81017541885376,36.49837875366211,0
1745923225.2052,3.9136805534362793,10.052136421203613,16.95866584777832,8.795394897460938,10.081811904907227,-6.232474327087402,39.719879150390625,0
1745923225.20998,4.213756561279297,10.691134452819824,18.023706436157227,9.282279968261719,10.095182418823242,-6.1695709228515625,42.21087646484375,0
1745923225.2215798,4.5176262855529785,11.342368125915527,19.080738067626953,9.760037422180176,10.113302230834961,-6.09824800491333,44.70077133178711,0
1745923225.2332551,4.816715717315674,12.002573013305664,20.125961303710938,10.206094741821289,10.157933235168457,-6.018240451812744,47.151344299316406,0
1745923225.2450118,5.101104736328125,12.6571626663208,21.117673873901367,10.602409362792969,10.226635932922363,-5.925786972045898,49.47834777832031,0
1745923225.256547,5.369561195373535,13.283642768859863,22.034025192260742,10.95747184753418,10.296076774597168,-5.830301284790039,51.64469909667969,0
1745923225.2680051,5.617512226104736,13.863612174987793,22.87233543395996,11.274904251098633,10.360540390014648,-5.74301290512085,53.62836456298828,0
1745923225.2800303,5.8424553871154785,14.403861999511719,23.632787704467773,11.552203178405762,10.426883697509766,-5.659475326538086,55.43130874633789,0
1745923225.2995315,6.0401225090026855,14.899538040161133,24.312816619873047,11.793065071105957,10.493663787841797,-5.583093643188477,57.0455436706543,0
1745923225.302659,6.218935012817383,15.354488372802734,24.924598693847656,12.002497673034668,10.557415962219238,-5.511526107788086,58.50052261352539,0
1745923225.314832,6.386689186096191,15.786999702453613,25.493635177612305,12.193288803100586,10.618308067321777,-5.4422760009765625,59.86061096191406,0
1745923225.325539,6.540008544921875,16.218523025512695,26.04976463317871,12.365957260131836,10.69314193725586,-5.374825954437256,61.17425537109375,0
1745923225.338868,6.6793293952941895,16.636430740356445,27.08384895324707,12.515169143676758,10.915112495422363,-5.435104846954346,62.91477966308594,0
1745923225.3550096,6.804898738861084,17.024574279785156,27.542938232421875,12.652576446533203,10.981352806091309,-5.368010520935059,64.02499389648438,0
1745923225.3697543,6.910190582275391,17.365507125854492,27.929964065551758,12.781510353088379,11.031493186950684,-5.311068534851074,64.98717498779297,0
1745923225.3843205,6.999720573425293,17.647506713867188,28.245670318603516,12.898735046386719,11.062990188598633,-5.265726089477539,65.79163360595703,0
1745923225.385306,7.0721025466918945,17.870040893554688,28.484731674194336,13.007311820983887,11.074270248413086,-5.231462001800537,66.4341812133789,0
1745923225.3992617,7.127186298370361,18.03800392150879,28.647167205810547,13.091085433959961,11.07675838470459,-5.202038288116455,66.9034423828125,0
1745923225.4079657,7.159109592437744,18.165128707885742,28.738006591796875,13.1397123336792,11.084808349609375,-5.172812461853027,67.20195770263672,0
1745923225.4185884,7.174322128295898,18.341266632080078,28.758419036865234,13.151209831237793,11.118634223937988,-5.106025218963623,67.42521667480469,0
1745923225.4348016,7.176370620727539,18.397716522216797,28.718429565429688,13.119741439819336,11.139826774597168,-5.066523551940918,67.41226196289062,0
1745923225.4421802,7.161840915679932,18.43007469177246,28.634204864501953,13.056998252868652,11.171781539916992,-5.024812698364258,67.28311920166016,0
1745923225.4545002,7.140862464904785,18.446216583251953,28.526901245117188,12.978020668029785,11.207275390625,-4.982332706451416,67.09200286865234,0
1745923225.4677424,7.109621524810791,18.442840576171875,28.396724700927734,12.893651008605957,11.241535186767578,-4.944376468658447,66.84284210205078,0
1745923225.4784403,7.073032379150391,18.42645263671875,28.24432945251465,12.798226356506348,11.276883125305176,-4.905237674713135,66.54203796386719,0
1745923225.4897797,7.035589218139648,18.405170440673828,28.080162048339844,12.695425987243652,11.313232421875,-4.8633222579956055,66.21634674072266,0
1745923225.5017297,7.012637615203857,18.39629364013672,27.92186164855957,12.502151489257812,11.399978637695312,-4.789648532867432,65.83294677734375,0
1745923225.5117502,7.012922286987305,18.43250274658203,27.82802391052246,12.458049774169922,11.411691665649414,-4.741312503814697,65.73149871826172,0
1745923225.5242817,7.020793914794922,18.492063522338867,27.803586959838867,12.44412612915039,11.424177169799805,-4.705432415008545,65.76057434082031,0
1745923225.5367463,7.035304546356201,18.562131881713867,27.823945999145508,12.45319652557373,11.432819366455078,-4.679708003997803,65.87458038330078,0
1745923225.5462463,7.055638313293457,18.639009475708008,27.87859344482422,12.461612701416016,11.448649406433105,-4.6574907302856445,66.03485107421875,0
1745923225.5589063,7.065672397613525,18.71262550354004,27.967233657836914,12.45469856262207,11.487358093261719,-4.6452460289001465,66.20022583007812,0
1745923225.5698867,7.0677971839904785,18.773664474487305,27.993757247924805,12.443009376525879,11.514870643615723,-4.624466419219971,66.27822875976562,0
1745923225.5821824,7.0697126388549805,18.818523406982422,28.034603118896484,12.451501846313477,11.529960632324219,-4.6185808181762695,66.37434387207031,0
1745923225.5988288,7.0758771896362305,18.837947845458984,28.100072860717773,12.504326820373535,11.515923500061035,-4.637857437133789,66.51822662353516,0
1745923225.6066976,7.0865373611450195,18.838193893432617,28.18465232849121,12.586328506469727,11.481988906860352,-4.674531936645508,66.69570922851562,0
1745923225.6183412,7.093915939331055,18.82256507873535,28.25922966003418,12.667617797851562,11.444183349609375,-4.7157697677612305,66.84333038330078,0
1745923225.6333494,7.094447135925293,18.812891006469727,28.30544090270996,12.718748092651367,11.422776222229004,-4.742965221405029,66.93152618408203,0
1745923225.640414,7.093100547790527,18.81068992614746,28.3219051361084,12.739662170410156,11.414787292480469,-4.753403663635254,66.9653549194336,0
1745923225.6530097,7.088604927062988,18.79735565185547,28.324214935302734,12.75235366821289,11.407234191894531,-4.763900279998779,66.9625244140625,0
1745923225.6692023,7.077868938446045,18.775524139404297,28.302907943725586,12.75348949432373,11.402188301086426,-4.771544933319092,66.9097900390625,0
1745923225.6753273,7.0580854415893555,18.742197036743164,28.235519409179688,12.73282527923584,11.401021003723145,-4.770644187927246,66.76862335205078,0
1745923225.685803,7.035987377166748,18.711658477783203,28.157588958740234,12.705093383789062,11.403467178344727,-4.765263080596924,66.6103286743164,0
1745923225.7023082,7.011139392852783,18.692272186279297,28.070327758789062,12.661049842834473,11.417684555053711,-4.750331401824951,66.4347915649414,0
1745923225.7085865,6.984982013702393,18.691362380981445,27.969934463500977,12.589313507080078,11.450580596923828,-4.718626022338867,66.235595703125,0
1745923225.7215214,6.968062400817871,18.717195510864258,27.885988235473633,12.521409034729004,11.486661911010742,-4.677751064300537,66.0926513671875,0
1745923225.733952,6.962144374847412,18.768657684326172,27.853727340698242,12.470913887023926,11.52518367767334,-4.639596939086914,66.0554428100586,0
1745923225.7440128,6.955221176147461,18.834571838378906,27.843631744384766,12.42053508758545,11.573395729064941,-4.601721286773682,66.053955078125,0
1745923225.7554903,6.949094295501709,18.919775009155273,27.827186584472656,12.356925010681152,11.632275581359863,-4.551196575164795,66.052978515625,0
1745923225.7672453,6.945073127746582,19.03203010559082,27.80459213256836,12.271862030029297,11.707942962646484,-4.482519149780273,66.05355834960938,0
1745923225.7796965,6.942853927612305,19.174915313720703,27.726755142211914,12.159509658813477,11.792924880981445,-4.380617141723633,66.00403594970703,0
1745923225.7901385,6.935760021209717,19.349061965942383,27.650222778320312,12.013687133789062,11.909181594848633,-4.260292053222656,65.94873046875,0
1745923225.802964,6.925384044647217,19.550220489501953,27.561805725097656,11.826400756835938,12.05649471282959,-4.1170501708984375,65.86381530761719,0
1745923225.8130612,6.917304039001465,19.782180786132812,27.486072540283203,11.611498832702637,12.230100631713867,-3.9570131301879883,65.79705810546875,0
1745923225.8254225,6.914022445678711,20.053823471069336,27.434703826904297,11.37828254699707,12.427543640136719,-3.781466245651245,65.78083038330078,0
1745923225.83817,6.917227745056152,20.35833740234375,27.419878005981445,11.145393371582031,12.637089729309082,-3.6008622646331787,65.84083557128906,0
1745923225.849016,6.9321370124816895,20.684551239013672,27.4477596282959,10.925830841064453,12.845551490783691,-3.423154354095459,65.99028015136719,0
1745923225.8672082,6.957819938659668,21.033451080322266,27.51350975036621,10.728704452514648,13.046152114868164,-3.2501654624938965,66.23348999023438,0
1745923225.8815486,6.994523048400879,21.78595542907715,27.61136817932129,10.554109573364258,13.320645332336426,-2.943941354751587,66.94595336914062,0
1745923225.883736,7.033407688140869,22.16260528564453,27.735658645629883,10.25283432006836,13.591476440429688,-2.748284339904785,67.18450927734375,0
1745923225.9004595,7.06777811050415,22.53436279296875,27.858123779296875,10.10437297821045,13.767105102539062,-2.5985116958618164,67.56463623046875,0
1745923225.9123712,7.100308418273926,22.907901763916016,27.962390899658203,9.945801734924316,13.944746971130371,-2.4427034854888916,67.9164047241211,0
1745923225.9401023,7.127053260803223,23.28003692626953,28.047958374023438,9.76906967163086,14.131254196166992,-2.280846118927002,68.22412109375,0
1745923225.9401023,7.138491153717041,23.636600494384766,28.09349822998047,9.566954612731934,14.330129623413086,-2.1128292083740234,68.435546875,0
1745923225.941128,7.1411848068237305,23.973854064941406,28.088747024536133,9.350801467895508,14.528234481811523,-1.9373565912246704,68.5545883178711,0
1745923225.954755,7.14017915725708,24.311656951904297,28.06175994873047,9.12781047821045,14.728020668029785,-1.7553902864456177,68.64140319824219,0
1745923225.9652867,7.138168811798096,24.659210205078125,28.03199577331543,8.902220726013184,14.930875778198242,-1.5694901943206787,68.73159790039062,0
1745923225.976858,7.136613368988037,25.012720108032227,27.9976863861084,8.672778129577637,15.13559341430664,-1.3795990943908691,68.81979370117188,0
1745923226.0078115,7.130448818206787,25.366798400878906,27.94830894470215,8.439253807067871,15.342589378356934,-1.1859891414642334,68.88481140136719,0
1745923226.0088332,7.118631362915039,25.714067459106445,27.87689781188965,8.203052520751953,15.549249649047852,-0.9895461797714233,68.91264343261719,0
1745923226.0221207,7.098184108734131,26.044795989990234,27.687660217285156,7.962749004364014,15.739923477172852,-0.7654231190681458,68.79338836669922,0
1745923226.0251777,7.066222667694092,26.3486270904541,27.575849533081055,7.729821681976318,15.942779541015625,-0.5778083205223083,68.72052001953125,0
1745923226.0348785,7.029443264007568,26.619321823120117,27.459308624267578,7.515689849853516,16.130531311035156,-0.40584906935691833,68.62376403808594,0
1745923226.045496,6.9951300621032715,26.851566314697266,27.33034324645996,7.322876930236816,16.29475212097168,-0.24725650250911713,68.49991607666016,0
1745923226.0575123,6.950517177581787,27.03117561340332,27.178207397460938,7.14508581161499,16.44368553161621,-0.1050226241350174,68.30498504638672,0
1745923226.0686364,6.882648944854736,27.133831024169922,26.972169876098633,6.981891632080078,16.57719612121582,0.01928390935063362,67.97053527832031,0
1745923226.0800385,6.7901225090026855,27.14898681640625,26.70807456970215,6.827922821044922,16.69789695739746,0.12545959651470184,67.47511291503906,0
1745923226.0929244,6.672728538513184,26.899822235107422,26.369848251342773,6.681117534637451,16.77550506591797,0.1644064486026764,66.6235122680664,0
1745923226.1053529,6.529784679412842,26.600656509399414,25.93970489501953,6.534023761749268,16.848676681518555,0.21021442115306854,65.60417175292969,0
1745923226.1164484,6.355258941650391,26.178293228149414,25.402183532714844,6.382538795471191,16.90958023071289,0.24449484050273895,64.31827545166016,0
1745923226.1322832,6.150023937225342,25.630247116088867,24.744617462158203,6.217862129211426,16.96125030517578,0.2737153172492981,62.74274826049805,0
1745923226.138428,5.911158084869385,24.951889038085938,23.9637508392334,6.029998779296875,17.01183319091797,0.299970418214798,60.85679626464844,0
1745923226.149917,5.634185314178467,24.150808334350586,23.064292907714844,5.815751552581787,17.07021141052246,0.32393965125083923,58.6650390625,0
1745923226.1684291,5.334052562713623,23.24896812438965,22.059301376342773,5.582034111022949,17.127471923828125,0.3517233431339264,56.22435760498047,0
1745923226.173583,5.0119547843933105,22.266284942626953,20.975746154785156,5.330329895019531,17.191465377807617,0.3809967041015625,53.58431625366211,0
1745923226.1849034,4.676636219024658,21.2327880859375,19.849872589111328,5.0625834465026855,17.268474578857422,0.41195470094680786,50.82188034057617,0
1745923226.1984763,4.335190773010254,20.172773361206055,18.71364402770996,4.785342693328857,17.360918045043945,0.4413638710975647,48.006954193115234,0
1745923226.209355,3.9970266819000244,19.082977294921875,17.573986053466797,4.499667167663574,17.462318420410156,0.4680316150188446,45.15365982055664,0
1745923226.2198904,3.681567430496216,18.013534545898438,16.454017639160156,4.219287395477295,17.557125091552734,0.5064561367034912,42.368408203125,0
1745923226.2362425,3.3927206993103027,16.98764419555664,14.363980293273926,3.954179048538208,17.368419647216797,1.1190693378448486,38.698524475097656,0
1745923226.2429276,3.123335361480713,15.984628677368164,13.361074447631836,3.7011072635650635,17.43413543701172,1.1877591609954834,36.17014694213867,0
1745923226.254418,2.866696357727051,14.997584342956543,12.3951416015625,3.22450590133667,17.81280517578125,1.4077585935592651,33.48392868041992,0
1745923226.267804,2.645395278930664,14.053369522094727,11.522411346435547,3.01678729057312,17.849458694458008,1.4517874717712402,31.23796272277832,0
1745923226.2787707,2.450535535812378,13.207427978515625,10.742661476135254,2.8315236568450928,17.88116455078125,1.4969595670700073,29.232149124145508,0
1745923226.2893493,2.260228395462036,12.424139022827148,10.015268325805664,2.653963327407837,17.939359664916992,1.5470671653747559,27.35359764099121,0
1745923226.302322,2.086632013320923,11.67641544342041,9.338574409484863,2.4897873401641846,17.985721588134766,1.587579607963562,25.59140968322754,0
1745923226.3128462,1.924947738647461,10.971673011779785,8.71142578125,2.3364923000335693,18.033607482910156,1.6213613748550415,23.94454002380371,0
1745923226.3242493,1.763282299041748,9.64278507232666,8.116182327270508,2.1870296001434326,17.810007095336914,1.0668226480484009,21.709278106689453,0
1745923226.335669,1.6100387573242188,9.009382247924805,7.546792030334473,2.0440762042999268,17.87493896484375,1.068743348121643,20.210290908813477,0
1745923226.3476353,1.467455267906189,8.413687705993652,7.008301734924316,1.9069002866744995,17.946773529052734,1.079185962677002,18.796344757080078,0
1745923226.3672059,1.3479560613632202,7.892177581787109,6.528110027313232,1.7869795560836792,17.99976348876953,1.1065609455108643,17.55522346496582,0
1745923226.370272,1.251901388168335,7.453141212463379,6.123446464538574,1.6855852603912354,18.03884506225586,1.1394062042236328,16.514074325561523,0
1745923226.3823948,1.174131989479065,7.081782817840576,5.783656120300293,1.6002330780029297,18.06608772277832,1.1708928346633911,15.639803886413574,0
1745923226.4005346,1.117815613746643,6.7795634269714355,5.500153064727783,1.5308458805084229,18.064224243164062,1.2187509536743164,14.928377151489258,0
1745923226.4051569,1.0884339809417725,6.587340354919434,5.295269012451172,1.4884201288223267,18.020111083984375,1.2956079244613647,14.459464073181152,0
1745923226.4174213,1.0900652408599854,6.532978057861328,5.212533473968506,1.4746311902999878,17.963598251342773,1.3733863830566406,14.310208320617676,0
1745923226.4284558,1.1231646537780762,6.6036152839660645,5.248071193695068,1.4823538064956665,17.907520294189453,1.4472683668136597,14.457205772399902,0
1745923226.4418254,1.1790827512741089,6.778937816619873,5.382065296173096,1.5188287496566772,17.832162857055664,1.4940295219421387,14.858914375305176,0
1745923226.4523056,1.2281723022460938,6.982105255126953,5.72554349899292,1.5591938495635986,17.92627716064453,1.2543607950210571,15.495015144348145,0
1745923226.4658883,1.2441054582595825,7.098512649536133,5.759591579437256,1.5787794589996338,17.91890525817871,1.34488844871521,15.680988311767578,0
1745923226.4756682,1.2230318784713745,7.077003002166748,5.677060604095459,1.574253797531128,17.927047729492188,1.416155457496643,15.551348686218262,0
1745923226.48778,1.163851261138916,6.928425312042236,5.499202728271484,1.538664698600769,17.99738883972168,1.4634751081466675,15.130144119262695,0
1745923226.501159,1.1051639318466187,6.709855556488037,5.30935001373291,1.4867061376571655,18.066116333007812,1.4645211696624756,14.611075401306152,0
1745923226.510925,1.0296517610549927,6.476964950561523,5.083587169647217,1.4318395853042603,18.169513702392578,1.4844475984573364,14.02204418182373,0
1745923226.5234697,0.9282292127609253,6.1760735511779785,4.789336681365967,1.3574837446212769,18.34044647216797,1.517390489578247,13.251123428344727,0
1745923226.5362012,0.8090524077415466,5.7920823097229,4.419167995452881,1.2675095796585083,18.536357879638672,1.562817096710205,12.287812232971191,0
1745923226.5455472,0.6768445372581482,4.792196273803711,3.9776995182037354,1.1573143005371094,18.31380844116211,0.6614991426467896,10.60405445098877,0
1745923226.557593,0.5438589453697205,4.213307857513428,3.48568058013916,1.0333685874938965,18.478363037109375,0.5390636920928955,9.276216506958008,0
1745923226.5682783,0.40761077404022217,3.5859367847442627,2.9484941959381104,0.8973289728164673,18.678255081176758,0.3957214653491974,7.839370250701904,0
1745923226.5804954,0.26901063323020935,2.9331862926483154,2.3742051124572754,0.7543370127677917,18.947742462158203,0.24432341754436493,6.330738544464111,0
1745923226.5911663,0.1471783071756363,2.2925186157226562,1.79982328414917,0.6075126528739929,19.280710220336914,0.14020571112632751,4.84703254699707,0
1745923226.6031625,0.04598330706357956,1.6930497884750366,1.2559874057769775,0.45964837074279785,19.80373764038086,0.14222604036331177,3.4546687602996826,0
1745923226.6168284,0.023003792390227318,1.158205270767212,0.7896535396575928,0.3292897641658783,19.422988891601562,0.5684757828712463,2.30015230178833,0
1745923226.6319196,0.08483991026878357,0.7046203017234802,0.4184415936470032,0.22240689396858215,15.970556259155273,2.1819381713867188,1.4303085803985596,0
1745923226.6388311,0.12645599246025085,0.38109979033470154,0.15784814953804016,0.11791203171014786,0.0,0.0,0.7833160161972046,0
1745923226.6488004,0.13886114954948425,0.17573179304599762,0.017234260216355324,0.08299696445465088,0.0,0.0,0.4148241877555847,0
1745923226.6688795,0.12723368406295776,0.08834560215473175,0.12517070770263672,0.0697280764579773,0.0,0.0,0.41047805547714233,0
1745923226.6731837,0.11979818344116211,0.07491616159677505,0.13880479335784912,0.06668528914451599,0.0,0.0,0.4002044200897217,0
1745923226.6847007,0.11672534793615341,0.07349355518817902,0.13247202336788177,0.06493279337882996,0.0,0.0,0.38762369751930237,0
1745923226.7002077,0.11581487953662872,0.07186229526996613,0.1270332932472229,0.0619862899184227,0.0,0.0,0.37669676542282104,0
1745923226.7099826,0.11422155052423477,0.07030690461397171,0.12338262796401978,0.060195282101631165,0.0,0.0,0.3681063652038574,0
1745923226.721838,0.11183156818151474,0.06996548175811768,0.12038387358188629,0.05780726671218872,0.0,0.0,0.3599882125854492,0
1745923226.734448,0.10942261666059494,0.0695861205458641,0.11740374565124512,0.057556912302970886,0.0,0.0,0.35396939516067505,0
1745923226.7419207,0.10760167241096497,0.068201445043087,0.11714299023151398,0.055303700268268585,0.0,0.0,0.34824979305267334,0
1745923226.753721,0.10735508799552917,0.06655121594667435,0.11297081410884857,0.053281597793102264,0.0,0.0,0.34015870094299316,0
1745923226.7709098,0.10435812175273895,0.06569765508174896,0.10896626859903336,0.05397488921880722,0.0,0.0,0.3329969346523285,0
1745923226.7788465,0.10229060053825378,0.06503376364707947,0.10604202002286911,0.052222393453121185,0.0,0.0,0.32558879256248474,0
1745923226.7884345,0.10181639343500137,0.06414226442575455,0.10438432544469833,0.0527038499712944,0.0,0.0,0.32304683327674866,0
1745923226.8009887,0.09790895879268646,0.06594423949718475,0.10026802122592926,0.05137503147125244,0.0,0.0,0.3154962658882141,0
1745923226.813824,0.09733991324901581,0.06584939360618591,0.09853582829236984,0.04696491360664368,0.0,0.0,0.30869004130363464,0
1745923226.8252103,0.0972261056303978,0.06349734961986542,0.09603996574878693,0.04785078763961792,0.0,0.0,0.30461418628692627,0
1745923226.8351307,0.09400152415037155,0.06423710286617279,0.09369312226772308,0.04923737794160843,0.0,0.0,0.30116909742355347,0
1745923226.846648,0.09254097938537598,0.06545106321573257,0.09555570036172867,0.047311559319496155,0.0,0.0,0.300859272480011,0
1745923226.860052,0.09377390146255493,0.06351631879806519,0.09611447155475616,0.04627162218093872,0.0,0.0,0.2996762990951538,0
1745923226.8692777,0.09430501610040665,0.060386572033166885,0.09272457659244537,0.046233102679252625,0.0,0.0,0.29364925622940063,0
1745923226.8817246,0.09250304102897644,0.06034863367676735,0.08912979811429977,0.04542426019906998,0.0,0.0,0.28740572929382324,0
1745923226.9046779,0.09043551236391068,0.06279552727937698,0.08769561350345612,0.04295921325683594,0.0,0.0,0.2838858664035797,0
1745923226.905187,0.09265478700399399,0.06313695013523102,0.08771423995494843,0.04138004034757614,0.0,0.0,0.2848860025405884,0
1745923226.9172587,0.09191502630710602,0.05919158086180687,0.08555364608764648,0.0404941663146019,0.0,0.0,0.27715441584587097,0
1745923226.9338245,0.09178224951028824,0.05689643323421478,0.0836910679936409,0.0404941663146019,0.0,0.0,0.2728639245033264,0
1745923226.9400957,0.09068209677934647,0.059912364929914474,0.08361656963825226,0.04047490656375885,0.0,0.0,0.27468591928482056,0
1745923226.950992,0.09178224951028824,0.060007210820913315,0.08225688338279724,0.04099487513303757,0.0,0.0,0.27504122257232666,0
1745923226.9671235,0.09136494994163513,0.05928641930222511,0.08126971870660782,0.04157262295484543,0.0,0.0,0.2734937071800232,0
1745923226.9743118,0.09060622751712799,0.05909673497080803,0.078960120677948,0.03968532383441925,0.0,0.0,0.2683483958244324,0
1745923226.985896,0.0893353596329689,0.05695333704352379,0.07894149422645569,0.04018603265285492,0.0,0.0,0.2654162049293518,0
1745923227.002723,0.08793172240257263,0.056232549250125885,0.08106483519077301,0.03924238681793213,0.0,0.0,0.26447147130966187,0
1745923227.009964,0.08796965330839157,0.055378980934619904,0.07955614477396011,0.0389920249581337,0.0,0.0,0.2618967890739441,0
1745923227.021421,0.08745751529932022,0.05515136569738388,0.07665052264928818,0.03704695403575897,0.0,0.0,0.25630635023117065,0
1745923227.0344584,0.08743854612112045,0.05412708595395088,0.07599861919879913,0.03454338759183884,0.0,0.0,0.2521076500415802,0
1745923227.0456057,0.08770409971475601,0.054734066128730774,0.07557022571563721,0.0351211354136467,0.0,0.0,0.2531295418739319,0
1745923227.0567172,0.08446054905653,0.052552729845047,0.07588686794042587,0.03814467042684555,0.0,0.0,0.2510448396205902,0
1745923227.067928,0.08282928913831711,0.053975339978933334,0.07543984800577164,0.03575665503740311,0.0,0.0,0.2480011284351349,0
1745923227.0805564,0.08104628324508667,0.05403224378824234,0.07482519745826721,0.034273773431777954,0.0,0.0,0.24417749047279358,0
1745923227.0904546,0.08155842870473862,0.054658193141222,0.07322337478399277,0.036103300750255585,0.0,0.0,0.24554330110549927,0
1745923227.1030707,0.08237405866384506,0.05355804041028023,0.07199407368898392,0.035929977893829346,0.0,0.0,0.24385616183280945,0
1745923227.1166527,0.08320865780115128,0.05139567330479622,0.07000111788511276,0.033580482006073,0.0,0.0,0.23818594217300415,0
1745923227.1267095,0.08368285745382309,0.050409331917762756,0.07013149559497833,0.033599741756916046,0.0,0.0,0.23782342672348022,0
1745923227.139685,0.08535205572843552,0.050561077892780304,0.06901395320892334,0.03635365515947342,0.0,0.0,0.24128073453903198,0
1745923227.148174,0.08440364897251129,0.051205992698669434,0.06754251569509506,0.034061938524246216,0.0,0.0,0.2372140884399414,0
1745923227.1661606,0.08224128186702728,0.05507549270987511,0.0662945881485939,0.031808726489543915,0.0,0.0,0.2354201078414917,0
1745923227.1719205,0.08114112913608551,0.053956374526023865,0.0661083310842514,0.0320013090968132,0.0,0.0,0.23320713639259338,0
1745923227.1839697,0.08038239926099777,0.05236304923892021,0.06776602566242218,0.03304125368595123,0.0,0.0,0.2335527241230011,0
1745923227.2008886,0.08184295147657394,0.05139567330479622,0.06959135085344315,0.031924277544021606,0.0,0.0,0.2347542643547058,0
1745923227.2070644,0.0830758735537529,0.05300796777009964,0.06920021027326584,0.029767362400889397,0.0,0.0,0.23505142331123352,0
1745923227.218027,0.08195675909519196,0.052438922226428986,0.06581031531095505,0.0312309842556715,0.0,0.0,0.23143699765205383,0
1745923227.2348523,0.07899773120880127,0.05088353529572487,0.06700237095355988,0.03155837208032608,0.0,0.0,0.2284420132637024,0
1745923227.2418768,0.07850455492734909,0.05075075849890709,0.06562405824661255,0.030364366248250008,0.0,0.0,0.2252437323331833,0
1745923227.2528372,0.08062899112701416,0.05088353529572487,0.062103789299726486,0.02863113023340702,0.0,0.0,0.22224745154380798,0
1745923227.269613,0.08140668272972107,0.0505041740834713,0.0621224120259285,0.02845780737698078,0.0,0.0,0.2224910706281662,0
1745923227.27641,0.08047724515199661,0.05027655512094498,0.06361247599124908,0.02880445308983326,0.0,0.0,0.22317072749137878,0
1745923227.2874918,0.0796426460146904,0.050542108714580536,0.06413399428129196,0.02924739010632038,0.0,0.0,0.22356612980365753,0
1745923227.29974,0.07715781778097153,0.0508645661175251,0.06441338360309601,0.031153948977589607,0.0,0.0,0.2235897183418274,0
1745923227.3133626,0.07664567977190018,0.05076972767710686,0.06204790994524956,0.032116860151290894,0.0,0.0,0.22158017754554749,0
1745923227.322894,0.07725266367197037,0.048417676240205765,0.0613773837685585,0.03248276561498642,0.0,0.0,0.21953049302101135,0
1745923227.3380835,0.07812519371509552,0.04957473278045654,0.06022258475422859,0.03138504922389984,0.0,0.0,0.2193075567483902,0
1745923227.3506336,0.07782170176506042,0.05023861676454544,0.059831440448760986,0.028862228617072105,0.0,0.0,0.2167539745569229,0
1745923227.3673499,0.07588695734739304,0.04729855805635452,0.0609862394630909,0.02851557917892933,0.0,0.0,0.21268732845783234,0
1745923227.380563,0.0764559954404831,0.04932814836502075,0.05897465720772743,0.030422141775488853,0.0,0.0,0.21518093347549438,0
1745923227.3830395,0.07757511734962463,0.048038315027952194,0.058639392256736755,0.029767362400889397,0.0,0.0,0.21402019262313843,0
1745923227.3929555,0.07601973414421082,0.05082663148641586,0.058881524950265884,0.027937835082411766,0.0,0.0,0.21366572380065918,0
1745923227.4048333,0.07628528773784637,0.050029970705509186,0.05718658119440079,0.029305165633559227,0.0,0.0,0.21280699968338013,0
1745923227.4148405,0.07677845656871796,0.046786416321992874,0.05944029986858368,0.028708161786198616,0.0,0.0,0.21171332895755768,0
1745923227.4361477,0.07590591907501221,0.0487591028213501,0.05804336443543434,0.02986365370452404,0.0,0.0,0.21257203817367554,0
1745923227.4392235,0.07605766505002975,0.04936608299612999,0.056143537163734436,0.028881484642624855,0.0,0.0,0.21044877171516418,0
1745923227.4504771,0.0765698105096817,0.04807624965906143,0.05554750934243202,0.025934986770153046,0.0,0.0,0.2061285674571991,0
1745923227.4661553,0.07378149032592773,0.048284899443387985,0.056478798389434814,0.026609020307660103,0.0,0.0,0.2051542103290558,0
1745923227.4726768,0.07323141396045685,0.04985925555229187,0.05824824795126915,0.02847706340253353,0.0,0.0,0.20981597900390625,0
1745923227.4855993,0.07387632876634598,0.04887291416525841,0.0568326897919178,0.02770673669874668,0.0,0.0,0.20728866755962372,0
1745923227.4988208,0.07311760634183884,0.04796244204044342,0.053927067667245865,0.028226708993315697,0.0,0.0,0.20323382318019867,0
1745923227.5092423,0.07127770036458969,0.04805728420615196,0.055119115859270096,0.028862228617072105,0.0,0.0,0.2033163160085678,0
1745923227.5198138,0.07131563127040863,0.04762101545929909,0.05543575435876846,0.028438547626137733,0.0,0.0,0.20281095802783966,0
1745923227.537462,0.07093627005815506,0.047545142471790314,0.055342625826597214,0.026917150244116783,0.0,0.0,0.20074118673801422,0
1745923227.5436704,0.07666464895009995,0.04716578125953674,0.05554750934243202,0.02851557917892933,0.0,0.0,0.2078935205936432,0
1745923227.5555725,0.07827693969011307,0.047905538231134415,0.0521017387509346,0.024509882554411888,0.0,0.0,0.20279410481452942,0
1745923227.5665956,0.07653187215328217,0.04957473278045654,0.053722184151411057,0.02370103821158409,0.0,0.0,0.20352983474731445,0
1745923227.5774498,0.07368665188550949,0.048683229833841324,0.05565926432609558,0.02616608515381813,0.0,0.0,0.20419523119926453,0
1745923227.590146,0.07285205274820328,0.04570523276925087,0.05424370616674423,0.026859378442168236,0.0,0.0,0.19966036081314087,0
1745923227.6021955,0.07433156669139862,0.04534484073519707,0.05297715216875076,0.02662828005850315,0.0,0.0,0.19928184151649475,0
1745923227.6146805,0.0748247355222702,0.04583800956606865,0.05202723667025566,0.027514154091477394,0.0,0.0,0.20020414888858795,0
1745923227.6345558,0.07583004981279373,0.04724165424704552,0.05137533321976662,0.026859378442168236,0.0,0.0,0.20130640268325806,0
1745923227.6371377,0.07351593673229218,0.047393396496772766,0.05193410813808441,0.026223860681056976,0.0,0.0,0.19906729459762573,0
1745923227.6480153,0.0730227679014206,0.04705197364091873,0.053833939135074615,0.025337982922792435,0.0,0.0,0.19924665987491608,0
1745923227.6612775,0.07196055352687836,0.04726061969995499,0.050537172704935074,0.024452107027173042,0.0,0.0,0.1942104548215866,0
1745923227.6721628,0.07161912322044373,0.046122532337903976,0.050406791269779205,0.02372029609978199,0.0,0.0,0.19186875224113464,0
1745923227.682246,0.07275721430778503,0.04748823866248131,0.05022053420543671,0.026108309626579285,0.0,0.0,0.19657430052757263,0
1745923227.6995401,0.07224507629871368,0.046900227665901184,0.05109594762325287,0.02755267359316349,0.0,0.0,0.19779393076896667,0
1745923227.7059135,0.0733831599354744,0.04697610065340996,0.05131945759057999,0.02728305570781231,0.0,0.0,0.1989617794752121,0
1745923227.7206845,0.07700607180595398,0.046748481690883636,0.05081655830144882,0.025742406025528908,0.0,0.0,0.2003135234117508,0
1745923227.7350926,0.07423672825098038,0.0456862673163414,0.05007152631878853,0.02632015198469162,0.0,0.0,0.19631466269493103,0
1745923227.743872,0.07141047716140747,0.047146812081336975,0.048991233110427856,0.025973502546548843,0.0,0.0,0.19352202117443085,0
1745923227.7531228,0.07419878989458084,0.04782966524362564,0.050350915640592575,0.023970652371644974,0.0,0.0,0.19635002315044403,0
1745923227.7672048,0.07222610712051392,0.046501897275447845,0.05102144181728363,0.025646114721894264,0.0,0.0,0.1953955590724945,0
1745923227.777252,0.0700068324804306,0.04428262263536453,0.049065735191106796,0.02680160291492939,0.0,0.0,0.19015678763389587,0
1745923227.7887876,0.07249166071414948,0.04318247362971306,0.05104006826877594,0.02493356168270111,0.0,0.0,0.19164776802062988,0
1745923227.8033228,0.07013960927724838,0.044472306966781616,0.05105869472026825,0.023065518587827682,0.0,0.0,0.18873612582683563,0
1745923227.812309,0.06850834935903549,0.04655880108475685,0.050481297075748444,0.02204483561217785,0.0,0.0,0.1875932812690735,0
1745923227.8224964,0.07141047716140747,0.045382775366306305,0.04940100014209747,0.023373650386929512,0.0,0.0,0.1895679086446762,0
1745923227.8343656,0.07057587802410126,0.04661570489406586,0.04707277566194534,0.02246851474046707,0.0,0.0,0.18673285841941833,0
1745923227.846811,0.07158118486404419,0.04657777026295662,0.04645812511444092,0.02077379636466503,0.0,0.0,0.1853908747434616,0
1745923227.8588116,0.07283308357000351,0.046786416321992874,0.04766879975795746,0.021948544308543205,0.0,0.0,0.1892368495464325,0
1745923227.8708603,0.07383839786052704,0.04547761753201485,0.04701690003275871,0.024509882554411888,0.0,0.0,0.19084279239177704,0
1745923227.8792703,0.07304173707962036,0.04341008886694908,0.046961020678281784,0.0243365578353405,0.0,0.0,0.18774941563606262,0
1745923227.8919272,0.07218816876411438,0.04380841925740242,0.04852558672428131,0.023662522435188293,0.0,0.0,0.1881846934556961,0
1745923227.9056745,0.07342109829187393,0.044624049216508865,0.04947550222277641,0.025665372610092163,0.0,0.0,0.19318602979183197,0
1745923227.9153745,0.07230197638273239,0.044624049216508865,0.04720315709710121,0.026763087138533592,0.0,0.0,0.1908922642469406,0
1745923227.9270437,0.07099317759275436,0.045629363507032394,0.0460483580827713,0.026223860681056976,0.0,0.0,0.18889474868774414,0
1745923227.9394314,0.06939985603094101,0.04280310869216919,0.04711002856492996,0.026551248505711555,0.0,0.0,0.18586423993110657,0
1745923227.9506996,0.06867906451225281,0.0436377078294754,0.04757567122578621,0.025222433730959892,0.0,0.0,0.18511487543582916,0
1745923227.9667158,0.068318672478199,0.04642602428793907,0.046607133001089096,0.02327735908329487,0.0,0.0,0.1846291869878769,0
1745923227.9752126,0.06896358728408813,0.04534484073519707,0.04625324159860611,0.022295191884040833,0.0,0.0,0.18285687267780304,0
1745923227.9850073,0.07065174728631973,0.04526896774768829,0.046905145049095154,0.02510688453912735,0.0,0.0,0.18793272972106934,0
1745923228.0047197,0.07137253880500793,0.04756411164999008,0.04599247872829437,0.024240268394351006,0.0,0.0,0.18916939198970795,0
1745923228.0078063,0.07027238607406616,0.046767450869083405,0.04992252215743065,0.025530565530061722,0.0,0.0,0.19249291718006134,0
1745923228.0197742,0.07010167092084885,0.04526896774768829,0.049158863723278046,0.02601202018558979,0.0,0.0,0.19054152071475983,0
1745923228.0341399,0.06786343455314636,0.044756826013326645,0.04768742620944977,0.024721721187233925,0.0,0.0,0.18502941727638245,0
1745923228.0449634,0.06744613498449326,0.043846357613801956,0.0454709567129612,0.02387436293065548,0.0,0.0,0.18063780665397644,0
1745923228.053786,0.06809104979038239,0.045117221772670746,0.0454709567129612,0.02466394752264023,0.0,0.0,0.18334317207336426,0
1745923228.0674765,0.06915326416492462,0.04481373354792595,0.04342212155461311,0.024124719202518463,0.0,0.0,0.18151384592056274,0
1745923228.0931463,0.07182777673006058,0.04619840532541275,0.04526607319712639,0.022853678092360497,0.0,0.0,0.18614593148231506,0
1745923228.0941942,0.06951366364955902,0.04441539943218231,0.0452846996486187,0.02481801249086857,0.0,0.0,0.18403178453445435,0
1745923228.1014657,0.0678444653749466,0.04179779812693596,0.04535920172929764,0.02524169348180294,0.0,0.0,0.18024314939975739,0
1745923228.1117928,0.07042413204908371,0.042708270251750946,0.04627186805009842,0.023161809891462326,0.0,0.0,0.1825660914182663,0
1745923228.1244788,0.07101214677095413,0.04396016523241997,0.04662575572729111,0.023932136595249176,0.0,0.0,0.1855301856994629,0
1745923228.1370323,0.06968437135219574,0.04456714540719986,0.044465165585279465,0.02447136491537094,0.0,0.0,0.1831880509853363,0
1745923228.147096,0.06860318779945374,0.04428262263536453,0.046979647129774094,0.024529140442609787,0.0,0.0,0.18439459800720215,0
1745923228.1593301,0.06960850208997726,0.04456714540719986,0.046774763613939285,0.024683205410838127,0.0,0.0,0.1856336146593094,0
1745923228.170528,0.0703672245144844,0.04314453527331352,0.04517294466495514,0.02416323497891426,0.0,0.0,0.18284793198108673,0
1745923228.1823535,0.0707276239991188,0.04043209180235863,0.04232319816946983,0.02372029609978199,0.0,0.0,0.1772032082080841,0
1745923228.1997917,0.0695895329117775,0.04200644791126251,0.04258396103978157,0.0243365578353405,0.0,0.0,0.17851650714874268,0
1745923228.2047837,0.0675978809595108,0.04289795085787773,0.044372037053108215,0.02493356168270111,0.0,0.0,0.17980143427848816,0
1745923228.2164674,0.06663050502538681,0.04504134878516197,0.04353387653827667,0.024856528267264366,0.0,0.0,0.18006224930286407,0
1745923228.228125,0.06528376787900925,0.0429169200360775,0.043384868651628494,0.025800179690122604,0.0,0.0,0.17738573253154755,0
1745923228.2438378,0.06494233757257462,0.039673369377851486,0.042230069637298584,0.024413591250777245,0.0,0.0,0.17125935852527618,0
1745923228.2512436,0.06592868268489838,0.04301175847649574,0.040982142090797424,0.02312329411506653,0.0,0.0,0.17304587364196777,0
1745923228.2661731,0.06829970329999924,0.043372154235839844,0.04254670813679695,0.02246851474046707,0.0,0.0,0.176687091588974,0
1745923228.2766728,0.06774962693452835,0.04566729813814163,0.04392501711845398,0.0243365578353405,0.0,0.0,0.18167850375175476,0
1745923228.2862554,0.06733232736587524,0.04720371589064598,0.04383188858628273,0.023469939827919006,0.0,0.0,0.18183787167072296,0
1745923228.3002694,0.0657959058880806,0.044472306966781616,0.04230457544326782,0.024760238826274872,0.0,0.0,0.1773330271244049,0
1745923228.3094358,0.06807208061218262,0.043732549995183945,0.04180167615413666,0.025838695466518402,0.0,0.0,0.17944499850273132,0
1745923228.3210013,0.06936191767454147,0.04456714540719986,0.04299372807145119,0.026127569377422333,0.0,0.0,0.18305036425590515,0
1745923228.3338025,0.0682048574090004,0.04517412558197975,0.04237907752394676,0.02693640999495983,0.0,0.0,0.1826944798231125,0
1745923228.3441818,0.06642185151576996,0.04545864835381508,0.04277021810412407,0.026223860681056976,0.0,0.0,0.18087458610534668,0
1745923228.3590598,0.06839454174041748,0.04519309476017952,0.04385051503777504,0.02541501633822918,0.0,0.0,0.18285316228866577,0
1745923228.372023,0.0672374814748764,0.043106600642204285,0.04120565205812454,0.02526095137000084,0.0,0.0,0.17681068181991577,0
1745923228.3801959,0.06566312909126282,0.0435808040201664,0.03910093754529953,0.027051961049437523,0.0,0.0,0.17539682984352112,0
1745923228.390686,0.06435433030128479,0.04202541708946228,0.04167129844427109,0.025973502546548843,0.0,0.0,0.1740245521068573,0
1745923228.403349,0.0655493214726448,0.04128566011786461,0.04409265145659447,0.025337982922792435,0.0,0.0,0.17626561224460602,0
1745923228.417567,0.06841351091861725,0.04293588548898697,0.04273296892642975,0.025492049753665924,0.0,0.0,0.1795744001865387,0
1745923228.4247534,0.0658528059720993,0.04545864835381508,0.0424535796046257,0.027937835082411766,0.0,0.0,0.1817028522491455,0
1745923228.4372163,0.06372837722301483,0.0449654757976532,0.04163404554128647,0.025183917954564095,0.0,0.0,0.17551180720329285,0
1745923228.448928,0.06590971350669861,0.04249962046742439,0.042136941105127335,0.0227766465395689,0.0,0.0,0.1733229160308838,0
1745923228.469415,0.06729438900947571,0.04090629518032074,0.04114977642893791,0.023161809891462326,0.0,0.0,0.17251227796077728,0
1745923228.4726245,0.06699089705944061,0.04267033189535141,0.04001360014081001,0.022853678092360497,0.0,0.0,0.17252850532531738,0
1745923228.4842174,0.06532169878482819,0.0446619875729084,0.03815102204680443,0.024740980938076973,0.0,0.0,0.17287568747997284,0
1745923228.5005212,0.06524582952260971,0.04227200150489807,0.04178305342793465,0.026705311611294746,0.0,0.0,0.17600619792938232,0
1745923228.506271,0.06712367385625839,0.04422571882605553,0.04360837861895561,0.023681780323386192,0.0,0.0,0.17863954603672028,0
1745923228.5192714,0.06748407334089279,0.043884292244911194,0.04284472018480301,0.022545548155903816,0.0,0.0,0.17675863206386566,0
1745923228.53561,0.0678444653749466,0.042101290076971054,0.04047924652695656,0.021775221452116966,0.0,0.0,0.17220021784305573,0
1745923228.5408902,0.06596662104129791,0.0415322445333004,0.040982142090797424,0.024413591250777245,0.0,0.0,0.17289459705352783,0
1745923228.5553136,0.06788240373134613,0.04130462557077408,0.043124109506607056,0.022853678092360497,0.0,0.0,0.1751648187637329,0
1745923228.572562,0.06957056373357773,0.039711304008960724,0.042155567556619644,0.022872937843203545,0.0,0.0,0.1743103712797165,0
1745923228.5766447,0.06740819662809372,0.0418926402926445,0.04299372807145119,0.02558833919465542,0.0,0.0,0.17788289487361908,0
1745923228.5886261,0.06708573549985886,0.043239377439022064,0.04271434247493744,0.026089051738381386,0.0,0.0,0.1791285127401352,0
1745923228.602886,0.06710470467805862,0.04331525042653084,0.04126153141260147,0.025357240810990334,0.0,0.0,0.17703872919082642,0
1745923228.6170678,0.06592868268489838,0.040944233536720276,0.039696961641311646,0.02572314627468586,0.0,0.0,0.172293022274971,0
1745923228.6367338,0.06803414970636368,0.042594458907842636,0.039603833109140396,0.02481801249086857,0.0,0.0,0.17505045235157013,0
1745923228.63828,0.06782549619674683,0.041589148342609406,0.04129878059029579,0.0228151623159647,0.0,0.0,0.17352859675884247,0
1745923228.6505897,0.06835660338401794,0.04193057492375374,0.04183892905712128,0.023027002811431885,0.0,0.0,0.17515310645103455,0
1745923228.6578069,0.06841351091861725,0.04314453527331352,0.040702756494283676,0.02293071150779724,0.0,0.0,0.17519152164459229,0
1745923228.6701665,0.06740819662809372,0.04350493103265762,0.0364001989364624,0.024394333362579346,0.0,0.0,0.1717076599597931,0
1745923228.6808908,0.06499924510717392,0.041342563927173615,0.03880292549729347,0.021601896733045578,0.0,0.0,0.16674663126468658,0
1745923228.6931438,0.06287480890750885,0.04010963439941406,0.04034886509180069,0.020600471645593643,0.0,0.0,0.16393378376960754,0
1745923228.7046664,0.06551138311624527,0.03952162340283394,0.03911956399679184,0.02248777262866497,0.0,0.0,0.16664035618305206,0
1745923228.7169976,0.06315933167934418,0.04342905804514885,0.037573620676994324,0.024221008643507957,0.0,0.0,0.16838301718235016,0
1745923228.72779,0.06505614519119263,0.04181676730513573,0.037443242967128754,0.023065518587827682,0.0,0.0,0.16738168895244598,0
1745923228.7404673,0.06757891178131104,0.040185507386922836,0.03764812648296356,0.023778071627020836,0.0,0.0,0.16919061541557312,0
1745923228.7508755,0.06824279576539993,0.04168399050831795,0.038300029933452606,0.02310403436422348,0.0,0.0,0.17133086919784546,0
1745923228.7668595,0.06814795732498169,0.03973027318716049,0.04012535512447357,0.02112044394016266,0.0,0.0,0.16912402212619781,0
1745923228.773889,0.06771168857812881,0.03891464322805405,0.03926857188344002,0.02231444977223873,0.0,0.0,0.16820934414863586,0
1745923228.7854614,0.06911533325910568,0.040830422192811966,0.038504913449287415,0.0228151623159647,0.0,0.0,0.1712658405303955,0
1745923228.8007565,0.06771168857812881,0.04119081795215607,0.039752840995788574,0.021332282572984695,0.0,0.0,0.16998763382434845,0
1745923228.8091898,0.06761685013771057,0.04202541708946228,0.040889013558626175,0.02264183945953846,0.0,0.0,0.17317311465740204,0
1745923228.8221996,0.06888771057128906,0.04333421587944031,0.04165267199277878,0.022872937843203545,0.0,0.0,0.17674754559993744,0
1745923228.8371742,0.06534066796302795,0.043751515448093414,0.041857555508613586,0.021332282572984695,0.0,0.0,0.17228202521800995,0
1745923228.8435836,0.0644681379199028,0.041077010333538055,0.039827343076467514,0.02096637710928917,0.0,0.0,0.16633887588977814,0
1745923228.8565047,0.06528376787900925,0.04232890531420708,0.03882155194878578,0.022141126915812492,0.0,0.0,0.16857534646987915,0
1745923228.8691788,0.06532169878482819,0.0460466593503952,0.03902643546462059,0.020465664565563202,0.0,0.0,0.17086046934127808,0
1745923228.8786523,0.06336798518896103,0.04441539943218231,0.036344319581985474,0.019964952021837234,0.0,0.0,0.16409264504909515,0
1745923228.8900442,0.06422155350446701,0.04268930107355118,0.037480492144823074,0.02189077064394951,0.0,0.0,0.16628211736679077,0
1745923228.9020045,0.06463884562253952,0.04204438626766205,0.03768537566065788,0.022121869027614594,0.0,0.0,0.16649046540260315,0
1745923228.9125655,0.06534066796302795,0.04052693396806717,0.03662370890378952,0.020427148789167404,0.0,0.0,0.16291846334934235,0
1745923228.9251087,0.06606145948171616,0.04166502133011818,0.035021889954805374,0.023219583556056023,0.0,0.0,0.16596795618534088,0
1745923228.9446688,0.06780652701854706,0.04113391414284706,0.035971805453300476,0.02250703237950802,0.0,0.0,0.16741926968097687,0
1745923228.9581478,0.06955159455537796,0.04077351838350296,0.03803926706314087,0.02017679251730442,0.0,0.0,0.16854117810726166,0
1745923228.9684439,0.0665166974067688,0.0408683605492115,0.03679133951663971,0.019984209910035133,0.0,0.0,0.1641606092453003,0
1745923228.9745939,0.06566312909126282,0.04052693396806717,0.036158062517642975,0.02112044394016266,0.0,0.0,0.16346856951713562,0
1745923228.9824994,0.06334901601076126,0.0432773120701313,0.037387363612651825,0.023161809891462326,0.0,0.0,0.1671755164861679,0
1745923228.999846,0.0630265548825264,0.04253755509853363,0.037350114434957504,0.023219583556056023,0.0,0.0,0.1661338061094284,0
1745923229.0058727,0.06418361514806747,0.041475340723991394,0.03651195392012596,0.02185225300490856,0.0,0.0,0.16402316093444824,0
1745923229.0184343,0.06570106744766235,0.03991995379328728,0.0377226285636425,0.023970652371644974,0.0,0.0,0.1673143059015274,0
1745923229.0347981,0.06689605861902237,0.036922987550497055,0.03787163645029068,0.02248777262866497,0.0,0.0,0.16417844593524933,0
1745923229.0412118,0.06710470467805862,0.03935090824961662,0.03586005046963692,0.021274508908391,0.0,0.0,0.16359016299247742,0
1745923229.0525446,0.06623217463493347,0.03929400444030762,0.03666095808148384,0.022545548155903816,0.0,0.0,0.1647326797246933,0
1745923229.0688992,0.06691502779722214,0.03787139430642128,0.03567379340529442,0.02140931598842144,0.0,0.0,0.16186954081058502,0
1745923229.077584,0.06712367385625839,0.036183230578899384,0.03636294603347778,0.019175367429852486,0.0,0.0,0.1588452160358429,0
1745923229.0873487,0.06725645065307617,0.03504514321684837,0.0354502834379673,0.019444981589913368,0.0,0.0,0.15719686448574066,0
1745923229.0986843,0.06966540962457657,0.03756790608167648,0.03546890988945961,0.021467089653015137,0.0,0.0,0.1641693115234375,0
1745923229.1109092,0.06488543748855591,0.04079248756170273,0.03662370890378952,0.02063898928463459,0.0,0.0,0.1629406213760376,0
1745923229.122826,0.06306449323892593,0.0408683605492115,0.03550615906715393,0.019233141094446182,0.0,0.0,0.15867215394973755,0
1745923229.1346684,0.06312140077352524,0.03916122764348984,0.03645607456564903,0.0204849224537611,0.0,0.0,0.15922363102436066,0
1745923229.1460037,0.06317830085754395,0.03686608374118805,0.03539440408349037,0.02266109734773636,0.0,0.0,0.15809988975524902,0
1745923229.1563017,0.06333004683256149,0.03622116893529892,0.03561791405081749,0.02139005810022354,0.0,0.0,0.15655919909477234,0
1745923229.171143,0.06350076198577881,0.037188541144132614,0.03671683743596077,0.020234566181898117,0.0,0.0,0.1576407104730606,0
1745923229.1810746,0.06336798518896103,0.03859218582510948,0.03686584159731865,0.021794479340314865,0.0,0.0,0.16062049567699432,0
1745923229.193918,0.06361456960439682,0.03756790608167648,0.03789025917649269,0.023489199578762054,0.0,0.0,0.16256192326545715,0
1745923229.2047684,0.06342488527297974,0.03874392807483673,0.04010673239827156,0.021524865180253983,0.0,0.0,0.1638004034757614,0
1745923229.2151194,0.06376631557941437,0.038952577859163284,0.03807651996612549,0.019310174509882927,0.0,0.0,0.16010558605194092,0
1745923229.2266054,0.06460091471672058,0.03851631283760071,0.03423960506916046,0.01711474172770977,0.0,0.0,0.15447157621383667,0
1745923229.239026,0.06340592354536057,0.03726441413164139,0.03429548442363739,0.017634714022278786,0.0,0.0,0.15260054171085358,0
1745923229.251139,0.06465781480073929,0.03606942296028137,0.03476112708449364,0.022083351388573647,0.0,0.0,0.1575717180967331,0
1745923229.2669985,0.06581487506628036,0.03699886053800583,0.0354502834379673,0.022391483187675476,0.0,0.0,0.16065549850463867,0
1745923229.274692,0.06450606882572174,0.03637291118502617,0.03779713064432144,0.02140931598842144,0.0,0.0,0.16008542478084564,0
1745923229.285268,0.06401289999485016,0.03749203309416771,0.03682859241962433,0.018520589917898178,0.0,0.0,0.15685412287712097,0
1745923229.3032994,0.0644681379199028,0.03724544495344162,0.03561791405081749,0.016594771295785904,0.0,0.0,0.15392626821994781,0
1745923229.3079739,0.06486646831035614,0.03688505291938782,0.036344319581985474,0.020754538476467133,0.0,0.0,0.15885037183761597,0
1745923229.3205395,0.06298862397670746,0.036145295947790146,0.03552478551864624,0.022564806044101715,0.0,0.0,0.15722352266311646,0
1745923229.3338015,0.06353870034217834,0.03612632676959038,0.03649332746863365,0.026050535961985588,0.0,0.0,0.1622088998556137,0
1745923229.3439085,0.06448710709810257,0.037150606513023376,0.03638157248497009,0.02262258157134056,0.0,0.0,0.1606418788433075,0
1745923229.3545077,0.06156601384282112,0.04028034955263138,0.03662370890378952,0.019059818238019943,0.0,0.0,0.15752990543842316,0
1745923229.3694198,0.06295068562030792,0.038061074912548065,0.03666095808148384,0.017769521102309227,0.0,0.0,0.1554422378540039,0
1745923229.376605,0.06456297636032104,0.03546244278550148,0.034016095101833344,0.020273083820939064,0.0,0.0,0.15431460738182068,0
1745923229.3906693,0.06609939783811569,0.03644878417253494,0.03446311503648758,0.021293766796588898,0.0,0.0,0.15830504894256592,0
1745923229.4029357,0.06689605861902237,0.036183230578899384,0.033773962408304214,0.021505607292056084,0.0,0.0,0.1583588570356369,0
1745923229.4120238,0.06587177515029907,0.03557625040411949,0.03477975353598595,0.022738128900527954,0.0,0.0,0.15896591544151306,0
1745923229.4236128,0.0661562979221344,0.03595561161637306,0.032656412571668625,0.022988487035036087,0.0,0.0,0.15775680541992188,0
1745923229.4371443,0.0633869543671608,0.037188541144132614,0.03287992253899574,0.021832995116710663,0.0,0.0,0.15528839826583862,0
1745923229.4478743,0.0606745108962059,0.03658156096935272,0.03636294603347778,0.02063898928463459,0.0,0.0,0.15425799787044525,0
1745923229.4580588,0.059745073318481445,0.034912366420030594,0.03647470101714134,0.02231444977223873,0.0,0.0,0.15344658493995667,0
1745923229.4704757,0.05921396613121033,0.03864908963441849,0.034723877906799316,0.02189077064394951,0.0,0.0,0.15447770059108734,0
1745923229.4835062,0.06116768345236778,0.03699886053800583,0.033643580973148346,0.020889345556497574,0.0,0.0,0.15269947052001953,0
1745923229.493819,0.06306449323892593,0.03745409473776817,0.033699456602334976,0.01971459574997425,0.0,0.0,0.1539326310157776,0
1745923229.5045493,0.06285584717988968,0.03675227612257004,0.034872882068157196,0.019522015005350113,0.0,0.0,0.15400302410125732,0
1745923229.5162554,0.06340592354536057,0.035898707807064056,0.03537577763199806,0.016691062599420547,0.0,0.0,0.15137146413326263,0
1745923229.535748,0.06232473999261856,0.03682814911007881,0.034854255616664886,0.02035011537373066,0.0,0.0,0.15435726940631866,0
1745923229.5483003,0.0595933273434639,0.0377386175096035,0.033643580973148346,0.021313024684786797,0.0,0.0,0.1522885411977768,0
1745923229.551835,0.06194537505507469,0.03986304998397827,0.033848464488983154,0.020253825932741165,0.0,0.0,0.15591071546077728,0
1745923229.5670404,0.06270410120487213,0.0391232930123806,0.03193000704050064,0.018135426566004753,0.0,0.0,0.15189284086227417,0
1745923229.577563,0.06253338605165482,0.03734028711915016,0.033867090940475464,0.01927165873348713,0.0,0.0,0.15301242470741272,0
1745923229.5870383,0.0626661628484726,0.03954059258103371,0.03345732390880585,0.022121869027614594,0.0,0.0,0.15778595209121704,0
1745923229.6010387,0.062154024839401245,0.04075455293059349,0.03567379340529442,0.023354390636086464,0.0,0.0,0.16193677484989166,0
1745923229.6099782,0.06154704466462135,0.03770068287849426,0.03399747237563133,0.023161809891462326,0.0,0.0,0.15640701353549957,0
1745923229.6212983,0.05942261219024658,0.03961646184325218,0.031073223799467087,0.02235296554863453,0.0,0.0,0.15246526896953583,0
1745923229.6345873,0.058246590197086334,0.042120255529880524,0.031427111476659775,0.02077379636466503,0.0,0.0,0.1525677591562271,0
1745923229.648766,0.06118664890527725,0.037928298115730286,0.03308480605483055,0.02140931598842144,0.0,0.0,0.15360906720161438,0
1745923229.656014,0.06107284128665924,0.036164261400699615,0.03196725994348526,0.020388633012771606,0.0,0.0,0.14959299564361572,0
1745923229.6676936,0.06040895730257034,0.0370178297162056,0.03219076991081238,0.01773100346326828,0.0,0.0,0.147348552942276,0
1745923229.6799197,0.05623596906661987,0.03735925629734993,0.03297305107116699,0.018443556502461433,0.0,0.0,0.14501182734966278,0
1745923229.700566,0.0592898353934288,0.04092526435852051,0.031240854412317276,0.02154412306845188,0.0,0.0,0.1530000865459442,0
1745923229.7026048,0.060978002846241,0.03851631283760071,0.02963903732597828,0.021197475492954254,0.0,0.0,0.15033084154129028,0
1745923229.7157567,0.06042792648077011,0.037776555866003036,0.031073223799467087,0.021370800212025642,0.0,0.0,0.15064850449562073,0
1745923229.7261107,0.06057966873049736,0.03608839213848114,0.03302893042564392,0.020831570029258728,0.0,0.0,0.15052856504917145,0
1745923229.7371318,0.05991578474640846,0.037928298115730286,0.0335504524409771,0.019791629165410995,0.0,0.0,0.15118616819381714,0
1745923229.7500863,0.060124434530735016,0.04010963439941406,0.03228389844298363,0.01909833401441574,0.0,0.0,0.15161630511283875,0
1745923229.761025,0.059365708380937576,0.040071699768304825,0.0356365405023098,0.019002044573426247,0.0,0.0,0.1540759950876236,0
1745923229.7771387,0.06008649989962578,0.04102010652422905,0.03453761711716652,0.01942572370171547,0.0,0.0,0.15506994724273682,0
1745923229.7833314,0.059764038771390915,0.03872496262192726,0.031464364379644394,0.020407890900969505,0.0,0.0,0.15036125481128693,0
1745923229.8011472,0.05801897123456001,0.03823179006576538,0.03233977407217026,0.019136851653456688,0.0,0.0,0.147727370262146,0
1745923229.8123171,0.0596502311527729,0.03686608374118805,0.03397884592413902,0.019926436245441437,0.0,0.0,0.15042158961296082,0
1745923229.8201046,0.06181259825825691,0.034267447888851166,0.03278679400682449,0.019310174509882927,0.0,0.0,0.14817702770233154,0
1745923229.8356812,0.06319727003574371,0.03472268581390381,0.03219076991081238,0.020870087668299675,0.0,0.0,0.15098081529140472,0
1745923229.8504007,0.06158498302102089,0.036164261400699615,0.03282404690980911,0.018925011157989502,0.0,0.0,0.14949831366539001,0
1745923229.853038,0.06020030751824379,0.03760584071278572,0.03189275786280632,0.017750263214111328,0.0,0.0,0.14744916558265686,0
1745923229.8664887,0.06035205349326134,0.03775758668780327,0.03321518748998642,0.018693912774324417,0.0,0.0,0.15001873672008514,0
1745923229.8770773,0.059479519724845886,0.03802314028143883,0.032414279878139496,0.02004198543727398,0.0,0.0,0.14995892345905304,0
1745923229.8886518,0.05587557330727577,0.03646775335073471,0.03217214345932007,0.022526290267705917,0.0,0.0,0.14704176783561707,0
1745923229.9014778,0.05828452482819557,0.03711266815662384,0.030458571389317513,0.020542697980999947,0.0,0.0,0.14639845490455627,0
1745923229.911728,0.06196434423327446,0.037435129284858704,0.030179185792803764,0.018096908926963806,0.0,0.0,0.14767557382583618,0
1745923229.9229805,0.06040895730257034,0.036543626338243484,0.029024386778473854,0.017653971910476685,0.0,0.0,0.1436309516429901,0
1745923229.93557,0.06023824214935303,0.040185507386922836,0.02963903732597828,0.018905753269791603,0.0,0.0,0.14896854758262634,0
1745923229.9530344,0.061129745095968246,0.03789036348462105,0.03083108738064766,0.01988792046904564,0.0,0.0,0.1497391164302826,0
1745923229.9575093,0.05978300794959068,0.037283383309841156,0.029266521334648132,0.020696762949228287,0.0,0.0,0.14702966809272766,0
1745923229.9692354,0.06069348007440567,0.037416160106658936,0.02941552735865116,0.019040560349822044,0.0,0.0,0.14656572043895721,0
1745923229.9890218,0.060788318514823914,0.03690401837229729,0.028148973360657692,0.01848207227885723,0.0,0.0,0.14432339370250702,0
1745923230.001899,0.058379366993904114,0.03752996772527695,0.030365442857146263,0.01973385363817215,0.0,0.0,0.14600864052772522,0
1745923230.0040631,0.058929443359375,0.03800417110323906,0.027888212352991104,0.019522015005350113,0.0,0.0,0.14434383809566498,0
1745923230.0162437,0.05913809314370155,0.03796623647212982,0.02697554975748062,0.01880946196615696,0.0,0.0,0.1428893357515335,0
1745923230.027753,0.05805690959095955,0.03991995379328728,0.02839110977947712,0.021274508908391,0.0,0.0,0.14764247834682465,0
1745923230.043395,0.058986347168684006,0.03990098461508751,0.02840973436832428,0.019945694133639336,0.0,0.0,0.14724276959896088,0
1745923230.052552,0.057601671665906906,0.0384025014936924,0.028819503262639046,0.02002272754907608,0.0,0.0,0.14484640955924988,0
1745923230.0701265,0.055970415472984314,0.03808004409074783,0.02971353940665722,0.019213883206248283,0.0,0.0,0.14297787845134735,0
1745923230.0800426,0.05680501088500023,0.03650568798184395,0.028856754302978516,0.0189442690461874,0.0,0.0,0.14111171662807465,0
1745923230.085199,0.056084223091602325,0.038687024265527725,0.02706867828965187,0.01942572370171547,0.0,0.0,0.1412656456232071,0
1745923230.1003363,0.05680501088500023,0.037947267293930054,0.029117515310645103,0.02169818803668022,0.0,0.0,0.14556798338890076,0
1745923230.1130795,0.05917602777481079,0.039578527212142944,0.028819503262639046,0.022988487035036087,0.0,0.0,0.15056253969669342,0
1745923230.1196818,0.058360397815704346,0.040451060980558395,0.029266521334648132,0.02294996939599514,0.0,0.0,0.15102794766426086,0
1745923230.1360784,0.056975726038217545,0.0398440808057785,0.02850286476314068,0.022237416356801987,0.0,0.0,0.14756008982658386,0
1745923230.1458104,0.058493174612522125,0.03902845084667206,0.025690369307994843,0.022526290267705917,0.0,0.0,0.14573828876018524,0
1745923230.157683,0.060143403708934784,0.03637291118502617,0.029080264270305634,0.02310403436422348,0.0,0.0,0.14870062470436096,0
1745923230.1678126,0.05729818344116211,0.035158950835466385,0.030346816405653954,0.02200631983578205,0.0,0.0,0.1448102742433548,0
1745923230.178322,0.05763961002230644,0.03650568798184395,0.029136141762137413,0.02325810119509697,0.0,0.0,0.14653953909873962,0
1745923230.189832,0.05817071720957756,0.038061074912548065,0.0295831598341465,0.02358548901975155,0.0,0.0,0.14940042793750763,0
1745923230.2026708,0.05731715261936188,0.040697645395994186,0.028074471279978752,0.022988487035036087,0.0,0.0,0.14907775819301605,0
1745923230.2136173,0.05591350793838501,0.03872496262192726,0.028037218376994133,0.022757388651371002,0.0,0.0,0.14543306827545166,0
1745923230.2264996,0.05612215772271156,0.03927503526210785,0.028577366843819618,0.020889345556497574,0.0,0.0,0.14486390352249146,0
1745923230.2380345,0.05644461512565613,0.04003376141190529,0.027906838804483414,0.018905753269791603,0.0,0.0,0.14329096674919128,0
1745923230.2562928,0.05359939858317375,0.03891464322805405,0.029080264270305634,0.02189077064394951,0.0,0.0,0.14348506927490234,0
1745923230.2613158,0.05452883616089821,0.03847837448120117,0.02941552735865116,0.02219890058040619,0.0,0.0,0.14462164044380188,0
1745923230.2707338,0.05576176568865776,0.039047420024871826,0.03083108738064766,0.021467089653015137,0.0,0.0,0.14710736274719238,0
1745923230.2832608,0.05403566360473633,0.038687024265527725,0.02971353940665722,0.019194625318050385,0.0,0.0,0.1416308581829071,0
1745923230.2945027,0.05397875979542732,0.03787139430642128,0.02941552735865116,0.01927165873348713,0.0,0.0,0.1405373364686966,0
1745923230.3099422,0.05485129356384277,0.035898707807064056,0.028856754302978516,0.02110118418931961,0.0,0.0,0.14070793986320496,0
1745923230.3186083,0.05485129356384277,0.037776555866003036,0.029154766350984573,0.020388633012771606,0.0,0.0,0.142171248793602,0
1745923230.3346512,0.05542033910751343,0.03935090824961662,0.029266521334648132,0.018597621470689774,0.0,0.0,0.14263539016246796,0
1745923230.3440053,0.05578073114156723,0.041323594748973846,0.028782250359654427,0.020850827917456627,0.0,0.0,0.14673739671707153,0
1745923230.3698993,0.057108502835035324,0.03927503526210785,0.028670495375990868,0.023161809891462326,0.0,0.0,0.14821584522724152,0
1745923230.3698993,0.05600835010409355,0.037928298115730286,0.02848423831164837,0.021447831764817238,0.0,0.0,0.14386872947216034,0
1745923230.3773608,0.05505994334816933,0.04202541708946228,0.028744999319314957,0.021274508908391,0.0,0.0,0.14710485935211182,0
1745923230.3884122,0.05551517754793167,0.042746204882860184,0.029806669801473618,0.020889345556497574,0.0,0.0,0.14895740151405334,0
1745923230.400934,0.05729818344116211,0.0408683605492115,0.028670495375990868,0.019849402830004692,0.0,0.0,0.14668643474578857,0
1745923230.4119928,0.052802734076976776,0.04164605215191841,0.02848423831164837,0.0189827848225832,0.0,0.0,0.14191581308841705,0
1745923230.424049,0.05208194628357887,0.04065971076488495,0.025336479768157005,0.02000346966087818,0.0,0.0,0.1380816102027893,0
1745923230.4362535,0.05739302188158035,0.041987478733062744,0.027552949264645576,0.020754538476467133,0.0,0.0,0.14768800139427185,0
1745923230.453045,0.05915705859661102,0.04181676730513573,0.027664704248309135,0.019695337861776352,0.0,0.0,0.14833387732505798,0
1745923230.4694526,0.05801897123456001,0.04143740236759186,0.028074471279978752,0.018905753269791603,0.0,0.0,0.14643660187721252,0
1745923230.470489,0.056729137897491455,0.041570182889699936,0.02937827631831169,0.018867235630750656,0.0,0.0,0.14654484391212463,0
1745923230.4808657,0.05462367460131645,0.04079248756170273,0.030011553317308426,0.020119018852710724,0.0,0.0,0.14554673433303833,0
1745923230.4915254,0.053049322217702866,0.04287898167967796,0.02833523228764534,0.02019605040550232,0.0,0.0,0.1444595903158188,0
1745923230.5058153,0.05299241840839386,0.04299279302358627,0.028633244335651398,0.019059818238019943,0.0,0.0,0.14367827773094177,0
1745923230.5155642,0.052802734076976776,0.04276517406105995,0.030067430809140205,0.020908603444695473,0.0,0.0,0.146543949842453,0
1745923230.5268407,0.05428224802017212,0.04249962046742439,0.029173392802476883,0.01957978866994381,0.0,0.0,0.14553503692150116,0
1745923230.5385513,0.05335281044244766,0.041721925139427185,0.028763625770807266,0.020080501213669777,0.0,0.0,0.14391887187957764,0
1745923230.5492244,0.05413050577044487,0.04191160574555397,0.029322398826479912,0.022102609276771545,0.0,0.0,0.14746712148189545,0
1745923230.5695322,0.05367526784539223,0.04193057492375374,0.029322398826479912,0.021274508908391,0.0,0.0,0.14620275795459747,0
1745923230.572769,0.053940821439027786,0.040223442018032074,0.02822347730398178,0.019791629165410995,0.0,0.0,0.14217936992645264,0
1745923230.587211,0.05727921426296234,0.03991995379328728,0.028651870787143707,0.018693912774324417,0.0,0.0,0.14454494416713715,0
1745923230.6023355,0.056880883872509,0.04077351838350296,0.02829797938466072,0.01879020407795906,0.0,0.0,0.14474257826805115,0
1745923230.6108208,0.057905163615942,0.039180196821689606,0.02598838321864605,0.02033085748553276,0.0,0.0,0.14340460300445557,0
1745923230.6195567,0.05739302188158035,0.03787139430642128,0.02725493535399437,0.021601896733045578,0.0,0.0,0.14412125945091248,0
1745923230.6348705,0.056349776685237885,0.03889567404985428,0.026472652330994606,0.01986866258084774,0.0,0.0,0.1415867656469345,0
1745923230.6499965,0.05538240075111389,0.037909332662820816,0.02479633130133152,0.018847977742552757,0.0,0.0,0.1369360387325287,0
1745923230.653855,0.05528756231069565,0.038554247468709946,0.027534322813153267,0.019964952021837234,0.0,0.0,0.14134107530117035,0
1745923230.6682844,0.05350455641746521,0.042594458907842636,0.028093095868825912,0.019059818238019943,0.0,0.0,0.1432519406080246,0
1745923230.6780267,0.05329590663313866,0.040811456739902496,0.0260815117508173,0.018732428550720215,0.0,0.0,0.13892129063606262,0
1745923230.6896424,0.05365630239248276,0.036429814994335175,0.027720581740140915,0.02033085748553276,0.0,0.0,0.1381375640630722,0
1745923230.703754,0.05553414672613144,0.03847837448120117,0.02839110977947712,0.020735278725624084,0.0,0.0,0.14313891530036926,0
1745923230.7130058,0.05504097416996956,0.03933194279670715,0.02934102527797222,0.020407890900969505,0.0,0.0,0.14412182569503784,0
1745923230.7252226,0.05399772897362709,0.037776555866003036,0.030384069308638573,0.02000346966087818,0.0,0.0,0.14216183125972748,0
1745923230.737455,0.05348558723926544,0.03696092590689659,0.028670495375990868,0.02061973139643669,0.0,0.0,0.13973674178123474,0
1745923230.7486935,0.05350455641746521,0.039085354655981064,0.029154766350984573,0.021332282572984695,0.0,0.0,0.14307695627212524,0
1745923230.7706363,0.05392185598611832,0.03973027318716049,0.029955675825476646,0.01832800731062889,0.0,0.0,0.1419358104467392,0
1745923230.7825153,0.05578073114156723,0.03696092590689659,0.029154766350984573,0.01834726519882679,0.0,0.0,0.14024367928504944,0
1745923230.7825153,0.054775420576334,0.03576593101024628,0.02962041087448597,0.021775221452116966,0.0,0.0,0.14193697273731232,0
1745923230.794709,0.056615330278873444,0.03675227612257004,0.028689121827483177,0.022121869027614594,0.0,0.0,0.1441785991191864,0
1745923230.8061485,0.05809484422206879,0.03582283481955528,0.028875378891825676,0.01971459574997425,0.0,0.0,0.1425076574087143,0
1745923230.8173711,0.055723827332258224,0.03369840607047081,0.028968509286642075,0.02081231214106083,0.0,0.0,0.1392030566930771,0
1745923230.82829,0.0541115365922451,0.036183230578899384,0.027590200304985046,0.021178217604756355,0.0,0.0,0.13906317949295044,0
1745923230.8403761,0.054775420576334,0.03548141196370125,0.027832334861159325,0.02187151275575161,0.0,0.0,0.13996067643165588,0
1745923230.8516638,0.05350455641746521,0.0363539457321167,0.0283538568764925,0.022892195731401443,0.0,0.0,0.1411045491695404,0
1745923230.8668277,0.057127468287944794,0.03726441413164139,0.029750792309641838,0.021659672260284424,0.0,0.0,0.1458023488521576,0
1745923230.8831084,0.058474209159612656,0.03625910356640816,0.028800876811146736,0.02077379636466503,0.0,0.0,0.14430798590183258,0
1745923230.885888,0.056463584303855896,0.037036798894405365,0.025690369307994843,0.021313024684786797,0.0,0.0,0.14050377905368805,0
1745923230.903806,0.0551358163356781,0.03775758668780327,0.029043011367321014,0.01986866258084774,0.0,0.0,0.14180508255958557,0
1745923230.913908,0.05727921426296234,0.03479855880141258,0.027348065748810768,0.020311599597334862,0.0,0.0,0.13973744213581085,0
1745923230.9214876,0.058474209159612656,0.03392602130770683,0.029955675825476646,0.022699613124132156,0.0,0.0,0.14505551755428314,0
1745923230.9356828,0.05763961002230644,0.035026174038648605,0.02937827631831169,0.019753113389015198,0.0,0.0,0.14179717004299164,0
1745923230.949328,0.0582655593752861,0.034020863473415375,0.02827935479581356,0.018308749422430992,0.0,0.0,0.13887453079223633,0
1745923230.9569554,0.0592329315841198,0.03330007568001747,0.030235063284635544,0.019059818238019943,0.0,0.0,0.14182789623737335,0
1745923230.971009,0.06010546535253525,0.03587974235415459,0.029136141762137413,0.019522015005350113,0.0,0.0,0.14464335143566132,0
1745923230.9818401,0.05815174803137779,0.0343053862452507,0.02723631076514721,0.020985634997487068,0.0,0.0,0.14067907631397247,0
1745923230.9923182,0.05741199105978012,0.03305348753929138,0.028875378891825676,0.018308749422430992,0.0,0.0,0.13764961063861847,0
1745923231.0059626,0.055192720144987106,0.03421054407954216,0.03088696487247944,0.016575513407588005,0.0,0.0,0.1368657350540161,0
1745923231.0304484,0.05691881850361824,0.0332811065018177,0.029303772374987602,0.015670379623770714,0.0,0.0,0.13517408072948456,0
1745923231.0304484,0.057222310453653336,0.033641502261161804,0.02731081284582615,0.017326582223176956,0.0,0.0,0.1355012059211731,0
1745923231.0390127,0.055799700319767,0.03417260944843292,0.026919672265648842,0.018770946189761162,0.0,0.0,0.13566292822360992,0
1745923231.0494063,0.05669120326638222,0.03472268581390381,0.027646077796816826,0.01956053078174591,0.0,0.0,0.1386204957962036,0
1745923231.0601842,0.05809484422206879,0.03053073026239872,0.028782250359654427,0.020369375124573708,0.0,0.0,0.1377771943807602,0
1745923231.0747428,0.060124434530735016,0.031232548877596855,0.027981342747807503,0.020080501213669777,0.0,0.0,0.139418825507164,0
1745923231.0855892,0.0592898353934288,0.03341388329863548,0.026807917281985283,0.018732428550720215,0.0,0.0,0.13824406266212463,0
1745923231.0958636,0.058113813400268555,0.03303452208638191,0.028595993295311928,0.017056968063116074,0.0,0.0,0.13680128753185272,0
1745923231.1069622,0.0582086518406868,0.033755309879779816,0.02952728234231472,0.015805186703801155,0.0,0.0,0.13729643821716309,0
1745923231.1186388,0.05678604170680046,0.035272762179374695,0.027459818869829178,0.016536997631192207,0.0,0.0,0.1360556185245514,0
1745923231.1389778,0.0592329315841198,0.03244650736451149,0.02719905786216259,0.017615454271435738,0.0,0.0,0.13649395108222961,0
1745923231.1420186,0.05714643746614456,0.033622533082962036,0.02714318223297596,0.017615454271435738,0.0,0.0,0.1355276107788086,0
1745923231.1534824,0.05678604170680046,0.03405880182981491,0.027441194280982018,0.020369375124573708,0.0,0.0,0.1386554092168808,0
1745923231.1755433,0.05678604170680046,0.033641502261161804,0.025448234751820564,0.017962101846933365,0.0,0.0,0.13383787870407104,0
1745923231.1767976,0.05705159902572632,0.03180159255862236,0.026640284806489944,0.019290916621685028,0.0,0.0,0.13478440046310425,0
1745923231.1884403,0.05644461512565613,0.03127048909664154,0.029024386778473854,0.018732428550720215,0.0,0.0,0.135471910238266,0
1745923231.204448,0.057601671665906906,0.034020863473415375,0.025653118267655373,0.01696067675948143,0.0,0.0,0.13423632085323334,0
1745923231.2114258,0.05676707625389099,0.03403983265161514,0.025559989735484123,0.015612604096531868,0.0,0.0,0.13197951018810272,0
1745923231.2242272,0.05640668049454689,0.03130842372775078,0.02613738924264908,0.017365097999572754,0.0,0.0,0.1312175989151001,0
1745923231.2392592,0.05781032145023346,0.031460169702768326,0.025224724784493446,0.019810887053608894,0.0,0.0,0.13430610299110413,0
1745923231.2466695,0.05763961002230644,0.030739380046725273,0.026509905233979225,0.017692487686872482,0.0,0.0,0.13258138298988342,0
1745923231.2584407,0.05655842646956444,0.03026517666876316,0.02846561186015606,0.0189827848225832,0.0,0.0,0.1342720091342926,0
1745923231.2732708,0.05801897123456001,0.02977200411260128,0.02963903732597828,0.021678930148482323,0.0,0.0,0.13910894095897675,0
1745923231.281285,0.05927086994051933,0.034267447888851166,0.02827935479581356,0.021235991269350052,0.0,0.0,0.14305366575717926,0
1745923231.2927709,0.055856604129076004,0.035026174038648605,0.02848423831164837,0.017634714022278786,0.0,0.0,0.13700173795223236,0
1745923231.3053699,0.05676707625389099,0.03273103013634682,0.027776457369327545,0.017461389303207397,0.0,0.0,0.13473594188690186,0
1745923231.3171458,0.05782929062843323,0.03280690312385559,0.02824210375547409,0.018732428550720215,0.0,0.0,0.13761073350906372,0
1745923231.3294864,0.05777238681912422,0.03369840607047081,0.0270314272493124,0.019926436245441437,0.0,0.0,0.13842865824699402,0
1745923231.341264,0.053694237023591995,0.03265515714883804,0.023287642747163773,0.020407890900969505,0.0,0.0,0.13004492223262787,0
1745923231.3511908,0.0544150248169899,0.03257928416132927,0.025634491816163063,0.017326582223176956,0.0,0.0,0.12995538115501404,0
1745923231.3629003,0.05524962395429611,0.03307245671749115,0.027385316789150238,0.016768096014857292,0.0,0.0,0.13247549533843994,0
1745923231.375154,0.05515478551387787,0.031498104333877563,0.027571573853492737,0.018308749422430992,0.0,0.0,0.1325332075357437,0
1745923231.3871872,0.05606525391340256,0.03405880182981491,0.02464732527732849,0.018077651038765907,0.0,0.0,0.13284903764724731,0
1745923231.3978846,0.05743096023797989,0.032010242342948914,0.023269016295671463,0.018116166815161705,0.0,0.0,0.13082638382911682,0
1745923231.4092286,0.05851214379072189,0.032010242342948914,0.02457282319664955,0.018154684454202652,0.0,0.0,0.133249893784523,0
1745923231.4223068,0.058227621018886566,0.033262137323617935,0.025299228727817535,0.016729578375816345,0.0,0.0,0.13351857662200928,0
1745923231.4393194,0.06016237288713455,0.033375948667526245,0.02716180682182312,0.019233141094446182,0.0,0.0,0.1399332731962204,0
1745923231.443625,0.06008649989962578,0.029923750087618828,0.02604426071047783,0.02112044394016266,0.0,0.0,0.13717494904994965,0
1745923231.4567862,0.05944158136844635,0.028614947572350502,0.02358565479516983,0.017827294766902924,0.0,0.0,0.12946948409080505,0
1745923231.4754546,0.05913809314370155,0.03092906065285206,0.024293435737490654,0.016305899247527122,0.0,0.0,0.13066649436950684,0
1745923231.478698,0.0575447678565979,0.03180159255862236,0.026789290830492973,0.016536997631192207,0.0,0.0,0.13267265260219574,0
1745923231.4901662,0.0585690476000309,0.029923750087618828,0.02595113031566143,0.017230290919542313,0.0,0.0,0.13167421519756317,0
1745923231.5046742,0.05993475392460823,0.02977200411260128,0.02500121481716633,0.01586296036839485,0.0,0.0,0.1305709332227707,0
1745923231.5134745,0.057222310453653336,0.03202921152114868,0.025317853316664696,0.015920735895633698,0.0,0.0,0.13049010932445526,0
1745923231.5244105,0.05919499695301056,0.031460169702768326,0.026677535846829414,0.01542002335190773,0.0,0.0,0.13275271654129028,0
1745923231.5385687,0.057355087250471115,0.030473822727799416,0.026305021718144417,0.01665254682302475,0.0,0.0,0.1307864785194397,0
1745923231.5485733,0.059745073318481445,0.030322080478072166,0.026323646306991577,0.015959251672029495,0.0,0.0,0.13235005736351013,0
1745923231.5609794,0.06118664890527725,0.029354704543948174,0.026305021718144417,0.017634714022278786,0.0,0.0,0.13448108732700348,0
1745923231.5743587,0.05906222015619278,0.029809938743710518,0.025317853316664696,0.018000619485974312,0.0,0.0,0.13219062983989716,0
1745923231.5870311,0.06020030751824379,0.03081524930894375,0.02591387927532196,0.016710320487618446,0.0,0.0,0.13363975286483765,0
1745923231.607205,0.05858801677823067,0.03115667589008808,0.02600700780749321,0.016459964215755463,0.0,0.0,0.13221165537834167,0
1745923231.6184292,0.05781032145023346,0.029089150950312614,0.028577366843819618,0.013205332681536674,0.0,0.0,0.12868216633796692,0
1745923231.6214523,0.05623596906661987,0.028444232419133186,0.026342272758483887,0.01295497640967369,0.0,0.0,0.12397745251655579,0
1745923231.629055,0.0554962120950222,0.0306635070592165,0.025392357259988785,0.015631863847374916,0.0,0.0,0.1271839439868927,0
1745923231.641773,0.05528756231069565,0.03208611533045769,0.028055844828486443,0.017384357750415802,0.0,0.0,0.13281387090682983,0
1745923231.6530013,0.056596361100673676,0.03233269974589348,0.02615601383149624,0.016594771295785904,0.0,0.0,0.13167984783649445,0
1745923231.6762903,0.05782929062843323,0.029734065756201744,0.025783497840166092,0.016421448439359665,0.0,0.0,0.12976831197738647,0
1745923231.6773095,0.05881563201546669,0.031991273164749146,0.02714318223297596,0.016864385455846786,0.0,0.0,0.13481447100639343,0
1745923231.6882167,0.05737405642867088,0.03166881576180458,0.026249144226312637,0.01632515713572502,0.0,0.0,0.13161717355251312,0
1745923231.7070906,0.056103192269802094,0.029468512162566185,0.023958170786499977,0.01728806644678116,0.0,0.0,0.12681794166564941,0
1745923231.7111206,0.056084223091602325,0.02751479484140873,0.02475908026099205,0.01801987737417221,0.0,0.0,0.12637796998023987,0
1745923231.7231233,0.054965101182460785,0.02878565900027752,0.02706867828965187,0.01925240084528923,0.0,0.0,0.13007184863090515,0
1745923231.737595,0.0551358163356781,0.031004933640360832,0.026603033766150475,0.019156109541654587,0.0,0.0,0.131899893283844,0
1745923231.7456272,0.053447652608156204,0.028197648003697395,0.026267768815159798,0.01942572370171547,0.0,0.0,0.12733879685401917,0
1745923231.7588742,0.054452963173389435,0.027457891032099724,0.025075718760490417,0.019791629165410995,0.0,0.0,0.12677820026874542,0
1745923231.7776415,0.055837634950876236,0.029165023937821388,0.025504112243652344,0.019926436245441437,0.0,0.0,0.13043320178985596,0
1745923231.7806878,0.05689985305070877,0.03117564506828785,0.029955675825476646,0.019329432398080826,0.0,0.0,0.1373606026172638,0
1745923231.7920523,0.05737405642867088,0.02876669354736805,0.02943415381014347,0.015593346208333969,0.0,0.0,0.13116824626922607,0
1745923231.8042493,0.05744992941617966,0.026547420769929886,0.03090559132397175,0.014745986089110374,0.0,0.0,0.12964892387390137,0
1745923231.8145962,0.05642564967274666,0.027723444625735283,0.029098888859152794,0.01836652308702469,0.0,0.0,0.13161450624465942,0
1745923231.8267102,0.05524962395429611,0.028349393978714943,0.025504112243652344,0.01694141887128353,0.0,0.0,0.12604454159736633,0
1745923231.8390498,0.057753417640924454,0.028614947572350502,0.02716180682182312,0.01663328893482685,0.0,0.0,0.13016346096992493,0
1745923231.8492692,0.05883460119366646,0.0268698800355196,0.026752039790153503,0.017326582223176956,0.0,0.0,0.12978310883045197,0
1745923231.861973,0.056975726038217545,0.026945753023028374,0.0272176843136549,0.01574741117656231,0.0,0.0,0.12688657641410828,0
1745923231.8737535,0.0554962120950222,0.02738201804459095,0.027497071772813797,0.015150409191846848,0.0,0.0,0.12552571296691895,0
1745923231.884657,0.055951446294784546,0.02698368765413761,0.02708730474114418,0.014091208577156067,0.0,0.0,0.12411364912986755,0
1745923231.9059227,0.05782929062843323,0.027021626010537148,0.028763625770807266,0.015131151303648949,0.0,0.0,0.1287456899881363,0
1745923231.9080005,0.05619803071022034,0.027913125231862068,0.02839110977947712,0.01759619638323784,0.0,0.0,0.13009846210479736,0
1745923231.919596,0.054452963173389435,0.0263577401638031,0.026658911257982254,0.018405040726065636,0.0,0.0,0.12587465345859528,0
1745923231.9314172,0.055477242916822433,0.028083840385079384,0.026752039790153503,0.018424298614263535,0.0,0.0,0.1287374198436737,0
1745923231.946121,0.05551517754793167,0.027932094410061836,0.02613738924264908,0.017653971910476685,0.0,0.0,0.12723863124847412,0
1745923231.9543986,0.05727921426296234,0.028804628178477287,0.026472652330994606,0.01680661179125309,0.0,0.0,0.12936310470104218,0
1745923231.9734573,0.05669120326638222,0.030473822727799416,0.03084971383213997,0.01726880855858326,0.0,0.0,0.13528354465961456,0
1745923231.9775968,0.058379366993904114,0.029449546709656715,0.028856754302978516,0.014726728200912476,0.0,0.0,0.13141238689422607,0
1745923231.9911401,0.0554393045604229,0.029127085581421852,0.02736669033765793,0.015246698632836342,0.0,0.0,0.12717978656291962,0
1745923232.005419,0.055458273738622665,0.029127085581421852,0.0284469872713089,0.014283791184425354,0.0,0.0,0.12731614708900452,0
1745923232.0137286,0.0592898353934288,0.028463201597332954,0.027403943240642548,0.01757693849503994,0.0,0.0,0.13273391127586365,0
1745923232.0242152,0.05733611807227135,0.027021626010537148,0.02488946169614792,0.01865539699792862,0.0,0.0,0.12790259718894958,0
1745923232.043633,0.056842949241399765,0.028197648003697395,0.025019841268658638,0.014938568696379662,0.0,0.0,0.12499900907278061,0
1745923232.047027,0.055837634950876236,0.030227238312363625,0.027552949264645576,0.013629013672471046,0.0,0.0,0.12724684178829193,0
1745923232.0590613,0.05794309824705124,0.028178678825497627,0.02935964986681938,0.012781653553247452,0.0,0.0,0.12826307117938995,0
1745923232.0718782,0.058379366993904114,0.028614947572350502,0.02854011580348015,0.014611179009079933,0.0,0.0,0.1301456093788147,0
1745923232.082989,0.05574279651045799,0.026528453454375267,0.028949882835149765,0.01572815328836441,0.0,0.0,0.126949280500412,0
1745923232.0942137,0.054206378757953644,0.026775037869811058,0.029210643842816353,0.017153259366750717,0.0,0.0,0.12734532356262207,0
1745923232.1088982,0.05540136992931366,0.02484028786420822,0.02706867828965187,0.015497054904699326,0.0,0.0,0.12280739843845367,0
1745923232.1310165,0.05714643746614456,0.026187026873230934,0.026342272758483887,0.01480376161634922,0.0,0.0,0.1244794949889183,0
1745923232.1310165,0.057848259806632996,0.02979097329080105,0.026621658354997635,0.012338714674115181,0.0,0.0,0.12659960985183716,0
1745923232.1467123,0.05809484422206879,0.0306635070592165,0.027422567829489708,0.01282016932964325,0.0,0.0,0.12900108098983765,0
1745923232.154514,0.05650152266025543,0.02778034843504429,0.028037218376994133,0.015285216271877289,0.0,0.0,0.12760430574417114,0
1745923232.1634054,0.05680501088500023,0.028671851381659508,0.02833523228764534,0.01497708447277546,0.0,0.0,0.12878917157649994,0
1745923232.1756794,0.057241279631853104,0.029089150950312614,0.027459818869829178,0.014996342360973358,0.0,0.0,0.1287865936756134,0
1745923232.1867354,0.05691881850361824,0.030341045930981636,0.02842836081981659,0.016768096014857292,0.0,0.0,0.13245631754398346,0
1745923232.208405,0.059365708380937576,0.02988581173121929,0.026547156274318695,0.014842277392745018,0.0,0.0,0.13064095377922058,0
1745923232.210592,0.05752580240368843,0.03015136532485485,0.026528529822826385,0.016594771295785904,0.0,0.0,0.13080047070980072,0
1745923232.2210293,0.056861914694309235,0.0282545518130064,0.024535570293664932,0.016113316640257835,0.0,0.0,0.1257653534412384,0
1745923232.2374973,0.05794309824705124,0.028463201597332954,0.02369740977883339,0.014996342360973358,0.0,0.0,0.1251000463962555,0
1745923232.2449841,0.05703262984752655,0.0292788315564394,0.023976797237992287,0.013378657400608063,0.0,0.0,0.123666912317276,0
1745923232.2564921,0.05551517754793167,0.029316769912838936,0.02474045380949974,0.01112544909119606,0.0,0.0,0.12069784104824066,0
1745923232.2719083,0.05801897123456001,0.028463201597332954,0.025559989735484123,0.01420675776898861,0.0,0.0,0.12624892592430115,0
1745923232.2796266,0.056880883872509,0.029601288959383965,0.02459144778549671,0.011953551322221756,0.0,0.0,0.12302717566490173,0
1745923232.2906005,0.05562898889183998,0.027400987222790718,0.02356703020632267,0.012993492186069489,0.0,0.0,0.11959049850702286,0
1745923232.3087559,0.05524962395429611,0.02700265683233738,0.02360428124666214,0.016710320487618446,0.0,0.0,0.12256687879562378,0
1745923232.3151252,0.05879666656255722,0.02724924124777317,0.025187473744153976,0.01374456100165844,0.0,0.0,0.1249779462814331,0
1745923232.3264778,0.0554393045604229,0.030341045930981636,0.024516945704817772,0.013513464480638504,0.0,0.0,0.1238107681274414,0
1745923232.33774,0.05312519520521164,0.028577012941241264,0.02602563425898552,0.014457114040851593,0.0,0.0,0.12218495458364487,0
1745923232.352623,0.05189226567745209,0.02711646445095539,0.02496396377682686,0.016748838126659393,0.0,0.0,0.12072152644395828,0
1745923232.3611257,0.05174051970243454,0.030056526884436607,0.0270314272493124,0.01586296036839485,0.0,0.0,0.124691441655159,0
1745923232.3721673,0.05350455641746521,0.02988581173121929,0.02470320276916027,0.014919310808181763,0.0,0.0,0.12301288545131683,0
1745923232.3837543,0.05388391762971878,0.0299996230751276,0.02116430178284645,0.015612604096531868,0.0,0.0,0.1206604391336441,0
1745923232.3967314,0.05498407036066055,0.0339449904859066,0.02239360474050045,0.01755768060684204,0.0,0.0,0.1288803517818451,0
1745923232.4081218,0.054946135729551315,0.02903224714100361,0.02457282319664955,0.013840852305293083,0.0,0.0,0.12239205837249756,0
1745923232.419698,0.055591050535440445,0.02914605475962162,0.023827791213989258,0.014071950688958168,0.0,0.0,0.12263684719800949,0
1745923232.4308677,0.05390288680791855,0.03164984658360481,0.023846415802836418,0.015824444591999054,0.0,0.0,0.12522360682487488,0
1745923232.441569,0.05314416065812111,0.03246547654271126,0.023269016295671463,0.01572815328836441,0.0,0.0,0.12460681051015854,0
1745923232.4546301,0.053428683429956436,0.030094461515545845,0.022747494280338287,0.015997767448425293,0.0,0.0,0.12226840853691101,0
1745923232.4711394,0.05361836403608322,0.027723444625735283,0.024107176810503006,0.01651773974299431,0.0,0.0,0.12196673452854156,0
1745923232.4766495,0.05642564967274666,0.029070181772112846,0.025019841268658638,0.013994917273521423,0.0,0.0,0.12451058626174927,0
1745923232.488499,0.05665326490998268,0.031744688749313354,0.02349252626299858,0.014765245839953423,0.0,0.0,0.1266557276248932,0
1745923232.5071318,0.056216999888420105,0.031213583424687386,0.022207345813512802,0.0151118915528059,0.0,0.0,0.12474982440471649,0
1745923232.5126593,0.05443399399518967,0.032522380352020264,0.022784747183322906,0.015362247824668884,0.0,0.0,0.12510336935520172,0
1745923232.5237546,0.05593247711658478,0.033622533082962036,0.0212574303150177,0.01619035005569458,0.0,0.0,0.1270027905702591,0
1745923232.5437129,0.054832324385643005,0.03284483775496483,0.023231765255331993,0.01755768060684204,0.0,0.0,0.12846660614013672,0
1745923232.5469003,0.050924889743328094,0.03127048909664154,0.02356703020632267,0.017056968063116074,0.0,0.0,0.12281937897205353,0
1745923232.5589936,0.05064036697149277,0.031023899093270302,0.023902293294668198,0.014071950688958168,0.0,0.0,0.11963851004838943,0
1745923232.5711246,0.05437709018588066,0.030492791905999184,0.023306269198656082,0.014110466465353966,0.0,0.0,0.12228662520647049,0
1745923232.5819428,0.05636874586343765,0.03193436935544014,0.02241223119199276,0.015439281240105629,0.0,0.0,0.12615463137626648,0
1745923232.5944715,0.05553414672613144,0.03210508078336716,0.019581109285354614,0.01572815328836441,0.0,0.0,0.12294849008321762,0
1745923232.6055775,0.05564795434474945,0.030872156843543053,0.020549651235342026,0.014765245839953423,0.0,0.0,0.12183500826358795,0
1745923232.6166875,0.05365630239248276,0.030360015109181404,0.02114567533135414,0.014514889568090439,0.0,0.0,0.11967688798904419,0
1745923232.6280105,0.05202504247426987,0.030606603249907494,0.021443689242005348,0.01434156484901905,0.0,0.0,0.11841689795255661,0
1745923232.643696,0.05257511883974075,0.033888086676597595,0.020754534751176834,0.014553405344486237,0.0,0.0,0.12177114933729172,0
1745923232.6529865,0.053580429404973984,0.031896430999040604,0.019525231793522835,0.01343643106520176,0.0,0.0,0.11843851953744888,0
1745923232.6638453,0.05191123113036156,0.03214301913976669,0.021443689242005348,0.01374456100165844,0.0,0.0,0.11924249678850174,0
1745923232.6743293,0.0513421893119812,0.02950645051896572,0.019525231793522835,0.013994917273521423,0.0,0.0,0.11436878889799118,0
1745923232.6863964,0.050526559352874756,0.0292788315564394,0.020493773743510246,0.01264684647321701,0.0,0.0,0.11294601112604141,0
1745923232.7048523,0.04872458800673485,0.0315360389649868,0.020847663283348083,0.014168241992592812,0.0,0.0,0.1152765303850174,0
1745923232.7089944,0.05084901675581932,0.03240857273340225,0.02250535972416401,0.015689637511968613,0.0,0.0,0.12145258486270905,0
1745923232.7204545,0.05177845433354378,0.03178262338042259,0.023902293294668198,0.01786581054329872,0.0,0.0,0.1253291815519333,0
1745923232.7383199,0.0520060732960701,0.031991273164749146,0.020884914323687553,0.01880946196615696,0.0,0.0,0.12369172275066376,0
1745923232.7436695,0.053580429404973984,0.03104286827147007,0.020717281848192215,0.017634714022278786,0.0,0.0,0.12297529727220535,0
1745923232.7555943,0.05377011001110077,0.03214301913976669,0.020922167226672173,0.018443556502461433,0.0,0.0,0.12527886033058167,0
1745923232.7717094,0.05285963788628578,0.03079628385603428,0.020996669307351112,0.016902903094887733,0.0,0.0,0.12155549228191376,0
1745923232.7795625,0.05449089780449867,0.03265515714883804,0.022821998223662376,0.016902903094887733,0.0,0.0,0.12687095999717712,0
1745923232.7914772,0.05156980827450752,0.03293967992067337,0.022989630699157715,0.01803913526237011,0.0,0.0,0.12553825974464417,0
1745923232.8044462,0.05107663571834564,0.03210508078336716,0.0210711732506752,0.018077651038765907,0.0,0.0,0.12233053892850876,0
1745923232.81531,0.049274660646915436,0.03267412632703781,0.021015295758843422,0.019329432398080826,0.0,0.0,0.12229351699352264,0
1745923232.8258035,0.04872458800673485,0.031611911952495575,0.021760327741503716,0.017769521102309227,0.0,0.0,0.11986634880304337,0
1745923232.8396657,0.05238543450832367,0.0299996230751276,0.023026881739497185,0.017981359735131264,0.0,0.0,0.12339329719543457,0
1745923232.8472478,0.05299241840839386,0.029961684718728065,0.022207345813512802,0.017615454271435738,0.0,0.0,0.12277689576148987,0
1745923232.8602421,0.05138012394309044,0.027325114235281944,0.02259848825633526,0.014688212424516678,0.0,0.0,0.11599193513393402,0
1745923232.8755567,0.050412751734256744,0.028482170775532722,0.02237497828900814,0.015092633664608002,0.0,0.0,0.11636253446340561,0
1745923232.883716,0.05397875979542732,0.02888050116598606,0.019078213721513748,0.017846552655100822,0.0,0.0,0.11978402733802795,0
1745923232.8943644,0.05578073114156723,0.030454857274889946,0.021648572757840157,0.018443556502461433,0.0,0.0,0.1263277232646942,0
1745923232.907903,0.05553414672613144,0.03117564506828785,0.022728869691491127,0.01942572370171547,0.0,0.0,0.1288643777370453,0
1745923232.9194822,0.05022306740283966,0.03168778494000435,0.022617114707827568,0.018751688301563263,0.0,0.0,0.12327965348958969,0
1745923232.9303243,0.05073520913720131,0.030606603249907494,0.023082759231328964,0.016575513407588005,0.0,0.0,0.12100008130073547,0
1745923232.9414558,0.05466161295771599,0.030341045930981636,0.02000950276851654,0.016691062599420547,0.0,0.0,0.12170322239398956,0
1745923232.9531717,0.05553414672613144,0.0303031112998724,0.018072420731186867,0.01682586967945099,0.0,0.0,0.1207355484366417,0
1745923232.9724205,0.054718516767024994,0.028026936575770378,0.020717281848192215,0.016151834279298782,0.0,0.0,0.11961457133293152,0
1745923232.9766746,0.05096282437443733,0.030189303681254387,0.01874294877052307,0.01586296036839485,0.0,0.0,0.1157580316066742,0
1745923232.9872594,0.05100076273083687,0.032636191695928574,0.017997916787862778,0.016922160983085632,0.0,0.0,0.11855703592300415,0
1745923233.0060813,0.05312519520521164,0.03246547654271126,0.020531024783849716,0.017076225951313972,0.0,0.0,0.12319792807102203,0
1745923233.0113578,0.05437709018588066,0.030322080478072166,0.02135055884718895,0.01570889540016651,0.0,0.0,0.12175862491130829,0
1745923233.0240104,0.05299241840839386,0.028216617181897163,0.018538065254688263,0.016575513407588005,0.0,0.0,0.11632261425256729,0
1745923233.0382144,0.05162671208381653,0.02776138298213482,0.018687071278691292,0.014726728200912476,0.0,0.0,0.11280189454555511,0
1745923233.0461497,0.05126631632447243,0.0278941597789526,0.021834829822182655,0.01667180471122265,0.0,0.0,0.11766710877418518,0
1745923233.0597904,0.05325797200202942,0.028482170775532722,0.021853456273674965,0.015381507575511932,0.0,0.0,0.11897510290145874,0
1745923233.071293,0.05337177962064743,0.026699164882302284,0.022058339789509773,0.014226015657186508,0.0,0.0,0.116355299949646,0
1745923233.081425,0.05187329649925232,0.02711646445095539,0.02149956487119198,0.015304474160075188,0.0,0.0,0.11579380184412003,0
1745923233.0930107,0.05515478551387787,0.025276556611061096,0.02494533732533455,0.015208182856440544,0.0,0.0,0.12058486044406891,0
1745923233.1085343,0.056216999888420105,0.025333460420370102,0.02356703020632267,0.014938568696379662,0.0,0.0,0.12005606293678284,0
1745923233.1171572,0.05689985305070877,0.026585357263684273,0.020810412243008614,0.015670379623770714,0.0,0.0,0.11996600031852722,0
1745923233.1278176,0.05437709018588066,0.027856221422553062,0.02122017927467823,0.014457114040851593,0.0,0.0,0.11791060119867325,0
1745923233.1400836,0.056577395647764206,0.027457891032099724,0.02235635370016098,0.014110466465353966,0.0,0.0,0.12050210684537888,0
1745923233.1496708,0.05625493451952934,0.026035280898213387,0.022170094773173332,0.014245273545384407,0.0,0.0,0.11870558559894562,0
1745923233.162573,0.05602731928229332,0.027837252244353294,0.019394852221012115,0.015554830431938171,0.0,0.0,0.11881425231695175,0
1745923233.174404,0.055951446294784546,0.02698368765413761,0.019748741760849953,0.014457114040851593,0.0,0.0,0.1171409860253334,0
1745923233.1850784,0.05259408429265022,0.025693854317069054,0.019227219745516777,0.015651121735572815,0.0,0.0,0.11316628009080887,0
1745923233.1963375,0.051816392689943314,0.025693854317069054,0.020493773743510246,0.01651773974299431,0.0,0.0,0.11452175676822662,0
1745923233.208427,0.05414947122335434,0.026547420769929886,0.0234366487711668,0.016691062599420547,0.0,0.0,0.12082460522651672,0
1745923233.2200117,0.056577395647764206,0.025181714445352554,0.02259848825633526,0.016459964215755463,0.0,0.0,0.12081756442785263,0
1745923233.239267,0.055799700319767,0.028102809563279152,0.020586902275681496,0.01682586967945099,0.0,0.0,0.12131527811288834,0
1745923233.2441323,0.05653945729136467,0.0265094842761755,0.020288890227675438,0.017153259366750717,0.0,0.0,0.12049108743667603,0
1745923233.2552524,0.05667223408818245,0.025674887001514435,0.0212574303150177,0.016402190551161766,0.0,0.0,0.1200067475438118,0
1745923233.2705677,0.054832324385643005,0.02751479484140873,0.022710243239998817,0.014591921120882034,0.0,0.0,0.11964927613735199,0
1745923233.277715,0.05619803071022034,0.025883536785840988,0.02336214669048786,0.01603628508746624,0.0,0.0,0.12148000299930573,0
1745923233.2919326,0.05566692352294922,0.025940440595149994,0.023306269198656082,0.017365097999572754,0.0,0.0,0.12227873504161835,0
1745923233.3043885,0.05450986698269844,0.025276556611061096,0.024982590228319168,0.016305899247527122,0.0,0.0,0.12107490748167038,0
1745923233.3129764,0.05505994334816933,0.027438921853899956,0.02112705074250698,0.014996342360973358,0.0,0.0,0.11862225830554962,0
1745923233.326305,0.05198710411787033,0.026964718475937843,0.019376225769519806,0.015554830431938171,0.0,0.0,0.113882876932621,0
1745923233.3418043,0.051171474158763885,0.023872913792729378,0.01881745271384716,0.016614029183983803,0.0,0.0,0.11047586798667908,0
1745923233.347983,0.055211689323186874,0.025542110204696655,0.02013988234102726,0.015054117888212204,0.0,0.0,0.11594779789447784,0
1745923233.3616602,0.05726024508476257,0.028671851381659508,0.021629946306347847,0.01526595838367939,0.0,0.0,0.12282799929380417,0
1745923233.3711824,0.05674810707569122,0.028197648003697395,0.022188719362020493,0.015381507575511932,0.0,0.0,0.12251598387956619,0
1745923233.3840017,0.05669120326638222,0.026395676657557487,0.02136918529868126,0.015612604096531868,0.0,0.0,0.12006866931915283,0
1745923233.3953772,0.056729137897491455,0.028292490169405937,0.02146231383085251,0.015208182856440544,0.0,0.0,0.12169212847948074,0
1745923233.4055443,0.05574279651045799,0.02787519060075283,0.021667197346687317,0.013070525601506233,0.0,0.0,0.11835570633411407,0
1745923233.4170258,0.05638771131634712,0.02814074419438839,0.020996669307351112,0.013032009825110435,0.0,0.0,0.11855713278055191,0
1745923233.4306855,0.05716540664434433,0.02778034843504429,0.01995362527668476,0.014938568696379662,0.0,0.0,0.11983794718980789,0
1745923233.440909,0.056596361100673676,0.026205994188785553,0.0234366487711668,0.01682586967945099,0.0,0.0,0.12306487560272217,0
1745923233.4523122,0.0568239800632,0.026794007048010826,0.023809164762496948,0.01617109216749668,0.0,0.0,0.12359824031591415,0
1745923233.4630675,0.055951446294784546,0.02901327796280384,0.022579863667488098,0.017615454271435738,0.0,0.0,0.12516003847122192,0
1745923233.4773962,0.05388391762971878,0.02597837708890438,0.021965211257338524,0.016902903094887733,0.0,0.0,0.11873041093349457,0
1745923233.4867632,0.05081108212471008,0.02436608448624611,0.023045508190989494,0.014880795031785965,0.0,0.0,0.1131034642457962,0
1745923233.505378,0.054092567414045334,0.02472648024559021,0.0234366487711668,0.015208182856440544,0.0,0.0,0.11746388673782349,0
1745923233.5106468,0.05299241840839386,0.027552733197808266,0.022058339789509773,0.01603628508746624,0.0,0.0,0.11863977462053299,0
1745923233.521893,0.04883839562535286,0.026585357263684273,0.02136918529868126,0.016248123720288277,0.0,0.0,0.11304105818271637,0
1745923233.5389574,0.05246130749583244,0.02637670747935772,0.022579863667488098,0.014283791184425354,0.0,0.0,0.11570166796445847,0
1745923233.5454457,0.05397875979542732,0.026338770985603333,0.021741701290011406,0.012877942994236946,0.0,0.0,0.11493717133998871,0
1745923233.5568318,0.04969196021556854,0.029108120128512383,0.018184175714850426,0.017037710174918175,0.0,0.0,0.11402197182178497,0
1745923233.5750484,0.02194157801568508,0.09872117638587952,0.059112850576639175,0.036218851804733276,0.0,0.0,0.2159944623708725,0
1745923233.5823991,0.10025113821029663,0.35617566108703613,0.3080092668533325,0.14830142259597778,0.0,0.0,0.9127374887466431,0
1745923233.592945,0.20962141454219818,0.6142181754112244,0.5139173865318298,0.23804453015327454,12.091085433959961,0.9578813314437866,1.5758014917373657,0
1745923233.6082613,0.35546737909317017,0.8831294178962708,0.7497198581695557,0.3221064805984497,11.576974868774414,1.515817403793335,2.3104231357574463,0
1745923233.6145716,0.5852853655815125,1.3159253597259521,1.1046156883239746,0.5114143490791321,10.538816452026367,1.702697515487671,3.5172407627105713,0
1745923233.6292782,0.8399515151977539,1.775618076324463,1.475138545036316,0.7111409306526184,9.910890579223633,1.8774206638336182,4.801849365234375,0
1745923233.6416616,1.1791775226593018,2.361069440841675,1.9444897174835205,0.9713380932807922,9.346426010131836,2.0310797691345215,6.4560747146606445,0
1745923233.6490245,1.6013892889022827,3.07609224319458,2.4782674312591553,1.2752898931503296,8.892741203308105,2.3013076782226562,8.431038856506348,0
1745923233.6636848,2.0491509437561035,3.8719382286071777,3.0406546592712402,1.5994627475738525,8.653501510620117,2.547095537185669,10.561206817626953,0
1745923233.6741095,2.4610438346862793,4.6680498123168945,3.618929386138916,1.9157012701034546,8.645684242248535,2.6440658569335938,12.663723945617676,0
1745923233.6855264,2.8183655738830566,5.409134864807129,4.1777777671813965,2.208810567855835,8.736268997192383,2.6453354358673096,14.614089965820312,0
1745923233.6951547,3.145357370376587,6.086923122406006,4.687677383422852,2.4719927310943604,8.809386253356934,2.6552560329437256,16.391950607299805,0
1745923233.7085645,3.4414119720458984,6.716930866241455,5.136055946350098,2.696600914001465,8.894407272338867,2.7146573066711426,17.990999221801758,0
1745923233.720615,3.7342989444732666,7.3342108726501465,5.576462745666504,2.8993701934814453,8.992684364318848,2.785778760910034,19.544343948364258,0
1745923233.7310436,4.035323619842529,7.981839656829834,6.042703628540039,3.109919786453247,9.098834991455078,2.8415656089782715,21.169788360595703,0
1745923233.743846,4.369845390319824,8.663725852966309,6.566236972808838,3.3649942874908447,9.138483047485352,2.8369126319885254,22.964801788330078,0
1745923233.7537973,4.722614765167236,9.394681930541992,7.140395641326904,3.660414695739746,9.160300254821777,2.795004367828369,24.918106079101562,0
1745923233.7736177,5.073601245880127,10.846559524536133,7.731634140014648,3.978290319442749,9.653841972351074,3.1999518871307373,27.630084991455078,0
1745923233.7777386,5.39067268371582,11.487340927124023,8.848828315734863,4.304080963134766,9.921762466430664,2.6048879623413086,30.030921936035156,0
1745923233.7886195,5.674947738647461,12.06875228881836,9.377185821533203,4.618932723999023,9.838040351867676,2.479510545730591,31.739818572998047,0
1745923233.8046792,5.9170002937316895,12.583016395568848,9.900514602661133,4.926774978637695,9.779163360595703,2.314236640930176,33.327308654785156,0
1745923233.8120096,6.098278522491455,13.018752098083496,10.404845237731934,5.230707168579102,9.744573593139648,2.1037585735321045,34.752586364746094,0
1745923233.8231802,6.231719493865967,13.39278507232666,10.926962852478027,5.521390438079834,9.754311561584473,1.8490129709243774,36.07285690307617,0
1745923233.8374605,6.3526225090026855,13.743050575256348,11.517400741577148,5.826228141784668,9.783432006835938,1.543643593788147,37.439300537109375,0
1745923233.846265,6.4605512619018555,14.06025505065918,12.160344123840332,6.169774532318115,9.794559478759766,1.1841270923614502,38.850921630859375,0
1745923233.8602128,6.544750690460205,14.321654319763184,12.808018684387207,6.546136856079102,9.773261070251465,0.789577066898346,40.220558166503906,0
1745923233.8727853,6.586309909820557,14.484457969665527,13.33283805847168,6.918763637542725,9.697948455810547,0.4162997007369995,41.32236862182617,0
1745923233.8815258,6.589515686035156,14.538858413696289,13.669964790344238,7.4012770652771,9.43385124206543,0.028431233018636703,42.199615478515625,0
1745923233.8937557,6.558540344238281,14.508964538574219,13.834877014160156,7.511780738830566,9.422761917114258,-0.13821303844451904,42.414161682128906,0
1745923233.9052806,6.51849889755249,14.43874454498291,13.898261070251465,7.578779697418213,9.39599609375,-0.2572392523288727,42.43428421020508,0
1745923233.916796,6.486196041107178,14.363308906555176,13.948979377746582,7.653655529022217,9.347661018371582,-0.37255430221557617,42.45214080810547,0
1745923233.9281514,6.4804487228393555,14.322299003601074,14.079303741455078,7.785477638244629,9.276350975036621,-0.5227087140083313,42.66752624511719,0
1745923233.941196,6.493821144104004,14.324860572814941,14.327790260314941,7.980928897857666,9.204848289489746,-0.7255432605743408,43.127403259277344,0
1745923233.9502532,6.523392677307129,14.367785453796387,14.674248695373535,8.225334167480469,9.139202117919922,-0.9631364941596985,43.7907600402832,0
1745923233.9630039,6.568631649017334,14.43781566619873,15.089864730834961,8.500725746154785,9.077576637268066,-1.2168304920196533,44.59703826904297,0
1745923233.977873,6.614268779754639,14.518354415893555,15.534778594970703,8.777716636657715,9.033140182495117,-1.4694057703018188,45.44512176513672,0
1745923233.9878883,6.653988361358643,14.663972854614258,15.968778610229492,9.046233177185059,9.02404499053955,-1.675654411315918,46.33297348022461,0
1745923233.997903,6.692417621612549,14.727913856506348,16.38623809814453,9.301115036010742,8.987435340881348,-1.9021830558776855,47.107688903808594,0
1745923234.009362,6.716620922088623,14.76970100402832,17.05637550354004,9.517230033874512,9.084123611450195,-2.2229106426239014,48.05992889404297,0
1745923234.022418,6.712504863739014,14.765148162841797,17.220991134643555,9.659528732299805,9.040765762329102,-2.3462462425231934,48.358177185058594,0
1745923234.0386858,6.688718795776367,14.721768379211426,17.285045623779297,9.730707168579102,9.01261043548584,-2.4307186603546143,48.426239013671875,0
1745923234.0444283,6.6482977867126465,14.651339530944824,17.283889770507812,9.757745742797852,8.994741439819336,-2.494389772415161,48.341270446777344,0
1745923234.0552301,6.605429649353027,14.57412052154541,17.26232147216797,9.76833724975586,8.980563163757324,-2.5486984252929688,48.210208892822266,0
1745923234.06683,6.567967891693115,14.502989768981934,17.236469268798828,9.77446174621582,8.966303825378418,-2.5943126678466797,48.081886291503906,0
1745923234.0795121,6.53069543838501,14.435937881469727,17.186403274536133,9.76473617553711,8.956039428710938,-2.6227145195007324,47.91777420043945,0
1745923234.0939934,6.495205879211426,14.37802791595459,17.124509811401367,9.73498249053955,8.958754539489746,-2.633653402328491,47.732723236083984,0
1745923234.1096091,6.465084552764893,14.331233024597168,17.063230514526367,9.703861236572266,8.9630765914917,-2.6361911296844482,47.563411712646484,0
1745923234.118274,6.437448024749756,14.286069869995117,17.012773513793945,9.681829452514648,8.96340560913086,-2.644406318664551,47.418121337890625,0
1745923234.1247444,6.417436599731445,14.250960350036621,16.98164939880371,9.670217514038086,8.961461067199707,-2.6553714275360107,47.32026672363281,0
1745923234.1384408,6.401029109954834,14.224139213562012,16.953393936157227,9.657102584838867,8.962364196777344,-2.6609535217285156,47.23566436767578,0
1745923234.1488874,6.3743977546691895,14.18861198425293,16.913740158081055,9.634551048278809,8.97057056427002,-2.6679563522338867,47.11130142211914,0
1745923234.1606455,6.340217113494873,14.13994026184082,16.864213943481445,9.608899116516113,8.977886199951172,-2.6803689002990723,46.953269958496094,0
1745923234.172544,6.300004959106445,14.081802368164062,16.801631927490234,9.575794219970703,8.986754417419434,-2.6926870346069336,46.75923538208008,0
1745923234.1834462,6.249720096588135,14.016077995300293,16.716232299804688,9.530980110168457,9.000601768493652,-2.7005274295806885,46.51301193237305,0
1745923234.1953034,6.19843053817749,13.939902305603027,16.612468719482422,9.471818923950195,9.015054702758789,-2.7013845443725586,46.222618103027344,0
1745923234.2066038,6.145755767822266,13.770478248596191,16.502370834350586,9.408344268798828,8.993071556091309,-2.746945381164551,45.82694625854492,0
1745923234.220242,6.088870525360107,13.685046195983887,16.386089324951172,9.341172218322754,9.009671211242676,-2.747626304626465,45.50117492675781,0
1745923234.2300172,6.033123016357422,13.60251522064209,16.13719367980957,9.265236854553223,8.978132247924805,-2.688894748687744,45.03807067871094,0
1745923234.2417796,5.978362083435059,13.52688980102539,16.047006607055664,9.19101619720459,9.014236450195312,-2.6906421184539795,44.74327850341797,0
1745923234.254138,5.918840408325195,13.438194274902344,15.9723539352417,9.136650085449219,9.039295196533203,-2.7164862155914307,44.46603775024414,0
1745923234.265106,5.848601341247559,13.325637817382812,15.8760404586792,9.036256790161133,9.09282112121582,-2.7332417964935303,44.08654022216797,0
1745923234.2767966,5.768157482147217,13.19094467163086,15.7510986328125,8.967543601989746,9.107100486755371,-2.7691526412963867,43.6777458190918,0
1745923234.2886128,5.680429935455322,13.046749114990234,15.611163139343262,8.889625549316406,9.125112533569336,-2.8048007488250732,43.22796630859375,0
1745923234.3043194,5.594978332519531,12.90446949005127,15.47350025177002,8.816829681396484,9.138923645019531,-2.8419995307922363,42.78977584838867,0
1745923234.311504,5.51516056060791,12.765508651733398,15.358113288879395,8.759401321411133,9.145998001098633,-2.8910140991210938,42.39818572998047,0
1745923234.3233483,5.439762115478516,12.63853645324707,15.270255088806152,8.714588165283203,9.155861854553223,-2.9488399028778076,42.063140869140625,0
1745923234.34235,5.359223365783691,12.509078979492188,15.182397842407227,8.661493301391602,9.176725387573242,-3.008410692214966,41.712188720703125,0
1745923234.3464813,5.275820255279541,12.374897956848145,15.087592124938965,8.604681968688965,9.198551177978516,-3.0687825679779053,41.342994689941406,0
1745923234.3583434,5.193745136260986,12.239314079284668,14.994333267211914,8.554071426391602,9.214001655578613,-3.133666753768921,40.98146057128906,0
1745923234.3726573,5.126408576965332,12.113593101501465,14.909399032592773,8.508025169372559,9.220446586608887,-3.1907050609588623,40.65742492675781,0
1745923234.3807406,5.062960147857666,12.0043363571167,14.831636428833008,8.46606159210205,9.230636596679688,-3.2413837909698486,40.364994049072266,0
1745923234.3930118,4.997785568237305,11.89265251159668,14.750725746154785,8.428218841552734,9.2361421585083,-3.295748710632324,40.06938171386719,0
1745923234.412107,4.930771350860596,11.76858139038086,14.668512344360352,8.391898155212402,9.235565185546875,-3.3597335815429688,39.759761810302734,0
1745923234.4164157,4.855467796325684,11.635122299194336,14.583187103271484,8.356019973754883,9.236442565917969,-3.434483528137207,39.42979431152344,0
1745923234.4277406,4.775763511657715,11.48709487915039,14.49417495727539,8.324263572692871,9.228833198547363,-3.5225844383239746,39.081298828125,0
1745923234.4400957,4.692493438720703,11.171085357666016,14.410489082336426,8.294181823730469,9.143716812133789,-3.724900960922241,38.5682487487793,0
1745923234.4512367,4.603456974029541,11.003426551818848,14.214470863342285,8.257283210754395,9.086470603942871,-3.785909414291382,38.078636169433594,0
1745923234.4631658,4.497785568237305,10.819719314575195,14.044734001159668,8.189937591552734,9.079324722290039,-3.868231773376465,37.55217742919922,0
1745923234.473669,4.376332759857178,10.6170072555542,13.80565357208252,8.077411651611328,9.087915420532227,-3.923490285873413,36.87640380859375,0
1745923234.4870164,4.236537456512451,10.383225440979004,13.485644340515137,7.917415618896484,9.105828285217285,-3.9544169902801514,36.022823333740234,0
1745923234.5042703,4.081719398498535,10.118144989013672,13.09990406036377,7.711661338806152,9.136750221252441,-3.965725898742676,35.01142883300781,0
1745923234.5087955,3.927337646484375,9.839313507080078,12.686057090759277,7.476441860198975,9.178083419799805,-3.958625555038452,33.92914962768555,0
1745923234.5199237,3.778437852859497,9.564029693603516,12.299125671386719,7.244804382324219,9.229273796081543,-3.960017681121826,32.88639831542969,0
1745923234.5321429,3.644693374633789,9.311962127685547,11.976451873779297,7.044172763824463,9.281194686889648,-3.982306957244873,31.977279663085938,0
1745923234.5431314,3.5430243015289307,9.096047401428223,11.752421379089355,6.896135330200195,9.315524101257324,-4.033516883850098,31.287628173828125,0
1745923234.5552716,3.487675189971924,8.949195861816406,11.652139663696289,6.824167251586914,9.319838523864746,-4.102721691131592,30.913177490234375,0
1745923234.5700688,3.458805799484253,8.856536865234375,11.643888473510742,6.8191986083984375,9.29962158203125,-4.194581031799316,30.778430938720703,0
1745923234.5788288,3.4392874240875244,8.786335945129395,11.673429489135742,6.850551128387451,9.260541915893555,-4.30137300491333,30.749603271484375,0
1745923234.590628,3.4156911373138428,8.721275329589844,11.71142578125,6.891050815582275,9.223552703857422,-4.416985988616943,30.739442825317383,0
1745923234.6080632,3.3935742378234863,8.65820598602295,11.749570846557617,6.930433750152588,9.187410354614258,-4.5292744636535645,30.73178482055664,0
1745923234.613192,3.3715522289276123,8.59570598602295,11.779186248779297,6.9671783447265625,9.149443626403809,-4.6351165771484375,30.713623046875,0
1745923234.6245775,3.345414161682129,8.534116744995117,11.796862602233887,6.99550724029541,9.119799613952637,-4.732983589172363,30.67190170288086,0
1745923234.6415403,3.3121252059936523,8.46789836883545,11.795297622680664,7.011299133300781,9.099193572998047,-4.824267387390137,30.586620330810547,0
1745923234.6483102,3.2606077194213867,8.385444641113281,11.758493423461914,6.975420951843262,9.131723403930664,-4.899448871612549,30.379966735839844,0
1745923234.6601133,3.1845264434814453,8.118069648742676,11.677303314208984,6.9241943359375,9.069869995117188,-5.125617027282715,29.904094696044922,0
1745923234.6718702,3.0783238410949707,7.909855842590332,11.378396987915039,6.851629734039307,8.968120574951172,-5.204931735992432,29.21820640563965,0
1745923234.6875248,2.9447693824768066,7.647128105163574,11.159357070922852,6.757302761077881,8.942000389099121,-5.395573139190674,28.50855827331543,0
1745923234.6956608,2.791961908340454,7.338592529296875,10.906027793884277,6.648609638214111,8.904159545898438,-5.631377220153809,27.685192108154297,0
1745923234.7067122,2.6277170181274414,7.007446765899658,10.628168106079102,6.526763439178467,8.86416244506836,-5.894533634185791,26.790096282958984,0
1745923234.7169814,2.45525860786438,6.673455715179443,10.322482109069824,6.383463382720947,8.840914726257324,-6.159239292144775,25.834659576416016,0
1745923234.7306223,2.2946555614471436,6.358527660369873,10.014988899230957,6.230765342712402,8.825543403625488,-6.403646469116211,24.898937225341797,0
1745923234.7479677,2.1639461517333984,6.08982515335083,9.751936912536621,6.097248077392578,8.806219100952148,-6.617599010467529,24.102954864501953,0
1745923234.7534745,2.0503838062286377,5.857750415802002,9.540553092956543,5.9911932945251465,8.787942886352539,-6.830061435699463,23.439882278442383,0
1745923234.771964,1.9647808074951172,5.671084880828857,9.397320747375488,5.924540996551514,8.75584602355957,-7.030570030212402,22.957727432250977,0
1745923234.7785053,1.9133201837539673,5.551585674285889,9.31505012512207,5.8828277587890625,8.735629081726074,-7.165598392486572,22.662784576416016,0
1745923234.7875788,1.8912413120269775,5.489654541015625,9.255093574523926,5.841249465942383,8.735201835632324,-7.208375930786133,22.47723960876465,0
1745923234.8054724,1.8921328783035278,5.48369836807251,9.21288776397705,5.80015230178833,8.759729385375977,-7.163443088531494,22.388870239257812,0
1745923234.8117495,1.8884340524673462,5.489408016204834,9.15835189819336,5.75131368637085,8.804229736328125,-7.096724510192871,22.287508010864258,0
1745923234.8213584,1.8709644079208374,5.471691608428955,9.06242847442627,5.683544158935547,8.84749984741211,-7.038447380065918,22.0886287689209,0
1745923234.8408756,1.8531723022460938,5.431934356689453,8.945551872253418,5.611691951751709,8.861381530761719,-6.9916863441467285,21.84235191345215,0
1745923234.8449004,1.8608733415603638,5.40898323059082,8.862536430358887,5.565260410308838,8.833711624145508,-6.927789211273193,21.69765281677246,0
1745923234.8576272,1.9051638841629028,5.446615695953369,8.848492622375488,5.550739765167236,8.804084777832031,-6.804121494293213,21.75101089477539,0
1745923234.8715816,1.9816813468933105,5.552116870880127,8.904239654541016,5.572347640991211,8.780634880065918,-6.624081134796143,22.010385513305664,0
1745923234.8826206,2.072481632232666,5.706327438354492,9.015640258789062,5.6214752197265625,8.778772354125977,-6.425095081329346,22.415924072265625,0
1745923234.892318,2.161992311477661,6.04709005355835,9.298324584960938,5.682196140289307,9.057263374328613,-6.132066249847412,23.189603805541992,0
1745923234.9036734,2.250933885574341,6.2172532081604,9.468210220336914,5.74981164932251,9.08427619934082,-5.984347820281982,23.686208724975586,0
1745923234.9153044,2.3479180335998535,6.408281326293945,9.693303108215332,5.838168144226074,9.125370025634766,-5.8581461906433105,24.287670135498047,0
1745923234.9262025,2.4497389793395996,6.609286785125732,9.954883575439453,5.9567790031433105,9.147295951843262,-5.762972354888916,24.970687866210938,0
1745923234.9398217,2.5669429302215576,6.8399200439453125,10.240677833557129,6.089313983917236,9.16512680053711,-5.64893102645874,25.736854553222656,0
1745923234.9499824,2.7259719371795654,7.1545634269714355,10.593152046203613,6.2338080406188965,9.213225364685059,-5.461946964263916,26.707494735717773,0
1745923234.9619553,2.9442951679229736,7.572299003601074,11.066340446472168,6.414873123168945,9.280197143554688,-5.223873138427734,27.9978084564209,0
1745923234.9742854,3.210266351699829,8.078597068786621,11.643851280212402,6.663939476013184,9.316959381103516,-4.980207443237305,29.59665298461914,0
1745923234.9847662,3.4806571006774902,8.600922584533691,12.227322578430176,6.945551872253418,9.318896293640137,-4.764671325683594,31.25445556640625,0
1745923234.9956722,3.7666585445404053,9.13614559173584,12.834356307983398,7.229301452636719,9.321205139160156,-4.561542510986328,32.966461181640625,0
1745923235.0078576,4.083786964416504,9.708831787109375,13.518033981323242,7.547138690948486,9.314597129821777,-4.381333827972412,34.857791900634766,0
1745923235.0203657,4.467247009277344,10.369359016418457,14.347943305969238,7.929933071136475,9.294576644897461,-4.210395812988281,37.11448287963867,0
1745923235.031917,4.923961639404297,11.155797004699707,15.356176376342773,8.990499496459961,8.725240707397461,-4.294350624084473,40.42643356323242,0
1745923235.045253,5.457990646362305,12.065566062927246,16.5544490814209,9.688454627990723,8.619841575622559,-4.183713912963867,43.766456604003906,0
1745923235.0537658,6.064269065856934,13.102800369262695,17.951885223388672,10.495179176330566,8.524079322814941,-4.092900276184082,47.614131927490234,0
1745923235.0703056,6.699284076690674,14.198380470275879,19.45826530456543,11.334335327148438,8.462807655334473,-4.019976615905762,51.69026565551758,0
1745923235.0778146,7.276275634765625,15.24532699584961,20.83091163635254,12.014572143554688,8.488635063171387,-3.915710210800171,55.367088317871094,0
1745923235.0903797,7.784887313842773,16.1632137298584,21.864643096923828,12.529651641845703,8.501070976257324,-3.7600455284118652,58.3423957824707,0
1745923235.1043787,8.251124382019043,16.9923095703125,22.70989990234375,12.974457740783691,8.49112606048584,-3.598675489425659,60.927791595458984,0
1745923235.1121042,8.6464204788208,18.411108016967773,24.080533981323242,13.33618450164795,8.90670394897461,-3.3741061687469482,64.4742431640625,0
1745923235.1232638,8.961746215820312,18.941892623901367,24.561750411987305,13.612924575805664,8.86843490600586,-3.264183759689331,66.07831573486328,0
1745923235.1423218,9.208768844604492,19.36833381652832,24.966135025024414,13.842347145080566,8.843640327453613,-3.1885008811950684,67.38558197021484,0
1745923235.1475625,9.41451644897461,19.72267723083496,25.331348419189453,14.052915573120117,8.820953369140625,-3.1404531002044678,68.5214614868164,0
1745923235.1584558,9.592474937438965,20.02577018737793,25.656946182250977,14.250542640686035,8.79547119140625,-3.1078298091888428,69.5257339477539,0
1745923235.1713889,9.747994422912598,20.27174949645996,25.89166831970215,14.409942626953125,8.761967658996582,-3.0704643726348877,70.32135772705078,0
1745923235.1820157,9.873791694641113,20.455549240112305,26.004819869995117,14.504327774047852,8.728347778320312,-3.017793655395508,70.83848571777344,0
1745923235.1934843,9.97612476348877,20.587358474731445,26.049150466918945,14.558732032775879,8.695158004760742,-2.9637255668640137,71.1713638305664,0
1745923235.2059915,10.04169750213623,20.661392211914062,26.021099090576172,14.578201293945312,8.663840293884277,-2.9146344661712646,71.3023910522461,0
1745923235.218004,10.05903434753418,20.6574649810791,25.88878059387207,14.53685474395752,8.639183044433594,-2.865978956222534,71.14213562011719,0
1745923235.2303886,10.019922256469727,20.553691864013672,25.675703048706055,14.451136589050293,8.617107391357422,-2.837573289871216,70.70045471191406,0
1745923235.2400687,9.947027206420898,20.365564346313477,25.465417861938477,14.382692337036133,8.580806732177734,-2.8541035652160645,70.16069793701172,0
1745923235.2510855,9.846458435058594,20.12114143371582,25.27582550048828,14.337879180908203,8.53610897064209,-2.9112448692321777,69.581298828125,0
1745923235.2633345,9.7288179397583,19.83394432067871,25.040599822998047,14.27080249786377,8.486459732055664,-2.9723973274230957,68.8741683959961,0
1745923235.2761383,9.599322319030762,19.524707794189453,24.734169006347656,14.166153907775879,8.43543815612793,-3.0180678367614746,68.02435302734375,0
1745923235.2875166,9.455771446228027,19.21327018737793,24.382495880126953,14.032925605773926,8.392373085021973,-3.0509893894195557,67.08446502685547,0
1745923235.297158,9.30520248413086,18.907180786132812,24.022869110107422,13.885947227478027,8.358728408813477,-3.079573631286621,66.12120056152344,0
1745923235.311033,9.149322509765625,18.61656951904297,23.691272735595703,13.748347282409668,8.334952354431152,-3.1155080795288086,65.20551300048828,0
1745923235.3218913,9.0015230178833,18.328027725219727,23.408254623413086,13.644584655761719,8.302346229553223,-3.1715049743652344,64.38239288330078,0
1745923235.3389184,8.859811782836914,18.05695343017578,23.104001998901367,13.592260360717773,8.234929084777832,-3.2284176349639893,63.61302947998047,0
1745923235.3464189,8.72162914276123,17.565052032470703,23.059356689453125,13.574484825134277,8.156198501586914,-3.4534101486206055,62.92052459716797,0
1745923235.356455,8.59471321105957,17.344511032104492,23.078187942504883,13.592529296875,8.155138969421387,-3.599449396133423,62.60993957519531,0
1745923235.3738399,8.47574520111084,17.1343994140625,23.137659072875977,13.641618728637695,8.14771842956543,-3.7594802379608154,62.38941955566406,0
1745923235.3830392,8.371135711669922,16.94073486328125,23.26679229736328,13.71198844909668,8.147022247314453,-3.9332573413848877,62.2906494140625,0
1745923235.3912728,8.294447898864746,16.774497985839844,23.50520133972168,13.838302612304688,8.141237258911133,-4.1300368309021,62.412452697753906,0
1745923235.4050434,8.25218677520752,16.653160095214844,23.8505802154541,8.562448501586914,11.572115898132324,-2.750624656677246,57.31837463378906,0
1745923235.426882,8.223942756652832,16.548816680908203,24.239580154418945,14.822973251342773,7.781922817230225,-4.7009358406066895,63.83531188964844,0
1745923235.439636,8.182991027832031,16.417726516723633,24.599782943725586,15.063604354858398,7.742823123931885,-4.922126770019531,64.26410675048828,0
1745923235.44788,8.105563163757324,16.214712142944336,24.887924194335938,15.32876968383789,7.665567398071289,-5.172613620758057,64.53697204589844,0
1745923235.4588363,7.993840217590332,15.935937881469727,25.155799865722656,15.620088577270508,7.563148498535156,-5.46734619140625,64.7056655883789,0
1745923235.473643,7.881928443908691,15.63354778289795,25.456924438476562,15.902644157409668,7.469207763671875,-5.776118278503418,64.87504577636719,0
1745923235.483217,7.793707370758057,15.39214038848877,25.796714782714844,16.164594650268555,7.405625820159912,-6.052217483520508,65.14715576171875,0
1745923235.4929473,7.738453388214111,15.237133026123047,26.163494110107422,16.4104061126709,7.369234085083008,-6.278685092926025,65.54948425292969,0
1745923235.506469,7.6989617347717285,15.152098655700684,26.542919158935547,16.67749786376953,7.339319229125977,-6.474146842956543,66.07147979736328,0
1745923235.5147963,7.666279315948486,15.083395957946777,26.928361892700195,17.0021915435791,7.282698631286621,-6.670619010925293,66.68022918701172,0
1745923235.5273952,7.645338535308838,15.027800559997559,27.386425018310547,17.328289031982422,7.246659278869629,-6.868791103363037,67.38784790039062,0
1745923235.5414124,7.612410068511963,14.965964317321777,27.887794494628906,17.620128631591797,7.246600151062012,-7.072207927703857,68.0863037109375,0
1745923235.5497966,7.5611772537231445,14.860406875610352,28.32864761352539,17.884716033935547,7.238420009613037,-7.279488563537598,68.63494873046875,0
1745923235.5604155,7.501769065856934,14.722716331481934,29.0135555267334,18.093725204467773,7.326249122619629,-7.536786079406738,69.3317642211914,0
1745923235.5750618,7.427053451538086,14.362113952636719,29.186552047729492,18.214338302612305,7.246759414672852,-7.773460388183594,69.19005584716797,0
1745923235.584359,7.329746723175049,14.128141403198242,29.19692611694336,18.264448165893555,7.203564643859863,-7.923375129699707,68.91926574707031,0
1745923235.5946949,7.228931427001953,13.8872652053833,29.133989334106445,18.31665802001953,7.136373996734619,-8.065464973449707,68.56684112548828,0
1745923235.6090047,7.1452250480651855,13.673229217529297,29.114675521850586,18.400083541870117,7.06527042388916,-8.204244613647461,68.33321380615234,0
1745923235.6173515,7.0751566886901855,13.49354362487793,29.15511131286621,18.49681854248047,7.008833885192871,-8.336889266967773,68.22062683105469,0
1745923235.6288087,7.014212131500244,13.33542537689209,29.21763801574707,18.5926456451416,6.961477279663086,-8.460596084594727,68.15991973876953,0
1745923235.6388764,6.961556434631348,13.192633628845215,29.29251480102539,18.700664520263672,6.912108898162842,-8.578742980957031,68.14736938476562,0
1745923235.6502206,6.919826507568359,13.07463264465332,29.416357040405273,18.83429718017578,6.8668975830078125,-8.694836616516113,68.2451171875,0
1745923235.6621635,6.884697437286377,12.969643592834473,29.584455490112305,18.969701766967773,6.835285186767578,-8.81025218963623,68.40850067138672,0
1745923235.673637,6.840729236602783,12.868600845336914,29.746200561523438,19.08053207397461,6.820046424865723,-8.921807289123535,68.53605651855469,0
1745923235.6842208,6.783540725708008,12.749082565307617,29.847766876220703,19.143585205078125,6.811517238616943,-9.027983665466309,68.52397155761719,0
1745923235.6967587,6.709868431091309,12.60378646850586,29.862295150756836,19.129236221313477,6.815812587738037,-9.124277114868164,68.30518341064453,0
1745923235.7067645,6.616089820861816,12.438650131225586,29.751750946044922,19.029190063476562,6.829199314117432,-9.202387809753418,67.83567810058594,0
1745923235.719167,6.526787757873535,12.276776313781738,29.522058486938477,18.896135330200195,6.8210883140563965,-9.251577377319336,67.22175598144531,0
1745923235.730286,6.468081474304199,12.14741325378418,29.28713035583496,18.80874252319336,6.7816948890686035,-9.280097007751465,66.71136474609375,0
1745923235.7409043,6.436253070831299,12.079734802246094,29.169435501098633,18.77787208557129,6.755326271057129,-9.299234390258789,66.46329498291016,0
1745923235.752905,6.405771255493164,12.048229217529297,29.152616500854492,18.759672164916992,6.765350818634033,-9.321359634399414,66.36628723144531,0
1745923235.7632623,6.364060401916504,12.006935119628906,29.161500930786133,18.72893714904785,6.792974472045898,-9.35549259185791,66.26142883300781,0
1745923235.7740798,6.304652214050293,11.945762634277344,29.142446517944336,18.677017211914062,6.825850963592529,-9.398383140563965,66.06987762451172,0
1745923235.7862337,6.23822546005249,11.858736991882324,28.988317489624023,18.619800567626953,6.813670635223389,-9.432060241699219,65.705078125,0
1745923235.7983894,6.180884838104248,11.66641902923584,28.90114974975586,18.56167984008789,6.7845540046691895,-9.52265739440918,65.31013488769531,0
1745923235.809693,6.1336541175842285,11.586506843566895,28.815898895263672,18.49930191040039,6.789299964904785,-9.556275367736816,65.03536224365234,0
1745923235.8200438,6.089572429656982,11.519586563110352,28.708223342895508,18.419437408447266,6.798702716827393,-9.575517654418945,64.73681640625,0
1745923235.838885,6.054101943969727,11.465167045593262,28.555696487426758,18.308319091796875,6.80978536605835,-9.571423530578613,64.38328552246094,0
1745923235.844478,6.0271100997924805,11.422204971313477,28.369253158569336,18.172876358032227,6.822181701660156,-9.547356605529785,63.99143981933594,0
1745923235.8545585,6.000516891479492,11.374101638793945,28.15498161315918,18.026763916015625,6.829378128051758,-9.518318176269531,63.556365966796875,0
1745923235.8714561,5.986917018890381,11.326149940490723,27.957901000976562,17.905071258544922,6.821854114532471,-9.490118026733398,63.1760368347168,0
1745923235.8790982,5.978305339813232,11.273797988891602,27.795764923095703,17.81939125061035,6.801828861236572,-9.474313735961914,62.86725616455078,0
1745923235.892412,5.9681196212768555,11.224575996398926,27.67763900756836,17.767818450927734,6.779505729675293,-9.471990585327148,62.638153076171875,0
1745923235.9066713,5.953381061553955,11.172602653503418,27.5725154876709,17.720096588134766,6.760900497436523,-9.47632884979248,62.41859817504883,0
1745923235.9130068,5.9267497062683105,11.111905097961426,27.406558990478516,17.622207641601562,6.753077983856201,-9.470223426818848,62.067420959472656,0
1745923235.924935,5.897899150848389,11.057029724121094,27.164424896240234,17.467756271362305,6.754048824310303,-9.437400817871094,61.58711242675781,0
1745923235.942008,5.862485885620117,11.00251579284668,26.866355895996094,17.27473258972168,6.761396408081055,-9.389191627502441,61.00608825683594,0
1745923235.9492528,5.818214416503906,10.946635246276855,26.530942916870117,17.057384490966797,6.774380683898926,-9.33327865600586,60.35317611694336,0
1745923235.9595454,5.775042533874512,10.8944730758667,26.19465446472168,16.84333038330078,6.786100387573242,-9.274176597595215,59.70750045776367,0
1745923235.970391,5.729197025299072,10.847811698913574,25.881778717041016,16.634899139404297,6.80671501159668,-9.21812629699707,59.093685150146484,0
1745923235.9824805,5.671514511108398,10.79627513885498,25.563369750976562,16.409578323364258,6.841109752655029,-9.164982795715332,58.44073486328125,0
1745923235.9946535,5.60563850402832,10.734742164611816,25.226913452148438,16.175668716430664,6.876157283782959,-9.114636421203613,57.74296569824219,0
1745923236.0079799,5.52735710144043,10.658547401428223,24.519935607910156,15.938945770263672,6.77804708480835,-8.998754501342773,56.6447868347168,0
1745923236.0172348,5.440160274505615,10.444377899169922,24.15526008605957,15.698257446289062,6.762241840362549,-9.030608177185059,55.73805618286133,0
1745923236.0293772,5.3436126708984375,10.314465522766113,23.811634063720703,15.465676307678223,6.787440776824951,-9.02885913848877,54.935386657714844,0
1745923236.0512047,5.240634441375732,10.177003860473633,23.479740142822266,15.245343208312988,6.811285972595215,-9.04011344909668,54.14271926879883,0
1745923236.0533578,5.140995025634766,10.040452003479004,23.163549423217773,15.039031028747559,6.831093788146973,-9.055962562561035,53.384029388427734,0
1745923236.0835977,5.04264497756958,9.896293640136719,22.837783813476562,14.839727401733398,6.839073181152344,-9.075300216674805,52.61644744873047,0
1745923236.0848665,4.946685314178467,9.75251579284668,22.503023147583008,14.637728691101074,6.843977928161621,-9.090913772583008,51.8399543762207,0
1745923236.098015,4.857914447784424,9.621274948120117,22.18085289001465,14.441468238830566,6.850616455078125,-9.099649429321289,51.10150909423828,0
1745923236.1047473,4.783066272735596,9.495421409606934,21.875408172607422,14.253355026245117,6.85146427154541,-9.102971076965332,50.407249450683594,0
1745923236.11036,4.721817970275879,9.384894371032715,21.595741271972656,14.081475257873535,6.848909378051758,-9.098931312561035,49.78392791748047,0
1745923236.1225932,4.687106609344482,9.304848670959473,21.382421493530273,13.944299697875977,6.8445515632629395,-9.084390640258789,49.31867218017578,0
1745923236.139598,4.682497024536133,9.264104843139648,21.271522521972656,13.866168975830078,6.837928771972656,-9.066298484802246,49.084293365478516,0
1745923236.1460736,4.698221683502197,9.25149154663086,21.23380470275879,13.841750144958496,6.822381019592285,-9.04926586151123,49.0252685546875,0
1745923236.1566117,4.741526126861572,9.277060508728027,21.245893478393555,13.848336219787598,6.8032450675964355,-9.011670112609863,49.112815856933594,0
1745923236.1709266,4.787447929382324,9.333016395568848,21.277538299560547,13.866323471069336,6.795787811279297,-8.96168327331543,49.26432800292969,0
1745923236.1797361,4.819219589233398,9.383509635925293,21.25827980041504,13.821316719055176,6.818571090698242,-8.895973205566406,49.282325744628906,0
1745923236.1961396,4.838737964630127,9.41203784942627,21.17707061767578,13.750697135925293,6.832060813903809,-8.829395294189453,49.17854690551758,0
1745923236.2035801,4.839629173278809,9.42514419555664,21.0528564453125,13.637324333190918,6.86405086517334,-8.761799812316895,48.9549560546875,0
1745923236.2148354,4.7943902015686035,9.39783000946045,20.845291137695312,13.436519622802734,6.938600540161133,-8.703245162963867,48.47403335571289,0
1745923236.227985,4.688225746154785,9.304393768310547,19.905302047729492,13.106337547302246,6.7998881340026855,-8.497090339660645,47.0042610168457,0
1745923236.2411902,4.5190110206604,8.866399765014648,19.097482681274414,12.641926765441895,6.703238487243652,-8.541507720947266,45.124820709228516,0
1745923236.250036,4.302375793457031,8.541457176208496,18.19575309753418,12.107550621032715,6.701809883117676,-8.497639656066895,43.14713668823242,0
1745923236.2617607,4.085683822631836,8.212037086486816,17.388883590698242,11.620589256286621,6.707067966461182,-8.496020317077637,41.307193756103516,0
1745923236.2731676,3.8968558311462402,7.918903350830078,16.77520179748535,11.25229549407959,6.707752704620361,-8.544644355773926,39.843257904052734,0
1745923236.2851412,3.7460780143737793,7.6822381019592285,16.348690032958984,11.003421783447266,6.70131778717041,-8.622899055480957,38.780426025390625,0
1745923236.2960474,3.6301259994506836,7.496236801147461,16.05607795715332,10.834373474121094,6.693323135375977,-8.707880020141602,38.016815185546875,0
1745923236.3082962,3.5418860912323,7.345136642456055,15.837969779968262,10.712064743041992,6.678311347961426,-8.786032676696777,37.43705749511719,0
1745923236.319438,3.4806571006774902,7.227818489074707,15.677209854125977,10.622283935546875,6.659605026245117,-8.847051620483398,37.00796890258789,0
1745923236.3324132,3.4336729049682617,7.1408305168151855,15.555769920349121,10.551124572753906,6.649977684020996,-8.892252922058105,36.681396484375,0
1745923236.3444607,3.400402784347534,7.069851875305176,15.446883201599121,10.48944091796875,6.634871006011963,-8.921120643615723,36.406578063964844,0
1745923236.3569424,3.3697314262390137,7.0082621574401855,15.339617729187012,10.427948951721191,6.6233744621276855,-8.941099166870117,36.14556121826172,0
1745923236.3733335,3.3433847427368164,6.960310935974121,15.243732452392578,10.369019508361816,6.619973182678223,-8.951056480407715,35.916446685791016,0
1745923236.37761,3.3172085285186768,6.917405128479004,15.1624116897583,10.312554359436035,6.625715732574463,-8.962508201599121,35.70957946777344,0
1745923236.3898554,3.292379379272461,6.88102388381958,15.084295272827148,10.25115966796875,6.640873432159424,-8.966863632202148,35.50885772705078,0
1745923236.407488,3.262864828109741,6.845724582672119,15.007818222045898,10.184853553771973,6.667270660400391,-8.973213195800781,35.30126190185547,0
1745923236.4123304,3.2304673194885254,6.802192687988281,14.925156593322754,10.116101264953613,6.690493583679199,-8.986180305480957,35.073917388916016,0
1745923236.4236016,3.196742057800293,6.760272979736328,14.844413757324219,10.050257682800293,6.714602470397949,-9.00073528289795,34.851688385009766,0
1745923236.4407036,3.158881664276123,6.712909698486328,14.741934776306152,9.972532272338867,6.738400459289551,-9.012139320373535,34.58625793457031,0
1745923236.4478586,3.121476411819458,6.6540703773498535,14.478939056396484,9.880439758300781,6.669726371765137,-8.97205638885498,34.134925842285156,0
1745923236.4586685,3.0894203186035156,6.594813823699951,14.351277351379395,9.790618896484375,6.676774501800537,-8.975631713867188,33.82612991333008,0
1745923236.469664,3.072007656097412,6.509286403656006,14.258874893188477,9.716205596923828,6.658602237701416,-9.0078125,33.556373596191406,0
1745923236.4831314,3.0699779987335205,6.488174915313721,14.207691192626953,9.668291091918945,6.664228439331055,-8.993037223815918,33.43413543701172,0
1745923236.4951925,3.0790257453918457,6.483110427856445,14.192437171936035,9.645316123962402,6.665703773498535,-8.975717544555664,33.3998908996582,0
1745923236.5066812,3.0902929306030273,6.487245559692383,14.192232131958008,9.642561912536621,6.659379959106445,-8.960833549499512,33.41233444213867,0
1745923236.5170062,3.097595453262329,6.482712268829346,14.18405532836914,9.644815444946289,6.641347885131836,-8.956215858459473,33.4091796875,0
1745923236.530308,3.1031723022460938,6.475618362426758,14.180459976196289,9.645355224609375,6.628170490264893,-8.956475257873535,33.404605865478516,0
1745923236.5410473,3.101578950881958,6.464047431945801,14.171594619750977,9.647530555725098,6.614485740661621,-8.965874671936035,33.38475036621094,0
1745923236.5516834,3.095205545425415,6.44955587387085,14.141570091247559,9.612923622131348,6.628493785858154,-8.961292266845703,33.29925537109375,0
1745923236.5625358,3.0794999599456787,6.421255588531494,14.08520793914795,9.569650650024414,6.6355204582214355,-8.96488094329834,33.155616760253906,0
1745923236.5815995,3.0524134635925293,6.379639625549316,14.006421089172363,9.51738452911377,6.640864372253418,-8.979491233825684,32.95585632324219,0
1745923236.587597,3.02083158493042,6.334362506866455,13.916924476623535,9.462575912475586,6.644345760345459,-8.9968900680542,32.73469543457031,0
1745923236.597583,2.987656354904175,6.286866188049316,13.832754135131836,9.414795875549316,6.644125938415527,-9.022598266601562,32.522071838378906,0
1745923236.611118,2.954063653945923,6.23187780380249,13.756109237670898,9.371830940246582,6.639208793640137,-9.060564041137695,32.313880920410156,0
1745923236.6212535,2.914344310760498,6.17131233215332,13.672404289245605,9.325553894042969,6.636000633239746,-9.106154441833496,32.083614349365234,0
1745923236.6377542,2.8728420734405518,6.106820583343506,13.580821990966797,9.275019645690918,6.631397247314453,-9.153294563293457,31.835506439208984,0
1745923236.6455832,2.841848134994507,6.045250415802002,13.486109733581543,9.22885799407959,6.610273838043213,-9.188806533813477,31.602066040039062,0
1745923236.6563659,2.8226144313812256,5.997469425201416,13.403448104858398,9.193731307983398,6.581349849700928,-9.208918571472168,31.41726303100586,0
1745923236.6706862,2.818251848220825,5.9698896408081055,13.325536727905273,9.175320625305176,6.534306049346924,-9.203460693359375,31.288997650146484,0
1745923236.679604,2.820603847503662,5.9566121101379395,13.312256813049316,9.166481018066406,6.523235321044922,-9.205667495727539,31.25595474243164,0
1745923236.6904783,2.817777633666992,5.948967933654785,13.302663803100586,9.159239768981934,6.5225114822387695,-9.20943832397461,31.228649139404297,0
1745923236.7063906,2.816582679748535,5.943144798278809,13.305868148803711,9.156832695007324,6.524691581726074,-9.216529846191406,31.222427368164062,0
1745923236.7145653,2.8209073543548584,5.935348987579346,13.324604988098145,9.164863586425781,6.518560409545898,-9.229981422424316,31.245723724365234,0
1745923236.7259083,2.8236007690429688,5.93593692779541,13.362043380737305,9.185739517211914,6.518665313720703,-9.248736381530762,31.307321548461914,0
1745923236.738372,2.829310178756714,5.945876121520996,13.424867630004883,9.217842102050781,6.526869773864746,-9.26917552947998,31.417896270751953,0
1745923236.7497425,2.842113733291626,5.9601593017578125,13.512539863586426,9.265314102172852,6.530296325683594,-9.293415069580078,31.58012580871582,0
1745923236.7607534,2.861764669418335,5.980227470397949,13.617178916931152,9.321354866027832,6.532303333282471,-9.314741134643555,31.78052520751953,0
1745923236.772012,2.8850576877593994,6.007086277008057,13.732696533203125,9.38922119140625,6.529446601867676,-9.334187507629395,32.014060974121094,0
1745923236.7836165,2.901597738265991,6.029335975646973,13.837708473205566,9.452291488647461,6.528934001922607,-9.358525276184082,32.22093200683594,0
1745923236.7961812,2.9139270782470703,6.043334484100342,13.924020767211914,9.50571346282959,6.525335311889648,-9.384071350097656,32.38699722290039,0
1745923236.8081586,2.9265220165252686,6.054753303527832,14.002416610717773,9.556246757507324,6.5176286697387695,-9.407673835754395,32.539939880371094,0
1745923236.8183546,2.935911178588867,6.067328929901123,14.071183204650879,9.601099967956543,6.513805389404297,-9.427542686462402,32.6755256652832,0
1745923236.829832,2.94254994392395,6.070098400115967,14.125495910644531,9.641059875488281,6.5021586418151855,-9.452091217041016,32.779205322265625,0
1745923236.8430245,2.937713146209717,6.064711570739746,14.157773971557617,9.665498733520508,6.499164581298828,-9.481529235839844,32.82569885253906,0
1745923236.8573048,2.9326107501983643,6.053539276123047,14.168540000915527,9.676977157592773,6.492201805114746,-9.504443168640137,32.8316650390625,0
1745923236.8706386,2.934905767440796,6.046938419342041,14.181503295898438,9.687838554382324,6.4825520515441895,-9.516778945922852,32.8511848449707,0
1745923236.8762872,2.940140962600708,6.051585674285889,14.205586433410645,9.70465087890625,6.478234767913818,-9.52188491821289,32.90196228027344,0
1745923236.8881645,2.9553346633911133,6.061942100524902,14.289532661437988,9.725064277648926,6.502511501312256,-9.534540176391602,33.0318717956543,0
1745923236.9040203,2.9740941524505615,6.07609224319458,14.361968994140625,9.755338668823242,6.507623672485352,-9.53974723815918,33.16749572753906,0
1745923236.9113016,2.99196195602417,6.099726676940918,14.439377784729004,9.798379898071289,6.5097198486328125,-9.543137550354004,33.329444885253906,0
1745923236.9226391,3.0105319023132324,6.157712459564209,14.509428977966309,9.843174934387207,6.5265703201293945,-9.51263427734375,33.52084732055664,0
1745923236.9348989,3.030296564102173,6.186885356903076,14.577115058898926,9.912349700927734,6.497173309326172,-9.514975547790527,33.70664596557617,0
1745923236.9477324,3.049283742904663,6.216911792755127,14.63899040222168,9.940563201904297,6.507450103759766,-9.50135612487793,33.84574890136719,0
1745923236.9584973,3.0633010864257812,6.241608142852783,14.67670726776123,9.952503204345703,6.520585060119629,-9.483386039733887,33.934120178222656,0
1745923236.9718225,3.063927173614502,6.247014045715332,14.676427841186523,9.940197944641113,6.535714626312256,-9.473694801330566,33.92756652832031,0
1745923236.9805746,3.0545759201049805,6.241741180419922,14.644279479980469,9.910886764526367,6.551429748535156,-9.465930938720703,33.85148620605469,0
1745923236.9926255,3.0453004837036133,6.232048511505127,14.596988677978516,9.87649154663086,6.559922695159912,-9.455137252807617,33.750831604003906,0
1745923237.0045247,3.046874761581421,6.238668441772461,14.569217681884766,9.854729652404785,6.56716775894165,-9.430769920349121,33.70949172973633,0
1745923237.0158465,3.0659568309783936,6.271843433380127,14.596187591552734,9.864358901977539,6.5759429931640625,-9.396248817443848,33.79834747314453,0
1745923237.0281174,3.089059829711914,6.324214458465576,14.662663459777832,9.882442474365234,6.608987331390381,-9.357584953308105,33.95838165283203,0
1745923237.0398133,3.105846643447876,6.369510650634766,14.710047721862793,9.882769584655762,6.649796009063721,-9.31856918334961,34.06817626953125,0
1745923237.050803,3.1061501502990723,6.388782024383545,14.704236030578613,9.855789184570312,6.685376167297363,-9.28989315032959,34.05495834350586,0
1745923237.0635257,3.1074399948120117,6.390413284301758,14.66869831085205,9.829424858093262,6.689701557159424,-9.265969276428223,33.995975494384766,0
1745923237.075316,3.1260287761688232,6.410026550292969,14.674788475036621,9.836203575134277,6.679943084716797,-9.236444473266602,34.04704666137695,0
1745923237.086244,3.1647047996520996,6.463193893432617,14.749552726745605,9.8779935836792,6.678101062774658,-9.195401191711426,34.25544738769531,0
1745923237.0972137,3.194807291030884,6.5229058265686035,14.84426498413086,9.918493270874023,6.702587604522705,-9.163040161132812,34.48046875,0
1745923237.108306,3.2027170658111572,6.5555877685546875,14.892114639282227,9.931723594665527,6.730969429016113,-9.148542404174805,34.5821418762207,0
1745923237.1210732,3.1952245235443115,6.557977676391602,14.852180480957031,9.915334701538086,6.731863498687744,-9.133662223815918,34.52071762084961,0
1745923237.13175,3.1942760944366455,6.5499162673950195,14.84219741821289,9.895846366882324,6.741318702697754,-9.13139533996582,34.482234954833984,0
1745923237.1448529,3.2093558311462402,6.583926200866699,14.891350746154785,9.911175727844238,6.761885643005371,-9.110761642456055,34.59580612182617,0
1745923237.15554,3.234393835067749,6.621596813201904,14.973565101623535,9.946244239807129,6.775017261505127,-9.096561431884766,34.77579879760742,0
1745923237.172853,3.2648186683654785,6.664142608642578,15.071555137634277,9.996296882629395,6.7802839279174805,-9.084162712097168,34.99681091308594,0
1745923237.178318,3.2898945808410645,6.696084976196289,15.168707847595215,10.052607536315918,6.777689456939697,-9.087379455566406,35.20729446411133,0
1745923237.194976,3.3214194774627686,6.737397193908691,15.299777030944824,10.127540588378906,6.776449203491211,-9.094779014587402,35.48613357543945,0
1745923237.2121742,3.3602852821350098,6.780075550079346,15.459493637084961,10.225892066955566,6.7631516456604,-9.112037658691406,35.82574462890625,0
1745923237.2249122,3.3895530700683594,6.810974597930908,15.602688789367676,10.322818756103516,6.744061470031738,-9.14090347290039,36.126033782958984,0
1745923237.228534,3.4101145267486572,6.834628105163574,15.716044425964355,10.406861305236816,6.7242045402526855,-9.168627738952637,36.36764907836914,0
1745923237.2393775,3.432269334793091,6.858660697937012,15.811725616455078,10.47357177734375,6.709475994110107,-9.183061599731445,36.57622528076172,0
1745923237.2490597,3.4876184463500977,6.914844512939453,15.965984344482422,10.556882858276367,6.700472354888916,-9.167920112609863,36.925331115722656,0
1745923237.2596917,3.5948262214660645,7.0311760902404785,16.254051208496094,10.703398704528809,6.695394039154053,-9.1253023147583,37.58345413208008,0
1745923237.272348,3.7465333938598633,7.217462062835693,16.69593048095703,10.939542770385742,6.693482398986816,-9.070099830627441,38.59946823120117,0
1745923237.2837677,3.9108731746673584,7.4336419105529785,17.226428985595703,11.243070602416992,6.685372829437256,-9.032615661621094,39.81401443481445,0
1745923237.2956228,4.077242851257324,7.6594953536987305,17.78607940673828,11.574792861938477,6.672386169433594,-9.005556106567383,41.09761047363281,0
1745923237.3058875,4.248828887939453,7.887454509735107,18.368619918823242,12.27355670928955,6.3710408210754395,-9.084566116333008,42.77846145629883,0
1745923237.3227684,4.4286088943481445,8.12432861328125,18.97041893005371,12.6544828414917,6.345406532287598,-9.065885543823242,44.17784118652344,0
1745923237.3321133,4.624720096588135,8.384552955627441,20.31939125061035,13.064566612243652,6.647745609283447,-9.222644805908203,46.39323425292969,0
1745923237.3432584,4.82523250579834,8.656972885131836,21.023651123046875,13.479696273803711,6.637820720672607,-9.199520111083984,47.98554992675781,0
1745923237.3534086,5.025839328765869,8.929962158203125,21.711929321289062,13.892051696777344,6.623758316040039,-9.17299747467041,49.559783935546875,0
1745923237.3756394,5.218745231628418,9.199822425842285,22.356550216674805,14.28563117980957,6.608911514282227,-9.140012741088867,51.06074523925781,0
1745923237.3803895,5.400422096252441,9.69039535522461,22.932682037353516,14.633376121520996,6.694279193878174,-8.963313102722168,52.65687561035156,0
1745923237.3891776,5.568460941314697,9.90613842010498,23.44664192199707,14.9465913772583,6.672931671142578,-8.934670448303223,53.86783218383789,0
1745923237.4052968,5.717152118682861,10.09083080291748,23.897069931030273,15.230264663696289,6.646608352661133,-8.914236068725586,54.93531799316406,0
1745923237.4120603,5.839534282684326,10.233243942260742,24.248687744140625,15.454872131347656,6.620204448699951,-8.897077560424805,55.776336669921875,0
1745923237.423706,5.941791534423828,10.35545539855957,24.531110763549805,15.638614654541016,6.598060131072998,-8.878145217895508,56.46697235107422,0
1745923237.433886,6.027204990386963,10.454374313354492,24.76154899597168,15.787017822265625,6.579812049865723,-8.862099647521973,57.03014373779297,0
1745923237.4467294,6.093991756439209,10.533263206481934,24.933408737182617,15.897579193115234,6.566556930541992,-8.846048355102539,57.4582405090332,0
1745923237.4573252,6.132061004638672,10.58066463470459,25.02955436706543,15.954930305480957,6.562715530395508,-8.834169387817383,57.697208404541016,0
1745923237.4745595,6.123202800750732,10.581138610839844,25.01413345336914,15.93530559539795,6.574233055114746,-8.8311128616333,57.65378189086914,0
1745923237.4813864,6.046420097351074,10.506783485412598,24.8203125,15.795876502990723,6.604484558105469,-8.839042663574219,57.16939163208008,0
1745923237.492624,5.910001277923584,10.349764823913574,24.415536880493164,15.527475357055664,6.639869213104248,-8.849174499511719,56.20277404785156,0
1745923237.503746,5.715027809143066,10.118372917175293,23.825490951538086,15.151883125305176,6.6803412437438965,-8.867298126220703,54.81077194213867,0
1745923237.514769,5.472842693328857,9.826794624328613,23.08194923400879,14.692325592041016,6.723079681396484,-8.892644882202148,53.073909759521484,0
1745923237.5280585,5.186802864074707,9.487929344177246,22.228534698486328,14.154829978942871,6.786294937133789,-8.928677558898926,51.05809783935547,0
1745923237.5384545,4.829386234283447,9.075922012329102,21.23417854309082,13.53215503692627,6.873810768127441,-9.000755310058594,48.6716423034668,0
1745923237.550087,4.4137187004089355,8.55822467803955,18.884069442749023,12.846294403076172,6.377833366394043,-8.812226295471191,44.702308654785156,0
1745923237.5648053,3.9707367420196533,7.964142322540283,17.654245376586914,12.129544258117676,6.388194561004639,-8.984638214111328,41.71866989135742,0
1745923237.5738218,3.5303914546966553,7.34494686126709,16.45744514465332,11.418281555175781,6.3973493576049805,-9.212861061096191,38.75106430053711,0
1745923237.5854633,3.101578950881958,6.7286152839660645,15.294449806213379,10.730899810791016,6.396121978759766,-9.485233306884766,35.85554504394531,0
1745923237.601288,2.67830491065979,5.4954400062561035,14.127618789672852,10.05305004119873,5.964184284210205,-10.389474868774414,32.35441589355469,0
1745923237.6088033,2.238661527633667,4.843580722808838,12.896994590759277,9.361681938171387,5.859615325927734,-10.862138748168945,29.340919494628906,0
1745923237.6195624,1.795945405960083,4.181118965148926,11.596970558166504,8.6239013671875,5.726817607879639,-11.417691230773926,26.19793701171875,0
1745923237.6387136,1.3762943744659424,3.5343244075775146,10.230321884155273,7.832968235015869,5.551982402801514,-12.022598266601562,22.973909378051758,0
1745923237.6424768,1.000156283378601,2.9287099838256836,8.758734703063965,6.978175163269043,5.281010627746582,-12.609160423278809,19.665775299072266,0
1745923237.654017,0.6794052124023438,2.368941307067871,7.169917583465576,5.999782562255859,4.937140464782715,-13.105674743652344,16.218046188354492,0
1745923237.6717186,0.4083695113658905,1.8556824922561646,5.569794654846191,4.91722297668457,4.611124038696289,-13.542571067810059,12.751070022583008,0
1745923237.6775627,0.17927239835262299,1.3710657358169556,3.9728939533233643,3.8010380268096924,4.094924449920654,-14.01669692993164,9.324270248413086,0
1745923237.688998,0.01742716133594513,0.8859935998916626,2.3857905864715576,1.5232003927230835,10.072369575500488,-13.115455627441406,4.812411785125732,0
1745923237.7042158,0.12617146968841553,0.46952924132347107,1.0545122623443604,0.6530389785766602,9.054706573486328,-10.137345314025879,2.3032519817352295,0
1745923237.7124107,0.15306828916072845,0.2022302746772766,0.21854959428310394,0.17942263185977936,0.0,0.0,0.7532708048820496,0
1745923237.7241912,0.14705538749694824,0.1027044802904129,0.11291493475437164,0.061273738741874695,0.0,0.0,0.4239485263824463,0
1745923237.7401197,0.1361866444349289,0.0871695801615715,0.15847362577915192,0.05233794450759888,0.0,0.0,0.4341678023338318,0
1745923237.747995,0.1268543154001236,0.08515895903110504,0.1495705097913742,0.05093209445476532,0.0,0.0,0.41251587867736816,0
1745923237.7586236,0.12304173409938812,0.08233270794153214,0.1415986716747284,0.04604052007198334,0.0,0.0,0.3930136561393738,0
1745923237.7722795,0.11814795434474945,0.08079628646373749,0.13414834439754486,0.0442495122551918,0.0,0.0,0.3773420751094818,0
1745923237.7836015,0.11412671208381653,0.08032207936048508,0.1221160739660263,0.04292069375514984,0.0,0.0,0.35948556661605835,0
1745923237.794229,0.11154704540967941,0.07882360368967056,0.11611857265233994,0.04153411090373993,0.0,0.0,0.34802335500717163,0
1745923237.806272,0.10921396315097809,0.07550417631864548,0.1132129430770874,0.040070489048957825,0.0,0.0,0.338001549243927,0
1745923237.8172944,0.10921396315097809,0.07411950081586838,0.10991618037223816,0.037817277014255524,0.0,0.0,0.33106690645217896,0
1745923237.8385653,0.1089673787355423,0.07459370791912079,0.10781146585941315,0.0350826159119606,0.0,0.0,0.32645514607429504,0
1745923237.8398588,0.10900531709194183,0.07064833492040634,0.105445995926857,0.035313718020915985,0.0,0.0,0.32041335105895996,0
1745923237.8511493,0.10703263431787491,0.06611494719982147,0.10250312089920044,0.033349379897117615,0.0,0.0,0.30900007486343384,0
1745923237.8634706,0.10238543897867203,0.06381980329751968,0.09903872013092041,0.032444246113300323,0.0,0.0,0.29768818616867065,0
1745923237.8755858,0.10033687949180603,0.06340250372886658,0.09615172445774078,0.03327234834432602,0.0,0.0,0.2931634485721588,0
1745923237.886539,0.0992746651172638,0.06526138633489609,0.0946616604924202,0.03146208077669144,0.0,0.0,0.2906597852706909,0
1745923237.8982854,0.0986676812171936,0.06509067118167877,0.09419601410627365,0.029189618304371834,0.0,0.0,0.2871439754962921,0
1745923237.9121902,0.099028080701828,0.06425607204437256,0.0910855084657669,0.029189618304371834,0.0,0.0,0.28355929255485535,0
1745923237.9209917,0.09701745212078094,0.06372496485710144,0.08832889050245285,0.029632555320858955,0.0,0.0,0.27870386838912964,0
1745923237.938348,0.09570865333080292,0.062416162341833115,0.08518113195896149,0.029805878177285194,0.0,0.0,0.27311182022094727,0
1745923237.9455721,0.0945136621594429,0.06270068883895874,0.08337443321943283,0.029517004266381264,0.0,0.0,0.27010577917099,0
1745923237.9568584,0.09447572380304337,0.06040554121136665,0.08125109225511551,0.027841543778777122,0.0,0.0,0.2639738917350769,0
1745923237.9740016,0.09274962544441223,0.06034863367676735,0.0808599516749382,0.026917150244116783,0.0,0.0,0.2608753740787506,0
1745923237.9855,0.09394461661577225,0.061031486839056015,0.08037567883729935,0.0274371225386858,0.0,0.0,0.26278889179229736,0
1745923237.992153,0.09163050353527069,0.06099354848265648,0.0787738636136055,0.02710973285138607,0.0,0.0,0.2585076689720154,0
1745923238.0054119,0.09142185747623444,0.06161950156092644,0.07013149559497833,0.026223860681056976,0.0,0.0,0.24939671158790588,0
1745923238.015125,0.09491199254989624,0.06273861974477768,0.02523253858089447,0.025492049753665924,0.0,0.0,0.2083752155303955,0
1745923238.0257738,0.09929363429546356,0.08876290172338486,0.33531469106674194,0.04224666208028793,0.0,0.0,0.5656178593635559,0
1745923238.038538,0.10807587951421738,0.17049658298492432,1.1260167360305786,0.08382505923509598,20.779932022094727,-13.139256477355957,1.4884142875671387,0
1745923238.0486362,0.07968058437108994,0.8932773470878601,2.7651419639587402,0.20166583359241486,24.000930786132812,-10.627750396728516,3.939765691757202,0
1745923238.0609083,0.025962822139263153,1.5364298820495605,4.8798394203186035,0.47565191984176636,23.939449310302734,-11.514369010925293,6.91788387298584,0
1745923238.073937,0.020006828010082245,2.0153563022613525,6.581584930419922,0.998973548412323,22.065786361694336,-12.110030174255371,9.615921974182129,0
1745923238.0850396,0.05792413279414177,2.262150764465332,7.545990943908691,1.0532045364379883,22.301523208618164,-12.076038360595703,10.919270515441895,0
1745923238.0962083,0.08774203807115555,2.412264585494995,8.08094310760498,1.0716538429260254,22.428184509277344,-11.989115715026855,11.652603149414062,0
1745923238.107429,0.09273065626621246,2.5370938777923584,8.468098640441895,1.0973635911941528,22.5351619720459,-11.943005561828613,12.195286750793457,0
1745923238.1235003,0.08442261815071106,2.6379663944244385,8.753408432006836,1.1180275678634644,22.653156280517578,-11.920919418334961,12.593825340270996,0
1745923238.1301064,0.09608801454305649,2.6517372131347656,8.760616302490234,1.091528296470642,22.72169303894043,-11.840560913085938,12.599969863891602,0
1745923238.1414933,0.12344006448984146,2.564957857131958,8.40009593963623,1.0346397161483765,22.65052032470703,-11.686177253723145,12.123132705688477,0
1745923238.1541967,0.1475106179714203,2.4439034461975098,7.873469352722168,0.9788680672645569,22.48806381225586,-11.48918628692627,11.44375228881836,0
1745923238.175084,0.16492336988449097,2.3140475749969482,7.338741779327393,0.9307034015655518,22.291706085205078,-11.313291549682617,10.74841594696045,0
1745923238.1774993,0.18425190448760986,2.190868377685547,6.842327117919922,0.8860244154930115,22.067834854125977,-11.126656532287598,10.103471755981445,0
1745923238.189648,0.19472230970859528,2.0953450202941895,6.45800256729126,0.8502427339553833,21.90329933166504,-10.979194641113281,9.598312377929688,0
1745923238.2051172,0.19238921999931335,2.0596089363098145,6.294598579406738,0.837070107460022,21.85637664794922,-10.920365333557129,9.3836669921875,0
1745923238.2118444,0.1776130497455597,2.0998592376708984,6.41330099105835,0.8491642475128174,21.972759246826172,-10.973326683044434,9.539937019348145,0
1745923238.2239814,0.16042792797088623,2.194225788116455,7.237138271331787,0.8724281191825867,22.472599029541016,-11.549180030822754,10.46422004699707,0
1745923238.2377713,0.14512063562870026,2.313952684402466,7.769816875457764,0.8987733125686646,22.746601104736328,-11.71852970123291,11.127663612365723,0
1745923238.247285,0.13652807474136353,2.446331262588501,8.330770492553711,0.9253688454627991,22.977088928222656,-11.837056159973145,11.838998794555664,0
1745923238.2607055,0.12808725237846375,2.586259126663208,8.930986404418945,0.9531776905059814,23.193809509277344,-11.951108932495117,12.598509788513184,0
1745923238.2740512,0.12042413651943207,2.914332151412964,9.553571701049805,0.9771733283996582,23.468990325927734,-11.604125022888184,13.565500259399414,0
1745923238.281371,0.10915706306695938,3.0916082859039307,10.153825759887695,0.9995128512382507,23.674718856811523,-11.634583473205566,14.354104042053223,0
1745923238.2924883,0.09988164156675339,3.2274959087371826,10.618855476379395,1.0228729248046875,23.799732208251953,-11.664114952087402,14.96910572052002,0
1745923238.3096588,0.102157823741436,3.293144702911377,10.85219955444336,1.031153917312622,23.846134185791016,-11.66654109954834,15.278656005859375,0
1745923238.3159788,0.11634598672389984,3.2899770736694336,10.838900566101074,1.023489236831665,23.81950569152832,-11.630147933959961,15.268712997436523,0
1745923238.3277707,0.13296206295490265,3.2535011768341064,10.665997505187988,1.001303791999817,23.78053092956543,-11.551769256591797,15.053764343261719,0
1745923238.3402529,0.1466001570224762,3.2103867530822754,10.451502799987793,0.9738224148750305,23.755491256713867,-11.462016105651855,14.782312393188477,0
1745923238.3510761,0.1548512876033783,3.1820483207702637,10.286459922790527,0.9487482905387878,23.7589111328125,-11.382325172424316,14.572108268737793,0
1745923238.3728368,0.15278376638889313,3.1753904819488525,10.218047142028809,0.9297019243240356,23.812410354614258,-11.34373664855957,14.475923538208008,0
1745923238.373983,0.15065933763980865,3.189199209213257,10.243247985839844,0.9159323573112488,23.880475997924805,-11.325285911560059,14.499039649963379,0
1745923238.3853436,0.14512063562870026,3.2170255184173584,10.35263729095459,0.9105592966079712,23.95783233642578,-11.344832420349121,14.625343322753906,0
1745923238.397859,0.1428634226322174,3.248910903930664,10.510937690734863,0.9169530272483826,23.99520492553711,-11.387467384338379,14.81966495513916,0
1745923238.4111228,0.14933155477046967,3.268106698989868,10.646794319152832,0.9230000972747803,23.99321746826172,-11.423020362854004,14.98723316192627,0
1745923238.4209363,0.15373216569423676,3.2722418308258057,10.731559753417969,0.929047167301178,23.980823516845703,-11.462325096130371,15.086581230163574,0
1745923238.439048,0.15881562232971191,3.27514386177063,10.796769142150879,0.9367504119873047,23.95505142211914,-11.491084098815918,15.167478561401367,0
1745923238.443204,0.15708953142166138,3.288857936859131,11.012530326843262,0.9427012205123901,24.001066207885742,-11.602680206298828,15.401179313659668,0
1745923238.4561915,0.14855386316776276,3.3212175369262695,11.187724113464355,0.9577418565750122,24.03255844116211,-11.667423248291016,15.61523723602295,0
1745923238.4737494,0.14861077070236206,3.3610315322875977,11.347105026245117,0.9692004919052124,24.044631958007812,-11.685867309570312,15.825947761535645,0
1745923238.4792056,0.14921775460243225,3.397279739379883,11.46662712097168,0.9776355624198914,24.053733825683594,-11.685064315795898,15.99075984954834,0
1745923238.4914947,0.14923672378063202,3.4239299297332764,11.533679962158203,0.979638397693634,24.070180892944336,-11.67086410522461,16.086484909057617,0
1745923238.5054924,0.15204399824142456,3.44942307472229,11.566926956176758,0.9788680672645569,24.077905654907227,-11.632368087768555,16.147262573242188,0
1745923238.514884,0.15488922595977783,3.4665513038635254,11.611032485961914,0.9790606498718262,24.08296012878418,-11.617759704589844,16.21153450012207,0
1745923238.5248566,0.1489522010087967,3.5029890537261963,11.725469589233398,0.9858395457267761,24.116397857666016,-11.626462936401367,16.363250732421875,0
1745923238.539225,0.13956297934055328,3.563724994659424,11.934916496276855,0.9980491995811462,24.170637130737305,-11.650652885437012,16.636253356933594,0
1745923238.5495303,0.12766994535923004,3.6414945125579834,12.222312927246094,1.0143030881881714,24.239482879638672,-11.691110610961914,17.005781173706055,0
1745923238.5609207,0.11338695883750916,3.7383077144622803,12.588886260986328,1.0349478721618652,24.3201847076416,-11.742989540100098,17.475528717041016,0
1745923238.5744362,0.10024204105138779,3.8417599201202393,13.003087043762207,1.0618515014648438,24.385990142822266,-11.805540084838867,18.006940841674805,0
1745923238.5867264,0.08669879287481308,3.9398820400238037,13.403467178344727,1.0891402959823608,24.444393157958984,-11.868045806884766,18.519187927246094,0
1745923238.5970328,0.07643703371286392,4.02154016494751,13.743033409118652,1.112943410873413,24.48594093322754,-11.919305801391602,18.953954696655273,0
1745923238.606303,0.07306069880723953,4.080549716949463,13.995841026306152,1.1333955526351929,24.49628448486328,-11.95301342010498,19.282848358154297,0
1745923238.6182535,0.07495751231908798,4.118011951446533,14.158835411071777,1.1434868574142456,24.50003433227539,-11.966809272766113,19.495290756225586,0
1745923238.6288218,0.07510925829410553,4.142063617706299,14.258893966674805,1.149341344833374,24.5060977935791,-11.97490119934082,19.625408172607422,0
1745923238.6416154,0.0727761834859848,4.1718244552612305,14.362508773803711,1.1625717878341675,24.500728607177734,-11.982494354248047,19.76968002319336,0
1745923238.6521888,0.06721851229667664,4.206896781921387,14.496316909790039,1.1750702857971191,24.512088775634766,-11.999834060668945,19.94550132751465,0
1745923238.6651707,0.0658528059720993,4.242215156555176,14.747820854187012,1.1841987371444702,24.54137420654297,-12.060371398925781,20.240087509155273,0
1745923238.677496,0.0679013729095459,4.269965648651123,14.819157600402832,1.191131591796875,24.535024642944336,-12.046341896057129,20.348155975341797,0
1745923238.6952767,0.06930501013994217,4.288212776184082,14.864697456359863,1.1951565742492676,24.531883239746094,-12.036273956298828,20.41737174987793,0
1745923238.7135425,0.0661562979221344,4.305531024932861,14.920257568359375,1.1986615657806396,24.543304443359375,-12.039267539978027,20.4906063079834,0
1745923238.7135425,0.06479059159755707,4.322886943817139,14.997387886047363,1.2032065391540527,24.55105209350586,-12.049152374267578,20.588272094726562,0
1745923238.7229173,0.06566312909126282,4.355967044830322,15.077179908752441,1.2098698616027832,24.550729751586914,-12.032337188720703,20.70867919921875,0
1745923238.7387588,0.06797724217176437,4.3635735511779785,15.131083488464355,1.218747854232788,24.532636642456055,-12.043658256530762,20.781381607055664,0
1745923238.745453,0.0717519000172615,4.358470916748047,15.136335372924805,1.2255460023880005,24.50594711303711,-12.050959587097168,20.792104721069336,0
1745923238.760293,0.07603869587182999,4.333319187164307,15.061236381530762,1.2241593599319458,24.481664657592773,-12.051210403442383,20.694753646850586,0
1745923238.7709446,0.08559864014387131,4.2985124588012695,14.935233116149902,1.2201151847839355,24.440025329589844,-12.035174369812012,20.539459228515625,0
1745923238.7811592,0.09576556086540222,4.263421535491943,14.805597305297852,1.2172071933746338,24.392578125,-12.017273902893066,20.381990432739258,0
1745923238.7920249,0.1048702597618103,4.227287292480469,14.675217628479004,1.2132207155227661,24.349607467651367,-12.001717567443848,20.220596313476562,0
1745923238.8102212,0.11046586185693741,4.192367076873779,14.551280975341797,1.209272861480713,24.316408157348633,-11.992596626281738,20.063386917114258,0
1745923238.8165023,0.117332324385643,4.153102874755859,14.416467666625977,1.206538200378418,24.2733097076416,-11.984049797058105,19.89344024658203,0
1745923238.8265758,0.13079969584941864,4.100124835968018,14.234922409057617,1.2051900625228882,24.196670532226562,-11.966472625732422,19.671037673950195,0
1745923238.8384058,0.14519651234149933,4.034400463104248,13.982505798339844,1.1820610761642456,24.157686233520508,-11.925270080566406,19.344161987304688,0
1745923238.8516014,0.16179361939430237,3.959779739379883,13.67961311340332,1.170987606048584,24.066043853759766,-11.875792503356934,18.9721736907959,0
1745923238.861298,0.1786373257637024,3.886221408843994,13.376030921936035,1.1638619899749756,23.95909881591797,-11.823631286621094,18.604751586914062,0
1745923238.8736453,0.19174431264400482,3.8195104598999023,13.11091136932373,1.1574491262435913,23.866716384887695,-11.783574104309082,18.27961540222168,0
1745923238.8849306,0.20050758123397827,3.764730453491211,12.76417350769043,1.1525959968566895,23.76256561279297,-11.686726570129395,17.882007598876953,0
1745923238.9085517,0.208493173122406,3.727097511291504,12.629565238952637,1.1468956470489502,23.714683532714844,-11.667664527893066,17.712051391601562,0
1745923238.9106007,0.21270409226417542,3.6968812942504883,12.48465633392334,1.139693021774292,23.680707931518555,-11.635154724121094,17.533933639526367,0
1745923238.9195943,0.21737025678157806,3.661809206008911,12.342169761657715,1.1277530193328857,23.658166885375977,-11.608993530273438,17.349102020263672,0
1745923238.9317322,0.22340212762355804,3.6306827068328857,12.23687744140625,1.1206082105636597,23.62709617614746,-11.595190048217773,17.21156883239746,0
1745923238.9457488,0.2278217077255249,3.606555223464966,12.203667640686035,1.1181817054748535,23.606483459472656,-11.61309814453125,17.156225204467773,0
1745923238.9548934,0.2246919572353363,3.6123971939086914,12.265151977539062,1.1176424026489258,23.63465690612793,-11.641183853149414,17.21988296508789,0
1745923238.970213,0.21526479721069336,3.6496129035949707,12.414102554321289,1.126539707183838,23.682918548583984,-11.673943519592285,17.405519485473633,0
1745923238.9788465,0.2039787620306015,3.6971089839935303,12.635581016540527,1.1348977088928223,23.75718879699707,-11.728288650512695,17.671566009521484,0
1745923238.9898975,0.1891646385192871,3.759552001953125,12.928304672241211,1.1436216831207275,23.85830307006836,-11.796881675720215,18.02064323425293,0
1745923239.007937,0.17626631259918213,3.81685471534729,13.228422164916992,1.155619502067566,23.941396713256836,-11.873940467834473,18.377161026000977,0
1745923239.0129852,0.1667063683271408,3.856611967086792,13.44502067565918,1.1636309623718262,24.001556396484375,-11.930676460266113,18.631969451904297,0
1745923239.0237894,0.16627010703086853,3.8818206787109375,13.569068908691406,1.1656337976455688,24.02899169921875,-11.948107719421387,18.782794952392578,0
1745923239.040539,0.16915325820446014,3.8853487968444824,13.618874549865723,1.1662501096725464,24.03057098388672,-11.961122512817383,18.83962631225586,0
1745923239.0481067,0.17264339327812195,3.8732471466064453,13.599038124084473,1.1641701459884644,24.01993179321289,-11.965681076049805,18.809097290039062,0
1745923239.0619836,0.1721881628036499,3.859438180923462,13.539416313171387,1.1582001447677612,24.022171020507812,-11.959148406982422,18.7292423248291,0
1745923239.0746446,0.17383839190006256,3.845041513442993,13.47940444946289,1.1510361433029175,24.02168083190918,-11.949111938476562,18.64931869506836,0
1745923239.0864353,0.17359180748462677,3.8358230590820312,13.443456649780273,1.1472229957580566,24.023372650146484,-11.946529388427734,18.600093841552734,0
1745923239.094226,0.17142944037914276,3.8397114276885986,13.448354721069336,1.1481281518936157,24.028766632080078,-11.946296691894531,18.607624053955078,0
1745923239.107875,0.17215022444725037,3.8435051441192627,13.492274284362793,1.1445653438568115,24.046850204467773,-11.95790958404541,18.652496337890625,0
1745923239.1167414,0.1728520542383194,3.8442447185516357,13.51239013671875,1.1428898572921753,24.053979873657227,-11.9642972946167,18.67237663269043,0
1745923239.1305177,0.17330728471279144,3.848986864089966,13.524795532226562,1.1420233249664307,24.05875015258789,-11.960708618164062,18.689111709594727,0
1745923239.1404822,0.1738763302564621,3.847602128982544,13.529525756835938,1.1413300037384033,24.059797286987305,-11.964097023010254,18.69233512878418,0
1745923239.152461,0.17461608350276947,3.8463501930236816,13.51926326751709,1.1414648294448853,24.054935455322266,-11.960104942321777,18.68169403076172,0
1745923239.1650515,0.17474886775016785,3.8417410850524902,13.493280410766602,1.1398663520812988,24.052555084228516,-11.954645156860352,18.649635314941406,0
1745923239.1757426,0.17228300869464874,3.8366575241088867,13.472475051879883,1.1388263702392578,24.05686378479004,-11.957395553588867,18.620241165161133,0
1745923239.1863391,0.17093627154827118,3.832920789718628,13.455060005187988,1.138749361038208,24.056365966796875,-11.957897186279297,18.597667694091797,0
1745923239.1992433,0.17148634791374207,3.831005096435547,13.443679809570312,1.1372665166854858,24.0561580657959,-11.954061508178711,18.583436965942383,0
1745923239.2122724,0.16852732002735138,3.8361265659332275,13.462864875793457,1.142350673675537,24.05536460876465,-11.962029457092285,18.6098690032959,0
1745923239.2223547,0.16590970754623413,3.8438844680786133,13.510397911071777,1.1560624837875366,24.036121368408203,-11.98259449005127,18.676254272460938,0
1745923239.2386327,0.16342487931251526,3.8560049533843994,13.554652214050293,1.1606651544570923,24.042163848876953,-11.989148139953613,18.7347469329834,0
1745923239.2445736,0.16437329351902008,3.857541561126709,13.581901550292969,1.1658841371536255,24.0311336517334,-12.0003662109375,18.76970100402832,0
1745923239.2566416,0.16482852399349213,3.851433753967285,13.581007957458496,1.169100284576416,24.019474029541016,-12.011421203613281,18.76637077331543,0
1745923239.2729805,0.16277997195720673,3.8454208374023438,13.557036399841309,1.1728363037109375,24.008420944213867,-12.015915870666504,18.738073348999023,0
1745923239.2795937,0.1658717691898346,3.836031675338745,13.52017593383789,1.1756095886230469,23.98223114013672,-12.010656356811523,18.697689056396484,0
1745923239.2912867,0.1697792112827301,3.8209328651428223,13.473760604858398,1.1766879558563232,23.95507049560547,-12.008612632751465,18.64116096496582,0
1745923239.3315585,0.17241577804088593,3.807598352432251,13.431926727294922,1.178748607635498,23.92993927001953,-12.008370399475098,18.59069061279297,0
1745923239.3315585,0.17366768419742584,3.791001319885254,13.383648872375488,1.17888343334198,23.911802291870117,-12.012344360351562,18.52720069885254,0
1745923239.3315585,0.17734749615192413,3.7754664421081543,13.276885986328125,1.1785367727279663,23.875240325927734,-11.981308937072754,18.40823745727539,0
1745923239.3393974,0.1815204918384552,3.7617714405059814,13.220710754394531,1.1777857542037964,23.849851608276367,-11.970440864562988,18.34178924560547,0
1745923239.349927,0.1804393082857132,3.749631643295288,13.169899940490723,1.1743192672729492,23.84845542907715,-11.967473983764648,18.2742919921875,0
1745923239.3608575,0.1852572113275528,3.737549066543579,13.102642059326172,1.172643780708313,23.821407318115234,-11.94642162322998,18.198091506958008,0
1745923239.37307,0.1922943890094757,3.719586133956909,12.976433753967285,1.1704291105270386,23.774208068847656,-11.901971817016602,18.05874252319336,0
1745923239.3927872,0.20031790435314178,3.6860315799713135,12.798016548156738,1.1608192920684814,23.728614807128906,-11.853179931640625,17.845186233520508,0
1745923239.404756,0.20817071199417114,3.596938371658325,12.606785774230957,1.1503428220748901,23.66815948486328,-11.900101661682129,17.562238693237305,0
1745923239.4079082,0.2185462862253189,3.5600452423095703,12.427177429199219,1.1400011777877808,23.613994598388672,-11.850747108459473,17.34576988220215,0
1745923239.420367,0.22820106148719788,3.523948907852173,12.269062995910645,1.1339540481567383,23.553485870361328,-11.81382942199707,17.155166625976562,0
1745923239.4407656,0.23592109978199005,3.4919307231903076,12.125160217285156,1.1281766891479492,23.501522064208984,-11.77980899810791,16.981189727783203,0
1745923239.4428132,0.23628148436546326,3.4620747566223145,11.995674133300781,1.1201845407485962,23.482267379760742,-11.761927604675293,16.8142147064209,0
1745923239.4551826,0.2393922656774521,3.4312896728515625,11.875239372253418,1.115004062652588,23.447660446166992,-11.746694564819336,16.660924911499023,0
1745923239.4648373,0.2485349029302597,3.39847469329834,11.743182182312012,1.1097850799560547,23.389938354492188,-11.716689109802246,16.499977111816406,0
1745923239.4767323,0.2575637400150299,3.3644838333129883,11.594883918762207,1.1023129224777222,23.333541870117188,-11.678122520446777,16.319244384765625,0
1745923239.488956,0.26192641258239746,3.331308603286743,11.439153671264648,1.094128131866455,23.291046142578125,-11.641756057739258,16.126516342163086,0
1745923239.50821,0.26621320843696594,3.2978107929229736,11.290352821350098,1.082958459854126,23.25933265686035,-11.607650756835938,15.937335014343262,0
1745923239.512749,0.2741798460483551,3.26025390625,11.122496604919434,1.0728093385696411,23.20453453063965,-11.562702178955078,15.729740142822266,0
1745923239.524376,0.28061002492904663,3.2156219482421875,10.92470932006836,1.062583327293396,23.142009735107422,-11.516258239746094,15.483524322509766,0
1745923239.5390642,0.28650912642478943,3.170306921005249,10.72548770904541,1.0495647192001343,23.087923049926758,-11.468256950378418,15.231867790222168,0
1745923239.546656,0.28950607776641846,3.1336796283721924,10.420825958251953,1.0386453866958618,23.002471923828125,-11.339507102966309,14.882657051086426,0
1745923239.5585918,0.2918201982975006,3.1067068576812744,10.298604011535645,1.0281882286071777,22.980043411254883,-11.306617736816406,14.725318908691406,0
1745923239.5715585,0.2934514582157135,3.077685594558716,10.166099548339844,1.020793080329895,22.944528579711914,-11.274250030517578,14.558030128479004,0
1745923239.5825906,0.29709333181381226,3.046710729598999,10.015491485595703,1.0148422718048096,22.88884925842285,-11.229689598083496,14.374137878417969,0
1745923239.5942454,0.3020060956478119,3.0048668384552,9.834635734558105,1.004442811012268,22.828121185302734,-11.181737899780273,14.145951271057129,0
1745923239.6051579,0.30767756700515747,2.9545066356658936,9.642807960510254,0.9754979014396667,22.823104858398438,-11.129185676574707,13.88049030303955,0
1745923239.6164927,0.31456300616264343,2.9069533348083496,9.454985618591309,0.9641163349151611,22.750526428222656,-11.08082389831543,13.640618324279785,0
1745923239.6294777,0.32040518522262573,2.8211984634399414,9.275824546813965,0.9528310298919678,22.66717529296875,-11.131279945373535,13.370259284973145,0
1745923239.6404548,0.32281413674354553,2.7764906883239746,9.099400520324707,0.9420464634895325,22.609729766845703,-11.094112396240234,13.140751838684082,0
1745923239.6517863,0.3265698254108429,2.7296013832092285,8.9265718460083,0.9292975068092346,22.553258895874023,-11.058953285217285,12.912040710449219,0
1745923239.6649954,0.3338535726070404,2.6832242012023926,8.749943733215332,0.9164330363273621,22.479734420776367,-11.009247779846191,12.683454513549805,0
1745923239.6750028,0.34056830406188965,2.6337742805480957,8.564114570617676,0.906380295753479,22.3889102935791,-10.96191120147705,12.44483757019043,0
1745923239.689967,0.3429393172264099,2.5856711864471436,8.381674766540527,0.8920329809188843,22.332353591918945,-10.91981315612793,12.20231819152832,0
1745923239.6985824,0.34316694736480713,2.5420634746551514,8.210206031799316,0.8809210062026978,22.27631378173828,-10.881758689880371,11.976357460021973,0
1745923239.709645,0.3439825773239136,2.5016422271728516,8.05343246459961,0.8704445362091064,22.221683502197266,-10.845258712768555,11.769501686096191,0
1745923239.7238653,0.3443808853626251,2.4656786918640137,7.911540508270264,0.858350396156311,22.183658599853516,-10.808030128479004,11.579950332641602,0
1745923239.7377477,0.3475865125656128,2.4275717735290527,7.7778449058532715,0.8491642475128174,22.12234115600586,-10.777676582336426,11.402167320251465,0
1745923239.7462482,0.35272687673568726,2.381991386413574,7.63142728805542,0.8388996720314026,22.04454803466797,-10.749424934387207,11.205045700073242,0
1745923239.7556014,0.35634979605674744,2.3316309452056885,7.446976184844971,0.8247256278991699,21.96513557434082,-10.69904613494873,10.95968246459961,0
1745923239.7729685,0.3591381013393402,2.272336483001709,7.00999641418457,0.8080865740776062,21.744752883911133,-10.423291206359863,10.449557304382324,0
1745923239.7789128,0.36109182238578796,2.211012601852417,6.805057048797607,0.7952028512954712,21.63446807861328,-10.380208969116211,10.172364234924316,0
1745923239.7909884,0.3653027415275574,2.1531786918640137,6.627572059631348,0.7788718938827515,21.54415512084961,-10.342366218566895,9.924924850463867,0
1745923239.8039014,0.3669150471687317,2.1065170764923096,6.488884449005127,0.7642934918403625,21.487178802490234,-10.319594383239746,9.72661018371582,0
1745923239.813286,0.36386117339134216,2.0693774223327637,6.4008402824401855,0.7540673613548279,21.470687866210938,-10.34142017364502,9.588146209716797,0
1745923239.827289,0.3631593585014343,2.0460658073425293,6.355747222900391,0.7498113512992859,21.44952392578125,-10.36523723602295,9.51478385925293,0
1745923239.8406732,0.36122459173202515,2.0340399742126465,6.3364691734313965,0.7470574378967285,21.452354431152344,-10.38671588897705,9.478790283203125,0
1745923239.848462,0.35845524072647095,2.0150907039642334,6.318178653717041,0.7408177852630615,21.473731994628906,-10.431382179260254,9.43254280090332,0
1745923239.8598375,0.35845524072647095,2.0037097930908203,6.290538311004639,0.7362150549888611,21.47086524963379,-10.433189392089844,9.388917922973633,0
1745923239.8735762,0.35881564021110535,1.9918737411499023,6.25775671005249,0.7310923933982849,21.464895248413086,-10.428926467895508,9.33953857421875,0
1745923239.88466,0.3561980426311493,1.9821240901947021,6.231196403503418,0.7304953932762146,21.456478118896484,-10.439850807189941,9.30001449584961,0
1745923239.8950052,0.35388392210006714,1.9807015657424927,6.237138271331787,0.7295132279396057,21.477188110351562,-10.458111763000488,9.301237106323242,0
1745923239.9068055,0.3491039574146271,1.9951741695404053,6.295790672302246,0.7293784022331238,21.554046630859375,-10.491409301757812,9.369447708129883,0
1745923239.91839,0.34320488572120667,2.0219571590423584,6.4079365730285645,0.7360994815826416,21.643938064575195,-10.553608894348145,9.509198188781738,0
1745923239.9314675,0.339145690202713,2.049081563949585,6.544724464416504,0.7462485432624817,21.7203426361084,-10.637001991271973,9.679200172424316,0
1745923239.9438403,0.3356555700302124,2.0752956867218018,6.67005729675293,0.7542985081672668,21.794048309326172,-10.704444885253906,9.835307121276855,0
1745923239.9546974,0.3319757282733917,2.1037099361419678,6.783637523651123,0.755916178226471,21.892681121826172,-10.74472713470459,9.975239753723145,0
1745923239.9648204,0.33032551407814026,2.1344192028045654,6.909435749053955,0.763503909111023,21.957746505737305,-10.788664817810059,10.13768482208252,0
1745923239.9792013,0.32774585485458374,2.171255350112915,7.064607620239258,0.7712071537971497,22.045238494873047,-10.844226837158203,10.334815979003906,0
1745923239.988653,0.3191722631454468,2.2192447185516357,7.265579700469971,0.7940666079521179,22.117664337158203,-10.940284729003906,10.598063468933105,0
1745923240.0045025,0.3121161162853241,2.2726590633392334,7.7299580574035645,0.8073354959487915,22.363521575927734,-11.239174842834473,11.122069358825684,0
1745923240.0105338,0.308550089597702,2.323493719100952,7.933835506439209,0.8195644617080688,22.451295852661133,-11.290596961975098,11.385444641113281,0
1745923240.02479,0.3027079105377197,2.3702311515808105,8.131251335144043,0.8284424543380737,22.55459213256836,-11.349265098571777,11.632633209228516,0
1745923240.0377076,0.29504477977752686,2.415527105331421,8.348799705505371,0.8406521677970886,22.655553817749023,-11.433294296264648,11.9000244140625,0
1745923240.0454109,0.28355008363723755,2.469510316848755,8.59648609161377,0.8555194735527039,22.773653030395508,-11.526185035705566,12.205065727233887,0
1745923240.0629084,0.2782200574874878,2.536278247833252,8.85912799835205,0.8709837794303894,22.869876861572266,-11.576915740966797,12.544610023498535,0
1745923240.0724735,0.2724347710609436,2.599309206008911,9.121472358703613,0.8865443468093872,22.960865020751953,-11.635442733764648,12.8797607421875,0
1745923240.0810966,0.26477164030075073,2.7184860706329346,9.382233619689941,0.9042811393737793,23.066457748413086,-11.557723999023438,13.269773483276367,0
1745923240.091917,0.2563687562942505,2.780625581741333,9.645936965942383,0.9214786887168884,23.151609420776367,-11.624085426330566,13.604410171508789,0
1745923240.1060731,0.25007131695747375,2.8450982570648193,9.91457748413086,0.9368274807929993,23.23421859741211,-11.678921699523926,13.946574211120605,0
1745923240.1153157,0.24147875607013702,2.9079017639160156,10.173867225646973,0.9545257091522217,23.309053421020508,-11.735671043395996,14.2777738571167,0
1745923240.1283925,0.23370182514190674,2.9630610942840576,10.408011436462402,0.9701248407363892,23.374629974365234,-11.787995338439941,14.574899673461914,0
1745923240.1402051,0.22886495292186737,3.007693290710449,10.613006591796875,0.9802931547164917,23.434019088745117,-11.83366584777832,14.82985782623291,0
1745923240.1508288,0.22567829489707947,3.0497076511383057,10.788629531860352,0.9931383728981018,23.467021942138672,-11.863730430603027,15.057153701782227,0
1745923240.1612349,0.22376252710819244,3.0908114910125732,10.949333190917969,1.0061182975769043,23.489641189575195,-11.883309364318848,15.270025253295898,0
1745923240.1737037,0.22025342285633087,3.1317636966705322,11.119349479675293,1.0192524194717407,23.519071578979492,-11.911614418029785,15.490619659423828,0
1745923240.184871,0.21200227737426758,3.1812705993652344,11.311660766601562,1.0324442386627197,23.571752548217773,-11.944015502929688,15.737377166748047,0
1745923240.1980083,0.20358042418956757,3.237549066543579,11.518723487854004,1.0458478927612305,23.628557205200195,-11.970251083374023,16.005701065063477,0
1745923240.2088084,0.19881942868232727,3.2873594760894775,11.716399192810059,1.056921362876892,23.675052642822266,-11.994833946228027,16.259498596191406,0
1745923240.2247634,0.19688467681407928,3.3252007961273193,12.04153060913086,1.0680911540985107,23.74074935913086,-12.105690002441406,16.63170623779297,0
1745923240.2314146,0.19335660338401794,3.3619799613952637,12.185544967651367,1.0786831378936768,23.764801025390625,-12.121996879577637,16.819564819335938,0
1745923240.245865,0.18504856526851654,3.3977348804473877,12.321661949157715,1.0884084701538086,23.803316116333008,-12.144694328308105,16.992855072021484,0
1745923240.254646,0.1820705682039261,3.42901349067688,12.439061164855957,1.1011574268341064,23.8101863861084,-12.15719985961914,17.151302337646484,0
1745923240.2727702,0.18155841529369354,3.4566121101379395,12.547555923461914,1.109342098236084,23.82016944885254,-12.164929389953613,17.295068740844727,0
1745923240.2781658,0.17873217165470123,3.48394513130188,12.656591415405273,1.1148114204406738,23.84501075744629,-12.176336288452148,17.434080123901367,0
1745923240.2898169,0.17533686757087708,3.511448860168457,12.7520112991333,1.1257693767547607,23.85176658630371,-12.184240341186523,17.564565658569336,0
1745923240.3075557,0.1709931641817093,3.5572378635406494,12.837075233459473,1.1322786808013916,23.8760929107666,-12.152144432067871,17.69758415222168,0
1745923240.3126857,0.16759787499904633,3.580796480178833,12.926553726196289,1.1417536735534668,23.884553909301758,-12.163766860961914,17.816701889038086,0
1745923240.3248703,0.16433535516262054,3.6048290729522705,13.018303871154785,1.1468956470489502,23.905683517456055,-12.173096656799316,17.934364318847656,0
1745923240.3401558,0.16410773992538452,3.6295065879821777,13.115009307861328,1.1525959968566895,23.917476654052734,-12.178236961364746,18.06121826171875,0
1745923240.3486996,0.1624385416507721,3.6469571590423584,13.198452949523926,1.1569291353225708,23.93253517150879,-12.192041397094727,18.164777755737305,0
1745923240.3590498,0.1624954491853714,3.651357889175415,13.23982048034668,1.164555311203003,23.920854568481445,-12.207608222961426,18.21822738647461,0
1745923240.3730578,0.16308346390724182,3.6502957344055176,13.245874404907227,1.1697551012039185,23.90548324584961,-12.213896751403809,18.2290096282959,0
1745923240.383477,0.16528376936912537,3.6528372764587402,13.246451377868652,1.1693313121795654,23.9011287689209,-12.205336570739746,18.233901977539062,0
1745923240.39397,0.16084522008895874,3.6636111736297607,13.269807815551758,1.170891284942627,23.916963577270508,-12.20581340789795,18.265155792236328,0
1745923240.4064634,0.15657739341259003,3.6822569370269775,13.324604988098145,1.1750317811965942,23.93368148803711,-12.208044052124023,18.338470458984375,0
1745923240.4201047,0.1571274697780609,3.7020785808563232,13.402423858642578,1.1828314065933228,23.93169593811035,-12.212178230285645,18.444459915161133,0
1745923240.4286306,0.15708953142166138,3.7153372764587402,13.475492477416992,1.1899375915527344,23.93083953857422,-12.226497650146484,18.537857055664062,0
1745923240.4407783,0.15616008639335632,3.7250490188598633,13.524385452270508,1.1905345916748047,23.94459342956543,-12.234155654907227,18.596128463745117,0
1745923240.4524846,0.1593088060617447,3.726414680480957,13.49549674987793,1.1891287565231323,23.93370819091797,-12.211776733398438,18.570348739624023,0
1745923240.4728458,0.16522686183452606,3.7170255184173584,13.448280334472656,1.1887820959091187,23.905654907226562,-12.195430755615234,18.51931381225586,0
1745923240.4771535,0.16805310547351837,3.704639434814453,13.397581100463867,1.1882429122924805,23.885229110717773,-12.18818187713623,18.458515167236328,0
1745923240.487787,0.16759787499904633,3.69301176071167,13.351259231567383,1.187954068183899,23.874370574951172,-12.187655448913574,18.399822235107422,0
1745923240.5073597,0.1685842126607895,3.687605857849121,13.324362754821777,1.1874725818634033,23.865684509277344,-12.182502746582031,18.368026733398438,0
1745923240.511893,0.17036722600460052,3.682617425918579,13.299571990966797,1.1872414350509644,23.854583740234375,-12.176274299621582,18.339797973632812,0
1745923240.5218456,0.17325037717819214,3.668884515762329,13.264294624328613,1.187857747077942,23.833559036254883,-12.179230690002441,18.294288635253906,0
1745923240.539826,0.17440743744373322,3.6595141887664795,13.227434158325195,1.1847379207611084,23.828577041625977,-12.174839973449707,18.24609375,0
1745923240.5450897,0.1756213903427124,3.651566505432129,13.191263198852539,1.1830624341964722,23.81978416442871,-12.168763160705566,18.201513290405273,0
1745923240.5580072,0.17548862099647522,3.6495747566223145,13.163324356079102,1.1820995807647705,23.81601905822754,-12.158592224121094,18.170488357543945,0
1745923240.571999,0.17558346688747406,3.6502575874328613,13.155110359191895,1.1829469203948975,23.811599731445312,-12.153589248657227,18.163898468017578,0
1745923240.5795074,0.17524203658103943,3.6545066833496094,13.165950775146484,1.1829084157943726,23.816158294677734,-12.151717185974121,18.178607940673828,0
1745923240.5910213,0.17848558723926544,3.6568965911865234,13.181522369384766,1.1836209297180176,23.809024810791016,-12.149373054504395,18.200525283813477,0
1745923240.6080918,0.1773095577955246,3.6550188064575195,13.183384895324707,1.1827350854873657,23.814891815185547,-12.155412673950195,18.198448181152344,0
1745923240.6161668,0.17601972818374634,3.646103620529175,13.15434741973877,1.1810017824172974,23.814769744873047,-12.159056663513184,18.157472610473633,0
1745923240.6281252,0.17907360196113586,3.634267568588257,13.108360290527344,1.1789989471435547,23.798391342163086,-12.151704788208008,18.10070037841797,0
1745923240.639919,0.1823740452528,3.629051446914673,13.063657760620117,1.1767072677612305,23.78387451171875,-12.13218879699707,18.05179214477539,0
1745923240.6508632,0.18377768993377686,3.626756191253662,13.02951717376709,1.1738184690475464,23.779617309570312,-12.115598678588867,18.013870239257812,0
1745923240.6613364,0.1844795197248459,3.6223745346069336,12.998617172241211,1.1742807626724243,23.767986297607422,-12.10733699798584,17.979751586914062,0
1745923240.672662,0.1843467354774475,3.624404191970825,13.002509117126465,1.1743577718734741,23.7695369720459,-12.105806350708008,17.985618591308594,0
1745923240.6848614,0.18265856802463531,3.6256370544433594,13.006421089172363,1.172412633895874,23.781204223632812,-12.107619285583496,17.98712921142578,0
1745923240.6961,0.18114112317562103,3.6252198219299316,13.013405799865723,1.1736644506454468,23.783512115478516,-12.11524772644043,17.993431091308594,0
1745923240.7084732,0.1822412759065628,3.62819766998291,13.024897575378418,1.1738955974578857,23.783071517944336,-12.113534927368164,18.009231567382812,0
1745923240.7189932,0.18123596906661987,3.62960147857666,13.031584739685059,1.175205111503601,23.784088134765625,-12.116744995117188,18.017627716064453,0
1745923240.730644,0.18288619816303253,3.6303980350494385,13.019458770751953,1.1764569282531738,23.77309226989746,-12.10688304901123,18.009199142456055,0
1745923240.7436981,0.18527618050575256,3.6275527477264404,12.987776756286621,1.1752244234085083,23.761640548706055,-12.091437339782715,17.975830078125,0
1745923240.7540293,0.18468816578388214,3.6116955280303955,12.956671714782715,1.1747044324874878,23.753738403320312,-12.106077194213867,17.927759170532227,0
1745923240.765373,0.18406221270561218,3.6090588569641113,12.93635082244873,1.1749932765960693,23.749267578125,-12.10215950012207,17.904464721679688,0
1745923240.7776654,0.18740060925483704,3.606593132019043,12.923219680786133,1.1736259460449219,23.739858627319336,-12.09333324432373,17.890838623046875,0
1745923240.7883136,0.18800759315490723,3.6062326431274414,12.92335033416748,1.1759369373321533,23.731365203857422,-12.094093322753906,17.89352798461914,0
1745923240.8023663,0.18527618050575256,3.6091158390045166,12.934115409851074,1.1765917539596558,23.74062156677246,-12.099492073059082,17.905099868774414,0
1745923240.811628,0.18607284128665924,3.6059670448303223,12.928546905517578,1.17349112033844,23.745208740234375,-12.099533081054688,17.89407730102539,0
1745923240.8236115,0.1898285299539566,3.593315362930298,12.890494346618652,1.1698706150054932,23.73272705078125,-12.095247268676758,17.843507766723633,0
1745923240.8404827,0.1945895254611969,3.577989101409912,12.83048152923584,1.1672707796096802,23.708343505859375,-12.083548545837402,17.77033042907715,0
1745923240.847505,0.19756752252578735,3.565603017807007,12.76991081237793,1.1670589447021484,23.682573318481445,-12.070513725280762,17.70013999938965,0
1745923240.8589263,0.20101973414421082,3.5551135540008545,12.718111991882324,1.167963981628418,23.654565811157227,-12.05794620513916,17.642208099365234,0
1745923240.8756757,0.1991039514541626,3.5453639030456543,12.667078018188477,1.163842797279358,23.65727996826172,-12.051825523376465,17.575387954711914,0
1745923240.8812838,0.20263202488422394,3.532560348510742,12.557632446289062,1.1555039882659912,23.641094207763672,-12.008991241455078,17.448328018188477,0
1745923240.8934774,0.2050030380487442,3.5210657119750977,12.524739265441895,1.1519604921340942,23.633455276489258,-12.007472038269043,17.402769088745117,0
1745923240.9051197,0.20532549917697906,3.5139148235321045,12.494975090026855,1.152307152748108,23.622182846069336,-12.005217552185059,17.36652374267578,0
1745923240.9165459,0.20587557554244995,3.5079398155212402,12.458208084106445,1.1507279872894287,23.61444854736328,-11.995641708374023,17.322751998901367,0
1745923240.9277153,0.20959332585334778,3.500750780105591,12.418013572692871,1.1471844911575317,23.601900100708008,-11.979475021362305,17.275541305541992,0
1745923240.9402053,0.2113194316625595,3.489445924758911,12.374168395996094,1.1469148397445679,23.583450317382812,-11.974710464477539,17.22184944152832,0
1745923240.952644,0.21270409226417542,3.4772493839263916,12.322220802307129,1.1440261602401733,23.571460723876953,-11.966644287109375,17.156200408935547,0
1745923240.963367,0.21465781331062317,3.4645028114318848,12.266157150268555,1.1400974988937378,23.559585571289062,-11.955751419067383,17.08541488647461,0
1745923240.9748926,0.2193998545408249,3.437757730484009,12.210783004760742,1.1372472047805786,23.532407760620117,-11.967425346374512,17.00518798828125,0
1745923240.9875274,0.22414188086986542,3.429316997528076,12.167068481445312,1.1338000297546387,23.514732360839844,-11.949493408203125,16.954326629638672,0
1745923241.0066333,0.2256593406200409,3.4211416244506836,12.128159523010254,1.1302565336227417,23.508411407470703,-11.939741134643555,16.905216217041016,0
1745923241.012477,0.22490060329437256,3.411012649536133,12.08314037322998,1.1280995607376099,23.50262451171875,-11.93565845489502,16.847152709960938,0
1745923241.021826,0.2268543243408203,3.394453525543213,12.028250694274902,1.125692367553711,23.484859466552734,-11.933372497558594,16.775251388549805,0
1745923241.0385897,0.22973747551441193,3.381251573562622,11.964978218078613,1.1220910549163818,23.466392517089844,-11.917413711547852,16.69805908203125,0
1745923241.0451255,0.23485888540744781,3.3706674575805664,11.912267684936523,1.116814374923706,23.449626922607422,-11.896564483642578,16.634607315063477,0
1745923241.057895,0.23916465044021606,3.3616385459899902,11.871328353881836,1.1148500442504883,23.428653717041016,-11.8823823928833,16.58698272705078,0
1745923241.072345,0.23861457407474518,3.353065013885498,11.842961311340332,1.1127893924713135,23.426563262939453,-11.883748054504395,16.54743003845215,0
1745923241.0797565,0.23984749615192413,3.345515727996826,11.812675476074219,1.1113064289093018,23.416858673095703,-11.878786087036133,16.50934600830078,0
1745923241.0909746,0.24212367832660675,3.337188720703125,11.76391315460205,1.1063185930252075,23.40943145751953,-11.861076354980469,16.44954490661621,0
1745923241.1063988,0.24219954013824463,3.3266234397888184,11.68270492553711,1.10352623462677,23.392210006713867,-11.835213661193848,16.35505485534668,0
1745923241.11604,0.24259787797927856,3.319870710372925,11.670244216918945,1.1010996103286743,23.393173217773438,-11.839635848999023,16.333812713623047,0
1745923241.1256995,0.2425789088010788,3.3164374828338623,11.665475845336914,1.100733757019043,23.392070770263672,-11.843698501586914,16.325225830078125,0
1745923241.1409316,0.24345144629478455,3.3153374195098877,11.662067413330078,1.099924921989441,23.390596389770508,-11.841791152954102,16.32077980041504,0
1745923241.1497447,0.24301517009735107,3.3143510818481445,11.656368255615234,1.099924921989441,23.390079498291016,-11.841455459594727,16.31365966796875,0
1745923241.1604385,0.2455948442220688,3.313478469848633,11.648824691772461,1.0984420776367188,23.384246826171875,-11.832947731018066,16.306339263916016,0
1745923241.1725674,0.24553793668746948,3.310652256011963,11.631446838378906,1.0973827838897705,23.382038116455078,-11.828380584716797,16.28502082824707,0
1745923241.1840475,0.24477921426296234,3.306649923324585,11.60933780670166,1.0959384441375732,23.381587982177734,-11.824708938598633,16.256704330444336,0
1745923241.1966958,0.2437169998884201,3.3032357692718506,11.598274230957031,1.095572590827942,23.38198471069336,-11.82729721069336,16.240800857543945,0
1745923241.2075465,0.2460121363401413,3.306156873703003,11.602669715881348,1.0960347652435303,23.375349044799805,-11.819502830505371,16.250873565673828,0
1745923241.2203314,0.24466539919376373,3.311183452606201,11.625263214111328,1.0981724262237549,23.38069725036621,-11.826029777526855,16.279285430908203,0
1745923241.231095,0.2402268648147583,3.3206675052642822,11.663296699523926,1.0985190868377686,23.407026290893555,-11.837456703186035,16.322710037231445,0
1745923241.2419114,0.24123217165470123,3.326983690261841,11.69970989227295,1.1037380695343018,23.39946937561035,-11.8460693359375,16.37166404724121,0
1745923241.2533777,0.23840591311454773,3.330530881881714,11.726847648620605,1.1029677391052246,23.41935157775879,-11.859343528747559,16.398752212524414,0
1745923241.2651446,0.23791274428367615,3.329658269882202,11.737762451171875,1.1029484272003174,23.42376136779785,-11.868148803710938,16.408281326293945,0
1745923241.2766306,0.23912671208381653,3.3278374671936035,11.724947929382324,1.0992701053619385,23.427406311035156,-11.860177040100098,16.39118194580078,0
1745923241.288991,0.23774203658103943,3.3249542713165283,11.709451675415039,1.1001945734024048,23.423717498779297,-11.86060905456543,16.372343063354492,0
1745923241.2999656,0.2363763302564621,3.321995258331299,11.69170093536377,1.1022166013717651,23.41585922241211,-11.860508918762207,16.3522891998291,0
1745923241.3122268,0.23846282064914703,3.319434404373169,11.678644180297852,1.0999056100845337,23.41218376159668,-11.852866172790527,16.33644676208496,0
1745923241.3241024,0.2398095577955246,3.321331262588501,11.695500373840332,1.0982301235198975,23.418476104736328,-11.854840278625488,16.35487174987793,0
1745923241.339116,0.23863354325294495,3.3237972259521484,11.701274871826172,1.0980761051177979,23.424962997436523,-11.855389595031738,16.36178207397461,0
1745923241.3461134,0.23677465319633484,3.324157476425171,11.699766159057617,1.0996745824813843,23.425460815429688,-11.858450889587402,16.36037254333496,0
1745923241.3585775,0.23516236245632172,3.323417901992798,11.697810173034668,1.0991737842559814,23.431350708007812,-11.861802101135254,16.35556411743164,0
1745923241.3728142,0.2383679896593094,3.3228487968444824,11.688236236572266,1.098750114440918,23.419769287109375,-11.85091495513916,16.348201751708984,0
1745923241.3833523,0.240169957280159,3.321350336074829,11.674881935119629,1.0964391231536865,23.41720199584961,-11.841527938842773,16.332841873168945,0
1745923241.392304,0.23979058861732483,3.3195483684539795,11.661489486694336,1.0942052602767944,23.42116928100586,-11.837146759033203,16.315034866333008,0
1745923241.405628,0.23844385147094727,3.318315267562866,11.660074234008789,1.0938585996627808,23.425765991210938,-11.841352462768555,16.310691833496094,0
1745923241.4164417,0.23755235970020294,3.314749240875244,11.651692390441895,1.0960732698440552,23.418237686157227,-11.846867561340332,16.300067901611328,0
1745923241.4268968,0.23886115849018097,3.3079209327697754,11.636792182922363,1.0952259302139282,23.410663604736328,-11.849149703979492,16.27880096435547,0
1745923241.4392848,0.23937329649925232,3.308110475540161,11.627796173095703,1.092799425125122,23.414228439331055,-11.84130859375,16.26807975769043,0
1745923241.4507458,0.2413649559020996,3.3060808181762695,11.625617027282715,1.0891402959823608,23.41831398010254,-11.838095664978027,16.262203216552734,0
1745923241.4646108,0.23933535814285278,3.305018663406372,11.624443054199219,1.0890825986862183,23.424285888671875,-11.843649864196777,16.25787925720215,0
1745923241.4743688,0.238235205411911,3.3062326908111572,11.618929862976074,1.0905461311340332,23.421924591064453,-11.84113597869873,16.253944396972656,0
1745923241.4853303,0.23897495865821838,3.302875280380249,11.610939979553223,1.0900261402130127,23.418031692504883,-11.841630935668945,16.242816925048828,0
1745923241.5060463,0.2394491732120514,3.3001060485839844,11.601776123046875,1.09004545211792,23.413101196289062,-11.84111499786377,16.23137664794922,0
1745923241.5080886,0.2408338338136673,3.2994611263275146,11.593132972717285,1.0873301029205322,23.414691925048828,-11.833203315734863,16.22075843811035,0
1745923241.520046,0.2398095577955246,3.3032357692718506,11.592686653137207,1.0891211032867432,23.41320037841797,-11.828397750854492,16.224853515625,0
1745923241.5317812,0.24001821875572205,3.304772138595581,11.59846019744873,1.0884469747543335,23.4167423248291,-11.827749252319336,16.23169708251953,0
1745923241.542848,0.23846282064914703,3.3096089363098145,11.637015342712402,1.0887551307678223,23.432905197143555,-11.843034744262695,16.273841857910156,0
1745923241.5557728,0.23681259155273438,3.315147638320923,11.670598030090332,1.0884662866592407,23.44997215270996,-11.853897094726562,16.311023712158203,0
1745923241.5667684,0.23453642427921295,3.32224178314209,11.698349952697754,1.0896410942077637,23.4631404876709,-11.860398292541504,16.344768524169922,0
1745923241.5787532,0.2309514433145523,3.327268362045288,11.711630821228027,1.0923949480056763,23.4708309173584,-11.866459846496582,16.362245559692383,0
1745923241.5960338,0.23383459448814392,3.32442307472229,11.701796531677246,1.0902187824249268,23.465089797973633,-11.859672546386719,16.35027313232422,0
1745923241.6078897,0.23755235970020294,3.320193290710449,11.669462203979492,1.0873878002166748,23.452129364013672,-11.84100341796875,16.31459617614746,0
1745923241.6135147,0.23791274428367615,3.317082405090332,11.62509536743164,1.0868486166000366,23.439422607421875,-11.821271896362305,16.266939163208008,0
1745923241.62624,0.242332324385643,3.3062705993652344,11.585664749145508,1.0852309465408325,23.416406631469727,-11.810977935791016,16.219499588012695,0
1745923241.640971,0.24303413927555084,3.2984747886657715,11.561525344848633,1.0828429460525513,23.412723541259766,-11.81029987335205,16.185876846313477,0
1745923241.6481116,0.24066312611103058,3.2950034141540527,11.546568870544434,1.082111120223999,23.417362213134766,-11.813238143920898,16.16434669494629,0
1745923241.6599042,0.24225644767284393,3.286297082901001,11.529749870300293,1.0795304775238037,23.413257598876953,-11.816657066345215,16.137834548950195,0
1745923241.6748083,0.24572761356830597,3.279866933822632,11.496074676513672,1.0772773027420044,23.39794158935547,-11.802193641662598,16.098947525024414,0
1745923241.6852956,0.2451016753911972,3.2705535888671875,11.453347206115723,1.071326494216919,23.404085159301758,-11.794607162475586,16.040328979492188,0
1745923241.695257,0.24273064732551575,3.2584140300750732,11.405590057373047,1.0672823190689087,23.40749740600586,-11.794547080993652,15.974017143249512,0
1745923241.7060363,0.2466191202402115,3.248171091079712,11.35252571105957,1.0638158321380615,23.387859344482422,-11.774937629699707,15.911131858825684,0
1745923241.7210004,0.24990060925483704,3.2374353408813477,11.303874969482422,1.0608885288238525,23.369434356689453,-11.760333061218262,15.852099418640137,0
1745923241.7307405,0.2539598047733307,3.2260923385620117,11.254851341247559,1.059848666191101,23.341915130615234,-11.74615478515625,15.79475212097168,0
1745923241.7409172,0.25597041845321655,3.2201364040374756,11.21208667755127,1.0570755004882812,23.32999038696289,-11.7275972366333,15.745268821716309,0
1745923241.7523515,0.25325798988342285,3.2120747566223145,11.177555084228516,1.0540326833724976,23.336135864257812,-11.727864265441895,15.696920394897461,0
1745923241.764988,0.25549623370170593,3.203937530517578,11.11676025390625,1.0516061782836914,23.316184997558594,-11.70270824432373,15.627799987792969,0
1745923241.7762463,0.2584552466869354,3.1964831352233887,11.084928512573242,1.0511438846588135,23.296165466308594,-11.692878723144531,15.591011047363281,0
1745923241.7867367,0.2600296139717102,3.1909444332122803,11.064253807067871,1.05072021484375,23.28445053100586,-11.688589096069336,15.565948486328125,0
1745923241.8001323,0.2595364451408386,3.1884026527404785,11.059281349182129,1.0493336915969849,23.28837013244629,-11.691162109375,15.556553840637207,0
1745923241.810142,0.26181259751319885,3.1871697902679443,11.059206008911133,1.0495455265045166,23.27977180480957,-11.689051628112793,15.557733535766602,0
1745923241.8219647,0.26240062713623047,3.185405731201172,11.054755210876465,1.0496225357055664,23.275691986083984,-11.688904762268066,15.552184104919434,0
1745923241.8345194,0.25965023040771484,3.1834330558776855,11.04931640625,1.0488522052764893,23.285057067871094,-11.695117950439453,15.541251182556152,0
1745923241.8452797,0.2591949999332428,3.183034658432007,11.049483299255371,1.048255205154419,23.2884578704834,-11.696656227111816,15.53996753692627,0
1745923241.8569608,0.25934675335884094,3.180056571960449,11.056356430053711,1.049025535583496,23.286596298217773,-11.707176208496094,15.544785499572754,0
1745923241.874592,0.2593657374382019,3.1831295490264893,11.078205108642578,1.0504698753356934,23.28931999206543,-11.714583396911621,15.571170806884766,0
1745923241.8799133,0.2573171555995941,3.1940929889678955,11.103070259094238,1.0524150133132935,23.300472259521484,-11.711847305297852,15.606895446777344,0
1745923241.8915827,0.2552686035633087,3.2000300884246826,11.124526977539062,1.0586738586425781,23.29489517211914,-11.720174789428711,15.63849925994873,0
1745923241.912878,0.25633081793785095,3.2002956867218018,11.146095275878906,1.0582116842269897,23.299488067626953,-11.729907035827637,15.660933494567871,0
1745923241.9148948,0.25530654191970825,3.2012441158294678,11.158723831176758,1.0611196756362915,23.297395706176758,-11.739253044128418,15.67639446258545,0
1745923241.9291532,0.255572110414505,3.202723503112793,11.15764331817627,1.058905005455017,23.30389404296875,-11.733660697937012,15.674843788146973,0
1745923241.9409993,0.25469955801963806,3.2033114433288574,11.153359413146973,1.0589241981506348,23.30558204650879,-11.731735229492188,15.670293807983398,0
1745923241.9518628,0.25101974606513977,3.2062325477600098,11.162821769714355,1.0620825290679932,23.310993194580078,-11.740775108337402,15.682156562805176,0
1745923241.9631853,0.2519681453704834,3.2113540172576904,11.181987762451172,1.0639121532440186,23.30916976928711,-11.740501403808594,15.709221839904785,0
1745923241.9740722,0.25217679142951965,3.218353271484375,11.206014633178711,1.0648750066757202,23.314598083496094,-11.740209579467773,15.741418838500977,0
1745923241.9862351,0.2511904537677765,3.222109079360962,11.270925521850586,1.0663193464279175,23.333459854125977,-11.773335456848145,15.81054401397705,0
1745923241.9972603,0.24942640960216522,3.228330612182617,11.30888557434082,1.068957805633545,23.343631744384766,-11.787749290466309,15.855600357055664,0
1745923242.007989,0.24627768993377686,3.238193988800049,11.338462829589844,1.071230173110962,23.358016967773438,-11.79235553741455,15.8941650390625,0
1745923242.0196245,0.2446274608373642,3.2439982891082764,11.364035606384277,1.0711146593093872,23.372859954833984,-11.798521995544434,15.923775672912598,0
1745923242.0327067,0.2450447678565979,3.2499921321868896,11.395271301269531,1.0725783109664917,23.37759780883789,-11.804197311401367,15.962886810302734,0
1745923242.043242,0.24314795434474945,3.2560620307922363,11.421906471252441,1.0760833024978638,23.381885528564453,-11.812965393066406,15.997199058532715,0
1745923242.0554283,0.24358421564102173,3.2615625858306885,11.444145202636719,1.0790683031082153,23.37890625,-11.815268516540527,16.02836036682129,0
1745923242.0663698,0.24206677079200745,3.2660770416259766,11.468079566955566,1.0797616243362427,23.389734268188477,-11.823233604431152,16.055984497070312,0
1745923242.0806303,0.23935432732105255,3.2712554931640625,11.497620582580566,1.0788371562957764,23.41130256652832,-11.834526062011719,16.087066650390625,0
1745923242.0902398,0.23808346688747406,3.281801700592041,11.54111099243164,1.0802429914474487,23.426231384277344,-11.841151237487793,16.141239166259766,0
1745923242.106163,0.23594006896018982,3.299764633178711,11.589798927307129,1.0850383043289185,23.43662452697754,-11.839319229125977,16.210542678833008,0
1745923242.1122665,0.231975719332695,3.309514045715332,11.629490852355957,1.0879462957382202,23.45384407043457,-11.85163688659668,16.258926391601562,0
1745923242.1244316,0.2328861951828003,3.3185999393463135,11.663277626037598,1.0881389379501343,23.462318420410156,-11.850560188293457,16.302902221679688,0
1745923242.141421,0.23091350495815277,3.325181722640991,11.69360065460205,1.0876381397247314,23.480358123779297,-11.857994079589844,16.33733367919922,0
1745923242.1465018,0.22971852123737335,3.332655191421509,11.72314167022705,1.0902957916259766,23.485977172851562,-11.863372802734375,16.375810623168945,0
1745923242.159335,0.22353489696979523,3.34405517578125,11.762404441833496,1.0920867919921875,23.513673782348633,-11.875774383544922,16.422080993652344,0
1745923242.1744976,0.2223968207836151,3.355663537979126,11.809918403625488,1.0945132970809937,23.525737762451172,-11.882534980773926,16.482492446899414,0
1745923242.183314,0.22298482060432434,3.361145496368408,11.84910774230957,1.0994434356689453,23.520631790161133,-11.894794464111328,16.53268051147461,0
1745923242.1929476,0.22332625091075897,3.3647494316101074,11.86410140991211,1.0975946187973022,23.530357360839844,-11.894183158874512,16.549772262573242,0
1745923242.2060447,0.22423672676086426,3.364180326461792,11.857247352600098,1.096208095550537,23.529834747314453,-11.888968467712402,16.541872024536133,0
1745923242.2174547,0.2238004505634308,3.3601021766662598,11.809378623962402,1.0964391231536865,23.516393661499023,-11.871652603149414,16.48971939086914,0
1745923242.2293181,0.2239711731672287,3.350656032562256,11.773114204406738,1.0934926271438599,23.512624740600586,-11.868425369262695,16.441234588623047,0
1745923242.2411845,0.22497648000717163,3.344586133956909,11.758325576782227,1.0914705991744995,23.510114669799805,-11.869214057922363,16.41935920715332,0
1745923242.251696,0.2230606973171234,3.3477158546447754,11.775703430175781,1.09274160861969,23.517736434936523,-11.87714672088623,16.439220428466797,0
1745923242.2645416,0.22188466787338257,3.3566689491271973,11.820051193237305,1.0958999395370483,23.526029586791992,-11.887918472290039,16.494504928588867,0
1745923242.2747164,0.21977920830249786,3.3657166957855225,11.879467964172363,1.0986539125442505,23.542505264282227,-11.908337593078613,16.563617706298828,0
1745923242.2863493,0.2174081951379776,3.379146099090576,11.943894386291504,1.1020432710647583,23.56020164489746,-11.923517227172852,16.642492294311523,0
1745923242.2987661,0.21232473850250244,3.393277406692505,12.025679588317871,1.1098235845565796,23.577333450317383,-11.954282760620117,16.741106033325195,0
1745923242.310629,0.2086259424686432,3.410083293914795,12.136876106262207,1.1155625581741333,23.604650497436523,-11.991377830505371,16.87114906311035,0
1745923242.3209338,0.20153187215328217,3.4351022243499756,12.276327133178711,1.1208200454711914,23.65265655517578,-12.03319263458252,17.033781051635742,0
1745923242.333579,0.19405841827392578,3.499100685119629,12.435093879699707,1.1284847259521484,23.708200454711914,-12.011470794677734,17.256738662719727,0
1745923242.343942,0.18713505566120148,3.5318775177001953,12.604755401611328,1.1402130126953125,23.74372673034668,-12.055961608886719,17.46398162841797,0
1745923242.3567286,0.17994612455368042,3.5627386569976807,12.77210807800293,1.1495146751403809,23.785295486450195,-12.101107597351074,17.664308547973633,0
1745923242.3740153,0.17928224802017212,3.5905649662017822,12.918004035949707,1.1558891534805298,23.80975914001465,-12.126659393310547,17.843740463256836,0
1745923242.3793087,0.1743505299091339,3.6178412437438965,13.048310279846191,1.1642664670944214,23.836515426635742,-12.15389633178711,18.00476837158203,0
1745923242.3954058,0.1672564446926117,3.6422152519226074,13.178485870361328,1.169812798500061,23.876373291015625,-12.188467025756836,18.15777015686035,0
1745923242.4080722,0.1637663096189499,3.665090799331665,13.294840812683105,1.1750510931015015,23.902795791625977,-12.211857795715332,18.298748016357422,0
1745923242.414827,0.16118665039539337,3.6857659816741943,13.40229320526123,1.1788256168365479,23.92791175842285,-12.232288360595703,18.428071975708008,0
1745923242.4257295,0.15579970180988312,3.7083191871643066,13.507845878601074,1.183948278427124,23.956764221191406,-12.253839492797852,18.5559139251709,0
1745923242.4407504,0.1535235196352005,3.7271924018859863,13.675366401672363,1.189244270324707,23.988601684570312,-12.305027961730957,18.74532699584961,0
1745923242.4488778,0.15378907322883606,3.7373404502868652,13.72351360321045,1.1940973997116089,23.98688316345215,-12.311091423034668,18.808740615844727,0
1745923242.4613428,0.15365630388259888,3.747203826904297,13.74992561340332,1.196466088294983,23.988441467285156,-12.307162284851074,18.847251892089844,0
1745923242.4792547,0.15397875010967255,3.7504093647003174,13.745436668395996,1.1953684091567993,23.990310668945312,-12.298349380493164,18.845191955566406,0
1745923242.4837697,0.15475644171237946,3.746501922607422,13.715914726257324,1.195946216583252,23.97943878173828,-12.290501594543457,18.81311798095703,0
1745923242.4956782,0.1556858867406845,3.7414753437042236,13.67398738861084,1.1940780878067017,23.971975326538086,-12.277442932128906,18.765226364135742,0
1745923242.5064557,0.15881562232971191,3.739142417907715,13.637127876281738,1.1906309127807617,23.964427947998047,-12.257251739501953,18.72571563720703,0
1745923242.5191555,0.16065554320812225,3.738193988800049,13.620010375976562,1.1898798942565918,23.957502365112305,-12.24731731414795,18.708740234375,0
1745923242.532184,0.1583983302116394,3.7413995265960693,13.617253303527832,1.1900146007537842,23.9634952545166,-12.244404792785645,18.70706558227539,0
1745923242.543185,0.1593656986951828,3.743656873703003,13.618352890014648,1.1900339126586914,23.961477279663086,-12.239197731018066,18.711410522460938,0
1745923242.553736,0.16211608052253723,3.7412667274475098,13.59935474395752,1.1907464265823364,23.947237014770508,-12.229989051818848,18.693483352661133,0
1745923242.5654209,0.16340592503547668,3.7340967655181885,13.562252044677734,1.1904575824737549,23.934823989868164,-12.222881317138672,18.65021324157715,0
1745923242.578384,0.16486646234989166,3.725011110305786,13.518555641174316,1.1913049221038818,23.91684341430664,-12.216280937194824,18.59973907470703,0
1745923242.5915425,0.16353869438171387,3.7220330238342285,13.485159873962402,1.1892250776290894,23.918376922607422,-12.207200050354004,18.559955596923828,0
1745923242.6003027,0.1603330820798874,3.7263009548187256,13.471190452575684,1.1902650594711304,23.92230224609375,-12.199167251586914,18.5480899810791,0
1745923242.612082,0.15999165177345276,3.72880482673645,13.474933624267578,1.1913049221038818,23.921722412109375,-12.197566986083984,18.555034637451172,0
1745923242.6226864,0.16118665039539337,3.7304928302764893,13.485979080200195,1.1948484182357788,23.911270141601562,-12.19932746887207,18.572507858276367,0
1745923242.6409948,0.1631593257188797,3.729923963546753,13.488177299499512,1.1965432167053223,23.901382446289062,-12.198664665222168,18.577802658081055,0
1745923242.6463652,0.16088315844535828,3.7311947345733643,13.478808403015137,1.1953299045562744,23.90934944152832,-12.195446014404297,18.56621551513672,0
1745923242.6577764,0.1593656986951828,3.7346088886260986,13.478900909423828,1.1951565742492676,23.91484832763672,-12.192015647888184,18.568031311035156,0
1745923242.6742077,0.15999165177345276,3.736088514328003,13.486090660095215,1.195580244064331,23.913822174072266,-12.191864013671875,18.57775115966797,0
1745923242.6813743,0.16283687949180603,3.741115093231201,13.492330551147461,1.1997400522232056,23.89674186706543,-12.182741165161133,18.59602165222168,0
1745923242.6932082,0.1615280658006668,3.7468814849853516,13.50611400604248,1.2018007040023804,23.898950576782227,-12.182297706604004,18.61632537841797,0
1745923242.7081738,0.15741199254989624,3.755094528198242,13.530084609985352,1.2041501998901367,23.91094970703125,-12.187453269958496,18.646739959716797,0
1745923242.7214932,0.15473748743534088,3.760234832763672,13.561822891235352,1.206441879272461,23.92008399963379,-12.199124336242676,18.683237075805664,0
1745923242.7275982,0.15054552257061005,3.769017219543457,13.61142349243164,1.2090802192687988,23.937097549438477,-12.215523719787598,18.740066528320312,0
1745923242.740869,0.14481714367866516,3.7854435443878174,13.680152893066406,1.2141258716583252,23.95736312866211,-12.23107624053955,18.824539184570312,0
1745923242.7525835,0.13971471786499023,3.80735182762146,13.762869834899902,1.219460368156433,23.97907066345215,-12.242362976074219,18.92939567565918,0
1745923242.7628236,0.13609179854393005,3.8266043663024902,13.841638565063477,1.2276066541671753,23.987424850463867,-12.255057334899902,19.031940460205078,0
1745923242.7743416,0.1344415843486786,3.837681770324707,13.898409843444824,1.2335766553878784,23.989919662475586,-12.26736831665039,19.104108810424805,0
1745923242.7859783,0.13279135525226593,3.850959539413452,13.927708625793457,1.2382563352584839,23.99060821533203,-12.262662887573242,19.149715423583984,0
1745923242.7983482,0.1310083419084549,3.8522114753723145,13.940448760986328,1.2422428131103516,23.987560272216797,-12.271209716796875,19.165910720825195,0
1745923242.8086984,0.13241198658943176,3.8495748043060303,13.934990882873535,1.244553804397583,23.975786209106445,-12.271915435791016,19.161531448364258,0
1745923242.8201313,0.13806448876857758,3.83982515335083,13.907014846801758,1.2440531253814697,23.9538516998291,-12.266048431396484,19.128957748413086,0
1745923242.8421123,0.1411183625459671,3.8231332302093506,13.8472261428833,1.2443997859954834,23.9283390045166,-12.262614250183105,19.055877685546875,0
1745923242.8441725,0.14570865035057068,3.80169939994812,13.754637718200684,1.242608666419983,23.896163940429688,-12.248659133911133,18.94465446472168,0
1745923242.855609,0.15155082941055298,3.777268409729004,13.642473220825195,1.2390844821929932,23.859970092773438,-12.227691650390625,18.81037712097168,0
1745923242.866395,0.15536342561244965,3.7584519386291504,13.536101341247559,1.235579490661621,23.831377029418945,-12.202788352966309,18.685497283935547,0
1745923242.8777883,0.15708953142166138,3.7397303581237793,13.3486328125,1.23386549949646,23.78483009338379,-12.143263816833496,18.479318618774414,0
1745923242.8903956,0.15794309973716736,3.7170255184173584,13.23985767364502,1.230996012687683,23.760311126708984,-12.1288423538208,18.345821380615234,0
1745923242.9079936,0.16367147862911224,3.6940741539001465,13.12771224975586,1.2267014980316162,23.72478485107422,-12.103453636169434,18.212160110473633,0
1745923242.9133058,0.16873596608638763,3.6704208850860596,13.023947715759277,1.2238320112228394,23.688392639160156,-12.085025787353516,18.08693504333496,0
1745923242.9245074,0.1723019778728485,3.647089958190918,12.91262149810791,1.2232542037963867,23.647449493408203,-12.065882682800293,17.95526885986328,0
1745923242.9409366,0.17903566360473633,3.6225643157958984,12.811017990112305,1.219787836074829,23.60720443725586,-12.046234130859375,17.83240509033203,0
1745923242.9474125,0.18097041547298431,3.605891227722168,12.763633728027344,1.2138370275497437,23.6030330657959,-12.046768188476562,17.764331817626953,0
1745923242.961552,0.18028755486011505,3.60073184967041,12.759293556213379,1.2128355503082275,23.605571746826172,-12.054948806762695,17.753149032592773,0
1745923242.9730895,0.181767076253891,3.5958759784698486,12.755233764648438,1.2122963666915894,23.60063362121582,-12.058920860290527,17.74517250061035,0
1745923242.9841993,0.18402427434921265,3.592196226119995,12.755997657775879,1.2091957330703735,23.60236167907715,-12.060393333435059,17.74141502380371,0
1745923242.9949777,0.18925948441028595,3.590033769607544,12.764620780944824,1.2076551914215088,23.59322166442871,-12.058237075805664,17.751569747924805,0
1745923243.0121534,0.18903186917304993,3.5839450359344482,12.7739896774292,1.202994704246521,23.608243942260742,-12.072372436523438,17.749961853027344,0
1745923243.0178518,0.19125114381313324,3.5861644744873047,12.786524772644043,1.2020702362060547,23.608131408691406,-12.069945335388184,17.766010284423828,0
1745923243.0289526,0.1889370232820511,3.5920066833496094,12.813830375671387,1.2022050619125366,23.622631072998047,-12.077156066894531,17.796979904174805,0
1745923243.0427675,0.185010626912117,3.6025338172912598,12.853484153747559,1.2013192176818848,23.64886474609375,-12.084308624267578,17.842348098754883,0
1745923243.0554192,0.18305690586566925,3.611619710922241,12.898950576782227,1.201107382774353,23.668380737304688,-12.093669891357422,17.894733428955078,0
1745923243.064929,0.17990820109844208,3.6129283905029297,12.932923316955566,1.2000867128372192,23.688922882080078,-12.113439559936523,17.925846099853516,0
1745923243.0752656,0.18178604543209076,3.622715950012207,12.961551666259766,1.1998170614242554,23.693511962890625,-12.105964660644531,17.965871810913086,0
1745923243.0971234,0.17793551087379456,3.6439602375030518,13.03072738647461,1.2013192176818848,23.7218074798584,-12.108888626098633,18.05394172668457,0
1745923243.0991652,0.17197951674461365,3.668903350830078,13.247625350952148,1.2060374021530151,23.7818603515625,-12.182229995727539,18.294546127319336,0
1745923243.1106205,0.16750302910804749,3.690394163131714,13.35090446472168,1.2119303941726685,23.806447982788086,-12.203840255737305,18.420732498168945,0
1745923243.122704,0.16516995429992676,3.711240291595459,13.449360847473145,1.2158013582229614,23.82913589477539,-12.219232559204102,18.54157257080078,0
1745923243.1417055,0.16397495567798615,3.7333192825317383,13.550554275512695,1.2177848815917969,23.8544921875,-12.230602264404297,18.665634155273438,0
1745923243.1469378,0.15754476189613342,3.7577500343322754,13.698871612548828,1.220404028892517,23.903005599975586,-12.269119262695312,18.834569931030273,0
1745923243.1578393,0.1455758661031723,3.7935431003570557,13.907610893249512,1.2281265258789062,23.967082977294922,-12.326645851135254,19.07485580444336,0
1745923243.1742127,0.1360538750886917,3.8399391174316406,14.125998497009277,1.2384874820709229,24.02004051208496,-12.365689277648926,19.340478897094727,0
1745923243.1804385,0.12880803644657135,3.8836605548858643,14.325406074523926,1.2495224475860596,24.059377670288086,-12.396320343017578,19.587398529052734,0
1745923243.1911457,0.12457815557718277,3.9196619987487793,14.490151405334473,1.2600951194763184,24.082658767700195,-12.41891860961914,19.79448699951172,0
1745923243.2078867,0.12171396613121033,3.9511492252349854,14.613361358642578,1.2670087814331055,24.102462768554688,-12.42694091796875,19.953231811523438,0
1745923243.2157583,0.1187169998884201,3.972659111022949,14.694829940795898,1.2715345621109009,24.11850357055664,-12.432845115661621,20.0577392578125,0
1745923243.2262518,0.11534067243337631,4.011714458465576,14.769649505615234,1.2794880867004395,24.128583908081055,-12.408867835998535,20.176193237304688,0
1745923243.2405272,0.1107693538069725,4.044624328613281,14.886731147766113,1.2857855558395386,24.152721405029297,-12.414436340332031,20.327911376953125,0
1745923243.2506166,0.10352352261543274,4.0851969718933105,15.055667877197266,1.2956457138061523,24.185325622558594,-12.434957504272461,20.540035247802734,0
1745923243.2617576,0.0952344536781311,4.123398780822754,15.232892036437988,1.3071621656417847,24.21680450439453,-12.464653015136719,20.758686065673828,0
1745923243.2734132,0.08994234353303909,4.164768218994141,15.398642539978027,1.3170993328094482,24.242603302001953,-12.47859001159668,20.97045135498047,0
1745923243.2845058,0.08557967096567154,4.20723819732666,15.580151557922363,1.329655647277832,24.26210594177246,-12.496414184570312,21.202625274658203,0
1745923243.2960148,0.07840971648693085,4.250010967254639,15.778105735778809,1.3418076038360596,24.29191780090332,-12.524112701416016,21.448333740234375,0
1745923243.3090522,0.0685652568936348,4.300826549530029,15.992507934570312,1.3566941022872925,24.325061798095703,-12.550352096557617,21.71859359741211,0
1745923243.3202617,0.06131942570209503,4.352154731750488,16.44289779663086,1.3746042251586914,24.38289451599121,-12.661818504333496,22.230976104736328,0
1745923243.3311636,0.05741199105978012,4.390982151031494,16.6060791015625,1.3887397050857544,24.391578674316406,-12.67531967163086,22.443214416503906,0
1745923243.3426824,0.05589454248547554,4.421009063720703,16.751508712768555,1.4019701480865479,24.392440795898438,-12.69126033782959,22.630382537841797,0
1745923243.3556416,0.04972989857196808,4.4580535888671875,16.908357620239258,1.4161441326141357,24.404699325561523,-12.707929611206055,22.832284927368164,0
1745923243.3676786,0.04104249179363251,4.497848987579346,17.075057983398438,1.4296056032180786,24.42605972290039,-12.727256774902344,23.043554306030273,0
1745923243.3776965,0.03836798667907715,4.5326361656188965,17.223840713500977,1.4413530826568604,24.433822631835938,-12.737797737121582,23.23619842529297,0
1745923243.388941,0.0371919609606266,4.564863204956055,17.342971801757812,1.4529465436935425,24.433547973632812,-12.739185333251953,23.397972106933594,0
1745923243.401262,0.034005314111709595,4.590394496917725,17.435932159423828,1.4629030227661133,24.436424255371094,-12.743278503417969,23.523235321044922,0
1745923243.4129183,0.031084217131137848,4.611790180206299,17.51682472229004,1.4794650077819824,24.42158317565918,-12.750947952270508,23.639163970947266,0
1745923243.423737,0.027707889676094055,4.630530834197998,17.59622573852539,1.4890748262405396,24.4226131439209,-12.760029792785645,23.743539810180664,0
1745923243.4401875,0.02586798183619976,4.650390625,17.687641143798828,1.4965084791183472,24.4270076751709,-12.768671989440918,23.86040687561035,0
1745923243.447403,0.02207435481250286,4.675086975097656,17.80518913269043,1.5075434446334839,24.432363510131836,-12.783355712890625,24.0098934173584,0
1745923243.4589229,0.012116084806621075,4.748379707336426,17.95587158203125,1.5211589336395264,24.457416534423828,-12.750773429870605,24.237525939941406,0
1745923243.473843,0.006710167042911053,4.783717632293701,18.125795364379883,1.5334264039993286,24.47243881225586,-12.770926475524902,24.449649810791016,0
1745923243.4831042,0.004016691818833351,4.804070472717285,18.254758834838867,1.5398972034454346,24.485788345336914,-12.791985511779785,24.602745056152344,0
1745923243.4937541,0.005496206693351269,4.813080310821533,18.31846046447754,1.5464063882827759,24.479154586791992,-12.800972938537598,24.683443069458008,0
1745923243.5061252,0.009593323804438114,4.817898273468018,18.338743209838867,1.5526268482208252,24.460826873779297,-12.79757308959961,24.718862533569336,0
1745923243.5169938,0.01167981792241335,4.820990085601807,18.34561538696289,1.5568828582763672,24.44879913330078,-12.794187545776367,24.73516845703125,0
1745923243.5280714,0.009915781207382679,4.832161903381348,18.36809730529785,1.5613123178482056,24.44798469543457,-12.790268898010254,24.771486282348633,0
1745923243.5421877,0.005742792040109634,4.85393762588501,18.529415130615234,1.568457007408142,24.46779441833496,-12.82185173034668,24.957551956176758,0
1745923243.551046,0.004813353531062603,4.876832008361816,18.620811462402344,1.5750433206558228,24.472057342529297,-12.824180603027344,25.077499389648438,0
1745923243.5667264,0.0002799694484565407,4.893543243408203,18.678646087646484,1.580974817276001,24.479595184326172,-12.828530311584473,25.153444290161133,0
1745923243.5762568,0.0004886187380179763,4.903766632080078,18.686952590942383,1.5860012769699097,24.471275329589844,-12.818841934204102,25.177207946777344,0
1745923243.586968,0.00304931728169322,4.903994560241699,18.674436569213867,1.5889477729797363,24.458070755004883,-12.81198501586914,25.170427322387695,0
1745923243.5997386,0.002764795208349824,4.905075550079346,18.67998695373535,1.5940704345703125,24.448925018310547,-12.814385414123535,25.18189811706543,0
1745923243.610637,0.0012564492644742131,4.9180498123168945,18.742177963256836,1.596959114074707,24.45663070678711,-12.82012939453125,25.258441925048828,0
1745923243.6214306,0.010076631791889668,4.945629596710205,18.921897888183594,1.6088799238204956,24.442758560180664,-12.833332061767578,25.486482620239258,0
1745923243.633775,0.023657817393541336,5.003728866577148,19.218793869018555,1.6303720474243164,24.42047882080078,-12.840094566345215,25.87655258178711,0
1745923243.6446407,0.04038770869374275,5.080037593841553,19.586746215820312,1.6608384847640991,24.386959075927734,-12.843985557556152,26.368011474609375,0
1745923243.656542,0.062333837151527405,5.1640095710754395,20.017244338989258,1.6966780424118042,24.343589782714844,-12.852106094360352,26.940265655517578,0
1745923243.6732035,0.08464036136865616,5.264332294464111,20.515092849731445,1.7407984733581543,24.296863555908203,-12.8616943359375,27.6048641204834,0
1745923243.6794076,0.10328604280948639,5.4829020500183105,21.040712356567383,1.7911393642425537,24.266883850097656,-12.743979454040527,28.418039321899414,0
1745923243.6912658,0.12164720147848129,5.576850891113281,21.5313720703125,1.8455051183700562,24.211210250854492,-12.768397331237793,29.075374603271484,0
1745923243.7053127,0.1357974261045456,5.657674312591553,21.942293167114258,1.8923988342285156,24.166519165039062,-12.787346839904785,29.628164291381836,0
1745923243.713947,0.14528149366378784,5.721407413482666,22.258392333984375,1.9317240715026855,24.130250930786133,-12.802159309387207,30.056804656982422,0
1745923243.725389,0.15085813403129578,5.772677898406982,22.48426628112793,1.9570870399475098,24.11245346069336,-12.8067045211792,30.36488914489746,0
1745923243.7398758,0.15419651567935944,5.8152995109558105,22.63988494873047,1.9734950065612793,24.104005813598633,-12.801986694335938,30.582876205444336,0
1745923243.7506154,0.1565106362104416,5.846502304077148,22.751808166503906,1.9799271821975708,24.107318878173828,-12.796693801879883,30.73474884033203,0
1745923243.7606673,0.16068361699581146,5.869453430175781,22.859893798828125,1.9831433296203613,24.111371994018555,-12.796575546264648,30.873172760009766,0
1745923243.77471,0.16163203120231628,5.88665771484375,22.855571746826172,1.9865905046463013,24.10557746887207,-12.776482582092285,30.890453338623047,0
1745923243.7839584,0.16220107674598694,5.894187927246094,22.826068878173828,1.983355164527893,24.10730743408203,-12.758896827697754,30.865812301635742,0
1745923243.7953315,0.16049394011497498,5.897924900054932,22.775014877319336,1.9740726947784424,24.119915008544922,-12.740533828735352,30.807506561279297,0
1745923243.8078172,0.1559036523103714,5.895781517028809,22.71613883972168,1.9651561975479126,24.135116577148438,-12.729706764221191,30.732980728149414,0
1745923243.8201356,0.15345676243305206,5.890015125274658,22.66750717163086,1.956778883934021,24.14666175842285,-12.723365783691406,30.66775894165039,0
1745923243.8310194,0.151446133852005,5.887701034545898,22.642230987548828,1.9515599012374878,24.155500411987305,-12.719886779785156,30.632936477661133,0
1745923243.8418345,0.15207208693027496,5.890071868896484,22.64787483215332,1.9490370750427246,24.15973472595215,-12.717432022094727,30.639055252075195,0
1745923243.853691,0.15372231602668762,5.896407127380371,22.69021224975586,1.950731873512268,24.160140991210938,-12.720542907714844,30.691072463989258,0
1745923243.8647835,0.15751594305038452,5.909096717834473,22.763839721679688,1.9578958749771118,24.152341842651367,-12.72421646118164,30.788347244262695,0
1745923243.8803508,0.16419272124767303,5.92400598526001,22.866802215576172,1.966754674911499,24.140804290771484,-12.730600357055664,30.921756744384766,0
1745923243.8880217,0.16992110013961792,5.944681167602539,22.99034881591797,1.9766918420791626,24.132434844970703,-12.737462043762207,31.081642150878906,0
1745923243.9003482,0.17766010761260986,5.9710469245910645,23.11435890197754,1.9883238077163696,24.118730545043945,-12.736505508422852,31.251388549804688,0
1745923243.917103,0.18374887108802795,6.0207624435424805,23.22838592529297,2.0017080307006836,24.106660842895508,-12.710108757019043,31.43460464477539,0
1745923243.923281,0.18611988425254822,6.035121440887451,23.316932678222656,2.012974262237549,24.096837997436523,-12.71845817565918,31.5511474609375,0
1745923243.938711,0.1884719431400299,6.043922424316406,23.372678756713867,2.0205233097076416,24.08849334716797,-12.723143577575684,31.625595092773438,0
1745923243.9463465,0.18759940564632416,6.0458760261535645,23.39361572265625,2.026820659637451,24.082395553588867,-12.72911262512207,31.653911590576172,0
1745923243.9581914,0.18904098868370056,6.048569679260254,23.391267776489258,2.0267436504364014,24.0801944732666,-12.724072456359863,31.655622482299805,0
1745923243.9737139,0.18868058919906616,6.052685737609863,23.385103225708008,2.0257229804992676,24.08221435546875,-12.718193054199219,31.652191162109375,0
1745923243.9870648,0.1904066950082779,6.061619758605957,23.440738677978516,2.0238165855407715,24.090482711791992,-12.720888137817383,31.716581344604492,0
1745923243.9932234,0.19433309137821198,6.079317092895508,23.519655227661133,2.025838613510132,24.09261703491211,-12.719032287597656,31.819143295288086,0
1745923244.0061357,0.19911305606365204,6.10162353515625,23.606172561645508,2.0299792289733887,24.091379165649414,-12.713939666748047,31.9368896484375,0
1745923244.0169148,0.2028687447309494,6.117404937744141,23.67845916748047,2.0361225605010986,24.086029052734375,-12.713666915893555,32.034854888916016,0
1745923244.027749,0.20844538509845734,6.129620552062988,23.73487663269043,2.0435562133789062,24.073293685913086,-12.71146297454834,32.11650085449219,0
1745923244.0416064,0.21176481246948242,6.144320964813232,23.785966873168945,2.0529732704162598,24.06071662902832,-12.708170890808105,32.19502639770508,0
1745923244.050989,0.21163202822208405,6.151073455810547,23.82178497314453,2.0618515014648438,24.051799774169922,-12.712745666503906,32.246341705322266,0
1745923244.0626893,0.21022838354110718,6.152951240539551,23.848791122436523,2.067667245864868,24.048215866088867,-12.720675468444824,32.279640197753906,0
1745923244.0767918,0.2119544893503189,6.156289577484131,23.8898983001709,2.0812058448791504,24.029081344604492,-12.729386329650879,32.33934783935547,0
1745923244.0865605,0.21995903551578522,6.166798114776611,23.95322608947754,2.0928378105163574,24.00661849975586,-12.729249954223633,32.43281936645508,0
1745923244.098005,0.22483384609222412,6.182655334472656,24.051254272460938,2.104142427444458,23.994747161865234,-12.735544204711914,32.56288528442383,0
1745923244.112219,0.23247800767421722,6.207029342651367,24.18507957458496,2.1208584308624268,23.975414276123047,-12.740551948547363,32.745445251464844,0
1745923244.121984,0.24156375229358673,6.237852573394775,24.344051361083984,2.1392693519592285,23.955228805541992,-12.744147300720215,32.962738037109375,0
1745923244.1326263,0.2487526684999466,6.307275772094727,24.507568359375,2.1536166667938232,23.949913024902344,-12.710526466369629,33.21721267700195,0
1745923244.144196,0.2579711675643921,6.337586879730225,24.66529083251953,2.1686573028564453,23.934993743896484,-12.713505744934082,33.42950439453125,0
1745923244.155566,0.26563429832458496,6.364388942718506,24.81085205078125,2.185276985168457,23.918325424194336,-12.718915939331055,33.62615203857422,0
1745923244.1673687,0.27052807807922363,6.390034198760986,24.93890380859375,2.201935291290283,23.903779983520508,-12.72390365600586,33.8014030456543,0
1745923244.1799555,0.27515628933906555,6.411847114562988,25.051700592041016,2.2260851860046387,23.876035690307617,-12.731019020080566,33.96479034423828,0
1745923244.1897922,0.2800690531730652,6.4398064613342285,25.171167373657227,2.2382755279541016,23.867855072021484,-12.73043155670166,34.12931823730469,0
1745923244.2078445,0.28737178444862366,6.471065998077393,25.321533203125,2.250138521194458,23.860759735107422,-12.731619834899902,34.330108642578125,0
1745923244.218357,0.294996976852417,6.502344131469727,25.632247924804688,2.2635421752929688,23.870126724243164,-12.771042823791504,34.69313049316406,0
1745923244.2265317,0.3022807240486145,6.532124042510986,25.758102416992188,2.2764644622802734,23.858501434326172,-12.767894744873047,34.86897277832031,0
1745923244.2415652,0.3068141043186188,6.55530309677124,25.860172271728516,2.286998748779297,23.850997924804688,-12.767643928527832,35.0092887878418,0
1745923244.249717,0.31049391627311707,6.572317600250244,25.954288482666016,2.2961463928222656,23.84519386291504,-12.771949768066406,35.13324737548828,0
1745923244.2604108,0.3169810175895691,6.595913887023926,26.06892967224121,2.305910348892212,23.837594985961914,-12.77216625213623,35.28773498535156,0
1745923244.272684,0.32140061259269714,6.624973297119141,26.212032318115234,2.3174843788146973,23.834423065185547,-12.776167869567871,35.47589111328125,0
1745923244.2834768,0.3288930058479309,6.659627914428711,26.360591888427734,2.3275563716888428,23.83029556274414,-12.772833824157715,35.67667007446289,0
1745923244.29468,0.3359491527080536,6.6933722496032715,26.503543853759766,2.3399972915649414,23.822664260864258,-12.770059585571289,35.872859954833984,0
1745923244.307053,0.34438997507095337,6.723911285400391,26.644132614135742,2.3518216609954834,23.813365936279297,-12.768342971801758,36.06425476074219,0
1745923244.3180702,0.3486388325691223,6.75370979309082,26.76968765258789,2.361701250076294,23.811113357543945,-12.767378807067871,36.23373794555664,0
1745923244.3322473,0.35410165786743164,6.7823710441589355,26.886638641357422,2.3670356273651123,23.812501907348633,-12.76338005065918,36.39014434814453,0
1745923244.3459375,0.36060774326324463,6.8091349601745605,27.003068923950195,2.375894546508789,23.807125091552734,-12.760879516601562,36.5487060546875,0
1745923244.353199,0.3627890646457672,6.8555498123168945,27.09891700744629,2.3830199241638184,23.81024169921875,-12.739293098449707,36.70027542114258,0
1745923244.363911,0.36377543210983276,6.870989799499512,27.163585662841797,2.386467218399048,23.81312370300293,-12.739524841308594,36.78481674194336,0
1745923244.3754396,0.3694279193878174,6.890963554382324,27.22968864440918,2.392052173614502,23.807104110717773,-12.732135772705078,36.88213348388672,0
1745923244.3876822,0.372557669878006,6.9127197265625,27.312984466552734,2.398118495941162,23.806133270263672,-12.729416847229004,36.99637985229492,0
1745923244.3993773,0.37709105014801025,6.936373233795166,27.403654098510742,2.4024322032928467,23.806703567504883,-12.724967956542969,37.11954879760742,0
1745923244.4117086,0.38316085934638977,6.958375930786133,27.501588821411133,2.408036470413208,23.803970336914062,-12.722553253173828,37.25115966796875,0
1745923244.422575,0.3851904273033142,6.976794242858887,27.585628509521484,2.4122538566589355,23.806814193725586,-12.723649024963379,37.359867095947266,0
1745923244.4405324,0.38750454783439636,6.992992877960205,27.70730972290039,2.4151811599731445,23.814990997314453,-12.734501838684082,37.502986907958984,0
1745923244.4458194,0.38661304116249084,7.000599384307861,27.73480224609375,2.4194371700286865,23.814260482788086,-12.735458374023438,37.54145050048828,0
1745923244.4575934,0.38593021035194397,7.006232738494873,27.747896194458008,2.4208621978759766,23.815319061279297,-12.734206199645996,37.56092071533203,0
1745923244.4756298,0.390254944562912,7.015185832977295,27.764434814453125,2.4201881885528564,23.813127517700195,-12.725778579711914,37.590065002441406,0
1745923244.4801903,0.39141198992729187,7.023247241973877,27.77212905883789,2.418840169906616,23.81514549255371,-12.718908309936523,37.60562515258789,0
1745923244.4915845,0.3888133466243744,7.023284912109375,27.7557373046875,2.418050527572632,23.817996978759766,-12.71742057800293,37.58588409423828,0
1745923244.5076964,0.38714414834976196,7.017992973327637,27.712711334228516,2.4170684814453125,23.816272735595703,-12.71396255493164,37.534915924072266,0
1745923244.5180597,0.38111230731010437,7.0063276290893555,27.6348934173584,2.4123501777648926,23.821151733398438,-12.711631774902344,37.4346809387207,0
1745923244.5275397,0.3733353614807129,6.987681865692139,27.5285587310791,2.4047818183898926,23.828468322753906,-12.710201263427734,37.29435729980469,0
1745923244.5399945,0.36679133772850037,6.96431303024292,27.407733917236328,2.3953065872192383,23.83462905883789,-12.708267211914062,37.1341438293457,0
1745923244.5507677,0.36191654205322266,6.938573360443115,27.284151077270508,2.3783209323883057,23.84845733642578,-12.7046537399292,36.96296310424805,0
1745923244.563873,0.3544999957084656,6.912985324859619,27.152578353881836,2.3710412979125977,23.85143280029297,-12.703583717346191,36.79110336303711,0
1745923244.5747607,0.34579363465309143,6.8799238204956055,27.009029388427734,2.3632419109344482,23.85479736328125,-12.707735061645508,36.597991943359375,0
1745923244.5862172,0.3347921073436737,6.813744068145752,26.8638973236084,2.355384588241577,23.857606887817383,-12.744390487670898,36.36781692504883,0
1745923244.6000438,0.3238475024700165,6.767784118652344,26.696247100830078,2.3436176776885986,23.865711212158203,-12.75654125213623,36.13149642944336,0
1745923244.6091034,0.3098679780960083,6.713858127593994,26.484359741210938,2.3308303356170654,23.8737850189209,-12.768821716308594,35.83891677856445,0
1745923244.619965,0.29291045665740967,6.657806873321533,26.240398406982422,2.3144030570983887,23.887693405151367,-12.777894020080566,35.50551986694336,0
1745923244.631594,0.27673065662384033,6.602306365966797,25.981109619140625,2.2993240356445312,23.897008895874023,-12.782598495483398,35.15946960449219,0
1745923244.6435308,0.2626752555370331,6.5486836433410645,25.72591781616211,2.2880001068115234,23.8984432220459,-12.785359382629395,34.825279235839844,0
1745923244.6563,0.2466471940279007,6.496236324310303,25.244626998901367,2.2774274349212646,23.874845504760742,-12.734959602355957,34.26493835449219,0
1745923244.6656835,0.23414720594882965,6.44877815246582,25.024229049682617,2.2642741203308105,23.881492614746094,-12.737679481506348,33.97142791748047,0
1745923244.6773136,0.2214195877313614,6.404355049133301,24.82083511352539,2.256647825241089,23.882539749145508,-12.743155479431152,33.7032585144043,0
1745923244.68952,0.21011458337306976,6.363232135772705,24.643423080444336,2.2484824657440186,23.885839462280273,-12.750231742858887,33.46525192260742,0
1745923244.7058747,0.20294462144374847,6.32943058013916,24.492740631103516,2.2425894737243652,23.883398056030273,-12.752970695495605,33.267704010009766,0
1745923244.7125788,0.19668513536453247,6.296710968017578,24.356698989868164,2.237004518508911,23.88097381591797,-12.75743293762207,33.087100982666016,0
1745923244.72537,0.18888923525810242,6.265318393707275,24.234718322753906,2.2315351963043213,23.882688522338867,-12.765706062316895,32.92046356201172,0
1745923244.7430096,0.18445070087909698,6.243467330932617,24.128028869628906,2.229339838027954,23.877046585083008,-12.765436172485352,32.78528594970703,0
1745923244.7471945,0.17828604578971863,6.222564220428467,24.025047302246094,2.224987506866455,23.878108978271484,-12.766356468200684,32.65088653564453,0
1745923244.7600343,0.1711919605731964,6.197545528411865,23.916105270385742,2.2221755981445312,23.876934051513672,-12.771408081054688,32.50701904296875,0
1745923244.7761283,0.1635478138923645,6.175333499908447,23.814668655395508,2.219980239868164,23.876955032348633,-12.776213645935059,32.37352752685547,0
1745923244.7824438,0.15924204885959625,6.155037879943848,23.731952667236328,2.2151079177856445,23.8785457611084,-12.779642105102539,32.2613410949707,0
1745923244.7960649,0.15690895915031433,6.138061046600342,23.652326583862305,2.211833953857422,23.875213623046875,-12.778735160827637,32.15913009643555,0
1745923244.8095553,0.15152201056480408,6.10534143447876,23.563854217529297,2.2070772647857666,23.876033782958984,-12.79499340057373,32.027793884277344,0
1745923244.8171637,0.14691275358200073,6.085728168487549,23.460947036743164,2.1992392539978027,23.880435943603516,-12.792169570922852,31.8928279876709,0
1745923244.832307,0.14118437469005585,6.066058158874512,23.350292205810547,2.192941904067993,23.8831787109375,-12.78896713256836,31.750476837158203,0
1745923244.8426797,0.13714416325092316,6.050845623016357,23.250642776489258,2.18704891204834,23.884519577026367,-12.782134056091309,31.625682830810547,0
1745923244.8521855,0.13509561121463776,6.038896083831787,23.171241760253906,2.180443286895752,23.8868408203125,-12.774715423583984,31.525676727294922,0
1745923244.8673797,0.13450759649276733,6.028046131134033,23.098079681396484,2.1748006343841553,23.88612937927246,-12.766385078430176,31.435434341430664,0
1745923244.8752158,0.13183309137821198,6.019794940948486,22.96894645690918,2.171950340270996,23.877227783203125,-12.743446350097656,31.292526245117188,0
1745923244.8862681,0.12803946435451508,6.011506080627441,22.915061950683594,2.1668083667755127,23.883865356445312,-12.740896224975586,31.221416473388672,0
1745923244.8981,0.1281532645225525,6.0030083656311035,22.861774444580078,2.1631109714508057,23.88167381286621,-12.734869956970215,31.15604591369629,0
1745923244.9097526,0.1273566037416458,5.993485927581787,22.80466651916504,2.157949686050415,23.882789611816406,-12.729512214660645,31.083457946777344,0
1745923244.9208024,0.12462519854307175,5.9833760261535645,22.73994255065918,2.1527693271636963,23.886091232299805,-12.724833488464355,31.000713348388672,0
1745923244.9329581,0.12193170934915543,5.971027851104736,22.666929244995117,2.1463754177093506,23.889986038208008,-12.719985961914062,30.90626335144043,0
1745923244.9457767,0.11963657289743423,5.962264537811279,22.60814666748047,2.140829086303711,23.89417839050293,-12.714803695678711,30.83087730407715,0
1745923244.956645,0.1192382425069809,5.953444480895996,22.55310821533203,2.1324710845947266,23.900428771972656,-12.707831382751465,30.758262634277344,0
1745923244.9685326,0.11758801341056824,5.944396495819092,22.487022399902344,2.125153064727783,23.905559539794922,-12.69974422454834,30.67416000366211,0
1745923244.9792495,0.11159408092498779,5.931763648986816,22.41071319580078,2.118605136871338,23.914941787719727,-12.697781562805176,30.572675704956055,0
1745923244.9915047,0.10846433788537979,5.921255588531494,22.326580047607422,2.112750768661499,23.917560577392578,-12.68834400177002,30.469051361083984,0
1745923245.0089736,0.10671927034854889,5.904791355133057,22.220897674560547,2.1036031246185303,23.91976547241211,-12.677104949951172,30.33601188659668,0
1745923245.0145805,0.10104779899120331,5.885860919952393,22.10735511779785,2.095899820327759,23.924861907958984,-12.671123504638672,30.19016456604004,0
1745923245.0266466,0.09843020141124725,5.867822170257568,22.009010314941406,2.089101791381836,23.925350189208984,-12.665128707885742,30.064363479614258,0
1745923245.040666,0.09812670946121216,5.838630199432373,21.929012298583984,2.0809555053710938,23.92514419555664,-12.673755645751953,29.94672393798828,0
1745923245.049405,0.09383990615606308,5.819624423980713,21.843799591064453,2.075023889541626,23.928695678710938,-12.67460823059082,29.832286834716797,0
1745923245.0611863,0.08763732761144638,5.797298908233643,21.73824691772461,2.0704598426818848,23.929988861083984,-12.67608642578125,29.69364356994629,0
1745923245.073917,0.0833505317568779,5.772317886352539,21.616416931152344,2.0624868869781494,23.93131446838379,-12.672874450683594,29.53457260131836,0
1745923245.0833435,0.0798603966832161,5.751092433929443,21.487842559814453,2.0538978576660156,23.931921005249023,-12.662324905395508,29.372692108154297,0
1745923245.0962203,0.07288011908531189,5.7279133796691895,21.23959732055664,2.0441532135009766,23.92382049560547,-12.623270988464355,29.084543228149414,0
1745923245.1079373,0.06770182400941849,5.707162380218506,21.137939453125,2.0364112854003906,23.929758071899414,-12.62173080444336,28.949214935302734,0
1745923245.1192024,0.06498938053846359,5.687530040740967,21.030580520629883,2.0306146144866943,23.927154541015625,-12.614901542663574,28.8137149810791,0
1745923245.1303089,0.05766768008470535,5.66372537612915,20.89409065246582,2.0240089893341064,23.929609298706055,-12.609539985656738,28.639493942260742,0
1745923245.1427615,0.04696964845061302,5.632408618927002,20.731449127197266,2.0147266387939453,23.938337326049805,-12.608469009399414,28.425554275512695,0
1745923245.1545205,0.0377701036632061,5.597583293914795,20.553667068481445,2.004693031311035,23.943140029907227,-12.605050086975098,28.193714141845703,0
1745923245.1679757,0.02828604355454445,5.559305667877197,20.373964309692383,1.9924836158752441,23.95181655883789,-12.604833602905273,27.954038619995117,0
1745923245.177294,0.022557664662599564,5.518808364868164,20.193798065185547,1.9812368154525757,23.951404571533203,-12.602900505065918,27.716402053833008,0
1745923245.1889358,0.01294082123786211,5.47996187210083,19.996755599975586,1.9720698595046997,23.95216178894043,-12.59914779663086,27.461729049682617,0
1745923245.2007625,0.00026100120157934725,5.438080310821533,19.78322982788086,1.9588395357131958,23.963651657104492,-12.59650993347168,27.180410385131836,0
1745923245.2118607,0.01122458279132843,5.394263744354248,19.567617416381836,1.94345223903656,23.933286666870117,-12.565394401550293,26.91655921936035,0
1745923245.2231886,0.020860394462943077,5.35304594039917,19.357070922851562,1.931069254875183,23.900239944458008,-12.534631729125977,26.662044525146484,0
1745923245.2347138,0.027062973007559776,5.311942100524902,19.1700496673584,1.9178003072738647,23.87872314453125,-12.514760971069336,26.426855087280273,0
1745923245.2465546,0.03529514744877815,5.279051303863525,19.00951385498047,1.9047433137893677,23.857873916625977,-12.490108489990234,26.22860336303711,0
1745923245.2584438,0.044361915439367294,5.215394496917725,18.856857299804688,1.894709825515747,23.82535743713379,-12.507169723510742,26.011323928833008,0
1745923245.2749805,0.0541115365922451,5.181517124176025,18.70613670349121,1.883886694908142,23.797670364379883,-12.485349655151367,25.825651168823242,0
1745923245.2815278,0.05756373703479767,5.14898681640625,18.559049606323242,1.8727362155914307,23.783782958984375,-12.470775604248047,25.638336181640625,0
1745923245.2930686,0.06160394847393036,5.123891830444336,18.422895431518555,1.865533709526062,23.76352310180664,-12.450441360473633,25.47392463684082,0
1745923245.3089976,0.0675409734249115,5.101357936859131,18.30478858947754,1.854652762413025,23.750102996826172,-12.42881965637207,25.328340530395508,0
1745923245.315581,0.06797724217176437,5.0842108726501465,18.137174606323242,1.8420579433441162,23.743894577026367,-12.389586448669434,25.13142204284668,0
1745923245.3286226,0.06778755784034729,5.072109222412109,18.081483840942383,1.8370122909545898,23.743192672729492,-12.385095596313477,25.058391571044922,0
1745923245.3407934,0.07232094556093216,5.058679580688477,18.012699127197266,1.8322747945785522,23.72960090637207,-12.371626853942871,24.975975036621094,0
1745923245.351072,0.07495751231908798,5.0371317863464355,17.913516998291016,1.8265551328659058,23.715274810791016,-12.360600471496582,24.852161407470703,0
1745923245.362588,0.07878907769918442,5.012814521789551,17.795875549316406,1.8207969665527344,23.694686889648438,-12.345110893249512,24.708276748657227,0
1745923245.3755,0.08667982369661331,4.983546733856201,17.665494918823242,1.8109174966812134,23.67087745666504,-12.324697494506836,24.54663848876953,0
1745923245.3862739,0.09390667825937271,4.952230453491211,17.541969299316406,1.8001328706741333,23.650928497314453,-12.30983829498291,24.38823890686035,0
1745923245.3966975,0.09840212762355804,4.9310622215271,17.452472686767578,1.7938547134399414,23.63489532470703,-12.298429489135742,24.27579116821289,0
1745923245.4105036,0.09906601160764694,4.9189982414245605,17.41410255432129,1.78884756565094,23.635066986083984,-12.298518180847168,24.22101402282715,0
1745923245.420281,0.09504476934671402,4.917006492614746,17.414308547973633,1.7876535654067993,23.645864486694336,-12.30643367767334,24.214012145996094,0
1745923245.4331095,0.09237026423215866,4.918391227722168,17.427867889404297,1.7883468866348267,23.652774810791016,-12.31332015991211,24.22697639465332,0
1745923245.445912,0.09402049332857132,4.921331405639648,17.430437088012695,1.785265564918518,23.65681266784668,-12.306825637817383,24.231054306030273,0
1745923245.4576385,0.09309105575084686,4.920022487640381,17.414941787719727,1.7843027114868164,23.6578369140625,-12.303997993469238,24.212356567382812,0
1745923245.4775674,0.09142185747623444,4.915337562561035,17.39873695373535,1.7834938764572144,23.659378051757812,-12.30662727355957,24.188989639282227,0
1745923245.4799998,0.08893702924251556,4.917935848236084,17.408571243286133,1.782839059829712,23.668310165405273,-12.309770584106445,24.19828224182129,0
1745923245.48997,0.08793172240257263,4.9308342933654785,17.43254280090332,1.7832242250442505,23.67622184753418,-12.302156448364258,24.234533309936523,0
1745923245.5081387,0.08607283979654312,4.942044734954834,17.459716796875,1.7833012342453003,23.68685531616211,-12.299089431762695,24.271135330200195,0
1745923245.5128672,0.08561760932207108,4.944605350494385,17.484695434570312,1.7847070693969727,23.689720153808594,-12.305652618408203,24.299625396728516,0
1745923245.5244226,0.08417602628469467,4.948399066925049,17.50190544128418,1.7877113819122314,23.690120697021484,-12.30965805053711,24.322193145751953,0
1745923245.541961,0.08178604394197464,4.948474884033203,17.526639938354492,1.787865400314331,23.699262619018555,-12.321709632873535,24.344764709472656,0
1745923245.5481527,0.07816313207149506,4.953159809112549,17.54450225830078,1.790600061416626,23.70512580871582,-12.327593803405762,24.366424560546875,0
1745923245.5609648,0.07662671059370041,4.956820487976074,17.54841423034668,1.7961080074310303,23.698036193847656,-12.328039169311523,24.37796974182129,0
1745923245.5764449,0.07730956375598907,4.954127311706543,17.553070068359375,1.7988426685333252,23.69113540649414,-12.333415985107422,24.383350372314453,0
1745923245.5836587,0.07268133759498596,4.9554362297058105,17.578346252441406,1.797841191291809,23.70775604248047,-12.346569061279297,24.404306411743164,0
1745923245.5955894,0.07330729067325592,4.961278438568115,17.607587814331055,1.8000943660736084,23.70782470703125,-12.348896026611328,24.44226837158203,0
1745923245.6108937,0.07400910556316376,4.965735912322998,17.635190963745117,1.8015965223312378,23.70879364013672,-12.352152824401855,24.476531982421875,0
1745923245.6201813,0.06989302486181259,4.970306873321533,17.6666316986084,1.8025016784667969,23.72187042236328,-12.36294937133789,24.50933265686035,0
1745923245.6326594,0.06829970329999924,4.976850986480713,17.700716018676758,1.8054673671722412,23.726057052612305,-12.369254112243652,24.551334381103516,0
1745923245.6438835,0.0686221569776535,4.984438419342041,17.72394371032715,1.8084909915924072,23.724374771118164,-12.367733001708984,24.585494995117188,0
1745923245.6527765,0.06342488527297974,4.988023281097412,17.748455047607422,1.810127854347229,23.73674201965332,-12.379091262817383,24.610031127929688,0
1745923245.6663072,0.0613383948802948,4.992955207824707,17.782445907592773,1.8123811483383179,23.74312400817871,-12.38791561126709,24.649120330810547,0
1745923245.6781402,0.06046586111187935,5.001566410064697,17.81385040283203,1.8157320022583008,23.74482536315918,-12.389570236206055,24.69161605834961,0
1745923245.6868958,0.060750383883714676,5.006934642791748,17.830278396606445,1.8173496723175049,23.744596481323242,-12.388221740722656,24.715314865112305,0
1745923245.6991434,0.05803794041275978,5.012833595275879,17.84808349609375,1.8145188093185425,23.760272979736328,-12.389134407043457,24.73347282409668,0
1745923245.711145,0.05466161295771599,5.02590274810791,17.87864875793457,1.817176342010498,23.769241333007812,-12.387619018554688,24.776390075683594,0
1745923245.7250848,0.05189226567745209,5.035140037536621,17.92193603515625,1.8180623054504395,23.782119750976562,-12.394244194030762,24.827030181884766,0
1745923245.7342103,0.05012822896242142,5.044017314910889,17.963266372680664,1.818312644958496,23.79378318786621,-12.399079322814941,24.87572479248047,0
1745923245.7462695,0.046391505748033524,5.0572381019592285,18.0052490234375,1.8204888105392456,23.806339263916016,-12.401607513427734,24.929367065429688,0
1745923245.7583761,0.043982554227113724,5.077040672302246,18.135665893554688,1.8220101594924927,23.833293914794922,-12.42367935180664,25.078699111938477,0
1745923245.77584,0.038026560097932816,5.095212459564209,18.207487106323242,1.8237049579620361,23.856971740722656,-12.432509422302246,25.164430618286133,0
1745923245.780984,0.034138090908527374,5.10919189453125,18.268877029418945,1.8232812881469727,23.878204345703125,-12.439839363098145,25.235488891601562,0
1745923245.7917573,0.031975723803043365,5.117765426635742,18.30249786376953,1.8206043243408203,23.895021438598633,-12.4418363571167,25.272844314575195,0
1745923245.8092005,0.030610013753175735,5.122848987579346,18.310617446899414,1.8189481496810913,23.903366088867188,-12.439105987548828,25.28302574157715,0
1745923245.8143342,0.030268589034676552,5.126016616821289,18.319520950317383,1.8152891397476196,23.913532257080078,-12.43714427947998,25.291095733642578,0
1745923245.8273723,0.028428679332137108,5.133546829223633,18.33837127685547,1.8139795064926147,23.92424774169922,-12.435562133789062,25.314327239990234,0
1745923245.844054,0.025090288370847702,5.14513635635376,18.38523292541504,1.8120921850204468,23.9443359375,-12.43986988067627,25.367551803588867,0
1745923245.849909,0.021012138575315475,5.163118362426758,18.468658447265625,1.8124003410339355,23.968177795410156,-12.449759483337402,25.465190887451172,0
1745923245.8615935,0.018451441079378128,5.1848368644714355,18.558006286621094,1.8132669925689697,23.9891300201416,-12.454863548278809,25.574562072753906,0
1745923245.8758528,0.015226858668029308,5.19966983795166,18.612504959106445,1.8139410018920898,24.00514793395996,-12.458104133605957,25.641342163085938,0
1745923245.885057,0.013330045156180859,5.206972599029541,18.637855529785156,1.813729166984558,24.01449966430664,-12.459424018859863,25.671886444091797,0
1745923245.8959615,0.01154704112559557,5.212700843811035,18.64260482788086,1.811976671218872,24.023284912109375,-12.455280303955078,25.678829193115234,0
1745923245.9093106,0.011584977619349957,5.21097469329834,18.616304397583008,1.807855486869812,24.027223587036133,-12.447347640991211,25.646718978881836,0
1745923245.9278507,0.015985583886504173,5.203747749328613,18.56744956970215,1.8019431829452515,24.021595001220703,-12.43273639678955,25.58912467956543,0
1745923245.9419203,0.015720030292868614,5.194149971008301,18.519208908081055,1.7967820167541504,24.023639678955078,-12.42773151397705,25.525859832763672,0
1745923245.9434092,0.01344385463744402,5.193428993225098,18.48234748840332,1.7882505655288696,24.039838790893555,-12.416390419006348,25.47747039794922,0
1745923245.9581008,0.01331107784062624,5.193770885467529,18.452136993408203,1.780855417251587,24.05059051513672,-12.403428077697754,25.440073013305664,0
1745923245.9658616,0.01655462756752968,5.194700241088867,18.422931671142578,1.7739417552947998,24.053712844848633,-12.385721206665039,25.408126831054688,0
1745923245.9787524,0.018735963851213455,5.197185039520264,18.411197662353516,1.7690694332122803,24.057790756225586,-12.373953819274902,25.396188735961914,0
1745923246.0083313,0.01754097081720829,5.200561046600342,18.415481567382812,1.766951084136963,24.065771102905273,-12.371825218200684,25.40053367614746,0
1745923246.0093756,0.016725340858101845,5.202799320220947,18.399127960205078,1.7678754329681396,24.063358306884766,-12.364709854125977,25.38652801513672,0
1745923246.012477,0.017484067007899284,5.194908618927002,18.357704162597656,1.7663155794143677,24.057340621948242,-12.359451293945312,25.33641242980957,0
1745923246.0246074,0.01968437060713768,5.185462474822998,18.30544090270996,1.7664889097213745,24.042829513549805,-12.351207733154297,25.277076721191406,0
1745923246.0416286,0.023174505680799484,5.1729817390441895,18.232072830200195,1.7627720832824707,24.029813766479492,-12.336647033691406,25.19099998474121,0
1745923246.0477307,0.03055310994386673,5.153690814971924,18.130451202392578,1.7571871280670166,24.006940841674805,-12.315441131591797,25.071882247924805,0
1745923246.0595484,0.034517452120780945,5.1318206787109375,18.038774490356445,1.75079345703125,23.993839263916016,-12.305216789245605,24.95590591430664,0
1745923246.0759442,0.0347261019051075,5.12191915512085,17.99584197998047,1.7438989877700806,23.999300003051758,-12.300782203674316,24.896385192871094,0
1745923246.0822868,0.034783005714416504,5.120553493499756,17.98394012451172,1.7389496564865112,24.00739288330078,-12.296640396118164,24.878225326538086,0
1745923246.093952,0.03567450866103172,5.1221089363098145,17.984983444213867,1.7382371425628662,24.007431030273438,-12.293481826782227,24.881004333496094,0
1745923246.1083302,0.03216540440917015,5.131669044494629,18.01862144470215,1.7390459775924683,24.019989013671875,-12.297432899475098,24.9215030670166,0
1745923246.117227,0.028011379763484,5.145022392272949,18.070234298706055,1.7413569688796997,24.034175872802734,-12.303956985473633,24.9846248626709,0
1745923246.129417,0.02803034894168377,5.1554741859436035,18.105846405029297,1.7444382905960083,24.035030364990234,-12.303466796875,25.033788681030273,0
1745923246.1427064,0.02711987867951393,5.156801700592041,18.10972023010254,1.7417999505996704,24.043228149414062,-12.303340911865234,25.035442352294922,0
1745923246.1512108,0.028618359938263893,5.151907920837402,18.07064437866211,1.7369276285171509,24.043292999267578,-12.292570114135742,24.98809814453125,0
1745923246.1654675,0.03343626856803894,5.112795829772949,17.986156463623047,1.729570984840393,24.02893829345703,-12.306325912475586,24.86195945739746,0
1745923246.176718,0.04147876054048538,5.083926200866699,17.863096237182617,1.7212321758270264,24.005146026611328,-12.288169860839844,24.709732055664062,0
1745923246.188004,0.05139909312129021,5.056175708770752,17.720144271850586,1.7096002101898193,23.980979919433594,-12.257474899291992,24.53731918334961,0
1745923246.1996899,0.05655842646956444,5.035709381103516,17.595407485961914,1.7041887044906616,23.957592010498047,-12.231697082519531,24.391864776611328,0
1745923246.2112055,0.05982094630599022,5.014218330383301,17.382104873657227,1.696889877319336,23.92698097229004,-12.176692962646484,24.153034210205078,0
1745923246.22175,0.06801518052816391,4.98933219909668,17.270591735839844,1.6878962516784668,23.905574798583984,-12.155478477478027,24.01583480834961,0
1745923246.2344081,0.07372459024190903,4.966987609863281,17.159786224365234,1.6813677549362183,23.8845272064209,-12.13511848449707,23.881866455078125,0
1745923246.2449312,0.07922534644603729,4.948929786682129,17.053415298461914,1.673683762550354,23.86774253845215,-12.110071182250977,23.755252838134766,0
1745923246.256047,0.0854848325252533,4.924593925476074,16.93810272216797,1.6668086051940918,23.844655990600586,-12.089418411254883,23.614990234375,0
1745923246.2692192,0.08910774439573288,4.898266315460205,16.821226119995117,1.6574491262435913,23.831968307495117,-12.073500633239746,23.466049194335938,0
1745923246.2808075,0.09311001747846603,4.873208999633789,16.717592239379883,1.649572491645813,23.817588806152344,-12.060684204101562,23.33348274230957,0
1745923246.2911732,0.09593626856803894,4.855967044830322,16.629770278930664,1.6406751871109009,23.812213897705078,-12.043974876403809,23.222347259521484,0
1745923246.308556,0.10052656382322311,4.83969259262085,16.54979133605957,1.6332800388336182,23.801069259643555,-12.026830673217773,23.123289108276367,0
1745923246.317462,0.10460470616817474,4.82466983795166,16.478939056396484,1.6274833679199219,23.789274215698242,-12.012663841247559,23.03569793701172,0
1745923246.326072,0.10564795881509781,4.814142227172852,16.430904388427734,1.6227073669433594,23.786958694458008,-12.005633354187012,22.97340202331543,0
1745923246.341056,0.10513582080602646,4.8089070320129395,16.40292739868164,1.6165640354156494,23.795883178710938,-12.00052261352539,22.933534622192383,0
1745923246.3509836,0.10762064158916473,4.804715156555176,16.36016273498535,1.6117494106292725,23.79253387451172,-11.984272956848145,22.884248733520508,0
1745923246.361335,0.11063657701015472,4.792120456695557,16.270889282226562,1.6049320697784424,23.782358169555664,-11.960111618041992,22.778579711914062,0
1745923246.3763654,0.11515099555253983,4.764350891113281,16.128829956054688,1.5964584350585938,23.75974464416504,-11.933821678161621,22.60478973388672,0
1745923246.3846834,0.12431260198354721,4.6807966232299805,15.938735008239746,1.5816681385040283,23.7208194732666,-11.960360527038574,22.325511932373047,0
1745923246.3965483,0.13825416564941406,4.63280725479126,15.722843170166016,1.563488483428955,23.679563522338867,-11.915310859680176,22.057392120361328,0
1745923246.4075842,0.14697951078414917,4.595913887023926,15.528651237487793,1.5470612049102783,23.65204429626465,-11.87010669708252,21.818607330322266,0
1745923246.4188511,0.1499195694923401,4.570743083953857,15.38841724395752,1.536449909210205,23.637128829956055,-11.840241432189941,21.64552879333496,0
1745923246.442145,0.15395978093147278,4.5448899269104,15.156209945678711,1.5297480821609497,23.59090232849121,-11.771407127380371,21.384809494018555,0
1745923246.4431663,0.16204021871089935,4.501300811767578,14.980307579040527,1.522314429283142,23.543607711791992,-11.74644947052002,21.16596221923828,0
1745923246.45395,0.17114491760730743,4.449214458465576,14.761007308959961,1.5030755996704102,23.510709762573242,-11.708151817321777,20.884441375732422,0
1745923246.4749913,0.1849537193775177,4.384134769439697,14.491044998168945,1.4934464693069458,23.42705535888672,-11.663344383239746,20.553579330444336,0
1745923246.480202,0.19978679716587067,4.305455207824707,14.168241500854492,1.47881019115448,23.335451126098633,-11.610490798950195,20.152292251586914,0
1745923246.488516,0.2136145681142807,4.214370250701904,13.798035621643066,1.4587817192077637,23.2423095703125,-11.552337646484375,19.684803009033203,0
1745923246.5103052,0.23098938167095184,4.109438419342041,13.382941246032715,1.4400242567062378,23.116901397705078,-11.487177848815918,19.163393020629883,0
1745923246.5113134,0.25240442156791687,3.9916841983795166,12.929067611694336,1.4195528030395508,22.964176177978516,-11.412817001342773,18.592708587646484,0
1745923246.5277655,0.2726813554763794,3.8605573177337646,12.445170402526855,1.3951141834259033,22.80365753173828,-11.341568946838379,17.97352409362793,0
1745923246.5463336,0.28922155499458313,3.722602128982544,11.939311981201172,1.369693398475647,22.636558532714844,-11.272024154663086,17.320829391479492,0
1745923246.5468416,0.3063497841358185,3.5832622051239014,11.433026313781738,1.347565770149231,22.44402313232422,-11.200257301330566,16.670204162597656,0
1745923246.558993,0.32448333501815796,3.445155382156372,10.966357231140137,1.3245329856872559,22.250194549560547,-11.141990661621094,16.060529708862305,0
1745923246.5807135,0.33552277088165283,3.322317600250244,10.559979438781738,1.30577552318573,22.07916259765625,-11.103497505187988,15.523594856262207,0
1745923246.5847604,0.3439067006111145,3.213175058364868,10.211211204528809,1.2882505655288696,21.929492950439453,-11.077574729919434,15.056544303894043,0
1745923246.5938258,0.3498626947402954,3.1147494316101074,9.915173530578613,1.272689938545227,21.798797607421875,-11.069002151489258,14.652475357055664,0
1745923246.6078105,0.35458576679229736,3.0362212657928467,9.661285400390625,1.2623869180679321,21.674203872680664,-11.05105972290039,14.31447982788086,0
1745923246.6176753,0.358550101518631,2.906327486038208,9.447647094726562,1.250889778137207,21.545372009277344,-11.179705619812012,13.963414192199707,0
1745923246.628427,0.3634248971939087,2.8491384983062744,9.262097358703613,1.2414532899856567,21.447620391845703,-11.162835121154785,13.716114044189453,0
1745923246.6414323,0.3651699721813202,2.8012630939483643,9.094557762145996,1.2347321510314941,21.361263275146484,-11.145751953125,13.495723724365234,0
1745923246.651734,0.36549243330955505,2.7620747089385986,8.85439682006836,1.2266051769256592,21.25002670288086,-11.055105209350586,13.208569526672363,0
1745923246.662925,0.3679772615432739,2.731820583343506,8.783489227294922,1.223369836807251,21.20075225830078,-11.066763877868652,13.106657028198242,0
1745923246.6752245,0.36532172560691833,2.7111454010009766,8.73629093170166,1.218824863433838,21.192523956298828,-11.084735870361328,13.03158187866211,0
1745923246.687079,0.3663270175457001,2.6959707736968994,8.701144218444824,1.2163790464401245,21.171586990356445,-11.091041564941406,12.97982120513916,0
1745923246.697826,0.36778756976127625,2.6824464797973633,8.673578262329102,1.2131245136260986,21.156719207763672,-11.097360610961914,12.936936378479004,0
1745923246.710028,0.3694378137588501,2.6696619987487793,8.65018367767334,1.2086373567581177,21.14833641052246,-11.10366153717041,12.897920608520508,0
1745923246.721265,0.36790138483047485,2.6583759784698486,8.628931999206543,1.2059218883514404,21.147249221801758,-11.117225646972656,12.86113166809082,0
1745923246.7333448,0.3670288622379303,2.652059555053711,8.611088752746582,1.1999518871307373,21.16055679321289,-11.1168794631958,12.830129623413086,0
1745923246.7443616,0.36532172560691833,2.649954080581665,8.619861602783203,1.1934425830841064,21.195598602294922,-11.128168106079102,12.828579902648926,0
1745923246.7565947,0.3605227768421173,2.660121202468872,8.671175003051758,1.1930959224700928,21.247713088989258,-11.153830528259277,12.884915351867676,0
1745923246.7680368,0.3541874289512634,2.67812180519104,8.75506591796875,1.1959075927734375,21.314069747924805,-11.190693855285645,12.983283042907715,0
1745923246.7791278,0.349028080701828,2.703425407409668,8.853838920593262,1.199123740196228,21.384681701660156,-11.217552185058594,13.105415344238281,0
1745923246.7918837,0.34593629837036133,2.728273630142212,8.945700645446777,1.2028213739395142,21.440807342529297,-11.235238075256348,13.222732543945312,0
1745923246.8067808,0.3431290090084076,2.748645305633545,9.015565872192383,1.2049397230148315,21.487829208374023,-11.24551010131836,13.31227970123291,0
1745923246.8141117,0.3416684567928314,2.762814521789551,9.056729316711426,1.2043042182922363,21.52254867553711,-11.244426727294922,13.365516662597656,0
1745923246.825753,0.34123218059539795,2.766627073287964,9.07229995727539,1.2023783922195435,21.540674209594727,-11.246238708496094,13.382536888122559,0
1745923246.841428,0.3398095667362213,2.77565598487854,9.076528549194336,1.1919019222259521,21.591114044189453,-11.223358154296875,13.383895874023438,0
1745923246.848194,0.3368126153945923,2.7777044773101807,9.076696395874023,1.1865674257278442,21.62306022644043,-11.221866607666016,13.37778091430664,0
1745923246.8596764,0.3363763391971588,2.7854626178741455,9.083476066589355,1.1839097738265991,21.641450881958008,-11.207256317138672,13.3892240524292,0
1745923246.8767953,0.3359590470790863,2.79272723197937,9.116703987121582,1.1793649196624756,21.67898178100586,-11.211753845214844,13.424755096435547,0
1745923246.8829458,0.33370184898376465,2.803102970123291,9.155017852783203,1.1767842769622803,21.71967315673828,-11.218305587768555,13.468606948852539,0
1745923246.8952966,0.33201366662979126,2.8196051120758057,9.225069046020508,1.1721237897872925,21.78309440612793,-11.230287551879883,13.548811912536621,0
1745923246.9119563,0.3253748416900635,2.840280532836914,9.308606147766113,1.1700631380081177,21.862319946289062,-11.255471229553223,13.64432430267334,0
1745923246.9183004,0.32142946124076843,2.8664565086364746,9.393651008605957,1.1702364683151245,21.925634384155273,-11.263712882995605,13.751773834228516,0
1745923246.9298851,0.31761685013771057,2.890470027923584,9.471320152282715,1.1669241189956665,21.99593162536621,-11.268927574157715,13.846331596374512,0
1745923246.9416435,0.31166085600852966,2.9100451469421387,9.541036605834961,1.166269302368164,22.058151245117188,-11.285624504089355,13.929012298583984,0
1745923246.9533708,0.3083224892616272,2.932086229324341,9.619451522827148,1.1613006591796875,22.13037872314453,-11.293444633483887,14.021161079406738,0
1745923246.964871,0.3038080632686615,2.9573328495025635,9.711705207824707,1.1589704751968384,22.203460693359375,-11.30783462524414,14.131816864013672,0
1745923246.9763296,0.29656222462654114,2.9840967655181885,9.822714805603027,1.1609926223754883,22.277833938598633,-11.340428352355957,14.264366149902344,0
1745923246.9875026,0.2938308119773865,3.0105953216552734,9.935586929321289,1.165229320526123,22.32794189453125,-11.36559772491455,14.405242919921875,0
1745923247.0002372,0.2909097373485565,3.038478374481201,10.047266960144043,1.1700246334075928,22.375873565673828,-11.387200355529785,14.546680450439453,0
1745923247.0108845,0.28588318824768066,3.0674049854278564,10.15537166595459,1.1723356246948242,22.43769073486328,-11.406774520874023,14.680994987487793,0
1745923247.0237865,0.27992719411849976,3.094036102294922,10.250604629516602,1.1731829643249512,22.50090980529785,-11.423785209655762,14.797750473022461,0
1745923247.0342343,0.27691125869750977,3.1167409420013428,10.334569931030273,1.175012469291687,22.54429054260254,-11.436077117919922,14.903234481811523,0
1745923247.0457463,0.2756783068180084,3.133812427520752,10.407751083374023,1.1745887994766235,22.582717895507812,-11.448225021362305,14.991830825805664,0
1745923247.057312,0.27252960205078125,3.149252414703369,10.473555564880371,1.174261450767517,22.623594284057617,-11.463258743286133,15.069599151611328,0
1745923247.0748088,0.2695326507091522,3.188744068145752,10.547760963439941,1.177130937576294,22.664278030395508,-11.433642387390137,15.183168411254883,0
1745923247.0830312,0.26687711477279663,3.2086985111236572,10.628540992736816,1.181252121925354,22.694583892822266,-11.450072288513184,15.285368919372559,0
1745923247.0927653,0.26071247458457947,3.2324655055999756,10.811297416687012,1.1843719482421875,22.77528953552246,-11.52779769897461,15.488847732543945,0
1745923247.1083853,0.255932480096817,3.260690212249756,10.914484024047852,1.1891095638275146,22.81938362121582,-11.544424057006836,15.620216369628906,0
1745923247.1155734,0.24917982518672943,3.2887251377105713,11.020166397094727,1.1908042430877686,22.879690170288086,-11.56491470336914,15.748875617980957,0
1745923247.1275156,0.2416115403175354,3.3181257247924805,11.124917984008789,1.1944825649261475,22.935413360595703,-11.584567070007324,15.879137992858887,0
1745923247.1435423,0.23741957545280457,3.3446621894836426,11.23169994354248,1.1971979141235352,22.982282638549805,-11.603484153747559,16.01097869873047,0
1745923247.1518831,0.23502959311008453,3.372222900390625,11.337848663330078,1.1997207403182983,23.023418426513672,-11.615901947021484,16.144821166992188,0
1745923247.1615171,0.23068588972091675,3.39898681640625,11.434795379638672,1.2056137323379517,23.056398391723633,-11.630270004272461,16.270082473754883,0
1745923247.1762347,0.22552655637264252,3.422203779220581,11.51922607421875,1.2069040536880493,23.100967407226562,-11.643339157104492,16.373859405517578,0
1745923247.1846542,0.22137252986431122,3.4429171085357666,11.595647811889648,1.2070003747940063,23.142454147338867,-11.653989791870117,16.466938018798828,0
1745923247.1990435,0.21847040951251984,3.46264386177063,11.670281410217285,1.2078477144241333,23.17647933959961,-11.663414001464844,16.55924415588379,0
1745923247.2095501,0.21553035080432892,3.483698606491089,11.747187614440918,1.2095232009887695,23.208736419677734,-11.671937942504883,16.655941009521484,0
1745923247.2199025,0.21365250647068024,3.503899574279785,11.824819564819336,1.217746376991272,23.217315673828125,-11.684004783630371,16.76011848449707,0
1745923247.2316625,0.2103710174560547,3.5205914974212646,11.905841827392578,1.2205581665039062,23.24646759033203,-11.704333305358887,16.857362747192383,0
1745923247.2457001,0.20697572827339172,3.538630247116089,11.98006534576416,1.2225995063781738,23.276439666748047,-11.717906951904297,16.948270797729492,0
1745923247.2543771,0.20437708497047424,3.555986166000366,12.036352157592773,1.2246601581573486,23.29849624633789,-11.721356391906738,17.02137565612793,0
1745923247.266277,0.20363733172416687,3.5639147758483887,12.069245338439941,1.2234275341033936,23.315675735473633,-11.724788665771484,17.060224533081055,0
1745923247.2780735,0.2042253464460373,3.571312427520752,12.097631454467773,1.2227920293807983,23.32562255859375,-11.724559783935547,17.09596061706543,0
1745923247.2894492,0.20117147266864777,3.597810745239258,12.13454818725586,1.2223683595657349,23.35330581665039,-11.699567794799805,17.155899047851562,0
1745923247.3094833,0.19955918192863464,3.615375280380249,12.18824577331543,1.223138689994812,23.375038146972656,-11.69869613647461,17.226318359375,0
1745923247.3146136,0.19405841827392578,3.6350831985473633,12.32989501953125,1.2281458377838135,23.419418334960938,-11.750431060791016,17.387182235717773,0
1745923247.3267694,0.19047345221042633,3.6564223766326904,12.393594741821289,1.2303026914596558,23.44591522216797,-11.752015113830566,17.470792770385742,0
1745923247.3420143,0.19125114381313324,3.6680119037628174,12.440550804138184,1.2299176454544067,23.459970474243164,-11.753477096557617,17.52973175048828,0
1745923247.34715,0.19227541983127594,3.6763198375701904,12.47834300994873,1.2313041687011719,23.46482276916504,-11.756697654724121,17.578243255615234,0
1745923247.360664,0.18840591609477997,3.6852729320526123,12.511012077331543,1.2340196371078491,23.478906631469727,-11.765809059143066,17.618711471557617,0
1745923247.37702,0.19016996026039124,3.692291021347046,12.536623001098633,1.2344046831130981,23.480995178222656,-11.763108253479004,17.65349006652832,0
1745923247.3833513,0.1918201893568039,3.695155382156372,12.544855117797852,1.2320938110351562,23.485761642456055,-11.757830619812012,17.663925170898438,0
1745923247.3941379,0.1910993903875351,3.6966917514801025,12.545376777648926,1.2294553518295288,23.496078491210938,-11.755209922790527,17.66262435913086,0
1745923247.407437,0.18990440666675568,3.6947758197784424,12.544761657714844,1.2263163328170776,23.508075714111328,-11.759017944335938,17.655757904052734,0
1745923247.4181075,0.19015099108219147,3.694149971008301,12.548208236694336,1.2247563600540161,23.51262664794922,-11.760706901550293,17.657264709472656,0
1745923247.4308507,0.1922943890094757,3.697089910507202,12.554708480834961,1.2267206907272339,23.503047943115234,-11.755709648132324,17.670812606811523,0
1745923247.4424896,0.19276858866214752,3.7005233764648438,12.557334899902344,1.224833369255066,23.50870704650879,-11.748854637145996,17.675458908081055,0
1745923247.4518504,0.19089074432849884,3.7028563022613525,12.556291580200195,1.2228498458862305,23.52028465270996,-11.74642562866211,17.672889709472656,0
1745923247.4639752,0.19354628026485443,3.698967933654785,12.545916557312012,1.2223106622695923,23.5104923248291,-11.742993354797363,17.660741806030273,0
1745923247.4770916,0.19544309377670288,3.69210147857666,12.521479606628418,1.2202500104904175,23.50300407409668,-11.738310813903809,17.6292724609375,0
1745923247.486579,0.19724507629871368,3.685197114944458,12.488531112670898,1.2165716886520386,23.498308181762695,-11.728519439697266,17.58754539489746,0
1745923247.4990814,0.1988004595041275,3.6784822940826416,12.464801788330078,1.211603045463562,23.500511169433594,-11.722981452941895,17.553688049316406,0
1745923247.5108652,0.20158876478672028,3.6692826747894287,12.446566581726074,1.2087913751602173,23.493534088134766,-11.723812103271484,17.526229858398438,0
1745923247.522471,0.20454780757427216,3.6638200283050537,12.428071975708008,1.2066344022750854,23.485010147094727,-11.717547416687012,17.503074645996094,0
1745923247.533483,0.20532549917697906,3.658015727996826,12.372604370117188,1.2066730260849,23.466739654541016,-11.697477340698242,17.44261932373047,0
1745923247.5444393,0.20524962246418,3.6533114910125732,12.349973678588867,1.2015502452850342,23.474990844726562,-11.691627502441406,17.410083770751953,0
1745923247.5562973,0.2075258046388626,3.649480104446411,12.337661743164062,1.1976794004440308,23.475509643554688,-11.68588924407959,17.39234733581543,0
1745923247.568804,0.20689985156059265,3.6509406566619873,12.336153030395508,1.1972557306289673,23.478605270385742,-11.6832857131958,17.39124870300293,0
1745923247.5812182,0.20648254454135895,3.654411792755127,12.349508285522461,1.1952913999557495,23.490018844604492,-11.683648109436035,17.40569496154785,0
1745923247.5914676,0.20517374575138092,3.659627914428711,12.37251091003418,1.19454026222229,23.503406524658203,-11.688215255737305,17.431852340698242,0
1745923247.6082506,0.20280273258686066,3.6652615070343018,12.392496109008789,1.1977564096450806,23.507511138916016,-11.694480895996094,17.458316802978516,0
1745923247.6150146,0.20456676185131073,3.6676135063171387,12.396742820739746,1.1957920789718628,23.509798049926758,-11.687992095947266,17.46471405029297,0
1745923247.6261246,0.20528756082057953,3.6639907360076904,12.385231971740723,1.1968320608139038,23.50070571899414,-11.68783950805664,17.451343536376953,0
1745923247.642369,0.20449090003967285,3.6611833572387695,12.365973472595215,1.1961772441864014,23.49930191040039,-11.683960914611816,17.427824020385742,0
1745923247.6489716,0.20454780757427216,3.6561567783355713,12.353456497192383,1.196292757987976,23.49425506591797,-11.686653137207031,17.41045379638672,0
1745923247.6627123,0.2064446210861206,3.654468536376953,12.349471092224121,1.1952720880508423,23.490196228027344,-11.683582305908203,17.405656814575195,0
1745923247.67669,0.20727920532226562,3.656536102294922,12.355076789855957,1.1980260610580444,23.481571197509766,-11.682608604431152,17.41691780090332,0
1745923247.6847494,0.2083224654197693,3.658470869064331,12.366456985473633,1.1990660429000854,23.478870391845703,-11.683664321899414,17.432315826416016,0
1745923247.698067,0.20724128186702728,3.660804033279419,12.381451606750488,1.2002792358398438,23.48297119140625,-11.689972877502441,17.44977569580078,0
1745923247.7102458,0.20473748445510864,3.6674997806549072,12.407434463500977,1.203033208847046,23.490678787231445,-11.697437286376953,17.482704162597656,0
1745923247.7191398,0.20395979285240173,3.6711795330047607,12.436620712280273,1.2057678699493408,23.493383407592773,-11.70897102355957,17.517528533935547,0
1745923247.7307086,0.20424431562423706,3.6765475273132324,12.467352867126465,1.2082328796386719,23.494586944580078,-11.716009140014648,17.556377410888672,0
1745923247.7436593,0.20354248583316803,3.681915521621704,12.494193077087402,1.2097735404968262,23.500385284423828,-11.722309112548828,17.58942413330078,0
1745923247.7540462,0.20134218037128448,3.685405731201172,12.50834846496582,1.2139333486557007,23.49915885925293,-11.729560852050781,17.60902976989746,0
1745923247.7678876,0.2004886269569397,3.684210777282715,12.51511001586914,1.2140295505523682,23.50279998779297,-11.736978530883789,17.61383819580078,0
1745923247.7784383,0.20276479423046112,3.6846847534179688,12.521498680114746,1.2150888442993164,23.494800567626953,-11.735783576965332,17.624038696289062,0
1745923247.7892056,0.2025940865278244,3.687150716781616,12.52734661102295,1.2215403318405151,23.478586196899414,-11.737985610961914,17.63863182067871,0
1745923247.8002982,0.20107662677764893,3.6898441314697266,12.534647941589355,1.222522497177124,23.482707977294922,-11.740152359008789,17.648090362548828,0
1745923247.812814,0.1981934756040573,3.691171884536743,12.542210578918457,1.2229076623916626,23.49226951599121,-11.747203826904297,17.654483795166016,0
1745923247.8242285,0.2006024271249771,3.6910581588745117,12.542638778686523,1.2254111766815186,23.478023529052734,-11.744483947753906,17.659709930419922,0
1745923247.8351028,0.1993505358695984,3.6896355152130127,12.537796020507812,1.2299561500549316,23.466819763183594,-11.749285697937012,17.65673828125,0
1745923247.8481336,0.19715023040771484,3.6869800090789795,12.527402877807617,1.2324596643447876,23.46257972717285,-11.75416374206543,17.643993377685547,0
1745923247.859011,0.19955918192863464,3.6838691234588623,12.521312713623047,1.2326136827468872,23.452733993530273,-11.752354621887207,17.63735580444336,0
1745923247.875147,0.20071624219417572,3.6820671558380127,12.516730308532715,1.2321323156356812,23.449119567871094,-11.750897407531738,17.63164520263672,0
1745923247.882152,0.20153187215328217,3.682162046432495,12.512614250183105,1.2333840131759644,23.442049026489258,-11.747703552246094,17.62969207763672,0
1745923247.8938494,0.20132321119308472,3.679810047149658,12.509317398071289,1.2366771697998047,23.431583404541016,-11.752458572387695,17.62712860107422,0
1745923247.909287,0.20153187215328217,3.6762819290161133,12.503114700317383,1.2379289865493774,23.424800872802734,-11.756031036376953,17.61885643005371,0
1745923247.9210403,0.20179742574691772,3.6747264862060547,12.497955322265625,1.2385259866714478,23.4205379486084,-11.756035804748535,17.613004684448242,0
1745923247.928172,0.20194916427135468,3.6741576194763184,12.500284194946289,1.2377749681472778,23.422744750976562,-11.757637977600098,17.614166259765625,0
1745923247.9419794,0.20083004236221313,3.6774768829345703,12.520678520202637,1.2412991523742676,23.421886444091797,-11.766085624694824,17.640283584594727,0
1745923247.9511056,0.20065933465957642,3.6824467182159424,12.545879364013672,1.2439568042755127,23.422466278076172,-11.77174186706543,17.672943115234375,0
1745923247.9632418,0.20092488825321198,3.690413236618042,12.575662612915039,1.2449004650115967,23.4287109375,-11.772521018981934,17.71190071105957,0
1745923247.9767723,0.19764339923858643,3.700561285018921,12.61617374420166,1.2518526315689087,23.431119918823242,-11.784506797790527,17.7662296295166,0
1745923247.986217,0.19631563127040863,3.712435245513916,12.721949577331543,1.2548569440841675,23.45635223388672,-11.821224212646484,17.885557174682617,0
1745923248.0017035,0.19383080303668976,3.720686435699463,12.77203369140625,1.2593826055526733,23.46527099609375,-11.838608741760254,17.945932388305664,0
1745923248.0094585,0.1907390058040619,3.731820583343506,12.816828727722168,1.263369083404541,23.476802825927734,-11.848764419555664,18.002756118774414,0
1745923248.0215075,0.18943019211292267,3.7388010025024414,12.859538078308105,1.2637157440185547,23.49199676513672,-11.860269546508789,18.051485061645508,0
1745923248.033856,0.1890508383512497,3.7449655532836914,12.912528038024902,1.264794111251831,23.50473403930664,-11.877058982849121,18.111337661743164,0
1745923248.0447774,0.1856745034456253,3.7575604915618896,12.980661392211914,1.273826241493225,23.508665084838867,-11.899087905883789,18.197723388671875,0
1745923248.0556061,0.18093247711658478,3.7750301361083984,13.05540657043457,1.2785444259643555,23.53137969970703,-11.915735244750977,18.289913177490234,0
1745923248.07539,0.17913049459457397,3.7912099361419678,13.12968635559082,1.2823575735092163,23.5477294921875,-11.928580284118652,18.38238525390625,0
1745923248.0784235,0.17765098810195923,3.8023252487182617,13.189494132995605,1.2875380516052246,23.554502487182617,-11.943330764770508,18.457008361816406,0
1745923248.090299,0.17414188385009766,3.8117902278900146,13.230079650878906,1.2913897037506104,23.56557273864746,-11.954476356506348,18.507400512695312,0
1745923248.1019588,0.17361077666282654,3.8204588890075684,13.269510269165039,1.2939702272415161,23.57137107849121,-11.960501670837402,18.55755043029785,0
1745923248.113921,0.17251062393188477,3.8307394981384277,13.310486793518066,1.295145034790039,23.583362579345703,-11.964717864990234,18.6088809967041,0
1745923248.1265967,0.16993094980716705,3.843599796295166,13.358672142028809,1.2961465120315552,23.602163314819336,-11.970369338989258,18.668350219726562,0
1745923248.1417606,0.16572003066539764,3.8614490032196045,13.42209243774414,1.2980530261993408,23.62757110595703,-11.977849006652832,18.747314453125,0
1745923248.1493971,0.1629696488380432,3.8772494792938232,13.488754272460938,1.3019816875457764,23.64348793029785,-11.988816261291504,18.83095359802246,0
1745923248.1601243,0.1611676812171936,3.8931825160980225,13.547928810119629,1.3025208711624146,23.664243698120117,-11.992619514465332,18.904800415039062,0
1745923248.1764362,0.1577344387769699,3.90463924407959,13.58761978149414,1.3012498617172241,23.68877410888672,-11.996912956237793,18.951244354248047,0
1745923248.1836526,0.1594795137643814,3.908452033996582,13.603619575500488,1.302097201347351,23.68621253967285,-11.995241165161133,18.973648071289062,0
1745923248.194997,0.1599157750606537,3.913630247116089,13.604923248291016,1.3018276691436768,23.68722915649414,-11.985971450805664,18.980297088623047,0
1745923248.2090142,0.16065554320812225,3.917480707168579,13.615633010864258,1.3016735315322876,23.688941955566406,-11.983010292053223,18.99544334411621,0
1745923248.2188525,0.16160394251346588,3.9184861183166504,13.607922554016113,1.300710678100586,23.687461853027344,-11.975496292114258,18.988723754882812,0
1745923248.2306156,0.16200228035449982,3.9173669815063477,13.588029861450195,1.3000558614730835,23.683382034301758,-11.966973304748535,18.96745491027832,0
1745923248.242783,0.1624954491853714,3.9130611419677734,13.567503929138184,1.2999403476715088,23.67668914794922,-11.963766098022461,18.94300079345703,0
1745923248.2533495,0.16539756953716278,3.9090969562530518,13.555695533752441,1.2955302000045776,23.677207946777344,-11.957873344421387,18.92572021484375,0
1745923248.2651458,0.1641836166381836,3.908982992172241,13.556905746459961,1.295048713684082,23.682086944580078,-11.960533142089844,18.925121307373047,0
1745923248.2779553,0.16268512606620789,3.914426803588867,13.58443546295166,1.2964160442352295,23.689960479736328,-11.967453956604004,18.957962036132812,0
1745923248.2885592,0.16268512606620789,3.9262630939483643,13.630962371826172,1.2974367141723633,23.70041275024414,-11.969517707824707,19.017345428466797,0
1745923248.2996163,0.15847420692443848,3.939180374145508,13.676222801208496,1.2974752187728882,23.724834442138672,-11.975916862487793,19.071352005004883,0
1745923248.3116512,0.15765857696533203,3.94891095161438,13.714536666870117,1.2973018884658813,23.738256454467773,-11.97854232788086,19.118408203125,0
1745923248.326901,0.15678603947162628,3.9553980827331543,13.748658180236816,1.2967627048492432,23.751100540161133,-11.98469066619873,19.157604217529297,0
1745923248.3346694,0.15606525540351868,3.964104413986206,13.781253814697266,1.299535870552063,23.75470733642578,-11.987578392028809,19.200960159301758,0
1745923248.34529,0.15445296466350555,3.9755043983459473,13.821858406066895,1.3021165132522583,23.76357078552246,-11.991023063659668,19.25393295288086,0
1745923248.357675,0.15248027443885803,3.987947463989258,13.865479469299316,1.3041963577270508,23.775585174560547,-11.994457244873047,19.310104370117188,0
1745923248.3687992,0.1503368765115738,3.999556064605713,13.908374786376953,1.30502450466156,23.790990829467773,-11.998663902282715,19.363292694091797,0
1745923248.3821445,0.14955918490886688,4.005815505981445,13.939237594604492,1.3061800003051758,23.798038482666016,-12.004196166992188,19.40079116821289,0
1745923248.3921514,0.14807966351509094,4.009495258331299,13.952573776245117,1.3078361749649048,23.801246643066406,-12.007400512695312,19.417985916137695,0
1745923248.4107819,0.150090292096138,4.010083198547363,13.951530456542969,1.3077013492584229,23.796146392822266,-12.00243854522705,19.419404983520508,0
1745923248.4161534,0.15259407460689545,4.010728359222412,13.94534683227539,1.306911826133728,23.790376663208008,-11.993854522705078,19.41558074951172,0
1745923248.4276478,0.14976783096790314,4.016835689544678,13.96805191040039,1.306911826133728,23.804141998291016,-11.998805046081543,19.441566467285156,0
1745923248.4430523,0.14965401589870453,4.023455619812012,14.007072448730469,1.3098775148391724,23.80638885498047,-12.007180213928223,19.49005889892578,0
1745923248.4502778,0.14749164879322052,4.033679485321045,14.054363250732422,1.312015175819397,23.818790435791016,-12.016305923461914,19.547550201416016,0
1745923248.463061,0.14728300273418427,4.043561935424805,14.099419593811035,1.3143454790115356,23.82490348815918,-12.021728515625,19.604610443115234,0
1745923248.476105,0.14658118784427643,4.051244258880615,14.130468368530273,1.3168683052062988,23.828330993652344,-12.02534008026123,19.645160675048828,0
1745923248.4877756,0.14652428030967712,4.054525375366211,14.148479461669922,1.3170415163040161,23.832538604736328,-12.028223037719727,19.66657066345215,0
1745923248.4972005,0.14542412757873535,4.057693004608154,14.157010078430176,1.317503809928894,23.836694717407227,-12.028853416442871,19.677629470825195,0
1745923248.5093083,0.14663808047771454,4.057257175445557,14.155893325805664,1.3153468370437622,23.838850021362305,-12.026053428649902,19.67513656616211,0
1745923248.520445,0.14538618922233582,4.053804874420166,14.138142585754395,1.3124196529388428,23.845386505126953,-12.024517059326172,19.64975357055664,0
1745923248.5329928,0.14760546386241913,4.046407222747803,14.107614517211914,1.311880350112915,23.83291244506836,-12.01901912689209,19.613508224487305,0
1745923248.5441146,0.15037481486797333,4.039938926696777,14.072561264038086,1.314576506614685,23.80960464477539,-12.01041316986084,19.577451705932617,0
1745923248.5554917,0.15229059755802155,4.035633087158203,14.044696807861328,1.311264157295227,23.80640983581543,-12.000110626220703,19.54388427734375,0
1745923248.567206,0.1515318602323532,4.032105445861816,14.021862030029297,1.307759165763855,23.812061309814453,-11.99521255493164,19.51325798034668,0
1745923248.580031,0.15329590439796448,4.030682563781738,14.006607055664062,1.3081828355789185,23.802663803100586,-11.987784385681152,19.498769760131836,0
1745923248.590299,0.15282170474529266,4.026851177215576,13.99781608581543,1.3088183403015137,23.799522399902344,-11.991303443908691,19.48630714416504,0
1745923248.6086295,0.15625493228435516,4.024859428405762,13.994556427001953,1.3114951848983765,23.782148361206055,-11.988592147827148,19.487165451049805,0
1745923248.614967,0.15409256517887115,4.022279739379883,13.997368812561035,1.3144416809082031,23.780115127563477,-11.999281883239746,19.488182067871094,0
1745923248.62415,0.15312518179416656,4.022355556488037,13.998467445373535,1.3151350021362305,23.781097412109375,-12.001620292663574,19.48908233642578,0
1745923248.6424778,0.15507890284061432,4.024479866027832,13.997536659240723,1.3136136531829834,23.78020477294922,-11.993581771850586,19.49070930480957,0
1745923248.6491168,0.15703262388706207,4.0207624435424805,13.964755058288574,1.3151158094406128,23.763093948364258,-11.982094764709473,19.457664489746094,0
1745923248.66224,0.15754476189613342,4.012587070465088,13.933426856994629,1.3154046535491943,23.75234031677246,-11.980696678161621,19.418962478637695,0
1745923248.6764908,0.16004855930805206,4.004848003387451,13.897441864013672,1.310936689376831,23.748001098632812,-11.970775604248047,19.373273849487305,0
1745923248.682915,0.1597830057144165,3.9979248046875,13.872743606567383,1.3097234964370728,23.745004653930664,-11.97093391418457,19.340173721313477,0
1745923248.6938648,0.16109180450439453,3.9954776763916016,13.860599517822266,1.3088375329971313,23.740657806396484,-11.96678638458252,19.326007843017578,0
1745923248.7086995,0.15999165177345276,3.99741268157959,13.864995002746582,1.3072969913482666,23.749122619628906,-11.966696739196777,19.329696655273438,0
1745923248.7178738,0.16006752848625183,3.999309539794922,13.881404876708984,1.3075858354568481,23.752166748046875,-11.971131324768066,19.348369598388672,0
1745923248.7308824,0.16012443602085114,4.004240989685059,13.904854774475098,1.3105323314666748,23.750370025634766,-11.974945068359375,19.379751205444336,0
1745923248.7436712,0.15818968415260315,4.009532928466797,13.922698020935059,1.3178118467330933,23.741186141967773,-11.980923652648926,19.408231735229492,0
1745923248.751935,0.1580948382616043,4.015413284301758,13.94439697265625,1.3187170028686523,23.74506950378418,-11.981593132019043,19.436622619628906,0
1745923248.7633681,0.1568998545408249,4.022317886352539,13.970752716064453,1.3191214799880981,23.754438400268555,-11.9843168258667,19.469093322753906,0
1745923248.7771308,0.1555720716714859,4.028065204620361,13.989453315734863,1.3205080032348633,23.75960922241211,-11.986128807067871,19.49359893798828,0
1745923248.7895877,0.15669119358062744,4.028595924377441,13.992973327636719,1.319911003112793,23.75909996032715,-11.984689712524414,19.498172760009766,0
1745923248.7992873,0.15784825384616852,4.026642322540283,13.984274864196777,1.3185629844665527,23.757291793823242,-11.981389999389648,19.487329483032227,0
1745923248.8112926,0.15684294700622559,4.022128105163574,13.96831226348877,1.3194681406021118,23.753097534179688,-11.983765602111816,19.466751098632812,0
1745923248.8221095,0.15860697627067566,4.019946575164795,13.954492568969727,1.320103645324707,23.743221282958984,-11.978364944458008,19.453147888183594,0
1745923248.8331795,0.15836039185523987,4.020231246948242,13.957863807678223,1.3191214799880981,23.74728775024414,-11.979406356811523,19.455577850341797,0
1745923248.8655727,0.15758270025253296,4.022810935974121,13.974720001220703,1.3176771402359009,23.75743865966797,-11.983494758605957,19.472789764404297,0
1745923248.8660572,0.15625493228435516,4.026566505432129,13.998579025268555,1.3213168382644653,23.757308959960938,-11.992100715637207,19.502717971801758,0
1745923248.8854012,0.15223369002342224,4.040090560913086,14.052873611450195,1.3266899585723877,23.768434524536133,-12.003543853759766,19.571887969970703,0
1745923248.8854012,0.15058346092700958,4.041096210479736,14.071146011352539,1.3289238214492798,23.77105712890625,-12.01404857635498,19.59174919128418,0
1745923248.8976748,0.15236645936965942,4.042954921722412,14.079229354858398,1.3293474912643433,23.767372131347656,-12.011813163757324,19.603899002075195,0
1745923248.9096463,0.15079210698604584,4.04286003112793,14.079806327819824,1.3301949501037598,23.76939582824707,-12.015277862548828,19.603652954101562,0
1745923248.9167843,0.15223369002342224,4.042158126831055,14.076788902282715,1.327768325805664,23.771194458007812,-12.011534690856934,19.598949432373047,0
1745923248.9260957,0.15211987495422363,4.042386054992676,14.079508781433105,1.3276913166046143,23.772336959838867,-12.012555122375488,19.60170555114746,0
1745923248.9422092,0.1520819365978241,4.044093132019043,14.089323997497559,1.3271328210830688,23.776391983032227,-12.013986587524414,19.612632751464844,0
1745923248.9498463,0.1514180600643158,4.045136451721191,14.093515396118164,1.326920986175537,23.779834747314453,-12.015172004699707,19.61699104309082,0
1745923248.9616852,0.15211987495422363,4.047583103179932,14.095284461975098,1.3279609680175781,23.77614402770996,-12.011160850524902,19.622947692871094,0
1745923248.975726,0.1520819365978241,4.04913854598999,14.101729393005371,1.3266321420669556,23.781471252441406,-12.010952949523926,19.629581451416016,0
1745923248.9849427,0.15056449174880981,4.049252510070801,14.107279777526855,1.3273639678955078,23.784759521484375,-12.01618766784668,19.63446044921875,0
1745923248.996451,0.15246130526065826,4.048360824584961,14.109701156616211,1.328037977218628,23.778308868408203,-12.015914916992188,19.638561248779297,0
1745923249.00944,0.15335281193256378,4.048853874206543,14.107931137084961,1.3274602890014648,23.77720069885254,-12.012511253356934,19.63759994506836,0
1745923249.0188415,0.15395978093147278,4.051471710205078,14.115139961242676,1.326246976852417,23.780912399291992,-12.009836196899414,19.646818161010742,0
1745923249.0307727,0.1510576605796814,4.055625915527344,14.130524635314941,1.3271328210830688,23.790414810180664,-12.01517391204834,19.66434097290039,0
1745923249.043007,0.1490660011768341,4.058547019958496,14.149206161499023,1.3306186199188232,23.791105270385742,-12.023731231689453,19.687437057495117,0
1745923249.0554538,0.14641046524047852,4.06698751449585,14.181987762451172,1.331408143043518,23.804800033569336,-12.029322624206543,19.72679328918457,0
1745923249.0666728,0.14132700860500336,4.077192306518555,14.234735488891602,1.333430290222168,23.826160430908203,-12.04560375213623,19.786685943603516,0
1745923249.0786614,0.13933534920215607,4.092936038970947,14.294170379638672,1.3369930982589722,23.837862014770508,-12.051126480102539,19.863433837890625,0
1745923249.089208,0.13851971924304962,4.125598907470703,14.419838905334473,1.3410950899124146,23.862260818481445,-12.056551933288574,20.025053024291992,0
1745923249.1018698,0.13300000131130219,4.139749526977539,14.490300178527832,1.3430016040802002,23.888994216918945,-12.074552536010742,20.10605239868164,0
1745923249.1116564,0.12945295870304108,4.159096717834473,14.564896583557129,1.3428282737731934,23.917675018310547,-12.081567764282227,20.19627571105957,0
1745923249.123117,0.12704400718212128,4.170951843261719,14.617403030395508,1.3505700826644897,23.916976928710938,-12.092660903930664,20.26597023010254,0
1745923249.135469,0.1252230554819107,4.174290180206299,14.62720012664795,1.3501464128494263,23.925371170043945,-12.094303131103516,20.2768611907959,0
1745923249.1492536,0.12877009809017181,4.167328834533691,14.595200538635254,1.3486249446868896,23.912328720092773,-12.085137367248535,20.239925384521484,0
1745923249.160428,0.133474200963974,4.153027057647705,14.540385246276855,1.3457554578781128,23.893606185913086,-12.075386047363281,20.17264175415039,0
1745923249.1757505,0.136490136384964,4.141228675842285,14.489052772521973,1.3410757780075073,23.885005950927734,-12.064971923828125,20.107847213745117,0
1745923249.182296,0.1373247355222702,4.133167266845703,14.452546119689941,1.3400743007659912,23.876293182373047,-12.060178756713867,20.063112258911133,0
1745923249.1936662,0.136490136384964,4.130474090576172,14.442562103271484,1.3380522727966309,23.881078720092773,-12.060641288757324,20.047578811645508,0
1745923249.2104764,0.1361297369003296,4.134078025817871,14.459511756896973,1.3359531164169312,23.891660690307617,-12.06191349029541,20.065671920776367,0
1745923249.2167428,0.1352192759513855,4.140470027923584,14.492647171020508,1.3380522727966309,23.896665573120117,-12.068562507629395,20.10638999938965,0
1745923249.2310581,0.13218437135219574,4.150561332702637,14.53392219543457,1.3401706218719482,23.90948486328125,-12.076213836669922,20.156837463378906,0
1745923249.2423823,0.12814415991306305,4.164066314697266,14.582907676696777,1.3390151262283325,23.935470581054688,-12.081841468811035,20.214134216308594,0
1745923249.2524064,0.1268543154001236,4.176547527313232,14.628484725952148,1.3389381170272827,23.95061683654785,-12.083595275878906,20.270824432373047,0
1745923249.2629101,0.12694916129112244,4.186164379119873,14.667244911193848,1.338495135307312,23.961145401000977,-12.084595680236816,20.3188533782959,0
1745923249.2769804,0.12772685289382935,4.195610523223877,14.701349258422852,1.337878942489624,23.969371795654297,-12.082647323608398,20.362565994262695,0
1745923249.2864943,0.12596282362937927,4.202003002166748,14.728952407836914,1.3370893001556396,23.98259735107422,-12.08686351776123,20.39400863647461,0
1745923249.298215,0.12647496163845062,4.204335689544678,14.734670639038086,1.3366079330444336,23.984107971191406,-12.084537506103516,20.402088165283203,0
1745923249.3104043,0.1271578073501587,4.202704429626465,14.715131759643555,1.3357412815093994,23.98040199279785,-12.077150344848633,20.380735397338867,0
1745923249.3281522,0.13169120252132416,4.172583103179932,14.579405784606934,1.333430290222168,23.941715240478516,-12.058094024658203,20.21710968017578,0
1745923249.3451254,0.1370781511068344,4.153501033782959,14.491753578186035,1.3299059867858887,23.91536521911621,-12.04006576538086,20.112239837646484,0
1745923249.3451254,0.14197193086147308,4.137833595275879,14.427680015563965,1.3248989582061768,23.89940071105957,-12.026937484741211,20.032384872436523,0
1745923249.357343,0.14267374575138092,4.130132675170898,14.396295547485352,1.3202769756317139,23.901561737060547,-12.022339820861816,19.989377975463867,0
1745923249.3679256,0.14464643597602844,4.12525749206543,14.381823539733887,1.3181008100509644,23.89811897277832,-12.019654273986816,19.96982765197754,0
1745923249.3796613,0.1469605416059494,4.122659206390381,14.367574691772461,1.3204503059387207,23.882530212402344,-12.014769554138184,19.957645416259766,0
1745923249.3921704,0.14641046524047852,4.118846416473389,14.33881664276123,1.3219138383865356,23.87342071533203,-12.00969123840332,19.925987243652344,0
1745923249.4159172,0.1490660011768341,4.106081008911133,14.276383399963379,1.320373296737671,23.854877471923828,-11.997529983520508,19.851903915405273,0
1745923249.418369,0.1547185182571411,4.082712173461914,14.17831802368164,1.3147691488265991,23.829235076904297,-11.979856491088867,19.730518341064453,0
1745923249.426955,0.16154703497886658,4.059741973876953,14.065464973449707,1.3087220191955566,23.798261642456055,-11.952293395996094,19.595476150512695,0
1745923249.440788,0.1676168441772461,4.036714553833008,13.959931373596191,1.3054673671722412,23.763029098510742,-11.930438995361328,19.469730377197266,0
1745923249.4490058,0.17021547257900238,4.016475677490234,13.867249488830566,1.3044275045394897,23.734142303466797,-11.916536331176758,19.358367919921875,0
1745923249.46027,0.17338316142559052,3.994889736175537,13.767749786376953,1.2975523471832275,23.717260360717773,-11.897819519042969,19.23357582092285,0
1745923249.4757802,0.18153946101665497,3.9672720432281494,13.645844459533691,1.291505217552185,23.677995681762695,-11.870345115661621,19.08616065979004,0
1745923249.4834235,0.19250303506851196,3.9329209327697754,13.507789611816406,1.284687876701355,23.627281188964844,-11.841066360473633,18.91790008544922,0
1745923249.496114,0.19842109084129333,3.9005043506622314,13.378229141235352,1.2735950946807861,23.6037540435791,-11.81877326965332,18.750749588012695,0
1745923249.5111842,0.20460470020771027,3.8746886253356934,13.283665657043457,1.2714382410049438,23.5642032623291,-11.805695533752441,18.634397506713867,0
1745923249.5193744,0.20616009831428528,3.8622264862060547,13.231364250183105,1.2717270851135254,23.54361343383789,-11.799213409423828,18.57147789001465,0
1745923249.530479,0.20646357536315918,3.8524959087371826,13.211248397827148,1.2757327556610107,23.524463653564453,-11.807892799377441,18.545940399169922,0
1745923249.5429869,0.20447193086147308,3.8507697582244873,13.239187240600586,1.2810287475585938,23.52161407470703,-11.830904006958008,18.575458526611328,0
1745923249.5546415,0.20014719665050507,3.861809253692627,13.300559043884277,1.2871335744857788,23.534086227416992,-11.85225772857666,18.649648666381836,0
1745923249.5656478,0.2003748118877411,3.880037784576416,13.384897232055664,1.2924103736877441,23.543384552001953,-11.863637924194336,18.757719039916992,0
1745923249.5768049,0.19722610712051392,3.905341148376465,13.507939338684082,1.3020586967468262,23.560626983642578,-11.889240264892578,18.912565231323242,0
1745923249.5879269,0.18789377808570862,3.9448328018188477,13.690452575683594,1.313632845878601,23.60608673095703,-11.929810523986816,19.136812210083008,0
1745923249.6005027,0.17118285596370697,3.995515823364258,13.925250053405762,1.3255921602249146,23.683313369750977,-11.98746109008789,19.41754150390625,0
1745923249.6145003,0.15877769887447357,4.055929183959961,14.187463760375977,1.3399972915649414,23.748620986938477,-12.033522605895996,19.742168426513672,0
1745923249.6234548,0.14584141969680786,4.116285800933838,14.450943946838379,1.3548839092254639,23.812198638916016,-12.079841613769531,20.067955017089844,0
1745923249.6357388,0.1311790645122528,4.171483039855957,14.68875789642334,1.3701941967010498,23.870813369750977,-12.124878883361816,20.361614227294922,0
1745923249.6471117,0.11994992941617966,4.2163615226745605,14.882466316223145,1.3809208869934082,23.919902801513672,-12.158848762512207,20.59969711303711,0
1745923249.659295,0.11224886775016785,4.2483038902282715,15.027281761169434,1.3899530172348022,23.95128631591797,-12.185623168945312,20.777788162231445,0
1745923249.6770318,0.10762064158916473,4.267347812652588,15.110240936279297,1.396366000175476,23.96662139892578,-12.200439453125,20.881576538085938,0
1745923249.681336,0.11145220696926117,4.274062633514404,15.14045238494873,1.3975985050201416,23.961166381835938,-12.196929931640625,20.923564910888672,0
1745923249.6921606,0.11744613945484161,4.269775867462158,15.121583938598633,1.3963274955749512,23.944950103759766,-12.185737609863281,20.905134201049805,0
1745923249.7084208,0.12180880457162857,4.259134769439697,15.064812660217285,1.3970015048980713,23.91928482055664,-12.172012329101562,20.842758178710938,0
1745923249.716047,0.1277458220720291,4.2395219802856445,14.985615730285645,1.3934965133666992,23.893762588500977,-12.158686637878418,20.746379852294922,0
1745923249.7280593,0.13235507905483246,4.217329025268555,14.897385597229004,1.3896641731262207,23.86983871459961,-12.14749813079834,20.636734008789062,0
1745923249.7435505,0.13662290573120117,4.202704429626465,14.815208435058594,1.3843681812286377,23.852970123291016,-12.12651252746582,20.538904190063477,0
1745923249.7508478,0.1393163800239563,4.191911697387695,14.755009651184082,1.379669189453125,23.84366226196289,-12.111480712890625,20.46590805053711,0
1745923249.7621891,0.13939225673675537,4.175390720367432,14.65018367767334,1.3761063814163208,23.827756881713867,-12.090889930725098,20.34107208251953,0
1745923249.7774818,0.1438877135515213,4.159229755401611,14.577282905578613,1.3712148666381836,23.810422897338867,-12.075728416442871,20.25161361694336,0
1745923249.7848856,0.14891426265239716,4.141817092895508,14.502481460571289,1.3655143976211548,23.792987823486328,-12.060412406921387,20.158727645874023,0
1745923249.7968423,0.1523854285478592,4.1263957023620605,14.439340591430664,1.3608347177505493,23.779647827148438,-12.049894332885742,20.078954696655273,0
1745923249.8120065,0.1573171466588974,4.116020202636719,14.389572143554688,1.3587740659713745,23.75954246520996,-12.035710334777832,20.021684646606445,0
1745923249.8202322,0.15796206891536713,4.105853080749512,14.352357864379883,1.356732726097107,23.753101348876953,-12.033841133117676,19.9729061126709,0
1745923249.8352869,0.15710850059986115,4.0967488288879395,14.316242218017578,1.3539402484893799,23.752931594848633,-12.032841682434082,19.924039840698242,0
1745923249.8447766,0.16308346390724182,4.0849504470825195,14.263866424560547,1.3508782386779785,23.73162078857422,-12.017498970031738,19.862777709960938,0
1745923249.855157,0.16991198062896729,4.065090656280518,14.187444686889648,1.348702073097229,23.69866371154785,-12.003552436828613,19.771148681640625,0
1745923249.8698783,0.1737625151872635,4.044529438018799,14.104113578796387,1.3456592559814453,23.67382049560547,-11.992086410522461,19.66806411743164,0
1745923249.8822985,0.17846661806106567,4.024745464324951,14.021936416625977,1.3376286029815674,23.660053253173828,-11.975977897644043,19.56277847290039,0
1745923249.88948,0.18021167814731598,4.005398273468018,13.947545051574707,1.335317611694336,23.640661239624023,-11.970240592956543,19.468473434448242,0
1745923249.9023213,0.1821274608373642,3.9905459880828857,13.888389587402344,1.3345664739608765,23.620929718017578,-11.96434211730957,19.395627975463867,0
1745923249.9154108,0.18391047418117523,3.980663537979126,13.841341018676758,1.3316584825515747,23.61103630065918,-11.954804420471191,19.337574005126953,0
1745923249.9244363,0.18559864163398743,3.974498987197876,13.808950424194336,1.329925298690796,23.60239028930664,-11.946456909179688,19.298973083496094,0
1745923249.9438565,0.18774203956127167,3.971198558807373,13.777081489562988,1.3285771608352661,23.59223175048828,-11.93282413482666,19.264598846435547,0
1745923249.9502063,0.18601593375205994,3.963649272918701,13.73927116394043,1.3272676467895508,23.589977264404297,-11.93026065826416,19.216205596923828,0
1745923249.9596121,0.18569347262382507,3.956498146057129,13.702038764953613,1.327094316482544,23.581100463867188,-11.925403594970703,19.17132568359375,0
1745923249.976969,0.18762822449207306,3.950883626937866,13.666071891784668,1.3243789672851562,23.57360076904297,-11.913385391235352,19.128963470458984,0
1745923249.9832358,0.19168740510940552,3.943505048751831,13.570670127868652,1.3169838190078735,23.558731079101562,-11.870027542114258,19.022846221923828,0
1745923249.994864,0.19373595714569092,3.9202880859375,13.519542694091797,1.3102819919586182,23.553964614868164,-11.878885269165039,18.943849563598633,0
1745923250.0103624,0.19339454174041748,3.911505699157715,13.480670928955078,1.306777000427246,23.553247451782227,-11.874303817749023,18.892349243164062,0
1745923250.0174239,0.19521547853946686,3.905568838119507,13.45291805267334,1.3072006702423096,23.539165496826172,-11.868254661560059,18.860904693603516,0
1745923250.0295844,0.19677086174488068,3.9003336429595947,13.433323860168457,1.3049860000610352,23.535093307495117,-11.864102363586426,18.83541488647461,0
1745923250.043359,0.1974726915359497,3.89616060256958,13.413524627685547,1.301288366317749,23.537609100341797,-11.858755111694336,18.808446884155273,0
1745923250.0526745,0.2000144124031067,3.8908495903015137,13.385120391845703,1.298919677734375,23.529123306274414,-11.84861946105957,18.774904251098633,0
1745923250.0665212,0.20227162539958954,3.883394956588745,13.346733093261719,1.295183539390564,23.522245407104492,-11.837152481079102,18.727582931518555,0
1745923250.0751889,0.20437708497047424,3.8730573654174805,13.30797290802002,1.2903112173080444,23.518110275268555,-11.830219268798828,18.675718307495117,0
1745923250.0882196,0.2061411291360855,3.8674237728118896,13.277425765991211,1.287191390991211,23.51315689086914,-11.82047176361084,18.638181686401367,0
1745923250.1001728,0.20748786628246307,3.864938974380493,13.263568878173828,1.2847263813018799,23.512311935424805,-11.814431190490723,18.6207218170166,0
1745923250.1110044,0.2056669145822525,3.867291212081909,13.266995429992676,1.2851885557174683,23.517459869384766,-11.815412521362305,18.62514305114746,0
1745923250.1234746,0.20375113189220428,3.8704776763916016,13.284876823425293,1.2847455739974976,23.529043197631836,-11.821765899658203,18.64385223388672,0
1745923250.1342747,0.2015129029750824,3.872943639755249,13.304340362548828,1.2852078676223755,23.539199829101562,-11.831164360046387,18.664005279541016,0
1745923250.1455822,0.20124734938144684,3.872260808944702,13.313318252563477,1.284225583076477,23.54463005065918,-11.836759567260742,18.671051025390625,0
1745923250.1580958,0.20318210124969482,3.871065855026245,13.307991027832031,1.2839752435684204,23.53841781616211,-11.832720756530762,18.666213989257812,0
1745923250.1774085,0.20731714367866516,3.8696999549865723,13.297039031982422,1.282800555229187,23.52729606628418,-11.82188892364502,18.656856536865234,0
1745923250.1806974,0.2076585739850998,3.865887403488159,13.285789489746094,1.2812790870666504,23.526945114135742,-11.821712493896484,18.640613555908203,0
1745923250.1914005,0.20346662402153015,3.863687038421631,13.282381057739258,1.2819724082946777,23.5352725982666,-11.831634521484375,18.631507873535156,0
1745923250.2093146,0.20443399250507355,3.862302541732788,13.277071952819824,1.2861322164535522,23.51948356628418,-11.831803321838379,18.629941940307617,0
1745923250.216317,0.20671017467975616,3.8572568893432617,13.257664680480957,1.2830508947372437,23.515825271606445,-11.82560920715332,18.60468292236328,0
1745923250.228224,0.2089863419532776,3.851832151412964,13.223057746887207,1.2794110774993896,23.50994110107422,-11.812274932861328,18.56328773498535,0
1745923250.2464552,0.21243853867053986,3.8397114276885986,13.18431568145752,1.279199242591858,23.48859214782715,-11.808307647705078,18.51566505432129,0
1745923250.2504702,0.21194536983966827,3.830853223800659,13.151013374328613,1.2800273895263672,23.47736358642578,-11.808758735656738,18.473838806152344,0
1745923250.2612214,0.21408876776695251,3.8259594440460205,13.12564468383789,1.2750972509384155,23.477720260620117,-11.798548698425293,18.4407901763916,0
1745923250.2776413,0.21763581037521362,3.8226780891418457,13.10690689086914,1.2758097648620605,23.460411071777344,-11.789074897766113,18.423030853271484,0
1745923250.284993,0.21592867374420166,3.8152804374694824,13.090255737304688,1.2760794162750244,23.4585018157959,-11.797099113464355,18.39754295349121,0
1745923250.296457,0.2173512876033783,3.8114869594573975,13.073697090148926,1.2787948846817017,23.441884994506836,-11.794398307800293,18.381330490112305,0
1745923250.3130832,0.2181858867406845,3.809457302093506,13.05158805847168,1.2776778936386108,23.436683654785156,-11.78488540649414,18.356908798217773,0
1745923250.3209348,0.21930500864982605,3.797886610031128,13.020334243774414,1.2760602235794067,23.427413940429688,-11.787056922912598,18.31358528137207,0
1745923250.3318522,0.22040516138076782,3.7896735668182373,12.975316047668457,1.2733640670776367,23.4185791015625,-11.775753021240234,18.258758544921875,0
1745923250.3438323,0.22230197489261627,3.7784063816070557,12.92243766784668,1.2682799100875854,23.411434173583984,-11.76324462890625,18.191425323486328,0
1745923250.3538148,0.22323141992092133,3.76731014251709,12.868813514709473,1.2645245790481567,23.40306282043457,-11.752379417419434,18.12388038635254,0
1745923250.36625,0.22478680312633514,3.7574656009674072,12.829792976379395,1.2655837535858154,23.383203506469727,-11.747980117797852,18.07762908935547,0
1745923250.378136,0.2274613082408905,3.7527995109558105,12.806845664978027,1.2642741203308105,23.372255325317383,-11.73915958404541,18.051380157470703,0
1745923250.3889153,0.22795447707176208,3.7520785331726074,12.793453216552734,1.2605572938919067,23.377817153930664,-11.730786323547363,18.03404426574707,0
1745923250.4010231,0.2290356606245041,3.750523328781128,12.790194511413574,1.260345458984375,23.374107360839844,-11.729864120483398,18.03009796142578,0
1745923250.4120827,0.22988922894001007,3.7506561279296875,12.790063858032227,1.2608654499053955,23.37019157409668,-11.728273391723633,18.031475067138672,0
1745923250.4246173,0.22829590737819672,3.7530460357666016,12.819753646850586,1.2592285871505737,23.387603759765625,-11.741231918334961,18.06032371520996,0
1745923250.4429247,0.22552655637264252,3.75627064704895,12.846983909606934,1.2580344676971436,23.406631469726562,-11.75373649597168,18.086814880371094,0
1745923250.4480205,0.22501441836357117,3.7667031288146973,12.873320579528809,1.2573219537734985,23.41942596435547,-11.748880386352539,18.122360229492188,0
1745923250.4591873,0.22672155499458313,3.769680976867676,12.889152526855469,1.2572256326675415,23.41960906982422,-11.748446464538574,18.142780303955078,0
1745923250.4702833,0.22584901750087738,3.7738351821899414,12.899304389953613,1.2552613019943237,23.43125343322754,-11.746699333190918,18.15424919128418,0
1745923250.4845273,0.22279514372348785,3.778197765350342,12.902563095092773,1.251871943473816,23.45142364501953,-11.744272232055664,18.155427932739258,0
1745923250.4942734,0.2222830057144165,3.771634817123413,12.889935493469238,1.2511016130447388,23.450244903564453,-11.750207901000977,18.13495635986328,0
1745923250.5096328,0.22664567828178406,3.764730453491211,12.869632720947266,1.2485017776489258,23.438404083251953,-11.7431058883667,18.109512329101562,0
1745923250.517803,0.22810623049736023,3.761638641357422,12.84422779083252,1.2469996213912964,23.431331634521484,-11.732284545898438,18.08097267150879,0
1745923250.529825,0.22768892347812653,3.758774518966675,12.823031425476074,1.245535969734192,23.430604934692383,-11.726603507995605,18.055030822753906,0
1745923250.543316,0.22907359898090363,3.752666711807251,12.798967361450195,1.2427242994308472,23.427026748657227,-11.721351623535156,18.0234317779541,0
1745923250.5516217,0.23163428902626038,3.746027708053589,12.770376205444336,1.2393156290054321,23.42049217224121,-11.712264060974121,17.987354278564453,0
1745923250.5650675,0.23620562255382538,3.7345709800720215,12.729660034179688,1.234770655632019,23.407100677490234,-11.701384544372559,17.935205459594727,0
1745923250.5809436,0.23924051225185394,3.7180118560791016,12.66903305053711,1.2307456731796265,23.390094757080078,-11.692483901977539,17.857030868530273,0
1745923250.5871053,0.23958194255828857,3.6995368003845215,12.596914291381836,1.2239283323287964,23.385316848754883,-11.684494972229004,17.75996208190918,0
1745923250.5973625,0.24419119954109192,3.683546781539917,12.522802352905273,1.2190945148468018,23.362438201904297,-11.663926124572754,17.669635772705078,0
1745923250.6107118,0.24876251816749573,3.6689412593841553,12.448671340942383,1.2153006792068481,23.336761474609375,-11.641190528869629,17.581676483154297,0
1745923250.6217332,0.2521388530731201,3.652078628540039,12.380613327026367,1.2086180448532104,23.323827743530273,-11.626368522644043,17.49344825744629,0
1745923250.633454,0.2584552466869354,3.6358418464660645,12.321383476257324,1.2081173658370972,23.28644371032715,-11.612812042236328,17.423797607421875,0
1745923250.6454844,0.2610538899898529,3.6204776763916016,12.181763648986816,1.2007029056549072,23.258434295654297,-11.556977272033691,17.26399803161621,0
1745923250.6559365,0.2674461603164673,3.603102922439575,12.09997844696045,1.1950795650482178,23.228748321533203,-11.529723167419434,17.165607452392578,0
1745923250.6672304,0.27374356985092163,3.56120228767395,12.012977600097656,1.187626600265503,23.19611930847168,-11.545201301574707,17.03554916381836,0
1745923250.6800296,0.27649393677711487,3.5400149822235107,11.931824684143066,1.183986783027649,23.169775009155273,-11.53328800201416,16.932321548461914,0
1745923250.6914432,0.2797754406929016,3.521350383758545,11.853559494018555,1.1794804334640503,23.145687103271484,-11.516471862792969,16.834165573120117,0
1745923250.702526,0.280496209859848,3.5054550170898438,11.779279708862305,1.1736066341400146,23.135278701782227,-11.500536918640137,16.73883819580078,0
1745923250.7149482,0.28463128209114075,3.4876060485839844,11.709879875183105,1.172451138496399,23.10064697265625,-11.48705768585205,16.65456771850586,0
1745923250.7252567,0.2857314348220825,3.4703638553619385,11.640554428100586,1.1686766147613525,23.083293914794922,-11.476733207702637,16.565326690673828,0
1745923250.7444148,0.2901889383792877,3.454658269882202,11.576556205749512,1.1628798246383667,23.063671112060547,-11.458572387695312,16.484283447265625,0
1745923250.7485664,0.294342964887619,3.440868377685547,11.522653579711914,1.1581231355667114,23.045188903808594,-11.443531036376953,16.41598892211914,0
1745923250.7601178,0.29402050375938416,3.4267940521240234,11.471190452575684,1.153212308883667,23.041667938232422,-11.439148902893066,16.345216751098633,0
1745923250.7767224,0.29612597823143005,3.416779041290283,11.428332328796387,1.1521145105361938,23.02242088317871,-11.429102897644043,16.293352127075195,0
1745923250.7849112,0.29889532923698425,3.410822868347168,11.39726448059082,1.1513441801071167,23.004810333251953,-11.416714668273926,16.25832748413086,0
1745923250.7969406,0.29950228333473206,3.4049997329711914,11.382251739501953,1.1523263454437256,22.993410110473633,-11.418848991394043,16.23908042907715,0
1745923250.8138382,0.29878151416778564,3.401850938796997,11.374950408935547,1.151594638824463,22.9947509765625,-11.421836853027344,16.227176666259766,0
1745923250.8189876,0.30105769634246826,3.398247003555298,11.368674278259277,1.1496303081512451,22.990718841552734,-11.419624328613281,16.217609405517578,0
1745923250.8304238,0.3008490204811096,3.392385959625244,11.358709335327148,1.1500346660614014,22.985212326049805,-11.426116943359375,16.20197868347168,0
1745923250.8435142,0.29897117614746094,3.387890577316284,11.347477912902832,1.1494183540344238,22.988197326660156,-11.431877136230469,16.183757781982422,0
1745923250.854999,0.29897117614746094,3.38525390625,11.340381622314453,1.1472421884536743,22.992042541503906,-11.431678771972656,16.17184829711914,0
1745923250.8650477,0.2989142835140228,3.3860316276550293,11.33889102935791,1.146683692932129,22.99376106262207,-11.429019927978516,16.170520782470703,0
1745923250.8775277,0.2991039752960205,3.3877387046813965,11.348875045776367,1.148859977722168,22.98992347717285,-11.432411193847656,16.18457794189453,0
1745923250.88897,0.29944539070129395,3.3905081748962402,11.368375778198242,1.1502658128738403,22.991310119628906,-11.438526153564453,16.208595275878906,0
1745923250.899475,0.29690366983413696,3.3973746299743652,11.402200698852539,1.1517293453216553,23.00723648071289,-11.450657844543457,16.24820899963379,0
1745923250.911864,0.2933376431465149,3.4007887840270996,11.43209457397461,1.153077483177185,23.024402618408203,-11.469286918640137,16.279298782348633,0
1745923250.923397,0.2935083508491516,3.4041271209716797,11.447871208190918,1.156428337097168,23.01921272277832,-11.473481178283691,16.30193519592285,0
1745923250.9352963,0.2928065359592438,3.405606746673584,11.452620506286621,1.158373475074768,23.017227172851562,-11.47584342956543,16.309406280517578,0
1745923250.9469235,0.29335662722587585,3.4017562866210938,11.44682788848877,1.1544833183288574,23.024734497070312,-11.476759910583496,16.296424865722656,0
1745923250.9588988,0.2946654260158539,3.3981142044067383,11.444518089294434,1.152846336364746,23.023944854736328,-11.479104995727539,16.290143966674805,0
1745923250.9691167,0.29745373129844666,3.3998215198516846,11.449155807495117,1.1552921533584595,23.009496688842773,-11.474286079406738,16.30172348022461,0
1745923250.981945,0.29836419224739075,3.400409460067749,11.459214210510254,1.1555618047714233,23.009065628051758,-11.477334022521973,16.313549041748047,0
1745923250.9931614,0.2949689030647278,3.404411792755127,11.482477188110352,1.1571024656295776,23.023183822631836,-11.490582466125488,16.338960647583008,0
1745923251.0094283,0.2911752760410309,3.4114110469818115,11.511198043823242,1.160915493965149,23.033977508544922,-11.5031156539917,16.37470054626465,0
1745923251.0157561,0.2905493378639221,3.4156408309936523,11.529097557067871,1.1640546321868896,23.032861709594727,-11.508157730102539,16.399341583251953,0
1745923251.031345,0.2904545068740845,3.414578676223755,11.527942657470703,1.1658071279525757,23.02703094482422,-11.510795593261719,16.39878273010254,0
1745923251.0440638,0.2914218604564667,3.4111263751983643,11.513880729675293,1.1656144857406616,23.01930046081543,-11.50747013092041,16.382043838500977,0
1745923251.0502064,0.2918391823768616,3.409115791320801,11.50520133972168,1.1671359539031982,23.010009765625,-11.506484985351562,16.373291015625,0
1745923251.0618987,0.2914218604564667,3.4118282794952393,11.513675689697266,1.1690424680709839,23.008779525756836,-11.507946968078613,16.385967254638672,0
1745923251.07982,0.2883869707584381,3.418201446533203,11.541278839111328,1.1714497804641724,23.021055221557617,-11.518684387207031,16.4193172454834,0
1745923251.0859966,0.282677561044693,3.4244420528411865,11.6171236038208,1.1736066341400146,23.056814193725586,-11.562464714050293,16.49785041809082,0
1745923251.0978568,0.28000304102897644,3.435500383377075,11.66385555267334,1.1757442951202393,23.075727462768555,-11.573833465576172,16.555103302001953,0
1745923251.110229,0.2784666419029236,3.4467296600341797,11.70734691619873,1.1814062595367432,23.07926368713379,-11.582717895507812,16.613948822021484,0
1745923251.1201081,0.2777837812900543,3.4616386890411377,11.74033260345459,1.184140920639038,23.087116241455078,-11.575088500976562,16.663896560668945,0
1745923251.1324475,0.2763422131538391,3.4717676639556885,11.773542404174805,1.184891939163208,23.101970672607422,-11.57730770111084,16.706544876098633,0
1745923251.1448193,0.2754507064819336,3.4817826747894287,11.807348251342773,1.1833512783050537,23.122209548950195,-11.577714920043945,16.74793243408203,0
1745923251.155389,0.27258652448654175,3.4902994632720947,11.844003677368164,1.1858164072036743,23.136545181274414,-11.588700294494629,16.792705535888672,0
1745923251.1667895,0.27114492654800415,3.4963881969451904,11.879151344299316,1.192171573638916,23.133535385131836,-11.60290241241455,16.838855743408203,0
1745923251.1794176,0.2704431116580963,3.5010733604431152,11.897981643676758,1.194809913635254,23.134449005126953,-11.607162475585938,16.864307403564453,0
1745923251.1916182,0.26981717348098755,3.5017940998077393,11.897683143615723,1.193827748298645,23.13944435119629,-11.606266975402832,16.863122940063477,0
1745923251.2015655,0.26993098855018616,3.498872995376587,11.883658409118652,1.1919597387313843,23.139883041381836,-11.602838516235352,16.84442138671875,0
1745923251.2136817,0.2722640633583069,3.4943206310272217,11.858885765075684,1.1897835731506348,23.130929946899414,-11.592081069946289,16.81525421142578,0
1745923251.2245715,0.2689446210861206,3.4912288188934326,11.836647033691406,1.1869910955429077,23.142200469970703,-11.590498924255371,16.783811569213867,0
1745923251.2368097,0.2709173262119293,3.489180326461792,11.820610046386719,1.1856815814971924,23.13493537902832,-11.580910682678223,16.766389846801758,0
1745923251.2480152,0.2710690498352051,3.4866385459899902,11.808186531066895,1.1866252422332764,23.127246856689453,-11.579106330871582,16.752519607543945,0
1745923251.259267,0.2715432643890381,3.4838502407073975,11.791311264038086,1.1864519119262695,23.120601654052734,-11.57401180267334,16.733158111572266,0
1745923251.2768288,0.27366769313812256,3.4756369590759277,11.764974594116211,1.1862785816192627,23.104536056518555,-11.57092571258545,16.700557708740234,0
1745923251.2832325,0.27493855357170105,3.4676513671875,11.733664512634277,1.1825809478759766,23.10042953491211,-11.564239501953125,16.658836364746094,0
1745923251.2950156,0.27806830406188965,3.463895797729492,11.708314895629883,1.1807129383087158,23.087980270385742,-11.550021171569824,16.630992889404297,0
1745923251.3113706,0.2763042747974396,3.4568586349487305,11.675216674804688,1.1783827543258667,23.088706970214844,-11.547109603881836,16.586761474609375,0
1745923251.3175137,0.2771388590335846,3.4518699645996094,11.652586936950684,1.1776701211929321,23.08013916015625,-11.541950225830078,16.55926513671875,0
1745923251.3292994,0.2810652554035187,3.4460089206695557,11.612969398498535,1.1774967908859253,23.05498504638672,-11.522977828979492,16.517539978027344,0
1745923251.3449984,0.28305691480636597,3.424309253692627,11.553851127624512,1.1734719276428223,23.036985397338867,-11.525567054748535,16.434688568115234,0
1745923251.3547947,0.28571245074272156,3.4125680923461914,11.498160362243652,1.1690424680709839,23.02206802368164,-11.508819580078125,16.365482330322266,0
1745923251.3641207,0.2892405390739441,3.4028372764587402,11.449919700622559,1.1644012928009033,23.00785255432129,-11.49040412902832,16.306398391723633,0
1745923251.3771882,0.2912132143974304,3.3921773433685303,11.40145492553711,1.1611273288726807,22.9937686920166,-11.477490425109863,16.245973587036133,0
1745923251.387305,0.29415327310562134,3.3804550170898438,11.356250762939453,1.159586787223816,22.971759796142578,-11.46761703491211,16.190444946289062,0
1745923251.4107451,0.29673293232917786,3.3702120780944824,11.310914993286133,1.154117465019226,22.96356773376465,-11.453020095825195,16.131977081298828,0
1745923251.4107451,0.2991608679294586,3.358983039855957,11.26461124420166,1.1515753269195557,22.94590187072754,-11.441776275634766,16.074331283569336,0
1745923251.4220502,0.2998247444629669,3.348759174346924,11.218289375305176,1.145932674407959,22.943897247314453,-11.43012523651123,16.012805938720703,0
1745923251.4338682,0.30113354325294495,3.3360695838928223,11.170141220092773,1.1419076919555664,22.933284759521484,-11.42196273803711,15.949252128601074,0
1745923251.4459426,0.30354249477386475,3.3229246139526367,11.116498947143555,1.1382871866226196,22.915863037109375,-11.409344673156738,15.881253242492676,0
1745923251.4584842,0.30701369047164917,3.3117902278900146,11.067159652709961,1.1374590396881104,22.887928009033203,-11.394633293151855,15.8234224319458,0
1745923251.4690893,0.30809485912323,3.299821376800537,11.018211364746094,1.138787865638733,22.860397338867188,-11.387994766235352,15.764915466308594,0
1745923251.4816127,0.30775344371795654,3.290280342102051,10.97719669342041,1.1366887092590332,22.851757049560547,-11.381988525390625,15.711919784545898,0
1745923251.4930036,0.31185054779052734,3.2806637287139893,10.936052322387695,1.1313735246658325,22.839025497436523,-11.3648681640625,15.659939765930176,0
1745923251.510204,0.3150751292705536,3.271141529083252,10.892486572265625,1.1265203952789307,22.82677459716797,-11.34803295135498,15.605223655700684,0
1745923251.5164013,0.31611838936805725,3.25974178314209,10.849125862121582,1.1223798990249634,22.81867790222168,-11.340091705322266,15.54736614227295,0
1745923251.526773,0.31793931126594543,3.250997543334961,10.808372497558594,1.1229383945465088,22.794330596923828,-11.329485893249512,15.500247955322266,0
1745923251.543591,0.32070866227149963,3.2449467182159424,10.75907039642334,1.1215133666992188,22.771255493164062,-11.304594993591309,15.446239471435547,0
1745923251.5492797,0.32032930850982666,3.2398252487182617,10.750223159790039,1.1189134120941162,22.77632713317871,-11.308921813964844,15.429290771484375,0
1745923251.5619445,0.31979820132255554,3.23612642288208,10.741189956665039,1.1153507232666016,22.78549575805664,-11.309867858886719,15.41246509552002,0
1745923251.5779355,0.31811004877090454,3.2340588569641113,10.721893310546875,1.1125582456588745,22.793045043945312,-11.303842544555664,15.38662052154541,0
1745923251.584941,0.318925678730011,3.2249162197113037,10.700399398803711,1.1104013919830322,22.787094116210938,-11.306425094604492,15.354642868041992,0
1745923251.596489,0.320594847202301,3.216665029525757,10.682574272155762,1.1085525751113892,22.778820037841797,-11.307856559753418,15.328387260437012,0
1745923251.6100662,0.32021549344062805,3.215527057647705,10.662272453308105,1.1055867671966553,22.78260612487793,-11.296323776245117,15.30360221862793,0
1745923251.6199536,0.32192263007164,3.212169647216797,10.644000053405762,1.1028521060943604,22.778635025024414,-11.286473274230957,15.280943870544434,0
1745923251.631791,0.32123976945877075,3.2059860229492188,10.63031005859375,1.1028906106948853,22.77397918701172,-11.29231071472168,15.26042652130127,0
1745923251.6440325,0.3233073055744171,3.2023062705993652,10.61833381652832,1.1018122434616089,22.76531982421875,-11.287412643432617,15.245759963989258,0
1745923251.6566157,0.32340213656425476,3.1983988285064697,10.608909606933594,1.1009262800216675,22.763370513916016,-11.288919448852539,15.231637001037598,0
1745923251.6662579,0.32275721430778503,3.1959328651428223,10.601384162902832,1.1010996103286743,22.76150894165039,-11.290828704833984,15.221174240112305,0
1745923251.6810467,0.32154327630996704,3.1957812309265137,10.586372375488281,1.1002137660980225,22.763296127319336,-11.283577919006348,15.203910827636719,0
1745923251.6893797,0.32287102937698364,3.189901113510132,10.566311836242676,1.0976524353027344,22.75847053527832,-11.278776168823242,15.176736831665039,0
1745923251.701621,0.32425570487976074,3.182579278945923,10.543570518493652,1.0964391231536865,22.74749183654785,-11.276056289672852,15.146844863891602,0
1745923251.7128372,0.32454022765159607,3.1794495582580566,10.525633811950684,1.0946481227874756,22.74523162841797,-11.26944637298584,15.124271392822266,0
1745923251.7238958,0.326626718044281,3.1735126972198486,10.512743949890137,1.0952836275100708,22.72953987121582,-11.269776344299316,15.108166694641113,0
1745923251.735545,0.32666465640068054,3.169358491897583,10.508162498474121,1.0969014167785645,22.720928192138672,-11.27666187286377,15.10108757019043,0
1745923251.7467268,0.32708194851875305,3.169339656829834,10.506710052490234,1.097767949104309,22.71610450744629,-11.275432586669922,15.100899696350098,0
1745923251.759448,0.3272337019443512,3.168429136276245,10.48231029510498,1.0954569578170776,22.714496612548828,-11.259825706481934,15.073430061340332,0
1745923251.7700317,0.32822003960609436,3.163156032562256,10.464559555053711,1.0911624431610107,22.717559814453125,-11.254746437072754,15.047098159790039,0
1745923251.7834384,0.3316912055015564,3.156593084335327,10.444611549377441,1.091797947883606,22.694374084472656,-11.248856544494629,15.024693489074707,0
1745923251.793696,0.3325258195400238,3.1425187587738037,10.426730155944824,1.0903536081314087,22.685129165649414,-11.264766693115234,14.992128372192383,0
1745923251.810782,0.3306479752063751,3.139939069747925,10.410880088806152,1.0896987915039062,22.68716049194336,-11.263640403747559,14.971165657043457,0
1745923251.8173187,0.32738545536994934,3.1368472576141357,10.39730167388916,1.0889477729797363,22.694843292236328,-11.268022537231445,14.950481414794922,0
1745923251.8284602,0.3282390236854553,3.1325604915618896,10.38539981842041,1.0872337818145752,22.692012786865234,-11.26656723022461,14.933432579040527,0
1745923251.8430283,0.33076179027557373,3.129070281982422,10.371932983398438,1.0874648094177246,22.676624298095703,-11.260024070739746,14.919229507446289,0
1745923251.8519492,0.33178606629371643,3.1228296756744385,10.353325843811035,1.0876381397247314,22.663667678833008,-11.25926685333252,14.89557933807373,0
1745923251.8628058,0.33353114128112793,3.116058111190796,10.32603931427002,1.0847879648208618,22.65520477294922,-11.250425338745117,14.860417366027832,0
1745923251.8782902,0.3366229236125946,3.109912395477295,10.304619789123535,1.084614634513855,22.63530921936035,-11.242874145507812,14.835769653320312,0
1745923251.889794,0.33666086196899414,3.106611967086792,10.290427207946777,1.0831124782562256,22.633981704711914,-11.239638328552246,14.816812515258789,0
1745923251.8984137,0.3351813554763794,3.1048858165740967,10.282659530639648,1.083632469177246,22.633821487426758,-11.241839408874512,14.80635929107666,0
1745923251.9131844,0.33666086196899414,3.1034064292907715,10.275805473327637,1.0838828086853027,22.624879837036133,-11.2374849319458,14.799755096435547,0
1745923251.9212723,0.33455541729927063,3.1022872924804688,10.270292282104492,1.080839991569519,22.640094757080078,-11.238865852355957,14.787975311279297,0
1745923251.9335675,0.33364492654800415,3.1036529541015625,10.2712984085083,1.0803393125534058,22.64578628540039,-11.238208770751953,14.788935661315918,0
1745923251.9454372,0.3339104950428009,3.100656032562256,10.271261215209961,1.0818414688110352,22.638633728027344,-11.245129585266113,14.78766918182373,0
1745923251.956346,0.33262065052986145,3.09739351272583,10.273831367492676,1.080358624458313,22.64788055419922,-11.255776405334473,14.784204483032227,0
1745923251.9703581,0.3331896960735321,3.09906268119812,10.273980140686035,1.0798386335372925,22.64837074279785,-11.250649452209473,14.786070823669434,0
1745923251.9818032,0.335674524307251,3.0988919734954834,10.268932342529297,1.0807629823684692,22.634801864624023,-11.242880821228027,14.784261703491211,0
1745923251.991284,0.3348020017147064,3.094738006591797,10.263997077941895,1.0805126428604126,22.63534927368164,-11.25042724609375,14.774049758911133,0
1745923252.0035918,0.33243098855018616,3.089578628540039,10.258148193359375,1.0788371562957764,22.64522933959961,-11.26191234588623,14.758995056152344,0
1745923252.0153072,0.3325447738170624,3.0911529064178467,10.254534721374512,1.0786638259887695,22.644695281982422,-11.255722045898438,14.756896018981934,0
1745923252.0256174,0.3334173262119293,3.091475486755371,10.256099700927734,1.0770461559295654,22.64793586730957,-11.253074645996094,14.758038520812988,0
1745923252.0447621,0.3296236991882324,3.090489149093628,10.258893966674805,1.0788179636001587,22.655532836914062,-11.266538619995117,14.757824897766113,0
1745923252.0497384,0.33117908239364624,3.0910961627960205,10.267741203308105,1.0794919729232788,22.65130615234375,-11.268086433410645,14.769508361816406,0
1745923252.0610304,0.33040139079093933,3.096445083618164,10.28448486328125,1.0804548263549805,22.658660888671875,-11.26976490020752,14.791786193847656,0
1745923252.0788562,0.3295667767524719,3.1011111736297607,10.303017616271973,1.0804163217544556,22.670011520385742,-11.273566246032715,14.814112663269043,0
1745923252.0839748,0.3295098841190338,3.104696273803711,10.32497787475586,1.0841331481933594,22.666690826416016,-11.282721519470215,14.843317031860352,0
1745923252.0954826,0.32694917917251587,3.1099693775177,10.349973678588867,1.087445616722107,22.67498207092285,-11.295327186584473,14.874337196350098,0
1745923252.1134913,0.32522308826446533,3.1153182983398438,10.376626968383789,1.0871952772140503,22.69313621520996,-11.304668426513672,14.904363632202148,0
1745923252.1186728,0.3250144422054291,3.119813919067383,10.40149211883545,1.087541937828064,22.703102111816406,-11.311763763427734,14.93386173248291,0
1745923252.1307666,0.32694917917251587,3.125124931335449,10.42291259765625,1.0885432958602905,22.70261573791504,-11.31063461303711,14.963529586791992,0
1745923252.1424663,0.3232693672180176,3.1289374828338623,10.434981346130371,1.0874263048171997,22.724475860595703,-11.317435264587402,14.974614143371582,0
1745923252.153554,0.3198930323123932,3.1292788982391357,10.441631317138672,1.0879077911376953,22.736740112304688,-11.328592300415039,14.978711128234863,0
1745923252.1663373,0.3198171555995941,3.1314034461975098,10.449640274047852,1.0885047912597656,22.73853302001953,-11.329726219177246,14.989365577697754,0
1745923252.1783738,0.31774964928627014,3.137131690979004,10.462175369262695,1.0891788005828857,22.749649047851562,-11.330350875854492,15.00623607635498,0
1745923252.189277,0.3205569088459015,3.1405839920043945,10.486612319946289,1.0915091037750244,22.742050170898438,-11.3341064453125,15.039261817932129,0
1745923252.1996045,0.3191153407096863,3.147772789001465,10.54891586303711,1.0945711135864258,22.760787963867188,-11.363619804382324,15.11037540435791,0
1745923252.2113593,0.31744614243507385,3.154203176498413,10.57355785369873,1.0961695909500122,22.771780014038086,-11.370144844055176,15.141376495361328,0
1745923252.2287219,0.3167063891887665,3.160367727279663,10.588346481323242,1.0968050956726074,22.779354095458984,-11.36836051940918,15.162225723266602,0
1745923252.2452528,0.3160235285758972,3.1632888317108154,10.600844383239746,1.0964969396591187,22.787973403930664,-11.371321678161621,15.176652908325195,0
1745923252.2462847,0.31526482105255127,3.1658873558044434,10.615726470947266,1.0994627475738525,22.786592483520508,-11.378711700439453,15.196340560913086,0
1745923252.2583637,0.3139749765396118,3.1720142364501953,10.63416576385498,1.1007722616195679,22.794939041137695,-11.380905151367188,15.220927238464355,0
1745923252.2774131,0.312893807888031,3.1775529384613037,10.653797149658203,1.1006182432174683,22.807647705078125,-11.383726119995117,15.24486255645752,0
1745923252.282084,0.3133300542831421,3.183110475540161,10.676521301269531,1.1026595830917358,22.80902099609375,-11.386609077453613,15.27562141418457,0
1745923252.2932618,0.3088535964488983,3.188497543334961,10.701200485229492,1.1047394275665283,22.827178955078125,-11.401493072509766,15.303290367126465,0
1745923252.3099008,0.30629289150238037,3.193960189819336,10.734130859375,1.104007601737976,22.851036071777344,-11.415510177612305,15.33839225769043,0
1745923252.318731,0.3078482747077942,3.199650764465332,10.768011093139648,1.106260895729065,22.85169219970703,-11.422758102416992,15.381771087646484,0
1745923252.3278043,0.30299243330955505,3.209343433380127,10.805522918701172,1.107551097869873,22.879199981689453,-11.43668270111084,15.425409317016602,0
1745923252.3438637,0.2994074523448944,3.2189981937408447,10.840520858764648,1.1085717678070068,22.902416229248047,-11.446222305297852,15.467498779296875,0
1745923252.3502853,0.30094388127326965,3.2232282161712646,10.867807388305664,1.111999750137329,22.896482467651367,-11.453081130981445,15.503978729248047,0
1745923252.362668,0.3019491732120514,3.225428342819214,10.878070831298828,1.111229419708252,22.899810791015625,-11.452216148376465,15.516677856445312,0
1745923252.381565,0.3023475110530853,3.221900224685669,10.875407218933105,1.1100547313690186,22.90032196044922,-11.456403732299805,15.509709358215332,0
1745923252.3879583,0.3062359690666199,3.222621202468872,10.870881080627441,1.1073970794677734,22.895030975341797,-11.44233512878418,15.507135391235352,0
1745923252.3979676,0.30701369047164917,3.224005699157715,10.864809036254883,1.108533263206482,22.887205123901367,-11.434767723083496,15.504361152648926,0
1745923252.4104993,0.30443400144577026,3.2245938777923584,10.859929084777832,1.1076089143753052,22.897296905517578,-11.43535327911377,15.496565818786621,0
1745923252.421289,0.30354249477386475,3.2249162197113037,10.856911659240723,1.105760097503662,22.905410766601562,-11.433539390563965,15.491130828857422,0
1745923252.432131,0.30492717027664185,3.2251439094543457,10.843035697937012,1.1047009229660034,22.89984893798828,-11.420931816101074,15.477807998657227,0
1745923252.4455738,0.30449092388153076,3.221919298171997,10.823012351989746,1.101542592048645,22.904014587402344,-11.414240837097168,15.45096492767334,0
1745923252.454834,0.30454781651496887,3.2165513038635254,10.808801651000977,1.102524757385254,22.894123077392578,-11.417180061340332,15.432425498962402,0
1745923252.4679787,0.30600836873054504,3.2127766609191895,10.80172348022461,1.101638913154602,22.888633728027344,-11.417093276977539,15.422147750854492,0
1745923252.4819386,0.3062739074230194,3.2154700756073,10.799600601196289,1.0998479127883911,22.893856048583984,-11.408443450927734,15.421192169189453,0
1745923252.4906418,0.3048133850097656,3.2132318019866943,10.798966407775879,1.1012922525405884,22.89295768737793,-11.416720390319824,15.418304443359375,0
1745923252.5026665,0.3053634464740753,3.211259126663208,10.792596817016602,1.1033720970153809,22.88150978088379,-11.417047500610352,15.412591934204102,0
1745923252.51488,0.3058376610279083,3.2066688537597656,10.77981948852539,1.1001367568969727,22.884862899780273,-11.415745735168457,15.392462730407715,0
1745923252.5356886,0.3080189824104309,3.2038426399230957,10.762478828430176,1.0982301235198975,22.877243041992188,-11.405104637145996,15.372570991516113,0
1745923252.5520933,0.30648255348205566,3.202932119369507,10.747373580932617,1.0951874256134033,22.887073516845703,-11.398927688598633,15.351975440979004,0
1745923252.5648484,0.3050599694252014,3.201964855194092,10.746125221252441,1.0958421230316162,22.88888168334961,-11.40360164642334,15.348992347717285,0
1745923252.5648484,0.3045288622379303,3.201794147491455,10.753166198730469,1.0973827838897705,22.887821197509766,-11.410444259643555,15.356871604919434,0
1745923252.5804,0.30371323227882385,3.2059481143951416,10.768122673034668,1.0995204448699951,22.889799118041992,-11.414068222045898,15.377305030822754,0
1745923252.5835853,0.3011714816093445,3.2101590633392334,10.78672981262207,1.1013307571411133,22.899791717529297,-11.423264503479004,15.399391174316406,0
1745923252.594975,0.30348560214042664,3.2125110626220703,10.796564102172852,1.1011959314346313,22.896625518798828,-11.419475555419922,15.41375732421875,0
1745923252.6097913,0.3054772615432739,3.210728168487549,10.794645309448242,1.1026980876922607,22.88386344909668,-11.418778419494629,15.413548469543457,0
1745923252.6183279,0.30515480041503906,3.210026264190674,10.786375999450684,1.101542592048645,22.885766983032227,-11.415072441101074,15.40310001373291,0
1745923252.6297574,0.30684295296669006,3.20930552482605,10.780210494995117,1.099655270576477,22.884138107299805,-11.408021926879883,15.396014213562012,0
1745923252.644349,0.30414947867393494,3.2087364196777344,10.779297828674316,1.0990967750549316,22.89439582824707,-11.41397476196289,15.391281127929688,0
1745923252.6532729,0.3033148944377899,3.2089641094207764,10.78864860534668,1.1010034084320068,22.894027709960938,-11.422257423400879,15.401931762695312,0
1745923252.6648746,0.30509790778160095,3.2115626335144043,10.799972534179688,1.1020240783691406,22.889385223388672,-11.4207124710083,15.418657302856445,0
1745923252.6790502,0.3044529855251312,3.2159063816070557,10.818970680236816,1.101407766342163,22.90126609802246,-11.42435073852539,15.4407377243042,0
1745923252.6873267,0.30274584889411926,3.219339609146118,10.84627628326416,1.1008492708206177,22.918853759765625,-11.43729019165039,15.469210624694824,0
1745923252.6982656,0.30083006620407104,3.232598304748535,10.873414039611816,1.1027944087982178,22.931991577148438,-11.431498527526855,15.509636878967285,0
1745923252.7114322,0.3003179132938385,3.236581563949585,10.895337104797363,1.105278730392456,22.933975219726562,-11.43928337097168,15.537515640258789,0
1745923252.7221744,0.3008490204811096,3.237738609313965,10.908001899719238,1.107820749282837,22.928417205810547,-11.445110321044922,15.554409980773926,0
1745923252.734001,0.3023664951324463,3.237549066543579,10.91386890411377,1.1097850799560547,22.91887092590332,-11.447148323059082,15.563570022583008,0
1745923252.7457414,0.30174052715301514,3.2357850074768066,10.91073989868164,1.1113064289093018,22.914344787597656,-11.451146125793457,15.559571266174316,0
1745923252.7571468,0.3000713288784027,3.234931468963623,10.900309562683105,1.1097272634506226,22.92129135131836,-11.44903564453125,15.545039176940918,0
1745923252.7690432,0.2978520691394806,3.230151414871216,10.889394760131836,1.1087836027145386,22.926530838012695,-11.456369400024414,15.526182174682617,0
1745923252.7809668,0.2998437285423279,3.229240894317627,10.885110855102539,1.1086103916168213,22.918867111206055,-11.451367378234863,15.522806167602539,0
1745923252.792505,0.30045071244239807,3.2338881492614746,10.891592979431152,1.1083792448043823,22.921276092529297,-11.444233894348145,15.534311294555664,0
1745923252.8043282,0.2990091145038605,3.2374541759490967,10.910162925720215,1.1076282262802124,22.93568229675293,-11.450749397277832,15.554254531860352,0
1745923252.8157961,0.2969605624675751,3.2390666007995605,10.932085037231445,1.108725905418396,22.94644546508789,-11.465770721435547,15.576837539672852,0
1745923252.8272653,0.29715025424957275,3.2428221702575684,10.948122024536133,1.1115375757217407,22.94305419921875,-11.469080924987793,15.599632263183594,0
1745923252.8428283,0.29745373129844666,3.243486166000366,10.952238082885742,1.1119612455368042,22.942228317260742,-11.469841957092285,15.605138778686523,0
1745923252.8503237,0.29872459173202515,3.2411530017852783,10.94542121887207,1.1116530895233154,22.936115264892578,-11.467697143554688,15.596952438354492,0
1745923252.8622513,0.29950228333473206,3.237549066543579,10.915619850158691,1.1085140705108643,22.93297576904297,-11.45341682434082,15.561184883117676,0
1745923252.8785553,0.2982504069805145,3.2314224243164062,10.896193504333496,1.1074934005737305,22.932092666625977,-11.456265449523926,15.53335952758789,0
1745923252.8856394,0.2987435758113861,3.2265286445617676,10.875612258911133,1.1093807220458984,22.915950775146484,-11.453970909118652,15.510265350341797,0
1745923252.8969097,0.3015698194503784,3.2230193614959717,10.85802936553955,1.1093999147415161,22.899677276611328,-11.444581031799316,15.49201774597168,0
1745923252.911408,0.3065204918384552,3.2198896408081055,10.848511695861816,1.1081289052963257,22.88341522216797,-11.43410587310791,15.483050346374512,0
1745923252.922012,0.30695676803588867,3.215318441390991,10.84033489227295,1.1075319051742554,22.879728317260742,-11.437350273132324,15.470141410827637,0
1745923252.9348373,0.3035045564174652,3.2127387523651123,10.833592414855957,1.106877088546753,22.89015769958496,-11.445432662963867,15.45671272277832,0
1745923252.9466517,0.30545827746391296,3.2128145694732666,10.8234224319458,1.1052016019821167,22.885900497436523,-11.433839797973633,15.446897506713867,0
1745923252.9560215,0.3076016902923584,3.211676597595215,10.816269874572754,1.1044120788574219,22.878692626953125,-11.42680835723877,15.439960479736328,0
1745923252.9674196,0.30617907643318176,3.207920789718628,10.806175231933594,1.1037765741348267,22.880882263183594,-11.431035995483398,15.424052238464355,0
1745923252.9798036,0.30551519989967346,3.2016422748565674,10.78971004486084,1.1026980876922607,22.879077911376953,-11.434755325317383,15.399565696716309,0
1745923252.989016,0.30847421288490295,3.1981332302093506,10.76700496673584,1.1012537479400635,22.865337371826172,-11.420889854431152,15.374866485595703,0
1745923253.0008023,0.311091810464859,3.1919116973876953,10.73934555053711,1.0981724262237549,22.855533599853516,-11.40931224822998,15.340521812438965,0
1745923253.0125225,0.31274205446243286,3.1832432746887207,10.708259582519531,1.098750114440918,22.83476448059082,-11.40505599975586,15.302994728088379,0
1745923253.0253193,0.31437331438064575,3.1782357692718506,10.67979907989502,1.0988849401474,22.81756591796875,-11.39442253112793,15.271292686462402,0
1745923253.036728,0.31329211592674255,3.1746506690979004,10.658733367919922,1.0965932607650757,22.820430755615234,-11.38962173461914,15.243268966674805,0
1745923253.047569,0.31276100873947144,3.16913104057312,10.644763946533203,1.0932807922363281,22.826631546020508,-11.391586303710938,15.21993637084961,0
1745923253.0600758,0.3137853145599365,3.1696810722351074,10.635823249816895,1.0942437648773193,22.817138671875,-11.383194923400879,15.213533401489258,0
1745923253.0783083,0.3134438693523407,3.1666083335876465,10.63125991821289,1.0949177742004395,22.813426971435547,-11.388005256652832,15.206230163574219,0
1745923253.0835743,0.3144681453704834,3.163630247116089,10.62712574005127,1.0937044620513916,22.811630249023438,-11.388786315917969,15.198928833007812,0
1745923253.094948,0.3159666359424591,3.161069631576538,10.590414047241211,1.092029094696045,22.798782348632812,-11.366719245910645,15.159479141235352,0
1745923253.111475,0.31803417205810547,3.156536102294922,10.568920135498047,1.0905461311340332,22.787872314453125,-11.357366561889648,15.134037017822266,0
1745923253.1165993,0.31797724962234497,3.150219678878784,10.56091022491455,1.0905461311340332,22.783126831054688,-11.365899085998535,15.119653701782227,0
1745923253.1288998,0.3168012201786041,3.148550510406494,10.56396484375,1.090989112854004,22.78606605529785,-11.37421703338623,15.120306015014648,0
1745923253.1456773,0.3153027594089508,3.1512629985809326,10.569869995117188,1.0939549207687378,22.78411102294922,-11.377263069152832,15.130391120910645,0
1745923253.1519654,0.31238165497779846,3.1535961627960205,10.578922271728516,1.094397783279419,22.796348571777344,-11.38455581665039,15.139297485351562,0
1745923253.163933,0.3161942660808563,3.1585466861724854,10.590991020202637,1.094128131866455,22.790315628051758,-11.373320579528809,15.159860610961914,0
1745923253.180104,0.31725648045539856,3.161031484603882,10.607772827148438,1.096053957939148,22.78693389892578,-11.377618789672852,15.182114601135254,0
1745923253.1870475,0.3159666359424591,3.1599314212799072,10.622971534729004,1.0951489210128784,22.79910659790039,-11.391764640808105,15.194018363952637,0
1745923253.198447,0.31545448303222656,3.164616584777832,10.636606216430664,1.0957459211349487,22.805086135864258,-11.391866683959961,15.212423324584961,0
1745923253.2102222,0.3122868239879608,3.1695291996002197,10.654132843017578,1.0977102518081665,22.816749572753906,-11.400449752807617,15.233659744262695,0
1745923253.221785,0.31099697947502136,3.1727917194366455,10.666407585144043,1.097941279411316,22.8255615234375,-11.404132843017578,15.248137474060059,0
1745923253.2358837,0.3162132203578949,3.171729564666748,10.668716430664062,1.0973057746887207,22.81072235107422,-11.396358489990234,15.253965377807617,0
1745923253.2450938,0.31395602226257324,3.1679739952087402,10.666090965270996,1.0983264446258545,22.81266975402832,-11.408124923706055,15.246347427368164,0
1745923253.2568915,0.3127230703830719,3.1689412593841553,10.662477493286133,1.0975561141967773,22.818449020385742,-11.405929565429688,15.241698265075684,0
1745923253.267925,0.3122488856315613,3.1713123321533203,10.67579460144043,1.0970747470855713,22.82695960998535,-11.40997314453125,15.256430625915527,0
1745923253.279932,0.309783011674881,3.1756370067596436,10.693060874938965,1.096997618675232,22.84273338317871,-11.416820526123047,15.27547836303711,0
1745923253.2913084,0.308550089597702,3.180758476257324,10.70961856842041,1.0985382795333862,22.84902000427246,-11.41991901397705,15.297465324401855,0
1745923253.3030086,0.3084931969642639,3.1855952739715576,10.724724769592285,1.0993856191635132,22.853103637695312,-11.419779777526855,15.318198204040527,0
1745923253.3139625,0.30830350518226624,3.1896355152130127,10.74418830871582,1.099655270576477,22.860719680786133,-11.423965454101562,15.341782569885254,0
1745923253.3256295,0.3087966740131378,3.19158935546875,10.745399475097656,1.0986346006393433,22.863529205322266,-11.418913841247559,15.344420433044434,0
1745923253.342716,0.3079051673412323,3.1919116973876953,10.747578620910645,1.0969014167785645,22.873065948486328,-11.420394897460938,15.344297409057617,0
1745923253.351035,0.3071843981742859,3.192310094833374,10.757207870483398,1.0979797840118408,22.87523078918457,-11.427755355834961,15.354681968688965,0
1745923253.3607948,0.30811381340026855,3.194434404373169,10.770878791809082,1.0973442792892456,22.87952423095703,-11.429431915283203,15.370771408081055,0
1745923253.3724914,0.3092329502105713,3.20365309715271,10.792317390441895,1.0957844257354736,22.89117431640625,-11.420016288757324,15.40098762512207,0
1745923253.3836575,0.30731716752052307,3.212169647216797,10.821038246154785,1.0983264446258545,22.901432037353516,-11.425554275512695,15.438851356506348,0
1745923253.397493,0.3051168620586395,3.2165892124176025,10.84238338470459,1.0984034538269043,22.916913986206055,-11.434164047241211,15.462493896484375,0
1745923253.4122455,0.3034287095069885,3.2193965911865234,10.856147766113281,1.1008877754211426,22.919742584228516,-11.441861152648926,15.479860305786133,0
1745923253.4196064,0.30138012766838074,3.2229247093200684,10.867527961730957,1.1012152433395386,22.93028450012207,-11.4459867477417,15.493047714233398,0
1745923253.431942,0.29931262135505676,3.2266993522644043,10.881572723388672,1.103102445602417,22.93669891357422,-11.452228546142578,15.510687828063965,0
1745923253.4456222,0.2988573908805847,3.2281978130340576,10.899601936340332,1.1038727760314941,22.942035675048828,-11.461606979370117,15.530529022216797,0
1745923253.4539828,0.2992936372756958,3.2362213134765625,10.922623634338379,1.1047779321670532,22.947731018066406,-11.458624839782715,15.56291675567627,0
1745923253.466628,0.2957465946674347,3.24369478225708,10.953505516052246,1.1081866025924683,22.96060562133789,-11.471427917480469,15.601133346557617,0
1745923253.4810984,0.2948550879955292,3.2516043186187744,10.985150337219238,1.1110560894012451,22.966903686523438,-11.477883338928223,15.64266586303711,0
1745923253.488899,0.2947792410850525,3.2577121257781982,11.016739845275879,1.111229419708252,22.978689193725586,-11.484679222106934,15.680459976196289,0
1745923253.500611,0.29138392210006714,3.263099193572998,11.04924201965332,1.1162173748016357,22.985626220703125,-11.503253936767578,15.719943046569824,0
1745923253.5124104,0.28679364919662476,3.269244909286499,11.080160140991211,1.1195875406265259,23.00136947631836,-11.520712852478027,15.755786895751953,0
1745923253.5244524,0.28546586632728577,3.2745938301086426,11.10690689086914,1.1187400817871094,23.018558502197266,-11.527981758117676,15.785706520080566,0
1745923253.5359375,0.28377771377563477,3.2809102535247803,11.148591995239258,1.1204348802566528,23.033641815185547,-11.544424057006836,15.833714485168457,0
1745923253.553234,0.28686952590942383,3.2850072383880615,11.161629676818848,1.1190675497055054,23.033458709716797,-11.536626815795898,15.85257339477539,0
1745923253.558603,0.2888042628765106,3.2880990505218506,11.168278694152832,1.1212437152862549,23.023284912109375,-11.531582832336426,15.866425514221191,0
1745923253.570204,0.28626254200935364,3.291456460952759,11.172507286071777,1.12465238571167,23.022878646850586,-11.534466743469238,15.8748779296875,0
1745923253.5833545,0.2837018370628357,3.2906599044799805,11.179417610168457,1.1224377155303955,23.04014015197754,-11.544145584106445,15.876216888427734,0
1745923253.5946426,0.28343629837036133,3.292253255844116,11.189400672912598,1.121012568473816,23.04918670654297,-11.546520233154297,15.886102676391602,0
1745923253.6109154,0.28427088260650635,3.2985126972198486,11.199775695800781,1.1226495504379272,23.046432495117188,-11.539141654968262,15.905208587646484,0
1745923253.6160016,0.2818808853626251,3.2982850074768066,11.205660820007324,1.1249797344207764,23.048385620117188,-11.549382209777832,15.910806655883789,0
1745923253.6277795,0.2850865125656128,3.2975263595581055,11.206778526306152,1.1275025606155396,23.03012466430664,-11.546538352966309,15.91689395904541,0
1745923253.645617,0.2855796813964844,3.295534610748291,11.204692840576172,1.1272907257080078,23.0279483795166,-11.548240661621094,15.913097381591797,0
1745923253.6543767,0.2847261130809784,3.2956674098968506,11.201414108276367,1.1260005235671997,23.033842086791992,-11.546998977661133,15.907808303833008,0
1745923253.6630745,0.28379666805267334,3.295079469680786,11.197856903076172,1.1253457069396973,23.03763198852539,-11.547599792480469,15.902078628540039,0
1745923253.6788962,0.28355008363723755,3.2975642681121826,11.199905395507812,1.125653862953186,23.038850784301758,-11.54442310333252,15.906673431396484,0
1745923253.6860693,0.2815774083137512,3.2994611263275146,11.205865859985352,1.1280995607376099,23.039779663085938,-11.54957103729248,15.915003776550293,0
1745923253.697696,0.28220334649086,3.3035011291503906,11.21786117553711,1.1270403861999512,23.046159744262695,-11.546524047851562,15.930606842041016,0
1745923253.71167,0.2836449444293976,3.3077120780944824,11.237138748168945,1.127579689025879,23.047117233276367,-11.546735763549805,15.956075668334961,0
1745923253.7198927,0.283986359834671,3.3091158866882324,11.253250122070312,1.129948377609253,23.043886184692383,-11.55411434173584,15.976301193237305,0
1745923253.732674,0.28288620710372925,3.3127007484436035,11.266213417053223,1.1314890384674072,23.047611236572266,-11.557624816894531,15.99328899383545,0
1745923253.7441962,0.27818211913108826,3.315166711807251,11.279400825500488,1.1321245431900024,23.065431594848633,-11.570334434509277,16.004873275756836,0
1745923253.7559376,0.27782171964645386,3.317082405090332,11.312256813049316,1.1313735246658325,23.079666137695312,-11.58604907989502,16.03853416442871,0
1745923253.7673283,0.2803824245929718,3.3208000659942627,11.334327697753906,1.1323171854019165,23.07642364501953,-11.586801528930664,16.067827224731445,0
1745923253.7797403,0.2795478105545044,3.325845718383789,11.3556547164917,1.1369198560714722,23.07253646850586,-11.593439102172852,16.09796714782715,0
1745923253.7899199,0.2776699662208557,3.332275867462158,11.374373435974121,1.1369198560714722,23.086170196533203,-11.595157623291016,16.121238708496094,0
1745923253.8020313,0.2760007679462433,3.3365437984466553,11.391993522644043,1.1358413696289062,23.101531982421875,-11.59954833984375,16.140378952026367,0
1745923253.814076,0.2746160924434662,3.338118076324463,11.414996147155762,1.1374975442886353,23.10811996459961,-11.613505363464355,16.16522789001465,0
1745923253.8263822,0.2750713527202606,3.348341941833496,11.437310218811035,1.1390960216522217,23.111465454101562,-11.605860710144043,16.199819564819336,0
1745923253.8368616,0.274483323097229,3.353065013885498,11.449584007263184,1.1400974988937378,23.115285873413086,-11.60523796081543,16.21722984313965,0
1745923253.8490217,0.27302277088165283,3.3571619987487793,11.465136528015137,1.1421195268630981,23.119426727294922,-11.610112190246582,16.237442016601562,0
1745923253.860863,0.27300381660461426,3.3638010025024414,11.482868194580078,1.143294334411621,23.123111724853516,-11.607754707336426,16.26296615600586,0
1745923253.8716137,0.2714863717556,3.3690361976623535,11.505778312683105,1.1425431966781616,23.138654708862305,-11.613086700439453,16.28884506225586,0
1745923253.8830476,0.2705000042915344,3.3734936714172363,11.530494689941406,1.1429476737976074,23.149171829223633,-11.62060260772705,16.31743621826172,0
1745923253.8946598,0.2686411440372467,3.3804738521575928,11.556645393371582,1.1423698663711548,23.1666259765625,-11.625053405761719,16.34813117980957,0
1745923253.9126577,0.26680123805999756,3.386486768722534,11.584379196166992,1.145220160484314,23.17342758178711,-11.634245872497559,16.38288688659668,0
1745923253.9182165,0.26687711477279663,3.3928980827331543,11.610827445983887,1.1498613357543945,23.168386459350586,-11.63908576965332,16.42046356201172,0
1745923253.930676,0.2670288383960724,3.3991196155548096,11.639008522033691,1.1498228311538696,23.17813491821289,-11.6424560546875,16.454978942871094,0
1745923253.9468462,0.2647337019443512,3.4047911167144775,11.663073539733887,1.1513056755065918,23.189353942871094,-11.650270462036133,16.483903884887695,0
1745923253.9529054,0.26403188705444336,3.4095330238342285,11.677787780761719,1.152981162071228,23.192005157470703,-11.651562690734863,16.50433349609375,0
1745923253.9652026,0.2636335492134094,3.4099504947662354,11.684473991394043,1.151941180229187,23.198535919189453,-11.654723167419434,16.509998321533203,0
1745923253.9784098,0.2616608738899231,3.4151856899261475,11.72053337097168,1.1510553359985352,23.219362258911133,-11.668148040771484,16.54843521118164,0
1745923253.9878461,0.257734477519989,3.42311429977417,11.76186466217041,1.1508628129959106,23.246265411376953,-11.683403968811035,16.593576431274414,0
1745923253.999445,0.2576206624507904,3.4310808181762695,11.810701370239258,1.1536551713943481,23.25423812866211,-11.696874618530273,16.653059005737305,0
1745923254.012512,0.2552875876426697,3.4445672035217285,11.863877296447754,1.1588164567947388,23.264488220214844,-11.707521438598633,16.722549438476562,0
1745923254.023022,0.2515887916088104,3.4566309452056885,11.90967845916748,1.1600874662399292,23.288238525390625,-11.71728801727295,16.777984619140625,0
1745923254.0335417,0.24940744042396545,3.4656219482421875,11.942590713500977,1.163611650466919,23.295879364013672,-11.724148750305176,16.821231842041016,0
1745923254.046353,0.249445378780365,3.4712934494018555,11.958477973937988,1.1657878160476685,23.29515838623047,-11.723003387451172,16.84500503540039,0
1745923254.0609596,0.24665705859661102,3.4770596027374268,11.968628883361816,1.164882779121399,23.31083869934082,-11.722311019897461,16.857229232788086,0
1745923254.0702155,0.24491198360919952,3.482522487640381,11.985578536987305,1.1644976139068604,23.323545455932617,-11.724210739135742,16.87751007080078,0
1745923254.0806332,0.2460121363401413,3.4906787872314453,12.01081657409668,1.1660189628601074,23.3248233795166,-11.720976829528809,16.91352653503418,0
1745923254.0921102,0.24489301443099976,3.5021166801452637,12.042816162109375,1.1676366329193115,23.335290908813477,-11.719461441040039,16.957462310791016,0
1745923254.1039367,0.24339453876018524,3.5085089206695557,12.078167915344238,1.1693891286849976,23.345975875854492,-11.730297088623047,16.999460220336914,0
1745923254.117099,0.2411942332983017,3.5162477493286133,12.114319801330566,1.172778606414795,23.35437774658203,-11.741166114807129,17.044540405273438,0
1745923254.1285913,0.2409476488828659,3.526149272918701,12.153900146484375,1.1736259460449219,23.36602020263672,-11.7445707321167,17.094623565673828,0
1745923254.1437821,0.23893702030181885,3.536316156387329,12.196385383605957,1.1737029552459717,23.386043548583984,-11.751970291137695,17.145341873168945,0
1745923254.1505046,0.2333034873008728,3.5478298664093018,12.236132621765137,1.1788256168365479,23.401325225830078,-11.764902114868164,17.196090698242188,0
1745923254.1618161,0.23184294998645782,3.559495210647583,12.283163070678711,1.1837172508239746,23.40674591064453,-11.773311614990234,17.25821876525879,0
1745923254.1797469,0.2269871085882187,3.569187879562378,12.337289810180664,1.186028242111206,23.43122673034668,-11.79422664642334,17.31949234008789,0
1745923254.185941,0.22645600140094757,3.581251621246338,12.392831802368164,1.1865867376327515,23.448909759521484,-11.802175521850586,17.38712501525879,0
1745923254.1961746,0.22332625091075897,3.594111919403076,12.497843742370605,1.1885510683059692,23.482982635498047,-11.840154647827148,17.50383186340332,0
1745923254.2136724,0.22122079133987427,3.6065170764923096,12.554634094238281,1.1946173906326294,23.48916244506836,-11.853667259216309,17.576990127563477,0
1745923254.2210972,0.22031031548976898,3.6230573654174805,12.615986824035645,1.1996437311172485,23.497058868408203,-11.858969688415527,17.658998489379883,0
1745923254.2318969,0.2157200276851654,3.637871503829956,12.689242362976074,1.2026287317276,23.524066925048828,-11.879311561584473,17.74546241760254,0
1745923254.2462971,0.20928983390331268,3.6564793586730957,12.775721549987793,1.2049397230148315,23.562314987182617,-11.902253150939941,17.8464298248291,0
1745923254.25489,0.20462366938591003,3.677647590637207,12.864603996276855,1.2106208801269531,23.586593627929688,-11.919925689697266,17.957496643066406,0
1745923254.2674704,0.20268891751766205,3.713876724243164,12.949779510498047,1.2158976793289185,23.606691360473633,-11.902911186218262,18.082242965698242,0
1745923254.2773912,0.19927465915679932,3.7301135063171387,13.01973819732666,1.2209047079086304,23.62300682067871,-11.91722297668457,18.170032501220703,0
1745923254.2895699,0.194039449095726,3.7426705360412598,13.071183204650879,1.224833369255066,23.64207649230957,-11.931591033935547,18.232725143432617,0
1745923254.301119,0.19477921724319458,3.750049114227295,13.109365463256836,1.2276643514633179,23.642847061157227,-11.937310218811035,18.281858444213867,0
1745923254.313108,0.19677086174488068,3.7549049854278564,13.133597373962402,1.2291086912155151,23.640079498291016,-11.937701225280762,18.314382553100586,0
1745923254.3243363,0.1948361098766327,3.758376121520996,13.153546333312988,1.2290701866149902,23.65120506286621,-11.944782257080078,18.33582878112793,0
1745923254.335426,0.19225645065307617,3.7611265182495117,13.16844654083252,1.2296671867370605,23.660966873168945,-11.95212173461914,18.351497650146484,0
1745923254.3478682,0.19144082069396973,3.766361713409424,13.182304382324219,1.231265664100647,23.66327476501465,-11.95180892944336,18.37137222290039,0
1745923254.3607926,0.19168740510940552,3.7691309452056885,13.19202709197998,1.232209324836731,23.662878036499023,-11.951651573181152,18.385055541992188,0
1745923254.3711298,0.19108042120933533,3.7679359912872314,13.1923246383667,1.2325944900512695,23.663291931152344,-11.955218315124512,18.383934020996094,0
1745923254.3822765,0.19227541983127594,3.7676703929901123,13.193870544433594,1.2339040040969849,23.65655517578125,-11.954957008361816,18.387720108032227,0
1745923254.3948085,0.19381183385849,3.767385959625244,13.19100284576416,1.2368698120117188,23.643165588378906,-11.95276165008545,18.389070510864258,0
1745923254.411429,0.192351296544075,3.765716791152954,13.185284614562988,1.2405866384506226,23.635074615478516,-11.957386016845703,18.383939743041992,0
1745923254.417074,0.19138391315937042,3.762397289276123,13.184911727905273,1.2407984733581543,23.636320114135742,-11.964994430541992,18.379491806030273,0
1745923254.4353302,0.19457055628299713,3.763554334640503,13.182695388793945,1.2415494918823242,23.62500762939453,-11.956483840942383,18.382369995117188,0
1745923254.4455314,0.1953672170639038,3.7652804851531982,13.183160781860352,1.2432249784469604,23.618587493896484,-11.953015327453613,18.387033462524414,0
1745923254.452856,0.19481714069843292,3.766627311706543,13.182844161987305,1.2457863092422485,23.61318588256836,-11.952691078186035,18.39007568359375,0
1745923254.463884,0.19502580165863037,3.7655270099639893,13.172003746032715,1.2492527961730957,23.600019454956055,-11.950662612915039,18.38180923461914,0
1745923254.4778538,0.19447572529315948,3.762416362762451,13.156972885131836,1.2487136125564575,23.598731994628906,-11.949557304382324,18.362579345703125,0
1745923254.4875948,0.1943429410457611,3.7575035095214844,13.135199546813965,1.2485787868499756,23.593082427978516,-11.947811126708984,18.33562469482422,0
1745923254.4999354,0.19923672080039978,3.747450351715088,13.114338874816895,1.2479047775268555,23.573749542236328,-11.946449279785156,18.308929443359375,0
1745923254.5124383,0.19842109084129333,3.7412478923797607,13.098413467407227,1.2496957778930664,23.565643310546875,-11.952095985412598,18.287776947021484,0
1745923254.524195,0.19954021275043488,3.7413806915283203,13.09280776977539,1.252353310585022,23.55366325378418,-11.948379516601562,18.286083221435547,0
1745923254.5335696,0.20113353431224823,3.7451553344726562,13.107522010803223,1.251698613166809,23.555511474609375,-11.945669174194336,18.305509567260742,0
1745923254.5449345,0.20075418055057526,3.7520785331726074,13.136894226074219,1.2557042837142944,23.554115295410156,-11.950390815734863,18.34543228149414,0
1745923254.5581746,0.19825038313865662,3.761657476425171,13.171557426452637,1.2602492570877075,23.559085845947266,-11.95700740814209,18.39171600341797,0
1745923254.578854,0.19455158710479736,3.772583246231079,13.219332695007324,1.2616742849349976,23.579572677612305,-11.96821403503418,18.448143005371094,0
1745923254.5804892,0.18734370172023773,3.7838692665100098,13.277519226074219,1.2648711204528809,23.607336044311523,-11.990899085998535,18.51360321044922,0
1745923254.5918732,0.18571244180202484,3.7923479080200195,13.325201034545898,1.2678947448730469,23.61675262451172,-12.003332138061523,18.571155548095703,0
1745923254.6041653,0.18806448578834534,3.8053412437438965,13.372138023376465,1.271264910697937,23.6149959564209,-12.000442504882812,18.636808395385742,0
1745923254.6151698,0.18485887348651886,3.8162479400634766,13.42220401763916,1.2737107276916504,23.631397247314453,-12.012126922607422,18.697021484375,0
1745923254.6289558,0.1827344447374344,3.8283116817474365,13.478976249694824,1.279969573020935,23.63604164123535,-12.024827003479004,18.76999282836914,0
1745923254.6444793,0.17979438602924347,3.8451931476593018,4.853569507598877,1.2839752435684204,19.93398666381836,-4.365417003631592,10.162532806396484,0
1745923254.6509225,0.17252959311008453,3.866115093231201,71.32232666015625,1.2874995470046997,26.933290481567383,-18.78700065612793,76.64846801757812,0
1745923254.6605115,0.16469575464725494,3.888611316680908,13.86104679107666,1.29768705368042,23.737388610839844,-12.138947486877441,19.2120418548584,0
1745923254.6814754,0.158037930727005,3.9150149822235107,13.973508834838867,1.3018853664398193,23.774559020996094,-12.158554077148438,19.348447799682617,0
1745923254.6846437,0.15418741106987,3.940621852874756,14.080179214477539,1.3092998266220093,23.793777465820312,-12.173299789428711,19.48428726196289,0
1745923254.6960063,0.15073519945144653,3.9655649662017822,14.181168556213379,1.3165793418884277,23.81067657470703,-12.185673713684082,19.61404800415039,0
1745923254.710699,0.14699847996234894,3.989408016204834,14.276923179626465,1.3220486640930176,23.831512451171875,-12.197074890136719,19.73537826538086,0
1745923254.7188292,0.1453292816877365,4.008243083953857,14.365265846252441,1.3258811235427856,23.84837532043457,-12.209245681762695,19.8447208404541,0
1745923254.730423,0.13946813344955444,4.053140640258789,14.448522567749023,1.3285001516342163,23.883438110351562,-12.182130813598633,19.969633102416992,0
1745923254.7466652,0.13451744616031647,4.0745368003845215,14.531351089477539,1.3326599597930908,23.9068546295166,-12.193159103393555,20.07306671142578,0
1745923254.7540963,0.13053414225578308,4.098455905914307,14.619730949401855,1.3362034559249878,23.930761337280273,-12.200483322143555,20.18492317199707,0
1745923254.7656653,0.12431260198354721,4.11907434463501,14.706452369689941,1.3408446311950684,23.95633316040039,-12.216547012329102,20.29068374633789,0
1745923254.7788794,0.12258650362491608,4.129658222198486,14.764304161071777,1.3443496227264404,23.96538543701172,-12.228567123413086,20.360897064208984,0
1745923254.7886565,0.12125872820615768,4.135045051574707,14.780061721801758,1.3445037603378296,23.972562789916992,-12.228796005249023,20.380868911743164,0
1745923254.8001757,0.12160015851259232,4.1304168701171875,14.760802268981934,1.3416534662246704,23.974241256713867,-12.226265907287598,20.354473114013672,0
1745923254.813035,0.12381942570209503,4.122014045715332,14.71947193145752,1.3383604288101196,23.967130661010742,-12.217103958129883,20.303665161132812,0
1745923254.8236485,0.12911152839660645,4.115015029907227,14.669107437133789,1.333661437034607,23.954179763793945,-12.196017265319824,20.246896743774414,0
1745923254.8354087,0.1307048499584198,4.105644702911377,14.613715171813965,1.3274409770965576,23.95311164855957,-12.181929588317871,20.177505493164062,0
1745923254.8471262,0.13248786330223083,4.091190814971924,14.55198860168457,1.3241286277770996,23.941720962524414,-12.17431354522705,20.099796295166016,0
1745923254.858301,0.1378748118877411,4.078615188598633,14.485215187072754,1.3186208009719849,23.925952911376953,-12.1543607711792,20.020326614379883,0
1745923254.8696702,0.14161153137683868,4.064009666442871,14.338685989379883,1.3125543594360352,23.898983001708984,-12.104532241821289,19.856861114501953,0
1745923254.8825045,0.14303414523601532,4.047962665557861,14.26943588256836,1.307566523551941,23.89065170288086,-12.095616340637207,19.76799774169922,0
1745923254.892916,0.14580349624156952,4.033262252807617,14.214675903320312,1.3048126697540283,23.876117706298828,-12.089662551879883,19.69855499267578,0
1745923254.9052951,0.15181638300418854,4.02489709854126,14.18023681640625,1.3043118715286255,23.852596282958984,-12.077786445617676,19.66126251220703,0
1745923254.9173167,0.15303035080432892,4.019700050354004,14.165913581848145,1.2998247146606445,23.857114791870117,-12.075949668884277,19.638469696044922,0
1745923254.927994,0.15090592205524445,4.014237403869629,14.161704063415527,1.2995551824569702,23.86140251159668,-12.086700439453125,19.626401901245117,0
1745923254.9448426,0.15060243010520935,4.014123439788818,14.156600952148438,1.3012306690216064,23.856672286987305,-12.085845947265625,19.62255859375,0
1745923254.951543,0.15098178386688232,4.0089640617370605,14.146859169006348,1.3004217147827148,23.85466194152832,-12.089115142822266,19.607227325439453,0
1745923254.9789994,0.15337178111076355,4.00126314163208,14.123912811279297,1.299401044845581,23.844547271728516,-12.087183952331543,19.57794761657715,0
1745923254.9821894,0.1561221480369568,3.992461919784546,14.094111442565918,1.2975715398788452,23.833892822265625,-12.083003044128418,19.540266036987305,0
1745923254.9862993,0.15898634493350983,3.98561429977417,14.062056541442871,1.2964545488357544,23.820938110351562,-12.074591636657715,19.50311279296875,0
1745923254.9981751,0.15915705263614655,3.979051351547241,14.033614158630371,1.294432520866394,23.81835174560547,-12.071486473083496,19.46625328063965,0
1745923255.0122905,0.16010546684265137,3.9730384349823,14.013257026672363,1.2938740253448486,23.811641693115234,-12.070493698120117,19.440275192260742,0
1745923255.0211694,0.1627420336008072,3.9715399742126465,14.003198623657227,1.2937391996383667,23.80247688293457,-12.063872337341309,19.43122100830078,0
1745923255.033141,0.16167981922626495,3.9719762802124023,14.002825736999512,1.296358346939087,23.798341751098633,-12.065970420837402,19.43284034729004,0
1745923255.0455763,0.16012443602085114,3.9739677906036377,14.01485824584961,1.3019046783447266,23.790746688842773,-12.07330322265625,19.450855255126953,0
1745923255.0559418,0.15980197489261627,3.9743282794952393,14.03730297088623,1.3040038347244263,23.79094696044922,-12.084488868713379,19.47543716430664,0
1745923255.070423,0.15915705263614655,3.976206064224243,14.049856185913086,1.3067384958267212,23.78851318359375,-12.089388847351074,19.49195671081543,0
1745923255.0804405,0.15968815982341766,3.976926803588867,14.053711891174316,1.310224175453186,23.77883529663086,-12.090620040893555,19.500551223754883,0
1745923255.0920706,0.16277997195720673,3.9745938777923584,14.043244361877441,1.312958836555481,23.760581970214844,-12.085797309875488,19.49357795715332,0
1745923255.1020377,0.1625523567199707,3.9746506214141846,14.03832721710205,1.3083946704864502,23.77225685119629,-12.081748962402344,19.483924865722656,0
1745923255.1146216,0.1622488647699356,3.972374439239502,14.03359603881836,1.3111293315887451,23.76427459716797,-12.085216522216797,19.47934913635254,0
1745923255.1255162,0.16006752848625183,3.9703259468078613,14.035198211669922,1.3117263317108154,23.768386840820312,-12.093408584594727,19.477317810058594,0
1745923255.1380014,0.16025720536708832,3.971862316131592,14.043057441711426,1.3136136531829834,23.764909744262695,-12.094931602478027,19.48879051208496,0
1745923255.1486344,0.16061760485172272,3.9751439094543457,14.05136489868164,1.3142876625061035,23.76468276977539,-12.092852592468262,19.501413345336914,0
1745923255.1603994,0.16302655637264252,3.9757509231567383,14.070624351501465,1.3123233318328857,23.76781463623047,-12.09563159942627,19.521724700927734,0
1745923255.1787462,0.16023823618888855,3.9795634746551514,14.091354370117188,1.3125158548355103,23.780004501342773,-12.103429794311523,19.543670654296875,0
1745923255.187965,0.15849317610263824,3.982332944869995,14.103275299072266,1.3113218545913696,23.79095458984375,-12.106575012207031,19.555423736572266,0
1745923255.19471,0.1573740541934967,3.9838123321533203,14.104299545288086,1.3118226528167725,23.793132781982422,-12.106658935546875,19.557308197021484,0
1745923255.2123082,0.1565963625907898,3.9836606979370117,14.095638275146484,1.3120344877243042,23.792734146118164,-12.104388236999512,19.547929763793945,0
1745923255.2184734,0.15932777523994446,3.9850072860717773,14.0889892578125,1.31191885471344,23.784664154052734,-12.094402313232422,19.545242309570312,0
1745923255.2296293,0.15934674441814423,3.9864678382873535,14.089454650878906,1.312072992324829,23.784616470336914,-12.092179298400879,19.54734230041504,0
1745923255.2481763,0.15805689990520477,3.989370107650757,14.092695236206055,1.311745524406433,23.79022789001465,-12.090778350830078,19.55186653137207,0
1745923255.253052,0.15927086770534515,3.9949088096618652,14.100797653198242,1.3127470016479492,23.787296295166016,-12.083502769470215,19.567726135253906,0
1745923255.2640662,0.15621699392795563,3.9980955123901367,14.115679740905762,1.3145188093185425,23.794574737548828,-12.090862274169922,19.584510803222656,0
1745923255.2787235,0.15614111721515656,4.004374027252197,14.137956619262695,1.3169260025024414,23.794540405273438,-12.091607093811035,19.615398406982422,0
1745923255.2892563,0.15697571635246277,4.008812427520752,14.154216766357422,1.3204309940338135,23.787527084350586,-12.09168815612793,19.64043617248535,0
1745923255.2996624,0.1538839191198349,4.011581897735596,14.168391227722168,1.3197184801101685,23.801185607910156,-12.098332405090332,19.653575897216797,0
1745923255.312598,0.1518922597169876,4.012548923492432,14.183477401733398,1.3178889751434326,23.81467628479004,-12.106059074401855,19.665807723999023,0
1745923255.3225303,0.1538839191198349,4.013516426086426,14.189586639404297,1.3180814981460571,23.8104305267334,-12.103928565979004,19.675067901611328,0
1745923255.3344882,0.15644460916519165,4.0158305168151855,14.197595596313477,1.32075834274292,23.798845291137695,-12.100561141967773,19.690629959106445,0
1745923255.347989,0.1565963625907898,4.019775867462158,14.207616806030273,1.3212591409683228,23.800107955932617,-12.098431587219238,19.70524787902832,0
1745923255.3577464,0.15301138162612915,4.020705223083496,14.220487594604492,1.3233968019485474,23.80685043334961,-12.109663963317871,19.717599868774414,0
1745923255.3690765,0.15342867374420166,4.024005889892578,14.233506202697754,1.3268824815750122,23.800071716308594,-12.110860824584961,19.737823486328125,0
1745923255.380178,0.15365630388259888,4.027306079864502,14.254497528076172,1.3310807943344116,23.79363441467285,-12.116279602050781,19.76654052734375,0
1745923255.3933072,0.15151289105415344,4.0383076667785645,14.28526782989502,1.3361071348190308,23.79496955871582,-12.117525100708008,19.811195373535156,0
1745923255.4036508,0.14606904983520508,4.0492143630981445,14.324884414672852,1.3385144472122192,23.813587188720703,-12.127209663391113,19.85868263244629,0
1745923255.4156804,0.14274962246418,4.054373741149902,14.358001708984375,1.3401129245758057,23.826122283935547,-12.139628410339355,19.895238876342773,0
1745923255.4269395,0.14580349624156952,4.053634166717529,14.369624137878418,1.340575098991394,23.81925392150879,-12.141155242919922,19.909635543823242,0
1745923255.4389532,0.14595523476600647,4.049574851989746,14.366755485534668,1.3389381170272827,23.8216609954834,-12.14565658569336,19.90122413635254,0
1745923255.4520068,0.14694157242774963,4.045458793640137,14.351463317871094,1.3400743007659912,23.812053680419922,-12.144571304321289,19.88393783569336,0
1745923255.463608,0.1499195694923401,4.041665077209473,14.333508491516113,1.3416149616241455,23.79568099975586,-12.1386137008667,19.866708755493164,0
1745923255.4801707,0.1503368765115738,4.042234420776367,14.329056739807129,1.3423852920532227,23.791767120361328,-12.13532543182373,19.864013671875,0
1745923255.4854338,0.1477382332086563,4.04348611831665,14.333061218261719,1.34307861328125,23.79784393310547,-12.139667510986328,19.86736488342285,0
1745923255.4990268,0.15113353729248047,4.038004398345947,14.311864852905273,1.3415957689285278,23.787200927734375,-12.133026123046875,19.842599868774414,0
1745923255.5108676,0.15221472084522247,4.033394813537598,14.282622337341309,1.3432519435882568,23.772850036621094,-12.126582145690918,19.81148338317871,0
1745923255.5318289,0.15416844189167023,4.032238006591797,14.264127731323242,1.3440800905227661,23.761375427246094,-12.117326736450195,19.794614791870117,0
1745923255.5375178,0.1535804271697998,4.031137943267822,14.250455856323242,1.346756935119629,23.75274658203125,-12.115218162536621,19.78192901611328,0
1745923255.5450225,0.15193019807338715,4.035102367401123,14.248649597167969,1.3479124307632446,23.754501342773438,-12.111051559448242,19.783594131469727,0
1745923255.554379,0.15204399824142456,4.035709381103516,14.247121810913086,1.3503389358520508,23.747663497924805,-12.110248565673828,19.785213470458984,0
1745923255.567086,0.15179741382598877,4.034267425537109,14.239150047302246,1.3512440919876099,23.743915557861328,-12.109898567199707,19.776458740234375,0
1745923255.5801563,0.14910393953323364,4.033850193023682,14.23361873626709,1.348239779472351,23.757551193237305,-12.111271858215332,19.764812469482422,0
1745923255.590767,0.1480417251586914,4.035178184509277,14.237156867980957,1.347623586654663,23.762990951538086,-12.112139701843262,19.76799964904785,0
1745923255.6022878,0.14500682055950165,4.037075042724609,14.261855125427246,1.3498574495315552,23.77077865600586,-12.126134872436523,19.793794631958008,0
1745923255.6130857,0.13929742574691772,4.0475263595581055,14.312088966369629,1.3558852672576904,23.782875061035156,-12.14337158203125,19.85479736328125,0
1745923255.6379437,0.13736267387866974,4.070553779602051,14.37239933013916,1.3602184057235718,23.794269561767578,-12.13702392578125,19.940532684326172,0
1745923255.6379437,0.13789378106594086,4.080853462219238,14.426190376281738,1.3648210763931274,23.794450759887695,-12.144951820373535,20.00975799560547,0
1745923255.6549802,0.13643322885036469,4.090944290161133,14.47573471069336,1.3679794073104858,23.802566528320312,-12.153951644897461,20.071090698242188,0
1745923255.6600633,0.13514339923858643,4.097829818725586,14.51401138305664,1.3703482151031494,23.8092098236084,-12.162602424621582,20.117332458496094,0
1745923255.6825538,0.13427086174488068,4.108072757720947,14.549996376037598,1.374007225036621,23.81165885925293,-12.164565086364746,20.16634750366211,0
1745923255.6859064,0.13083763420581818,4.1171393394470215,14.598516464233398,1.3780322074890137,23.82206916809082,-12.178284645080566,20.224525451660156,0
1745923255.6945245,0.12605765461921692,4.126528739929199,14.648340225219727,1.3788795471191406,23.844316482543945,-12.192784309387207,20.27980613708496,0
1745923255.7186823,0.12309864163398743,4.1388959884643555,14.70073413848877,1.3804972171783447,23.860963821411133,-12.200817108154297,20.343225479125977,0
1745923255.7186823,0.11989302188158035,4.151281833648682,14.75707721710205,1.3863710165023804,23.868120193481445,-12.212702751159668,20.414623260498047,0
1745923255.7358956,0.11560622602701187,4.168808460235596,14.81854248046875,1.3916091918945312,23.881635665893555,-12.2198486328125,20.494565963745117,0
1745923255.7404916,0.11291275173425674,4.187416076660156,14.886322021484375,1.3957304954528809,23.895320892333984,-12.224834442138672,20.582382202148438,0
1745923255.752986,0.10889150947332382,4.204885959625244,15.029367446899414,1.399235486984253,23.92837905883789,-12.265290260314941,20.742380142211914,0
1745923255.7641938,0.10314416140317917,4.223474502563477,15.099605560302734,1.4015271663665771,23.954360961914062,-12.275199890136719,20.82775115966797,0
1745923255.7789357,0.09880045801401138,4.239995956420898,15.153042793273926,1.4014694690704346,23.97884750366211,-12.278094291687012,20.893310546875,0
1745923255.7876012,0.0992746651172638,4.25166130065918,15.183347702026367,1.4021819829940796,23.983966827392578,-12.271721839904785,20.936464309692383,0
1745923255.801166,0.09775721281766891,4.2563276290893555,15.193535804748535,1.4014694690704346,23.99234390258789,-12.270668029785156,20.9490909576416,0
1745923255.8113532,0.09770030528306961,4.256744861602783,15.190201759338379,1.401931643486023,23.99078369140625,-12.268898963928223,20.946578979492188,0
1745923255.8258655,0.10191123187541962,4.254886150360107,15.171836853027344,1.3987733125686646,23.984294891357422,-12.256180763244629,20.927406311035156,0
1745923255.8331647,0.10504097491502762,4.2494611740112305,15.145723342895508,1.3943631649017334,23.981414794921875,-12.247060775756836,20.894588470458984,0
1745923255.8463233,0.10688088834285736,4.247640132904053,15.120969772338867,1.392899513244629,23.975364685058594,-12.236034393310547,20.868389129638672,0
1745923255.8578415,0.10443399846553802,4.242404937744141,15.092788696289062,1.3899723291397095,23.982315063476562,-12.235201835632324,20.829601287841797,0
1745923255.8681297,0.10416844487190247,4.240204811096191,15.078856468200684,1.3876805305480957,23.985591888427734,-12.232306480407715,20.810909271240234,0
1745923255.88015,0.10407359898090363,4.241285800933838,15.077404022216797,1.3845800161361694,23.993499755859375,-12.228813171386719,20.807344436645508,0
1745923255.8914683,0.10297344624996185,4.24409294128418,15.080793380737305,1.3829238414764404,24.0015811920166,-12.22681713104248,20.81078338623047,0
1745923255.904347,0.10377011448144913,4.249328136444092,15.0891752243042,1.383020043373108,24.001964569091797,-12.220765113830566,20.825294494628906,0
1745923255.9151518,0.10445296764373779,4.250826835632324,15.101579666137695,1.383925199508667,24.000669479370117,-12.222893714904785,20.840784072875977,0
1745923255.9344652,0.10416844487190247,4.256213665008545,15.123987197875977,1.3850421905517578,24.003923416137695,-12.224666595458984,20.86941146850586,0
1745923255.9377708,0.10229060053825378,4.261524677276611,15.151068687438965,1.3843103647232056,24.01660919189453,-12.230273246765137,20.899194717407227,0
1745923255.9503841,0.09881942719221115,4.2719573974609375,15.181987762451172,1.3810365200042725,24.041236877441406,-12.230802536010742,20.933801651000977,0
1745923255.9810407,0.0966191217303276,4.280606746673584,15.219090461730957,1.3835593461990356,24.049068450927734,-12.237149238586426,20.979877471923828,0
1745923255.9834504,0.09551897644996643,4.287871360778809,15.263829231262207,1.385542869567871,24.056652069091797,-12.24687385559082,21.032764434814453,0
1745923255.9909997,0.09550000727176666,4.286828517913818,15.25969409942627,1.3869102001190186,24.052345275878906,-12.24740219116211,21.028932571411133,0
1745923255.9960515,0.09622079133987427,4.2842864990234375,15.245278358459473,1.387661337852478,24.045509338378906,-12.244592666625977,21.013446807861328,0
1745923256.0117347,0.10183536261320114,4.2801513671875,15.22402572631836,1.3854273557662964,24.0323486328125,-12.232453346252441,20.991439819335938,0
1745923256.0190113,0.10304932296276093,4.275997638702393,15.20202922821045,1.383790373802185,24.02845001220703,-12.227229118347168,20.964866638183594,0
1745923256.0310116,0.10380804538726807,4.273626327514648,15.180479049682617,1.385003685951233,24.019014358520508,-12.221269607543945,20.942916870117188,0
1745923256.0465674,0.10483232885599136,4.268353462219238,15.162915229797363,1.3836555480957031,24.015474319458008,-12.22007942199707,20.919755935668945,0
1745923256.0541494,0.10610318928956985,4.263782024383545,15.15526008605957,1.38510000705719,24.006389617919922,-12.222713470458984,20.910245895385742,0
1745923256.0683532,0.10534446686506271,4.261733531951904,15.159915924072266,1.3872761726379395,24.00336456298828,-12.230042457580566,20.914268493652344,0
1745923256.0794756,0.10485129803419113,4.257237911224365,15.15242862701416,1.3867368698120117,24.003637313842773,-12.234603881835938,20.901256561279297,0
1745923256.0903172,0.10707056522369385,4.246501922607422,15.12568187713623,1.384060025215149,23.997602462768555,-12.235811233520508,20.863313674926758,0
1745923256.1009908,0.11002959311008453,4.2362213134765625,15.08505916595459,1.382037878036499,23.985471725463867,-12.229544639587402,20.8133487701416,0
1745923256.1128953,0.11429742723703384,4.225940704345703,15.038140296936035,1.3797847032546997,23.969364166259766,-12.21839427947998,20.758163452148438,0
1745923256.1233535,0.1159476563334465,4.219282627105713,15.00269603729248,1.380574345588684,23.95505142211914,-12.211734771728516,20.718502044677734,0
1745923256.134993,0.11710470914840698,4.21533727645874,14.981760025024414,1.3784173727035522,23.952701568603516,-12.206403732299805,20.69261932373047,0
1745923256.147462,0.11443020403385162,4.211297035217285,14.962910652160645,1.3781477212905884,23.955615997314453,-12.209056854248047,20.666786193847656,0
1745923256.159773,0.11609940230846405,4.203596115112305,14.941603660583496,1.3778010606765747,23.94660186767578,-12.209538459777832,20.639101028442383,0
1745923256.1713722,0.12029135972261429,4.195250034332275,14.91152286529541,1.3748160600662231,23.93600082397461,-12.202125549316406,20.60188102722168,0
1745923256.182111,0.12581107020378113,4.18722677230835,14.870285034179688,1.3721777200698853,23.918981552124023,-12.18739128112793,20.555500030517578,0
1745923256.193807,0.12933914363384247,4.177590847015381,14.771717071533203,1.3701363801956177,23.893611907958984,-12.15394401550293,20.44878387451172,0
1745923256.2109358,0.12765097618103027,4.1659064292907715,14.718522071838379,1.3656299114227295,23.89631462097168,-12.150654792785645,20.377708435058594,0
1745923256.2173715,0.1318429410457611,4.152742385864258,14.653667449951172,1.3611620664596558,23.881244659423828,-12.13508415222168,20.299415588378906,0
1745923256.2293313,0.13614870607852936,4.139692306518555,14.584118843078613,1.3577340841293335,23.862167358398438,-12.117417335510254,20.217695236206055,0
1745923256.245518,0.13954401016235352,4.124328136444092,14.510546684265137,1.3533432483673096,23.84644889831543,-12.102705001831055,20.127761840820312,0
1745923256.2518692,0.1458224505186081,4.107958793640137,14.438334465026855,1.3469687700271606,23.82833480834961,-12.084481239318848,20.039085388183594,0
1745923256.2655222,0.15170258283615112,4.090887546539307,14.371095657348633,1.3401321172714233,23.813194274902344,-12.069940567016602,19.95381736755371,0
1745923256.2778192,0.15335281193256378,4.076301097869873,14.320600509643555,1.3362419605255127,23.805328369140625,-12.06702995300293,19.886497497558594,0
1745923256.2879515,0.15414947271347046,4.067803382873535,14.277314186096191,1.3351634740829468,23.795114517211914,-12.059887886047363,19.834430694580078,0
1745923256.2994967,0.1559893786907196,4.058660507202148,14.228496551513672,1.3329102993011475,23.78387451171875,-12.04901123046875,19.77605628967285,0
1745923256.316727,0.1600295901298523,4.034722805023193,14.180031776428223,1.3310229778289795,23.762723922729492,-12.059510231018066,19.705806732177734,0
1745923256.3213074,0.16443020105361938,4.023569583892822,14.126725196838379,1.3270173072814941,23.747779846191406,-12.044788360595703,19.641740798950195,0
1745923256.3326857,0.16886873543262482,4.011638641357422,14.072635650634766,1.3206043243408203,23.73865509033203,-12.029754638671875,19.573747634887695,0
1745923256.3454952,0.17239680886268616,4.002230167388916,14.027002334594727,1.3165793418884277,23.727954864501953,-12.016883850097656,19.51820945739746,0
1745923256.355944,0.17108801007270813,3.9962363243103027,13.993308067321777,1.3128433227539062,23.732648849487305,-12.011998176574707,19.47347640991211,0
1745923256.3692434,0.17076554894447327,3.9940741062164307,13.970622062683105,1.3116108179092407,23.731334686279297,-12.005162239074707,19.447072982788086,0
1745923256.3811257,0.1726054698228836,3.9926135540008545,13.960489273071289,1.309319019317627,23.729990005493164,-11.99876880645752,19.435026168823242,0
1745923256.3899534,0.17427465319633484,3.987511157989502,13.956298828125,1.3078746795654297,23.72734832763672,-12.001989364624023,19.42595863342285,0
1745923256.4026566,0.17510925233364105,3.9793169498443604,13.93635082244873,1.3036763668060303,23.730119705200195,-12.003310203552246,19.394453048706055,0
1745923256.414582,0.17719575762748718,3.972583293914795,13.872520446777344,1.2995551824569702,23.719974517822266,-11.979607582092285,19.321853637695312,0
1745923256.4384923,0.18093247711658478,3.9684672355651855,13.846406936645508,1.2991315126419067,23.70438575744629,-11.96784782409668,19.294939041137695,0
1745923256.4398444,0.17981335520744324,3.964066505432129,13.825210571289062,1.2996900081634521,23.700183868408203,-11.967620849609375,19.268779754638672,0
1745923256.4493842,0.1780303418636322,3.9575984477996826,13.810197830200195,1.2979952096939087,23.704727172851562,-11.97391414642334,19.24382209777832,0
1745923256.4606562,0.18061001598834991,3.9537858963012695,13.809937477111816,1.2971478700637817,23.69916343688965,-11.975504875183105,19.24148178100586,0
1745923256.4723394,0.17975644767284393,3.9544496536254883,13.8165864944458,1.2979567050933838,23.70092010498047,-11.979329109191895,19.248748779296875,0
1745923256.4837985,0.1784476488828659,3.959134817123413,13.818263053894043,1.298630714416504,23.70404624938965,-11.97464656829834,19.254474639892578,0
1745923256.495183,0.18125493824481964,3.955796480178833,13.807031631469727,1.298823356628418,23.692729949951172,-11.970376968383789,19.242908477783203,0
1745923256.5120277,0.18281032145023346,3.953937530517578,13.79658317565918,1.2977063655853271,23.688796997070312,-11.965470314025879,19.231037139892578,0
1745923256.5213568,0.186091810464859,3.95173716545105,13.788629531860352,1.2958383560180664,23.682716369628906,-11.95899772644043,19.22229766845703,0
1745923256.5323396,0.18125493824481964,3.9480953216552734,13.790343284606934,1.2968590259552002,23.692546844482422,-11.97482681274414,19.216552734375,0
1745923256.5452182,0.17757511138916016,3.9493660926818848,13.796229362487793,1.2999788522720337,23.695659637451172,-11.983187675476074,19.223148345947266,0
1745923256.553351,0.18081866204738617,3.951111316680908,13.801518440246582,1.3020586967468262,23.682924270629883,-11.978087425231934,19.23550796508789,0
1745923256.5644312,0.1821274608373642,3.948683261871338,13.800680160522461,1.3037148714065552,23.674222946166992,-11.980388641357422,19.235206604003906,0
1745923256.5797532,0.18047723174095154,3.9467105865478516,13.79662036895752,1.3017698526382446,23.682533264160156,-11.98378849029541,19.22557830810547,0
1745923256.5879588,0.18098938465118408,3.9471468925476074,13.791255950927734,1.2998440265655518,23.685226440429688,-11.978738784790039,19.219236373901367,0
1745923256.5998683,0.18125493824481964,3.9490816593170166,13.792168617248535,1.2993433475494385,23.686498641967773,-11.975157737731934,19.221847534179688,0
1745923256.613238,0.1821843683719635,3.9497835636138916,13.801797866821289,1.3000943660736084,23.684297561645508,-11.97723388671875,19.23386001586914,0
1745923256.6234674,0.17992715537548065,3.9530081748962402,13.81653118133545,1.3029638528823853,23.68667984008789,-11.983824729919434,19.252429962158203,0
1745923256.6343439,0.17744234204292297,3.958376169204712,13.859929084777832,1.3068925142288208,23.693714141845703,-12.001004219055176,19.30263900756836,0
1745923256.6470468,0.17482472956180573,3.961733341217041,13.888296127319336,1.3060451745986938,23.710041046142578,-12.012552261352539,19.330900192260742,0
1745923256.65752,0.1736297458410263,3.9670255184173584,13.907368659973145,1.3091071844100952,23.71045684814453,-12.015843391418457,19.35713005065918,0
1745923256.669716,0.1742367148399353,3.970041513442993,13.914446830749512,1.3118611574172974,23.703720092773438,-12.014225959777832,19.370586395263672,0
1745923256.6838222,0.173572838306427,3.970439910888672,13.913217544555664,1.3123425245285034,23.704021453857422,-12.01433277130127,19.369571685791016,0
1745923256.6926641,0.17275720834732056,3.9698896408081055,13.90487289428711,1.3110523223876953,23.707672119140625,-12.012189865112305,19.358572006225586,0
1745923256.7049267,0.17169499397277832,3.9689223766326904,13.899955749511719,1.3118033409118652,23.707199096679688,-12.013717651367188,19.35237693786621,0
1745923256.7167475,0.1732693463563919,3.967594623565674,13.900663375854492,1.3140565156936646,23.696836471557617,-12.014671325683594,19.35558319091797,0
1745923256.7277114,0.17476783692836761,3.9696242809295654,13.911261558532715,1.3150001764297485,23.693124771118164,-12.014012336730957,19.37065315246582,0
1745923256.7391,0.17446434497833252,3.97239351272583,13.927130699157715,1.3160208463668823,23.69535255432129,-12.0176420211792,19.3900089263916,0
1745923256.7517748,0.17402806878089905,3.9739489555358887,13.941473007202148,1.318447470664978,23.69357681274414,-12.023497581481934,19.40789794921875,0
1745923256.7617605,0.17203642427921295,3.9781787395477295,13.948625564575195,1.319159984588623,23.699506759643555,-12.023326873779297,19.418001174926758,0
1745923256.779622,0.1735159307718277,3.979734182357788,13.951698303222656,1.318447470664978,23.698490142822266,-12.019259452819824,19.42339515686035,0
1745923256.7847977,0.17232094705104828,3.9798099994659424,13.949984550476074,1.3169260025024414,23.705358505249023,-12.019664764404297,19.41904067993164,0
1745923256.7969081,0.17247268557548523,3.9779512882232666,13.942516326904297,1.3143839836120605,23.709659576416016,-12.017935752868652,19.407325744628906,0
1745923256.8139317,0.1729658544063568,3.9774200916290283,13.93657398223877,1.3129781484603882,23.710660934448242,-12.014598846435547,19.399938583374023,0
1745923256.8206754,0.17027238011360168,3.9786150455474854,13.934003829956055,1.3151928186416626,23.711633682250977,-12.016984939575195,19.39808464050293,0
1745923256.8342886,0.16807207465171814,3.982825994491577,13.941193580627441,1.3141721487045288,23.72273826599121,-12.016420364379883,19.40626335144043,0
1745923256.845106,0.16765478253364563,3.988744020462036,13.959465026855469,1.315423846244812,23.72584342956543,-12.01609992980957,19.43128776550293,0
1745923256.8550026,0.16625113785266876,3.993637800216675,13.98198413848877,1.3184666633605957,23.72750473022461,-12.021980285644531,19.460338592529297,0
1745923256.8666215,0.1652648001909256,4.001092433929443,14.033223152160645,1.320719838142395,23.73699188232422,-12.035638809204102,19.520301818847656,0
1745923256.8796263,0.1669529527425766,4.005227565765381,14.052146911621094,1.3213746547698975,23.735824584960938,-12.034777641296387,19.54570198059082,0
1745923256.889994,0.16507510840892792,4.00883150100708,14.065781593322754,1.3220486640930176,23.742765426635742,-12.038419723510742,19.561737060546875,0
1745923256.901953,0.16668739914894104,4.011923313140869,14.077292442321777,1.3222028017044067,23.74127197265625,-12.035820007324219,19.578105926513672,0
1745923256.9140155,0.16336798667907715,4.011809349060059,14.086027145385742,1.3195643424987793,23.758886337280273,-12.044404983520508,19.580768585205078,0
1745923256.9266527,0.16270409524440765,4.012776851654053,14.09185791015625,1.3199495077133179,23.761098861694336,-12.046733856201172,19.58728790283203,0
1745923256.9367244,0.16259029507637024,4.016437530517578,14.101524353027344,1.320912480354309,23.761735916137695,-12.045608520507812,19.601465225219727,0
1745923256.94949,0.16137632727622986,4.019301891326904,14.11011028289795,1.3219716548919678,23.764617919921875,-12.047231674194336,19.612760543823242,0
1745923256.9593596,0.16192640364170074,4.020875930786133,14.119032859802246,1.3233968019485474,23.761674880981445,-12.048376083374023,19.62523078918457,0
1745923256.971405,0.1613573580980301,4.023323059082031,14.132126808166504,1.3238781690597534,23.765260696411133,-12.051403999328613,19.640684127807617,0
1745923256.9829595,0.160200297832489,4.031536102294922,14.143096923828125,1.3255536556243896,23.768028259277344,-12.045296669006348,19.66038703918457,0
1745923256.993624,0.16067451238632202,4.03064489364624,14.148852348327637,1.3251492977142334,23.768888473510742,-12.048433303833008,19.665321350097656,0
1745923257.0124314,0.1629127413034439,4.031706809997559,14.15371322631836,1.3238589763641357,23.767669677734375,-12.044515609741211,19.672191619873047,0
1745923257.0188336,0.16283687949180603,4.029506683349609,14.14967155456543,1.3231079578399658,23.768503189086914,-12.046156883239746,19.665122985839844,0
1745923257.02997,0.15805689990520477,4.032788276672363,14.150100708007812,1.3240514993667603,23.779399871826172,-12.049301147460938,19.664997100830078,0
1745923257.0472386,0.15790516138076782,4.035557270050049,14.157793045043945,1.323743462562561,23.782852172851562,-12.048263549804688,19.674999237060547,0
1745923257.0524092,0.16027617454528809,4.036505699157715,14.169042587280273,1.3268439769744873,23.77107810974121,-12.049214363098145,19.692668914794922,0
1745923257.0637894,0.16209711134433746,4.037776470184326,14.171725273132324,1.3284616470336914,23.762889862060547,-12.045981407165527,19.700061798095703,0
1745923257.080923,0.16232474148273468,4.0364298820495605,14.171594619750977,1.3279609680175781,23.763290405273438,-12.047571182250977,19.69831085205078,0
1745923257.0892372,0.15946054458618164,4.036657333374023,14.178579330444336,1.3275758028030396,23.773380279541016,-12.0549955368042,19.702272415161133,0
1745923257.0995958,0.1579810380935669,4.03874397277832,14.1923246383667,1.3284616470336914,23.778331756591797,-12.060613632202148,19.717510223388672,0
1745923257.1126173,0.1578672230243683,4.042196273803711,14.203761100769043,1.3276528120040894,23.7839412689209,-12.059835433959961,19.731475830078125,0
1745923257.1231236,0.15744993090629578,4.044149875640869,14.217171669006348,1.331677794456482,23.777759552001953,-12.065155029296875,19.750450134277344,0
1745923257.133423,0.15691880881786346,4.046597003936768,14.232407569885254,1.3349131345748901,23.774450302124023,-12.070298194885254,19.770837783813477,0
1745923257.1459026,0.1538270115852356,4.047867774963379,14.244011878967285,1.3348746299743652,23.785396575927734,-12.078563690185547,19.780582427978516,0
1745923257.1571364,0.15162670612335205,4.050238609313965,14.253119468688965,1.3376286029815674,23.78639030456543,-12.083624839782715,19.792613983154297,0
1745923257.1687238,0.15299241244792938,4.051869869232178,14.259154319763184,1.3371856212615967,23.785612106323242,-12.081136703491211,19.80120086669922,0
1745923257.1813376,0.15323899686336517,4.054734230041504,14.262320518493652,1.3341621160507202,23.79415512084961,-12.076004981994629,19.804454803466797,0
1745923257.1926796,0.15456676483154297,4.055511951446533,14.265412330627441,1.3336421251296997,23.792865753173828,-12.073646545410156,19.809133529663086,0
1745923257.2027001,0.15500304102897644,4.055018901824951,14.271316528320312,1.3341236114501953,23.791616439819336,-12.076618194580078,19.815462112426758,0
1745923257.2176805,0.15517374873161316,4.057162284851074,14.279475212097168,1.336877465248108,23.78615951538086,-12.077668190002441,19.828689575195312,0
1745923257.2274446,0.15524962544441223,4.059836387634277,14.28930950164795,1.3366656303405762,23.78917694091797,-12.077411651611328,19.841060638427734,0
1745923257.2406356,0.153106227517128,4.063535213470459,14.295512199401855,1.3347398042678833,23.801891326904297,-12.076742172241211,19.846893310546875,0
1745923257.2510386,0.1531631201505661,4.061790466308594,14.294766426086426,1.3336999416351318,23.803932189941406,-12.078753471374512,19.843420028686523,0
1745923257.2616925,0.15342867374420166,4.0544304847717285,14.284857749938965,1.3322941064834595,23.803255081176758,-12.085498809814453,19.82501220703125,0
1745923257.273,0.15331487357616425,4.049726486206055,14.262060165405273,1.3276143074035645,23.809974670410156,-12.0811767578125,19.792715072631836,0
1745923257.2844164,0.1560462862253189,4.047298908233643,14.234735488891602,1.3268247842788696,23.79857635498047,-12.06798267364502,19.764904022216797,0
1745923257.2981703,0.15855006873607635,4.040280342102051,14.213651657104492,1.3293474912643433,23.779403686523438,-12.067145347595215,19.741830825805664,0
1745923257.3142734,0.16057966649532318,4.039180278778076,14.192902565002441,1.3288661241531372,23.770662307739258,-12.055970191955566,19.721529006958008,0
1745923257.3199947,0.15946054458618164,4.039654731750488,14.194392204284668,1.328943133354187,23.773822784423828,-12.057762145996094,19.722450256347656,0
1745923257.331077,0.15847420692443848,4.040014743804932,14.20106029510498,1.3280187845230103,23.780344009399414,-12.061416625976562,19.727567672729492,0
1745923257.3460448,0.1571274697780609,4.038668155670166,14.203872680664062,1.3283653259277344,23.783279418945312,-12.067360877990723,19.7280330657959,0
1745923257.3546634,0.15999165177345276,4.039445877075195,14.196869850158691,1.330599308013916,23.76856803894043,-12.059097290039062,19.726905822753906,0
1745923257.3670373,0.16215401887893677,4.037662982940674,14.182955741882324,1.3287698030471802,23.76432228088379,-12.051319122314453,19.7115421295166,0
1745923257.3803244,0.15758270025253296,4.035007476806641,14.17248821258545,1.3281149864196777,23.775238037109375,-12.058392524719238,19.693193435668945,0
1745923257.3910644,0.15801896154880524,4.031479358673096,14.158332824707031,1.3285194635391235,23.769227981567383,-12.05733871459961,19.67635154724121,0
1745923257.4001462,0.1618315577507019,4.029202938079834,14.146878242492676,1.330599308013916,23.750762939453125,-12.050495147705078,19.66851234436035,0
1745923257.413166,0.1635197252035141,4.026395797729492,14.145965576171875,1.3313311338424683,23.743595123291016,-12.05229377746582,19.667211532592773,0
1745923257.424876,0.16128148138523102,4.026547431945801,14.149802207946777,1.3306571245193481,23.75211524963379,-12.057236671447754,19.668289184570312,0
1745923257.4349692,0.15993474423885345,4.027439117431641,14.14747428894043,1.3316584825515747,23.752716064453125,-12.05739974975586,19.666507720947266,0
1745923257.4478567,0.1608641892671585,4.026263236999512,14.138198852539062,1.3317933082580566,23.74765968322754,-12.053654670715332,19.657119750976562,0
1745923257.4589503,0.16035205125808716,4.022355556488037,14.1220121383667,1.3321014642715454,23.743839263916016,-12.053860664367676,19.636821746826172,0
1745923257.4701834,0.16384218633174896,4.021767616271973,14.107391357421875,1.3320051431655884,23.73159408569336,-12.042264938354492,19.6250057220459,0
1745923257.4818776,0.16304552555084229,4.019832611083984,14.100146293640137,1.3300023078918457,23.736984252929688,-12.042643547058105,19.613025665283203,0
1745923257.4932032,0.1621919572353363,4.01922607421875,14.10180377960205,1.3312733173370361,23.736106872558594,-12.046440124511719,19.6144962310791,0
1745923257.5050986,0.16205917298793793,4.0226593017578125,14.109756469726562,1.330965280532837,23.739744186401367,-12.0443696975708,19.62544059753418,0
1745923257.5167542,0.1594795137643814,4.024707794189453,14.126762390136719,1.3331221342086792,23.744993209838867,-12.054000854492188,19.644071578979492,0
1745923257.5287685,0.1590053141117096,4.026775360107422,14.16054916381836,1.33499014377594,23.749080657958984,-12.067532539367676,19.681318283081055,0
1745923257.5456243,0.15896737575531006,4.031137943267822,14.173177719116211,1.3365501165390015,23.748746871948242,-12.066704750061035,19.699832916259766,0
1745923257.552416,0.1590053141117096,4.035462379455566,14.182304382324219,1.334470272064209,23.757007598876953,-12.062580108642578,19.71124267578125,0
1745923257.5631464,0.15910014510154724,4.037890434265137,14.191169738769531,1.3329488039016724,23.76318359375,-12.061677932739258,19.72110939025879,0
1745923257.5814893,0.15782928466796875,4.037852764129639,14.200650215148926,1.3369159698486328,23.758136749267578,-12.069962501525879,19.733247756958008,0
1745923257.585988,0.1576775461435318,4.0423102378845215,14.212328910827637,1.3375900983810425,23.76023292541504,-12.068339347839355,19.749906539916992,0
1745923257.597881,0.15585659444332123,4.044320583343506,14.215290069580078,1.3374937772750854,23.766324996948242,-12.069316864013672,19.752960205078125,0
1745923257.6136017,0.158512145280838,4.043561935424805,14.207243919372559,1.3356642723083496,23.762269973754883,-12.061673164367676,19.74498176574707,0
1745923257.6217396,0.15902428328990936,4.041665077209473,14.198433876037598,1.3331029415130615,23.76534652709961,-12.058841705322266,19.732227325439453,0
1745923257.6328673,0.1613573580980301,4.039370059967041,14.191319465637207,1.3331221342086792,23.757152557373047,-12.055561065673828,19.725170135498047,0
1745923257.6488023,0.1601434051990509,4.0375871658325195,14.18802261352539,1.3349324464797974,23.75449562072754,-12.059910774230957,19.720685958862305,0
1745923257.6561246,0.15760166943073273,4.038080215454102,14.193405151367188,1.3334109783172607,23.76642417907715,-12.065095901489258,19.722497940063477,0
1745923257.6680539,0.15796206891536713,4.03861141204834,14.205437660217285,1.3329296112060547,23.769433975219727,-12.068831443786621,19.734941482543945,0
1745923257.6813579,0.15553414821624756,4.045231342315674,14.221101760864258,1.3335843086242676,23.778854370117188,-12.069191932678223,19.755451202392578,0
1745923257.6907601,0.15505993366241455,4.050333499908447,14.238348960876465,1.3352597951889038,23.780479431152344,-12.069997787475586,19.779003143310547,0
1745923257.7037442,0.1548512876033783,4.054487705230713,14.256695747375488,1.3366079330444336,23.78229522705078,-12.07228946685791,19.802642822265625,0
1745923257.7156525,0.1529165357351303,4.05581521987915,14.27023696899414,1.3356642723083496,23.792980194091797,-12.078980445861816,19.814634323120117,0
1745923257.7265587,0.1541305035352707,4.05710506439209,14.277724266052246,1.3366849422454834,23.789003372192383,-12.078630447387695,19.825645446777344,0
1745923257.738345,0.15380804240703583,4.057901859283447,14.287298202514648,1.3392654657363892,23.78531265258789,-12.083306312561035,19.838274002075195,0
1745923257.7495167,0.15253718197345734,4.05941915512085,14.29929256439209,1.3389959335327148,23.79219627380371,-12.08816146850586,19.85024642944336,0
1745923257.7609906,0.1503368765115738,4.062795639038086,14.306984901428223,1.3390729427337646,23.80008316040039,-12.089689254760742,19.859189987182617,0
1745923257.7727513,0.15041275322437286,4.06569766998291,14.320600509643555,1.338687777519226,23.804380416870117,-12.090662002563477,19.875398635864258,0
1745923257.783978,0.14872458577156067,4.0674238204956055,14.335314750671387,1.3379944562911987,23.814048767089844,-12.096879005432129,19.88945770263672,0
1745923257.7955253,0.14885735511779785,4.070496559143066,14.342486381530762,1.3406327962875366,23.808990478515625,-12.09593677520752,19.90247344970703,0
1745923257.8133385,0.14764340221881866,4.075276851654053,14.3499174118042,1.3400936126708984,23.816120147705078,-12.09309196472168,19.912931442260742,0
1745923257.821887,0.14832624793052673,4.078311443328857,14.357089042663574,1.340247631072998,23.816089630126953,-12.090191841125488,19.923974990844727,0
1745923257.8298643,0.14642943441867828,4.077476978302002,14.360664367675781,1.3413069248199463,23.8188419342041,-12.09679889678955,19.925878524780273,0
1745923257.8466086,0.1461259424686432,4.07789421081543,14.362322807312012,1.3408061265945435,23.821367263793945,-12.097128868103027,19.927148818969727,0
1745923257.8553555,0.14661912620067596,4.079051494598389,14.366774559020996,1.3409409523010254,23.820911407470703,-12.096437454223633,19.933385848999023,0
1745923257.8651085,0.14974886178970337,4.080739498138428,14.370406150817871,1.3396891355514526,23.81714630126953,-12.089502334594727,19.940584182739258,0
1745923257.8811557,0.14887632429599762,4.0833001136779785,14.379216194152832,1.3420579433441162,23.815645217895508,-12.091694831848145,19.95345115661621,0
1745923257.8903642,0.1452154815196991,4.092594623565674,14.39525318145752,1.3417497873306274,23.831247329711914,-12.089376449584961,19.97481346130371,0
1745923257.9005258,0.14333763718605042,4.0976972579956055,14.41596508026123,1.3433289527893066,23.837404251098633,-12.093974113464355,20.000328063964844,0
1745923257.9124553,0.14426706731319427,4.104221820831299,14.443232536315918,1.3451007604599,23.837434768676758,-12.09457015991211,20.036821365356445,0
1745923257.9232538,0.14254097640514374,4.112681865692139,14.47955322265625,1.3451392650604248,23.85107421875,-12.099596977233887,20.079914093017578,0
1745923257.936646,0.1387094110250473,4.120326042175293,14.517382621765137,1.3480664491653442,23.862777709960938,-12.111349105834961,20.12448501586914,0
1745923257.9506176,0.13647116720676422,4.129411697387695,14.556180000305176,1.349356770515442,23.875036239624023,-12.117774963378906,20.17142105102539,0
1745923257.9581602,0.13506752252578735,4.136733531951904,14.591140747070312,1.3498767614364624,23.885934829711914,-12.123669624328613,20.212818145751953,0
1745923257.9796038,0.1355227679014206,4.136980056762695,14.61738395690918,1.3524574041366577,23.883535385131836,-12.135161399841309,20.24234390258789,0
1745923257.9822192,0.13370181620121002,4.138155937194824,14.612857818603516,1.3516677618026733,23.889551162719727,-12.133888244628906,20.23638343811035,0
1745923257.9930017,0.136490136384964,4.135178089141846,14.603265762329102,1.349684238433838,23.88492774963379,-12.129122734069824,20.224618911743164,0
1745923258.0055127,0.13815933465957642,4.132958889007568,14.594306945800781,1.3500885963439941,23.877330780029297,-12.126272201538086,20.215513229370117,0
1745923258.0155275,0.1367177516222,4.13331937789917,14.585031509399414,1.3482590913772583,23.8839111328125,-12.123167991638184,20.203327178955078,0
1745923258.028043,0.13652807474136353,4.1320295333862305,14.57476806640625,1.347623586654663,23.883676528930664,-12.12080192565918,20.190950393676758,0
1745923258.046412,0.13472609221935272,4.1292033195495605,14.561245918273926,1.3468917608261108,23.886856079101562,-12.122127532958984,20.172067642211914,0
1745923258.0534775,0.13402427732944489,4.129335880279541,14.55379581451416,1.3453317880630493,23.891185760498047,-12.119096755981445,20.162487030029297,0
1745923258.065114,0.134555384516716,4.129240989685059,14.557241439819336,1.3452740907669067,23.890647888183594,-12.119872093200684,20.166311264038086,0
1745923258.0809107,0.13561759889125824,4.131669044494629,14.572737693786621,1.3463139533996582,23.88889503479004,-12.121419906616211,20.186338424682617,0
1745923258.0867395,0.1355227679014206,4.1356520652771,14.586874961853027,1.3496264219284058,23.884319305419922,-12.122713088989258,20.20767593383789,0
1745923258.097742,0.13704021275043488,4.136733531951904,14.583093643188477,1.3484901189804077,23.88279151916504,-12.116292953491211,20.20535659790039,0
1745923258.11366,0.1375144124031067,4.13140344619751,14.56389045715332,1.3458517789840698,23.883346557617188,-12.114645004272461,20.178661346435547,0
1745923258.1210594,0.13893702626228333,4.127154350280762,14.541688919067383,1.3480279445648193,23.868680953979492,-12.11046028137207,20.15580940246582,0
1745923258.1323545,0.13819727301597595,4.124176502227783,14.525317192077637,1.3456014394760132,23.87286949157715,-12.10827350616455,20.13329315185547,0
1745923258.147168,0.14058725535869598,4.119434356689453,14.511570930480957,1.3473347425460815,23.858444213867188,-12.10683822631836,20.118927001953125,0
1745923258.158777,0.13956297934055328,4.11626672744751,14.502649307250977,1.3507049083709717,23.849903106689453,-12.111282348632812,20.10918426513672,0
1745923258.166521,0.13950607180595398,4.113478660583496,14.495795249938965,1.3502812385559082,23.84915542602539,-12.112751960754395,20.09906005859375,0
1745923258.1805003,0.1392594873905182,4.108888149261475,14.480801582336426,1.3517447710037231,23.841962814331055,-12.114738464355469,20.0806941986084,0
1745923258.1897879,0.14155462384223938,4.099499225616455,14.427270889282227,1.3524380922317505,23.821157455444336,-12.103021621704102,20.020763397216797,0
1745923258.2026315,0.1462397575378418,4.090507984161377,14.386685371398926,1.3522840738296509,23.799036026000977,-12.092015266418457,19.97571563720703,0
1745923258.2151847,0.146846741437912,4.082143306732178,14.356790542602539,1.3508782386779785,23.793048858642578,-12.090904235839844,19.93665885925293,0
1745923258.2260742,0.14639149606227875,4.076908111572266,14.34764575958252,1.3504159450531006,23.79239273071289,-12.096060752868652,19.921361923217773,0
1745923258.23695,0.14705538749694824,4.073929786682129,14.338294982910156,1.3513981103897095,23.785505294799805,-12.096165657043457,19.91067886352539,0
1745923258.2497041,0.14993853867053986,4.070288181304932,14.310785293579102,1.35191810131073,23.770042419433594,-12.085342407226562,19.8829288482666,0
1745923258.260141,0.1542443037033081,4.063270092010498,14.268075942993164,1.3469687700271606,23.7611141204834,-12.068443298339844,19.83255958557129,0
1745923258.2708204,0.15760166943073273,4.052761554718018,14.223429679870605,1.3460636138916016,23.74287986755371,-12.059831619262695,19.779855728149414,0
1745923258.2825713,0.15968815982341766,4.041911602020264,14.188264846801758,1.347430944442749,23.723899841308594,-12.059202194213867,19.737295150756836,0
1745923258.2940903,0.1595364212989807,4.035538673400879,14.166118621826172,1.3473347425460815,23.718360900878906,-12.06005573272705,19.708528518676758,0
1745923258.3060834,0.15830348432064056,4.031289577484131,14.161369323730469,1.3507241010665894,23.71074867248535,-12.068638801574707,19.701684951782227,0
1745923258.3187559,0.1573740541934967,4.0326361656188965,14.173084259033203,1.3522069454193115,23.71213722229004,-12.073917388916016,19.715301513671875,0
1745923258.3291457,0.15534445643424988,4.038933753967285,14.193349838256836,1.3550187349319458,23.715858459472656,-12.07719898223877,19.742647171020508,0
1745923258.346482,0.15320105850696564,4.046805381774902,14.221418380737305,1.3587162494659424,23.719573974609375,-12.081950187683105,19.780141830444336,0
1745923258.3524864,0.15395978093147278,4.05003023147583,14.243508338928223,1.3612005710601807,23.716583251953125,-12.086360931396484,19.808698654174805,0
1745923258.3650515,0.153333842754364,4.056915760040283,14.27152156829834,1.3641085624694824,23.718164443969727,-12.089813232421875,19.84588050842285,0
1745923258.3825955,0.15179741382598877,4.067518711090088,14.308419227600098,1.364532232284546,23.731285095214844,-12.091450691223145,19.89226722717285,0
1745923258.3878696,0.14565174281597137,4.082541465759277,14.358448028564453,1.3683453798294067,23.75124740600586,-12.100764274597168,19.954986572265625,0
1745923258.400338,0.13975265622138977,4.094263553619385,14.421273231506348,1.3718310594558716,23.773298263549805,-12.120606422424316,20.02712059020996,0
1745923258.4130785,0.13736267387866974,4.108963966369629,14.555863380432129,1.373468041419983,23.806507110595703,-12.16035270690918,20.175657272338867,0
1745923258.4221442,0.1344984769821167,4.12575101852417,14.62146282196045,1.3761448860168457,23.824039459228516,-12.167354583740234,20.257856369018555,0
1745923258.4338274,0.1290735900402069,4.141835689544678,14.687137603759766,1.3762027025222778,23.854509353637695,-12.178520202636719,20.33424949645996,0
1745923258.4456768,0.12611456215381622,4.155796527862549,14.746870994567871,1.37693452835083,23.875139236450195,-12.186771392822266,20.405715942382812,0
1745923258.4572155,0.1220933273434639,4.168429374694824,14.794832229614258,1.3786100149154663,23.89329719543457,-12.194182395935059,20.463964462280273,0
1745923258.4688022,0.12161912769079208,4.177932262420654,14.824241638183594,1.3797268867492676,23.89946746826172,-12.192675590515137,20.50351905822754,0
1745923258.48195,0.12192261219024658,4.182143211364746,14.831487655639648,1.3799580335617065,23.90040397644043,-12.188581466674805,20.51551055908203,0
1745923258.4922523,0.12133460491895676,4.184969425201416,14.835212707519531,1.3783210515975952,23.907339096069336,-12.185857772827148,20.519838333129883,0
1745923258.5038307,0.12165705859661102,4.1919684410095215,14.832902908325195,1.3751050233840942,23.91559600830078,-12.17164421081543,20.52163314819336,0
1745923258.5185823,0.12292792648077011,4.191551208496094,14.800867080688477,1.3701363801956177,23.918493270874023,-12.154314041137695,20.485483169555664,0
1745923258.5268617,0.12603868544101715,4.182199954986572,14.751936912536621,1.3669202327728271,23.907119750976562,-12.141861915588379,20.427095413208008,0
1745923258.538402,0.123478002846241,4.175143718719482,14.727965354919434,1.3639930486679077,23.91486167907715,-12.145808219909668,20.390579223632812,0
1745923258.5523992,0.12072762101888657,4.179487705230713,14.736943244934082,1.362876057624817,23.927366256713867,-12.14663028717041,20.400035858154297,0
1745923258.5650222,0.12290895730257034,4.185690402984619,14.744561195373535,1.362972378730774,23.924331665039062,-12.136363983154297,20.416133880615234,0
1745923258.580404,0.12497648596763611,4.170743465423584,14.713865280151367,1.3587162494659424,23.920780181884766,-12.142106056213379,20.368303298950195,0
1745923258.5858777,0.12877009809017181,4.145212173461914,14.623604774475098,1.3515714406967163,23.906047821044922,-12.135074615478516,20.24915885925293,0
1745923258.5961041,0.13601593673229218,4.121672630310059,14.513843536376953,1.3439644575119019,23.879850387573242,-12.110191345214844,20.115495681762695,0
1745923258.612619,0.14007511734962463,4.1090779304504395,14.429412841796875,1.3400743007659912,23.859437942504883,-12.085086822509766,20.018640518188477,0
1745923258.6206129,0.14303414523601532,4.096767425537109,14.379179000854492,1.3392077684402466,23.841026306152344,-12.077763557434082,19.958189010620117,0
1745923258.6317594,0.1462966650724411,4.086714267730713,14.34961986541748,1.337551474571228,23.82857894897461,-12.07505989074707,19.920181274414062,0
1745923258.6475308,0.14862973988056183,4.082939624786377,14.356026649475098,1.3433482646942139,23.807987213134766,-12.082915306091309,19.930944442749023,0
1745923258.6548562,0.14965401589870453,4.081005096435547,14.361391067504883,1.3483554124832153,23.79303741455078,-12.08906364440918,19.940406799316406,0
1745923258.6675177,0.15210090577602386,4.0735883712768555,14.355859756469727,1.3526692390441895,23.77273941040039,-12.096769332885742,19.93421745300293,0
1745923258.679302,0.15052655339241028,4.070496559143066,14.367779731750488,1.358388900756836,23.763853073120117,-12.112385749816895,19.94719123840332,0
1745923258.6890378,0.14766237139701843,4.078823566436768,14.425762176513672,1.3664195537567139,23.764524459838867,-12.132658004760742,20.018667221069336,0
1745923258.700859,0.14001820981502533,4.095724105834961,14.533214569091797,1.3747968673706055,23.788787841796875,-12.168421745300293,20.143753051757812,0
1745923258.714462,0.13231714069843292,4.122564315795898,14.663836479187012,1.3842333555221558,23.817018508911133,-12.198075294494629,20.30295181274414,0
1745923258.724681,0.12603868544101715,4.154468536376953,14.798184394836426,1.391204833984375,23.8492374420166,-12.21728229522705,20.46989631652832,0
1745923258.7378974,0.11748407036066055,4.184969425201416,14.941082000732422,1.398157000541687,23.888132095336914,-12.24572467803955,20.641693115234375,0
1745923258.7479904,0.10837937146425247,4.217556476593018,15.077943801879883,1.4045699834823608,23.928329467773438,-12.268485069274902,20.808448791503906,0
1745923258.7589638,0.09961608797311783,4.24703311920166,15.188636779785156,1.4080556631088257,23.968664169311523,-12.283183097839355,20.943342208862305,0
1745923258.7707562,0.09565175324678421,4.268599987030029,15.261184692382812,1.410058617591858,23.991546630859375,-12.286225318908691,21.03549575805664,0
1745923258.7840605,0.09417223930358887,4.278501510620117,15.285416603088379,1.4076513051986694,24.00763511657715,-12.281944274902344,21.06574249267578,0
1745923258.7939506,0.09705539047718048,4.270705223083496,15.266324996948242,1.402509331703186,24.008113861083984,-12.279674530029297,21.036596298217773,0
1745923258.806249,0.1031820997595787,4.257674217224121,15.205754280090332,1.3976178169250488,23.991039276123047,-12.263404846191406,20.9642276763916,0
1745923258.8168893,0.10906222462654114,4.241058349609375,15.121081352233887,1.389548659324646,23.977027893066406,-12.241682052612305,20.86075210571289,0
1745923258.8299022,0.1121540293097496,4.223645210266113,15.03167724609375,1.3798810243606567,23.972787857055664,-12.222806930541992,20.747358322143555,0
1745923258.8459969,0.1169719323515892,4.20866060256958,14.945160865783691,1.3712725639343262,23.96253204345703,-12.198720932006836,20.642066955566406,0
1745923258.8514547,0.12108802050352097,4.196312427520752,14.808931350708008,1.3636078834533691,23.9422550201416,-12.150251388549805,20.489938735961914,0
1745923258.863018,0.12110698968172073,4.1900529861450195,14.778068542480469,1.3586199283599854,23.947507858276367,-12.144851684570312,20.44784927368164,0
1745923258.879259,0.12241578847169876,4.187131881713867,14.77093505859375,1.3550572395324707,23.951248168945312,-12.14283275604248,20.43553924560547,0
1745923258.8864608,0.12207435816526413,4.187510967254639,14.762740135192871,1.351436734199524,23.959774017333984,-12.137648582458496,20.42376136779785,0
1745923258.8984008,0.12340213358402252,4.184210777282715,14.734838485717773,1.3492412567138672,23.95580291748047,-12.127771377563477,20.391693115234375,0
1745923258.914113,0.12554551661014557,4.173702239990234,14.693656921386719,1.3456592559814453,23.949199676513672,-12.121870994567871,20.338563919067383,0
1745923258.9224784,0.12867526710033417,4.162700653076172,14.645956039428711,1.3414994478225708,23.940113067626953,-12.112022399902344,20.278831481933594,0
1745923258.9330335,0.13282927870750427,4.151661396026611,14.584565162658691,1.3374744653701782,23.92522621154785,-12.094531059265137,20.206531524658203,0
1745923258.947411,0.13614870607852936,4.1372456550598145,14.515780448913574,1.3326984643936157,23.912137985229492,-12.080225944519043,20.12187385559082,0
1745923258.9559145,0.13950607180595398,4.122317790985107,14.441035270690918,1.3291934728622437,23.894222259521484,-12.06449031829834,20.03205108642578,0
1745923258.9693272,0.14271168410778046,4.108470916748047,14.37455940246582,1.323743462562561,23.883527755737305,-12.049910545349121,19.949485778808594,0
1745923258.9814305,0.14686571061611176,4.093846321105957,14.322779655456543,1.317272663116455,23.87582778930664,-12.041093826293945,19.88076400756836,0
1745923258.9923074,0.14764340221881866,4.088573455810547,14.295493125915527,1.315520167350769,23.871610641479492,-12.035469055175781,19.84722900390625,0
1745923259.0024347,0.150697261095047,4.086031436920166,14.289440155029297,1.316232681274414,23.85997200012207,-12.032204627990723,19.8424015045166,0
1745923259.0150278,0.1511145681142807,4.077438831329346,14.286497116088867,1.3171571493148804,23.854055404663086,-12.044907569885254,19.83220863342285,0
1745923259.025656,0.1515318602323532,4.072393417358398,14.27938175201416,1.3205080032348633,23.841659545898438,-12.050923347473145,19.823814392089844,0
1745923259.038024,0.1525561511516571,4.069225788116455,14.270646095275879,1.3204309940338135,23.836681365966797,-12.050518035888672,19.81285858154297,0
1745923259.0488787,0.1523285210132599,4.064578533172607,14.260215759277344,1.3220486640930176,23.829872131347656,-12.054671287536621,19.799171447753906,0
1745923259.0609736,0.1545477956533432,4.055397987365723,14.243247985839844,1.3240901231765747,23.813188552856445,-12.059554100036621,19.777284622192383,0
1745923259.072549,0.15763960778713226,4.046957492828369,14.214377403259277,1.3243789672851562,23.796405792236328,-12.055569648742676,19.74335289001465,0
1745923259.0843098,0.16006752848625183,4.040640830993652,14.147566795349121,1.3234738111495972,23.776771545410156,-12.0313138961792,19.6717472076416,0
1745923259.0955224,0.16018132865428925,4.03540563583374,14.12186336517334,1.3239938020706177,23.76844596862793,-12.028425216674805,19.64144515991211,0
1745923259.114155,0.16046585142612457,4.025693893432617,14.097445487976074,1.326246976852417,23.754383087158203,-12.034165382385254,19.609851837158203,0
1745923259.1182508,0.1626092493534088,4.022222995758057,14.073212623596191,1.325438141822815,23.74485206604004,-12.024940490722656,19.58348274230957,0
1745923259.1328635,0.16241957247257233,4.014787197113037,14.037917137145996,1.322607159614563,23.743541717529297,-12.02031421661377,19.537731170654297,0
1745923259.1462464,0.165378600358963,4.004127025604248,13.982952117919922,1.321856141090393,23.72333526611328,-12.007681846618652,19.474313735961914,0
1745923259.154549,0.17089833319187164,3.9897682666778564,13.918525695800781,1.3212398290634155,23.692893981933594,-11.992571830749512,19.400432586669922,0
1745923259.1652405,0.17533686757087708,3.9744420051574707,13.848548889160156,1.3199495077133179,23.665447235107422,-11.977935791015625,19.31827735900879,0
1745923259.1849718,0.17873217165470123,3.9571242332458496,13.778963088989258,1.3131321668624878,23.655054092407227,-11.965967178344727,19.227951049804688,0
1745923259.1891372,0.18169119954109192,3.947564125061035,13.735247611999512,1.3108019828796387,23.64129066467285,-11.955620765686035,19.175304412841797,0
1745923259.1998425,0.1797754168510437,3.94492769241333,13.726978302001953,1.3105900287628174,23.64453887939453,-11.959446907043457,19.16227149963379,0
1745923259.2135546,0.17816312611103058,3.9488351345062256,13.752365112304688,1.313151478767395,23.648635864257812,-11.968668937683105,19.192516326904297,0
1745923259.2229056,0.17607663571834564,3.956972360610962,13.810384750366211,1.3176193237304688,23.657196044921875,-11.987613677978516,19.26105308532715,0
1745923259.2349756,0.1711069792509079,3.9956483840942383,13.895057678222656,1.322645664215088,23.684677124023438,-11.971956253051758,19.384458541870117,0
1745923259.2465827,0.16420258581638336,4.021653652191162,14.004353523254395,1.3265743255615234,23.722475051879883,-11.99206256866455,19.51678466796875,0
1745923259.2581694,0.15765857696533203,4.046900272369385,14.125421524047852,1.331677794456482,23.758094787597656,-12.018484115600586,19.661659240722656,0
1745923259.2698581,0.15230955183506012,4.068998336791992,14.23982048034668,1.3372241258621216,23.78682518005371,-12.044965744018555,19.79835319519043,0
1745923259.282107,0.148534893989563,4.087871551513672,14.334737777709961,1.340440273284912,23.812355041503906,-12.064043998718262,19.911584854125977,0
1745923259.2928586,0.1476244330406189,4.099802494049072,14.402480125427246,1.3440607786178589,23.822021484375,-12.077713012695312,19.993967056274414,0
1745923259.3046198,0.14426706731319427,4.1073899269104,14.475753784179688,1.3443881273269653,23.8466739654541,-12.103458404541016,20.071800231933594,0
1745923259.31741,0.13941122591495514,4.11203670501709,14.488363265991211,1.3424431085586548,23.867801666259766,-12.108528137207031,20.08225440979004,0
1745923259.3277931,0.1403406709432602,4.111088752746582,14.482906341552734,1.3411527872085571,23.867416381835938,-12.105569839477539,20.075489044189453,0
1745923259.3476686,0.1434134989976883,4.10687780380249,14.454203605651855,1.3400936126708984,23.855419158935547,-12.094243049621582,20.044588088989258,0
1745923259.3508878,0.14477920532226562,4.101357936859131,14.415611267089844,1.3364537954330444,23.8521728515625,-12.08230972290039,19.99820327758789,0
1745923259.362388,0.14263580739498138,4.093979358673096,14.381339073181152,1.3338154554367065,23.85594367980957,-12.081602096557617,19.95176887512207,0
1745923259.3811362,0.14523445069789886,4.090641021728516,14.36049747467041,1.3306186199188232,23.85247230529785,-12.072071075439453,19.926990509033203,0
1745923259.3889189,0.14832624793052673,4.088497638702393,14.342318534851074,1.3263047933578491,23.851421356201172,-12.060404777526855,19.90544891357422,0
1745923259.3983903,0.14747267961502075,4.082541465759277,14.322463035583496,1.3233004808425903,23.856094360351562,-12.061450958251953,19.875778198242188,0
1745923259.4143462,0.14883838593959808,4.0790324211120605,14.301807403564453,1.321894645690918,23.85115623474121,-12.055086135864258,19.851573944091797,0
1745923259.420764,0.1504506766796112,4.073095321655273,14.267014503479004,1.318967342376709,23.8460693359375,-12.045270919799805,19.809528350830078,0
1745923259.4320552,0.1560462862253189,4.059438228607178,14.207206726074219,1.3157320022583008,23.82440948486328,-12.030167579650879,19.738422393798828,0
1745923259.4477532,0.16196434199810028,4.043144702911377,14.139557838439941,1.3116685152053833,23.801687240600586,-12.014877319335938,19.656335830688477,0
1745923259.4554923,0.16769272089004517,4.029734134674072,14.079061508178711,1.3116685152053833,23.77069854736328,-12.000075340270996,19.588157653808594,0
1745923259.466795,0.16816692054271698,4.005834579467773,14.02456283569336,1.3092613220214844,23.758831024169922,-12.013448715209961,19.50782585144043,0
1745923259.4800901,0.16892564296722412,3.993163585662842,13.971814155578613,1.3050051927566528,23.753870010375977,-12.00732707977295,19.43890953063965,0
1745923259.490693,0.16903945803642273,3.9833192825317383,13.923927307128906,1.3032526969909668,23.745595932006836,-12.000865936279297,19.379539489746094,0
1745923259.501909,0.1717139631509781,3.9739110469818115,13.883155822753906,1.3024438619613647,23.72955894470215,-11.993003845214844,19.331226348876953,0
1745923259.514146,0.1741229146718979,3.9670255184173584,13.853428840637207,1.3040615320205688,23.710664749145508,-11.98753833770752,19.29863929748535,0
1745923259.5251453,0.1770060658454895,3.958641529083252,13.799376487731934,1.3026556968688965,23.692771911621094,-11.970988273620605,19.237680435180664,0
1745923259.5366876,0.17932018637657166,3.951319932937622,13.769389152526855,1.3042733669281006,23.6738224029541,-11.966249465942383,19.204301834106445,0
1745923259.5481002,0.18097041547298431,3.943922281265259,13.74036979675293,1.3042348623275757,23.661256790161133,-11.962438583374023,19.169498443603516,0
1745923259.56156,0.18421396613121033,3.9355194568634033,13.711164474487305,1.3026365041732788,23.64828872680664,-11.95677661895752,19.133535385131836,0
1745923259.5710802,0.18722990155220032,3.9281787872314453,13.67791748046875,1.3035801649093628,23.62833023071289,-11.948944091796875,19.096906661987305,0
1745923259.5856094,0.18800759315490723,3.920724391937256,13.642827033996582,1.3036186695098877,23.616355895996094,-11.943838119506836,19.055179595947266,0
1745923259.6127043,0.18842488527297974,3.9137630462646484,13.608481407165527,1.3027327060699463,23.608104705810547,-11.938397407531738,19.013402938842773,0
1745923259.6127043,0.1874764859676361,3.9054930210113525,13.570409774780273,1.3009995222091675,23.604671478271484,-11.93539047241211,18.964378356933594,0
1745923259.6252344,0.1924840658903122,3.897564172744751,13.528409004211426,1.2983803749084473,23.58655548095703,-11.91909408569336,18.916837692260742,0
1745923259.6308298,0.1943998485803604,3.888990640640259,13.486035346984863,1.2962812185287476,23.575138092041016,-11.909302711486816,18.865707397460938,0
1745923259.6456277,0.19468437135219574,3.875959634780884,13.450515747070312,1.2951257228851318,23.56610870361328,-11.913878440856934,18.816286087036133,0
1745923259.6529047,0.1980227679014206,3.8682963848114014,13.421087265014648,1.29423987865448,23.55061912536621,-11.906792640686035,18.781644821166992,0
1745923259.6646175,0.20016616582870483,3.863725185394287,13.3960542678833,1.2914860248565674,23.545270919799805,-11.897578239440918,18.751432418823242,0
1745923259.6813488,0.19906601309776306,3.8614678382873535,13.372976303100586,1.290561556816101,23.544818878173828,-11.891810417175293,18.724071502685547,0
1745923259.686953,0.20128528773784637,3.852363109588623,13.353158950805664,1.2912933826446533,23.52979278564453,-11.894622802734375,18.698101043701172,0
1745923259.699599,0.20308725535869598,3.8474504947662354,13.33570671081543,1.2890979051589966,23.525524139404297,-11.890522956848145,18.675342559814453,0
1745923259.7137535,0.2002420276403427,3.8501060009002686,13.323431968688965,1.2859588861465454,23.539743423461914,-11.88333511352539,18.659738540649414,0
1745923259.7222092,0.1983831524848938,3.8576743602752686,13.333452224731445,1.2860358953475952,23.548860549926758,-11.878210067749023,18.67554473876953,0
1745923259.7332242,0.19785204529762268,3.860860824584961,13.356362342834473,1.2868062257766724,23.554412841796875,-11.885090827941895,18.701881408691406,0
1745923259.7475712,0.1986866444349289,3.8641045093536377,13.403205871582031,1.2884047031402588,23.55959701538086,-11.901481628417969,18.75440216064453,0
1745923259.757008,0.19584143161773682,3.8718814849853516,13.42617130279541,1.2881157398223877,23.575468063354492,-11.903828620910645,18.782011032104492,0
1745923259.7685056,0.1945326328277588,3.879563570022583,13.449212074279785,1.2874032258987427,23.588237762451172,-11.90347957611084,18.810710906982422,0
1745923259.7824912,0.19016996026039124,3.8856711387634277,13.478267669677734,1.29011869430542,23.600980758666992,-11.915769577026367,18.844226837158203,0
1745923259.7946362,0.18692640960216522,3.8915891647338867,13.507957458496094,1.2915822267532349,23.6141414642334,-11.926095008850098,18.878055572509766,0
1745923259.80559,0.18696433305740356,3.899461030960083,13.531184196472168,1.291447401046753,23.621620178222656,-11.923405647277832,18.909055709838867,0
1745923259.8158436,0.18774203956127167,3.9033684730529785,13.546103477478027,1.2921022176742554,23.622066497802734,-11.922721862792969,18.929317474365234,0
1745923259.8286695,0.18599696457386017,3.9038047790527344,13.553665161132812,1.2945480346679688,23.622005462646484,-11.929795265197754,18.93801498413086,0
1745923259.8396795,0.18707814812660217,3.905360221862793,13.55500602722168,1.2959731817245483,23.615846633911133,-11.92653751373291,18.943416595458984,0
1745923259.8504567,0.18783687055110931,3.905151605606079,13.557185173034668,1.2930073738098145,23.622316360473633,-11.925204277038574,18.943180084228516,0
1745923259.8611922,0.18685053288936615,3.9057016372680664,13.562381744384766,1.2923333644866943,23.628164291381836,-11.928128242492676,18.947267532348633,0
1745923259.8729887,0.18478301167488098,3.9093244075775146,13.569869995117188,1.2938355207443237,23.63226890563965,-11.929727554321289,18.957813262939453,0
1745923259.8845623,0.18438467383384705,3.9128146171569824,13.57264518737793,1.2955493927001953,23.630128860473633,-11.926506042480469,18.965394973754883,0
1745923259.8971822,0.1845933198928833,3.90938138961792,13.567988395690918,1.2959345579147339,23.62664794921875,-11.93006420135498,18.957897186279297,0
1745923259.915294,0.18355007469654083,3.910064220428467,13.564952850341797,1.2960116863250732,23.628738403320312,-11.929274559020996,18.954578399658203,0
1745923259.9206815,0.18394841253757477,3.910367727279663,13.559942245483398,1.2957420349121094,23.627300262451172,-11.925525665283203,18.950000762939453,0
1745923259.9318438,0.1868125945329666,3.907788038253784,13.555564880371094,1.2959538698196411,23.617311477661133,-11.923036575317383,18.94611930847168,0
1745923259.9467986,0.18641427159309387,3.90463924407959,13.543588638305664,1.2963968515396118,23.613689422607422,-11.923675537109375,18.93103790283203,0
1745923259.9570012,0.18607284128665924,3.8994040489196777,13.518462181091309,1.2925258874893188,23.618144989013672,-11.919464111328125,18.896465301513672,0
1745923259.9654617,0.18745751678943634,3.8944344520568848,13.483297348022461,1.289752721786499,23.612619400024414,-11.907452583312988,18.854942321777344,0
1745923259.9810264,0.1902458220720291,3.8910770416259766,13.478976249694824,1.2886357307434082,23.60625648498535,-11.905823707580566,18.848934173583984,0
1745923259.9892554,0.18698330223560333,3.8901097774505615,13.476629257202148,1.2900993824005127,23.610410690307617,-11.91278076171875,18.843822479248047,0
1745923260.0034897,0.18734370172023773,3.8877766132354736,13.472382545471191,1.2910237312316895,23.605358123779297,-11.914627075195312,18.838525772094727,0
1745923260.0167668,0.1895819455385208,3.8854057788848877,13.461952209472656,1.2928533554077148,23.591224670410156,-11.9107084274292,18.829792022705078,0
1745923260.024376,0.18884219229221344,3.883129596710205,13.451129913330078,1.2916593551635742,23.593454360961914,-11.910177230834961,18.814762115478516,0
1745923260.0363853,0.18927845358848572,3.8810620307922363,13.444257736206055,1.2898105382919312,23.595233917236328,-11.908817291259766,18.80440902709961,0
1745923260.049167,0.18929742276668549,3.8808722496032715,13.44101619720459,1.2880772352218628,23.599138259887695,-11.906712532043457,18.79926109313965,0
1745923260.0584228,0.18722990155220032,3.878671884536743,13.441184043884277,1.2901571989059448,23.5986270904541,-11.915270805358887,18.797243118286133,0
1745923260.071199,0.1863953024148941,3.880094528198242,13.438502311706543,1.2895793914794922,23.602209091186523,-11.912666320800781,18.794570922851562,0
1745923260.0848799,0.19016996026039124,3.8792030811309814,13.428369522094727,1.2876150608062744,23.59465789794922,-11.901761054992676,18.785356521606445,0
1745923260.0931115,0.1943429410457611,3.873892068862915,13.408570289611816,1.2848418951034546,23.584911346435547,-11.89281177520752,18.761646270751953,0
1745923260.1061394,0.19732093811035156,3.8697948455810547,13.38422679901123,1.2804510593414307,23.582096099853516,-11.880805015563965,18.731794357299805,0
1745923260.121184,0.1983831524848938,3.866797924041748,13.357945442199707,1.278120756149292,23.57868003845215,-11.870255470275879,18.70124626159668,0
1745923260.1282594,0.19764339923858643,3.861316204071045,13.334122657775879,1.277600884437561,23.575218200683594,-11.869306564331055,18.670682907104492,0
1745923260.1399603,0.19610698521137238,3.850902557373047,13.317471504211426,1.2759830951690674,23.5775203704834,-11.881428718566895,18.640464782714844,0
1745923260.1520026,0.19650530815124512,3.847336530685425,13.3030366897583,1.2761949300765991,23.571557998657227,-11.880056381225586,18.62307357788086,0
1745923260.1634386,0.19853490591049194,3.847848653793335,13.292326927185059,1.2751550674438477,23.566389083862305,-11.869812965393066,18.61386489868164,0
1745923260.1799667,0.20029893517494202,3.8455724716186523,13.281709671020508,1.2741920948028564,23.561092376708984,-11.865032196044922,18.601774215698242,0
1745923260.1871505,0.19914187490940094,3.8404700756073,13.256193161010742,1.2714574337005615,23.5645809173584,-11.862212181091309,18.567262649536133,0
1745923260.198642,0.20039378106594086,3.8353488445281982,13.236468315124512,1.270186424255371,23.558692932128906,-11.858723640441895,18.542396545410156,0
1745923260.2139473,0.20041275024414062,3.829904794692993,13.208306312561035,1.2698975801467896,23.551380157470703,-11.854303359985352,18.508522033691406,0
1745923260.2210677,0.2010955959558487,3.8242335319519043,13.179584503173828,1.268337607383728,23.545547485351562,-11.84818172454834,18.473251342773438,0
1745923260.23322,0.20365630090236664,3.8176136016845703,13.152167320251465,1.2661807537078857,23.53619384765625,-11.840737342834473,18.439617156982422,0
1745923260.247658,0.2055531144142151,3.8117144107818604,13.119832992553711,1.2628682851791382,23.530881881713867,-11.830133438110352,18.39996910095215,0
1745923260.258109,0.21004855632781982,3.8023252487182617,13.078521728515625,1.260480284690857,23.512619018554688,-11.817052841186523,18.351377487182617,0
1745923260.2681317,0.21308346092700958,3.790849447250366,13.03352165222168,1.2592092752456665,23.49380111694336,-11.808971405029297,18.296663284301758,0
1745923260.2819893,0.2142215520143509,3.7802083492279053,12.99483585357666,1.2572834491729736,23.483840942382812,-11.805601119995117,18.246549606323242,0
1745923260.2924507,0.2169909030199051,3.7707433700561523,12.955851554870605,1.255858302116394,23.468019485473633,-11.797255516052246,18.199443817138672,0
1745923260.303414,0.22099317610263824,3.761392116546631,12.914782524108887,1.250600814819336,23.458986282348633,-11.783429145812988,18.147768020629883,0
1745923260.3162882,0.2204810380935669,3.74985933303833,12.873003959655762,1.2459981441497803,23.460155487060547,-11.78162956237793,18.08934211730957,0
1745923260.3267155,0.22378148138523102,3.7418737411499023,12.832493782043457,1.2470766305923462,23.435466766357422,-11.76999568939209,18.045225143432617,0
1745923260.3386276,0.22742336988449097,3.73394513130188,12.800568580627441,1.2451893091201782,23.420352935791016,-11.760465621948242,18.007125854492188,0
1745923260.3495808,0.22892184555530548,3.7263200283050537,12.777640342712402,1.2420309782028198,23.417314529418945,-11.758222579956055,17.974912643432617,0
1745923260.3603768,0.22808726131916046,3.7229814529418945,12.762236595153809,1.2407984733581543,23.4184513092041,-11.757272720336914,17.954103469848633,0
1745923260.372928,0.22869423031806946,3.72123646736145,12.7510986328125,1.241626501083374,23.41105079650879,-11.754040718078613,17.942655563354492,0
1745923260.3835511,0.23104628920555115,3.7172152996063232,12.741599082946777,1.2403554916381836,23.40448760986328,-11.751533508300781,17.930217742919922,0
1745923260.3968601,0.23281031847000122,3.712188720703125,12.729958534240723,1.2387571334838867,23.399736404418945,-11.750664710998535,17.913715362548828,0
1745923260.4084096,0.23051518201828003,3.7111074924468994,12.697400093078613,1.2372934818267822,23.40188980102539,-11.73924732208252,17.87631607055664,0
1745923260.4193208,0.23138770461082458,3.7052083015441895,12.671436309814453,1.2345203161239624,23.399154663085938,-11.733555793762207,17.842552185058594,0
1745923260.4295766,0.2342708706855774,3.698740243911743,12.648526191711426,1.233018159866333,23.38758087158203,-11.72744369506836,17.814556121826172,0
1745923260.442161,0.2340811789035797,3.691115140914917,12.624759674072266,1.2317471504211426,23.3836612701416,-11.72877025604248,17.781702041625977,0
1745923260.4545317,0.23584522306919098,3.6860315799713135,12.606748580932617,1.232074499130249,23.371606826782227,-11.72565746307373,17.760700225830078,0
1745923260.4660902,0.23647117614746094,3.683546781539917,12.594791412353516,1.229378342628479,23.37383270263672,-11.721427917480469,17.744186401367188,0
1745923260.4811776,0.2361866533756256,3.6844003200531006,12.592611312866211,1.2270481586456299,23.381057739257812,-11.718016624450684,17.74024772644043,0
1745923260.4893794,0.2354658544063568,3.686372995376587,12.603805541992188,1.2281458377838135,23.383394241333008,-11.722137451171875,17.7537899017334,0
1745923260.5004387,0.23594006896018982,3.6864869594573975,12.611852645874023,1.2280495166778564,23.384424209594727,-11.72520637512207,17.7623291015625,0
1745923260.5156844,0.23664188385009766,3.6888768672943115,12.616005897521973,1.2297828197479248,23.379079818725586,-11.722585678100586,17.77130699157715,0
1745923260.5241477,0.23394840955734253,3.6893320083618164,12.623213768005371,1.228627324104309,23.392196655273438,-11.729864120483398,17.775121688842773,0
1745923260.535154,0.23434673249721527,3.689502716064453,12.62623119354248,1.231227159500122,23.38435935974121,-11.731745719909668,17.781309127807617,0
1745923260.546849,0.2351054698228836,3.6877198219299316,12.619805335998535,1.2306878566741943,23.381591796875,-11.729999542236328,17.773319244384766,0
1745923260.5575726,0.2378179132938385,3.6881370544433594,12.613510131835938,1.2291858196258545,23.37656593322754,-11.720168113708496,17.76865005493164,0
1745923260.5708475,0.23711608350276947,3.6862971782684326,12.606283187866211,1.228627324104309,23.37784767150879,-11.720780372619629,17.758325576782227,0
1745923260.5816605,0.23588316142559052,3.6841158866882324,12.590246200561523,1.2258156538009644,23.38481903076172,-11.717219352722168,17.736061096191406,0
1745923260.593079,0.2385386973619461,3.674309253692627,12.567429542541504,1.2234853506088257,23.375370025634766,-11.71724796295166,17.703763961791992,0
1745923260.6041198,0.23971472680568695,3.6709330081939697,12.540701866149902,1.2211743593215942,23.37079429626465,-11.706070899963379,17.672523498535156,0
1745923260.6167946,0.2411373257637024,3.665849447250366,12.51933765411377,1.2211936712265015,23.359657287597656,-11.70161247253418,17.647518157958984,0
1745923260.6279116,0.23935432732105255,3.6639907360076904,12.490989685058594,1.2192293405532837,23.362625122070312,-11.692373275756836,17.613563537597656,0
1745923260.6395237,0.23795068264007568,3.66387677192688,12.481714248657227,1.2183241844177246,23.36688995361328,-11.689809799194336,17.601865768432617,0
1745923260.6509871,0.24001821875572205,3.6618852615356445,12.476070404052734,1.2175345420837402,23.36114501953125,-11.686264038085938,17.595508575439453,0
1745923260.6624553,0.24187709391117096,3.6592676639556885,12.476815223693848,1.2177271842956543,23.35466766357422,-11.688166618347168,17.595687866210938,0
1745923260.6747913,0.2411373257637024,3.6597607135772705,12.482756614685059,1.2178235054016113,23.35824203491211,-11.691821098327637,17.601478576660156,0
1745923260.685601,0.23969575762748718,3.6627767086029053,12.495162010192871,1.2181700468063354,23.365495681762695,-11.695636749267578,17.61580467224121,0
1745923260.6994138,0.2362625151872635,3.667423963546753,12.513656616210938,1.2173997163772583,23.38382339477539,-11.702737808227539,17.634742736816406,0
1745923260.7149193,0.23594006896018982,3.670781135559082,12.533381462097168,1.2178235054016113,23.389564514160156,-11.707727432250977,17.65792465209961,0
1745923260.7209892,0.23711608350276947,3.6751627922058105,12.5460844039917,1.2184590101242065,23.38875389099121,-11.70445442199707,17.676820755004883,0
1745923260.7329843,0.23527617752552032,3.6746318340301514,12.552175521850586,1.2196530103683472,23.392078399658203,-11.712669372558594,17.68173599243164,0
1745923260.7471323,0.23650909960269928,3.674100637435913,12.552826881408691,1.2202692031860352,23.386737823486328,-11.712037086486816,17.683704376220703,0
1745923260.7550502,0.23700228333473206,3.6744799613952637,12.551616668701172,1.2195566892623901,23.38715934753418,-11.709413528442383,17.682655334472656,0
1745923260.7670102,0.23899392783641815,3.6752007007598877,12.551300048828125,1.221482515335083,23.375883102416992,-11.705241203308105,17.68697738647461,0
1745923260.781624,0.23954400420188904,3.6720709800720215,12.54967975616455,1.2226572036743164,23.369626998901367,-11.70977783203125,17.68395233154297,0
1745923260.7909725,0.239088773727417,3.6727538108825684,12.552938461303711,1.224043846130371,23.367958068847656,-11.711798667907715,17.688823699951172,0
1745923260.8057418,0.23857663571834564,3.673360824584961,12.561078071594238,1.2236971855163574,23.372739791870117,-11.71571159362793,17.696712493896484,0
1745923260.8161228,0.23533308506011963,3.6832053661346436,12.577375411987305,1.2234853506088257,23.38957977294922,-11.711952209472656,17.71940040588379,0
1745923260.8262243,0.23241199553012848,3.679297924041748,12.59555435180664,1.2257963418960571,23.395061492919922,-11.735281944274902,17.733060836791992,0
1745923260.8383558,0.2333034873008728,3.6770408153533936,12.601180076599121,1.2254111766815186,23.39447021484375,-11.74053955078125,17.736934661865234,0
1745923260.8492084,0.23573140799999237,3.6784632205963135,12.591438293457031,1.225122332572937,23.3861083984375,-11.728192329406738,17.730754852294922,0
1745923260.861013,0.23592109978199005,3.679032325744629,12.586502075195312,1.225969672203064,23.381961822509766,-11.724652290344238,17.72742462158203,0
1745923260.8735619,0.23592109978199005,3.6758837699890137,12.578567504882812,1.2255651950836182,23.3802490234375,-11.726101875305176,17.7159366607666,0
1745923260.8842328,0.24001821875572205,3.6734936237335205,12.573333740234375,1.22502601146698,23.36794090270996,-11.719925880432129,17.711870193481445,0
1745923260.8950608,0.23999924957752228,3.675959587097168,12.575271606445312,1.2220216989517212,23.377859115600586,-11.71484661102295,17.7132511138916,0
1745923260.906187,0.23954400420188904,3.679032325744629,12.581287384033203,1.2238898277282715,23.376131057739258,-11.714146614074707,17.723752975463867,0
1745923260.9205387,0.23556070029735565,3.6789374351501465,12.585962295532227,1.228800654411316,23.37464141845703,-11.726691246032715,17.729259490966797,0
1745923260.9304285,0.23476403951644897,3.6770026683807373,12.593021392822266,1.2261236906051636,23.38603973388672,-11.734025001525879,17.730911254882812,0
1745923260.9477983,0.23320865631103516,3.6774959564208984,12.602334022521973,1.224833369255066,23.39683723449707,-11.740175247192383,17.737871170043945,0
1745923260.9531095,0.23370182514190674,3.681649923324585,12.616806983947754,1.2280110120773315,23.391040802001953,-11.740811347961426,17.760168075561523,0
1745923260.9656916,0.23051518201828003,3.68620228767395,12.633197784423828,1.2298020124435425,23.400503158569336,-11.747764587402344,17.77971649169922,0
1745923260.9815812,0.23070485889911652,3.6886303424835205,12.647687911987305,1.2265281677246094,23.413787841796875,-11.748778343200684,17.793550491333008,0
1745923260.9876044,0.23201365768909454,3.6924808025360107,12.655622482299805,1.2243905067443848,23.41921615600586,-11.742300987243652,17.804506301879883,0
1745923260.9989681,0.2322223037481308,3.6928601264953613,12.650650024414062,1.2226958274841309,23.42232322692871,-11.737751007080078,17.798429489135742,0
1745923261.0144002,0.23286722600460052,3.69107723236084,12.640982627868652,1.2196145057678223,23.426424026489258,-11.733208656311035,17.7845401763916,0
1745923261.023933,0.2329431027173996,3.691797971725464,12.637351036071777,1.219537377357483,23.425678253173828,-11.72980785369873,17.78162956237793,0
1745923261.0343435,0.2323930263519287,3.6924808025360107,12.638561248779297,1.2187670469284058,23.429981231689453,-11.7297945022583,17.782201766967773,0
1745923261.048136,0.23148255050182343,3.6945672035217285,12.645024299621582,1.2183626890182495,23.43598175048828,-11.730788230895996,17.78943634033203,0
1745923261.0569746,0.23072382807731628,3.69659686088562,12.651451110839844,1.2175153493881226,23.44278907775879,-11.731354713439941,17.796287536621094,0
1745923261.0694847,0.2316153347492218,3.6978676319122314,12.65701961517334,1.2194796800613403,23.436290740966797,-11.731300354003906,17.80598258972168,0
1745923261.082213,0.2302306592464447,3.6973934173583984,12.654598236083984,1.217881202697754,23.444171905517578,-11.732627868652344,17.80010223388672,0
1745923261.0927591,0.22693020105361938,3.6963882446289062,12.644279479980469,1.2160323858261108,23.456165313720703,-11.734210014343262,17.78363037109375,0
1745923261.1040945,0.22947192192077637,3.692784309387207,12.635600090026855,1.2165138721466064,23.444271087646484,-11.731893539428711,17.774370193481445,0
1745923261.1157143,0.23134978115558624,3.69158935546875,12.63196849822998,1.2151658535003662,23.44150161743164,-11.728038787841797,17.77007293701172,0
1745923261.128225,0.23307587206363678,3.6921772956848145,12.630962371826172,1.2132400274276733,23.441970825195312,-11.722246170043945,17.769454956054688,0
1745923261.1498542,0.23298102617263794,3.6930878162384033,12.630794525146484,1.218073844909668,23.428447723388672,-11.72318172454834,17.77493667602539,0
1745923261.1590774,0.23286722600460052,3.6938085556030273,12.625802993774414,1.2182471752166748,23.427175521850586,-11.719547271728516,17.77072525024414,0
1745923261.1622007,0.23400531709194183,3.690659761428833,12.605947494506836,1.218747854232788,23.416500091552734,-11.713132858276367,17.749361038208008,0
1745923261.173057,0.23508650064468384,3.680891275405884,12.575066566467285,1.2175345420837402,23.406362533569336,-11.712350845336914,17.708580017089844,0
1745923261.1856837,0.23741957545280457,3.6715400218963623,12.541335105895996,1.2159168720245361,23.393077850341797,-11.706761360168457,17.66621208190918,0
1745923261.1967733,0.23768512904644012,3.6656978130340576,12.51121711730957,1.2128163576126099,23.391944885253906,-11.69959545135498,17.627416610717773,0
1745923261.214449,0.2366798222064972,3.6665892601013184,12.50320816040039,1.21146821975708,23.39695167541504,-11.694869041442871,17.617944717407227,0
1745923261.2196007,0.2392025887966156,3.6652615070343018,12.501867294311523,1.210929036140442,23.390464782714844,-11.691657066345215,17.61726188659668,0
1745923261.2323277,0.24271169304847717,3.6569154262542725,12.464280128479004,1.2122000455856323,23.36444091796875,-11.681422233581543,17.576107025146484,0
1745923261.2490916,0.2470364272594452,3.6363160610198975,12.371691703796387,1.209003210067749,23.331079483032227,-11.6607666015625,17.464048385620117,0
1745923261.2550046,0.2553824186325073,3.6100263595581055,12.25153636932373,1.2014155387878418,23.289352416992188,-11.625718116760254,17.318361282348633,0
1745923261.2664886,0.26253339648246765,3.5555877685546875,12.133952140808105,1.1977179050445557,23.231773376464844,-11.649385452270508,17.149791717529297,0
1745923261.2825072,0.2691343128681183,3.5307395458221436,12.020613670349121,1.195753574371338,23.179094314575195,-11.621037483215332,17.0162410736084,0
1745923261.2895062,0.2735349237918854,3.5124921798706055,11.92452335357666,1.1943092346191406,23.137535095214844,-11.593643188476562,16.90485954284668,0
1745923261.3009875,0.27645599842071533,3.5014336109161377,11.835063934326172,1.1922485828399658,23.105833053588867,-11.558198928833008,16.80520248413086,0
1745923261.3157942,0.277025043964386,3.497735023498535,11.83059310913086,1.190380573272705,23.107404708862305,-11.560701370239258,16.795734405517578,0
1745923261.3243108,0.27759408950805664,3.4950225353240967,11.837540626525879,1.1976794004440308,23.084714889526367,-11.572855949401855,16.807836532592773,0
1745923261.3370037,0.27801141142845154,3.494624137878418,11.854974746704102,1.19993257522583,23.08158302307129,-11.583847045898438,16.827543258666992,0
1745923261.3514776,0.2762852907180786,3.5013957023620605,11.897012710571289,1.2060182094573975,23.082612991333008,-11.600953102111816,16.880712509155273,0
1745923261.3599832,0.2693808972835541,3.516191005706787,11.97628402709961,1.211737871170044,23.11343002319336,-11.632859230041504,16.973594665527344,0
1745923261.370529,0.26300761103630066,3.5387630462646484,12.094799995422363,1.2193255424499512,23.150083541870117,-11.670989036560059,17.115896224975586,0
1745923261.3840554,0.2552117109298706,3.5681257247924805,12.230191230773926,1.227491021156311,23.19523048400879,-11.707715034484863,17.28101921081543,0
1745923261.3947392,0.24658118188381195,3.5972418785095215,12.362956047058105,1.2362920045852661,23.23931884765625,-11.744715690612793,17.443071365356445,0
1745923261.4061344,0.24060621857643127,3.630341053009033,12.500935554504395,1.240066647529602,23.29196548461914,-11.768777847290039,17.611949920654297,0
1745923261.4185338,0.2323930263519287,3.6677463054656982,12.64316177368164,1.244515299797058,23.350364685058594,-11.791120529174805,17.78781509399414,0
1745923261.4302955,0.2225864976644516,3.7002956867218018,12.782334327697754,1.249272108078003,23.409278869628906,-11.823407173156738,17.954486846923828,0
1745923261.4514272,0.21647875010967255,3.726623296737671,12.899080276489258,1.2512941360473633,23.457189559936523,-11.846962928771973,18.093475341796875,0
1745923261.4534457,0.21221092343330383,3.7526097297668457,12.984014511108398,1.2531814575195312,23.491600036621094,-11.851428031921387,18.202016830444336,0
1745923261.4640763,0.2118126004934311,3.7697949409484863,13.042107582092285,1.2519681453704834,23.51470947265625,-11.849725723266602,18.275684356689453,0
1745923261.475811,0.20995372533798218,3.781820774078369,13.075709342956543,1.2487713098526,23.540103912353516,-11.846681594848633,18.316255569458008,0
1745923261.4877665,0.20549620687961578,3.7963502407073975,13.100462913513184,1.245362639427185,23.571746826171875,-11.8392972946167,18.347673416137695,0
1745923261.4999075,0.20689985156059265,3.7977349758148193,13.117039680480957,1.2436294555664062,23.577007293701172,-11.841716766357422,18.36530303955078,0
1745923261.5149212,0.20551517605781555,3.7958760261535645,13.11892032623291,1.2426279783248901,23.58371353149414,-11.847955703735352,18.362939834594727,0
1745923261.5223103,0.20466160774230957,3.79221510887146,13.0660982131958,1.2370816469192505,23.58812141418457,-11.826868057250977,18.30005645751953,0
1745923261.535273,0.2066342979669571,3.784438371658325,13.01882553100586,1.2323633432388306,23.58257484436035,-11.811169624328613,18.24226188659668,0
1745923261.5483823,0.21075038611888885,3.7743852138519287,12.953765869140625,1.2254304885864258,23.572303771972656,-11.78547477722168,18.16433334350586,0
1745923261.5573654,0.2161942422389984,3.7641992568969727,12.89477825164795,1.2210588455200195,23.552324295043945,-11.761804580688477,18.096229553222656,0
1745923261.5680122,0.2192670702934265,3.753899574279785,12.849424362182617,1.2176501750946045,23.53956413269043,-11.749958038330078,18.040241241455078,0
1745923261.5821836,0.21902048587799072,3.7497644424438477,12.820796012878418,1.2129511833190918,23.545602798461914,-11.740803718566895,18.002532958984375,0
1745923261.5915964,0.21803414821624756,3.7454209327697754,12.805188179016113,1.2100046873092651,23.551937103271484,-11.740955352783203,17.978647232055664,0
1745923261.6034236,0.21964643895626068,3.7435240745544434,12.795670509338379,1.2088298797607422,23.547855377197266,-11.735963821411133,17.967670440673828,0
1745923261.6160364,0.220537930727005,3.7392752170562744,12.779633522033691,1.2085025310516357,23.54120445251465,-11.733640670776367,17.947948455810547,0
1745923261.6268823,0.22106905281543732,3.7330915927886963,12.754321098327637,1.2050937414169312,23.541645050048828,-11.729113578796387,17.91357421875,0
1745923261.6382558,0.22448331117630005,3.7277235984802246,12.725954055786133,1.2021280527114868,23.531938552856445,-11.716443061828613,17.88028907775879,0
1745923261.6492567,0.22732852399349213,3.7212934494018555,12.692893028259277,1.198449730873108,23.524452209472656,-11.703899383544922,17.8399658203125,0
1745923261.660716,0.22742336988449097,3.7141613960266113,12.655696868896484,1.1972557306289673,23.51648712158203,-11.696776390075684,17.794538497924805,0
1745923261.6721637,0.22877010703086853,3.702970266342163,12.621761322021484,1.1969475746154785,23.502077102661133,-11.6969633102417,17.75044822692871,0
1745923261.6846395,0.23220333456993103,3.6912288665771484,12.584602355957031,1.1972172260284424,23.4788818359375,-11.69292163848877,17.705251693725586,0
1745923261.697772,0.2348778396844864,3.6793737411499023,12.54299259185791,1.1929419040679932,23.469852447509766,-11.685731887817383,17.65018653869629,0
1745923261.708245,0.23573140799999237,3.6710658073425293,12.504158020019531,1.1936544179916382,23.453144073486328,-11.679400444030762,17.604610443115234,0
1745923261.7189617,0.23616768419742584,3.6620559692382812,12.485177993774414,1.1947907209396362,23.441303253173828,-11.685880661010742,17.57819175720215,0
1745923261.7302854,0.23762822151184082,3.659665822982788,12.4833345413208,1.1982957124710083,23.42567253112793,-11.688488960266113,17.57892417907715,0
1745923261.7471347,0.2381782978773117,3.658660650253296,12.47754192352295,1.19993257522583,23.417505264282227,-11.687134742736816,17.574312210083008,0
1745923261.7540772,0.23791274428367615,3.6533114910125732,12.458860397338867,1.1977949142456055,23.418272018432617,-11.686544418334961,17.54787826538086,0
1745923261.7673216,0.24117526412010193,3.6417598724365234,12.419838905334473,1.196716547012329,23.39861297607422,-11.680684089660645,17.49949073791504,0
1745923261.7828164,0.24250303208827972,3.6309101581573486,12.368003845214844,1.200105905532837,23.368173599243164,-11.672639846801758,17.4415225982666,0
1745923261.7882454,0.24439984560012817,3.616760015487671,12.310635566711426,1.2006837129592896,23.34178924560547,-11.66519546508789,17.372478485107422,0
1745923261.8005073,0.24933156371116638,3.6057584285736084,12.272322654724121,1.1994704008102417,23.31751251220703,-11.655343055725098,17.32688331604004,0
1745923261.8142278,0.2515318691730499,3.6001060009002686,12.257347106933594,1.1992970705032349,23.30592155456543,-11.653676986694336,17.30828285217285,0
1745923261.8239696,0.25295448303222656,3.597583293914795,12.2547025680542,1.2024362087249756,23.290996551513672,-11.656020164489746,17.307676315307617,0
1745923261.8350706,0.25344765186309814,3.599290370941162,12.254571914672852,1.204419732093811,23.284090042114258,-11.652871131896973,17.311729431152344,0
1745923261.850274,0.250773161649704,3.5980193614959717,12.251145362854004,1.2027828693389893,23.29558563232422,-11.657578468322754,17.30272102355957,0
1745923261.8574796,0.2503937780857086,3.5937516689300537,12.240900993347168,1.2007222175598145,23.298879623413086,-11.659708976745605,17.285768508911133,0
1745923261.8710415,0.2517784535884857,3.5892562866210938,12.219369888305664,1.1990467309951782,23.29265594482422,-11.653037071228027,17.259450912475586,0
1745923261.8831866,0.25367528200149536,3.582484483718872,12.190145492553711,1.198218584060669,23.279632568359375,-11.64596939086914,17.224525451660156,0
1745923261.8959458,0.2514370381832123,3.5750679969787598,12.164013862609863,1.1930382251739502,23.292556762695312,-11.64726734161377,17.183557510375977,0
1745923261.9055755,0.2546805739402771,3.5689034461975098,12.131009101867676,1.1893599033355713,23.283103942871094,-11.632816314697266,17.143953323364258,0
1745923261.9168475,0.26054173707962036,3.560462474822998,12.076342582702637,1.1872414350509644,23.254446029663086,-11.606612205505371,17.08458709716797,0
1745923261.9317951,0.2631783187389374,3.548797130584717,12.008711814880371,1.18233060836792,23.239168167114258,-11.583849906921387,17.00301742553711,0
1745923261.9404936,0.26613736152648926,3.5224504470825195,11.942665100097656,1.177092432975769,23.220062255859375,-11.589223861694336,16.908344268798828,0
1745923261.959209,0.2705758810043335,3.5077121257781982,11.876450538635254,1.172643780708313,23.197093963623047,-11.569649696350098,16.827383041381836,0
1745923261.9639893,0.2714863717556,3.4923291206359863,11.751079559326172,1.1677136421203613,23.168909072875977,-11.524249076843262,16.682607650756836,0
1745923261.9821298,0.2729658782482147,3.4850831031799316,11.714461326599121,1.1625717878341675,23.167436599731445,-11.511735916137695,16.635082244873047,0
1745923261.987323,0.2770629823207855,3.478956460952759,11.686541557312012,1.1579113006591797,23.159259796142578,-11.497088432312012,16.60047149658203,0
1745923262.0002851,0.2778596580028534,3.4693586826324463,11.656442642211914,1.1554076671600342,23.15292739868164,-11.495651245117188,16.55906867980957,0
1745923262.013561,0.2805531322956085,3.463876724243164,11.625709533691406,1.1550225019454956,23.135162353515625,-11.483237266540527,16.525161743164062,0
1745923262.0227153,0.2833224833011627,3.456308603286743,11.588309288024902,1.1529619693756104,23.11968994140625,-11.469908714294434,16.48090171813965,0
1745923262.031654,0.28252580761909485,3.444681167602539,11.546345710754395,1.1469148397445679,23.12506675720215,-11.4666109085083,16.420467376708984,0
1745923262.049363,0.2841950058937073,3.4355385303497314,11.50827407836914,1.1425817012786865,23.119327545166016,-11.456740379333496,16.370588302612305,0
1745923262.0580263,0.28793174028396606,3.427875280380249,11.46860122680664,1.1403093338012695,23.100589752197266,-11.440025329589844,16.324718475341797,0
1745923262.0702217,0.2909286916255951,3.4180688858032227,11.425948143005371,1.1383450031280518,23.081552505493164,-11.427387237548828,16.273290634155273,0
1745923262.0848403,0.2915925681591034,3.4083950519561768,11.376925468444824,1.135398507118225,23.07093620300293,-11.414725303649902,16.212310791015625,0
1745923262.0912285,0.29347044229507446,3.394984483718872,11.317453384399414,1.1303143501281738,23.058820724487305,-11.399542808532715,16.13622283935547,0
1745923262.1040862,0.29684674739837646,3.3802273273468018,11.25675106048584,1.1303335428237915,23.02482032775879,-11.386232376098633,16.064157485961914,0
1745923262.1143675,0.29944539070129395,3.3671393394470215,11.200278282165527,1.1318550109863281,22.990047454833984,-11.374443054199219,15.99871826171875,0
1745923262.12584,0.3014560043811798,3.352116584777832,11.146077156066895,1.1296017169952393,22.969051361083984,-11.366775512695312,15.929251670837402,0
1745923262.138186,0.3007921278476715,3.3399200439453125,11.100332260131836,1.1268478631973267,22.961658477783203,-11.363563537597656,15.86789321899414,0
1745923262.1499293,0.300374835729599,3.332750082015991,11.075336456298828,1.1278300285339355,22.949607849121094,-11.364457130432129,15.836292266845703,0
1745923262.1596363,0.30088695883750916,3.332958698272705,11.070307731628418,1.1277915239334106,22.946548461914062,-11.359901428222656,15.831944465637207,0
1745923262.171823,0.29889532923698425,3.346160650253296,11.08619499206543,1.1283692121505737,22.960357666015625,-11.347036361694336,15.859620094299316,0
1745923262.1826193,0.2968277931213379,3.360633373260498,11.201265335083008,1.1302180290222168,23.00188636779785,-11.392526626586914,15.988945007324219,0
1745923262.2057989,0.2907390296459198,3.3768699169158936,11.288434028625488,1.136245846748352,23.034196853637695,-11.427739143371582,16.092288970947266,0
1745923262.2162764,0.28751444816589355,3.3979246616363525,11.394303321838379,1.1422736644744873,23.064231872558594,-11.458126068115234,16.222015380859375,0
1745923262.2184067,0.28220334649086,3.4241385459899902,11.519784927368164,1.14772367477417,23.109525680541992,-11.49299144744873,16.373849868774414,0
1745923262.248541,0.2723020017147064,3.4575035572052,11.670504570007324,1.1557351350784302,23.169734954833984,-11.538087844848633,16.556045532226562,0
1745923262.2573543,0.2656252086162567,3.4949846267700195,11.843091011047363,1.1624946594238281,23.230003356933594,-11.579520225524902,16.76619529724121,0
1745923262.2573543,0.25513583421707153,3.5361833572387695,12.035943031311035,1.1720852851867676,23.298385620117188,-11.632852554321289,16.999347686767578,0
1745923262.2766275,0.23937329649925232,3.581061840057373,12.234735488891602,1.1826194524765015,23.380407333374023,-11.691483497619629,17.237789154052734,0
1745923262.2908206,0.22990819811820984,3.624631643295288,12.429375648498535,1.1949254274368286,23.43501091003418,-11.737905502319336,17.47884178161621,0
1745923262.2908206,0.2242746651172638,3.6673290729522705,12.613696098327637,1.2072314023971558,23.474143981933594,-11.772218704223633,17.71253204345703,0
1745923262.3001993,0.21534067392349243,3.707427740097046,12.785016059875488,1.215339183807373,23.529903411865234,-11.807612419128418,17.923124313354492,0
1745923262.3164735,0.20803794264793396,3.7429358959198,12.930651664733887,1.2231580018997192,23.57316017150879,-11.834417343139648,18.10478401184082,0
1745923262.3227324,0.20272685587406158,3.773531675338745,13.04939079284668,1.2295901775360107,23.6062068939209,-11.851785659790039,18.255239486694336,0
1745923262.3336394,0.19768133759498596,3.7963123321533203,13.137155532836914,1.2336344718933105,23.635467529296875,-11.865793228149414,18.364784240722656,0
1745923262.3502076,0.19138391315937042,3.8112971782684326,13.209609985351562,1.2383334636688232,23.660625457763672,-11.888514518737793,18.450624465942383,0
1745923262.3574252,0.19022685289382935,3.8275907039642334,13.279847145080566,1.2423583269119263,23.67288589477539,-11.89815902709961,18.540023803710938,0
1745923262.368712,0.18827314674854279,3.844074010848999,13.344348907470703,1.2473077774047852,23.683391571044922,-11.906435012817383,18.624004364013672,0
1745923262.3833718,0.18474507331848145,3.86228346824646,13.407378196716309,1.254105806350708,23.693099975585938,-11.914551734924316,18.708513259887695,0
1745923262.3917923,0.1848968118429184,3.884495258331299,13.46180248260498,1.2571101188659668,23.70198631286621,-11.903143882751465,18.788305282592773,0
1745923262.4041903,0.1804962009191513,3.899897336959839,13.564263343811035,1.2604610919952393,23.731651306152344,-11.934913635253906,18.905118942260742,0
1745923262.4163134,0.1760956048965454,3.916494369506836,13.620401382446289,1.2624831199645996,23.75449562072754,-11.9415283203125,18.975475311279297,0
1745923262.4279451,0.1697223037481308,3.929715156555176,13.674471855163574,1.2658147811889648,23.777772903442383,-11.956993103027344,19.039722442626953,0
1745923262.4387012,0.16678224503993988,3.941361665725708,13.711071968078613,1.2689154148101807,23.788007736206055,-11.960768699645996,19.088130950927734,0
1745923262.4509087,0.1664028763771057,3.9469382762908936,13.724724769592285,1.2700515985488892,23.790193557739258,-11.9587984085083,19.108118057250977,0
1745923262.461677,0.16539756953716278,3.948474645614624,13.711705207824707,1.2705137729644775,23.789134979248047,-11.951937675476074,19.09609031677246,0
1745923262.473806,0.16915325820446014,3.9421963691711426,13.67398738861084,1.2703790664672852,23.76957130432129,-11.938325881958008,19.05571746826172,0
1745923262.484668,0.1749575138092041,3.931156873703003,13.610977172851562,1.267625093460083,23.744754791259766,-11.916019439697266,18.984716415405273,0
