time,f1,f2,f3,f4,COPx,COPy,W,W_sync
1745923207.2286103,0.12813419103622437,0.1226956844329834,0.12297046184539795,0.11594486236572266,0.0,0.0,0.48974519968032837,0
1745923207.2411075,0.12908262014389038,0.12294220924377441,0.12319397926330566,0.11611461639404297,0.0,0.0,0.4913334250450134,0
1745923207.2453043,0.13266760110855103,0.12345433235168457,0.11985993385314941,0.11789083480834961,0.0,0.0,0.4938727021217346,0
1745923207.2565963,0.1281152367591858,0.12328362464904785,0.11902177333831787,0.11974239349365234,0.0,0.0,0.49016302824020386,0
1745923207.2674832,0.12839972972869873,0.12328362464904785,0.11985993385314941,0.11934566497802734,0.0,0.0,0.49088895320892334,0
1745923207.2791777,0.12896877527236938,0.1248769760131836,0.12274694442749023,0.11953449249267578,0.0,0.0,0.496127188205719,0
1745923207.2923756,0.12724268436431885,0.12430787086486816,0.12008345127105713,0.1191568374633789,0.0,0.0,0.49079084396362305,0
1745923207.3006167,0.1267305612564087,0.12700128555297852,0.11889141798019409,0.12000703811645508,0.0,0.0,0.4926303029060364,0
1745923207.3118327,0.12460613250732422,0.12755155563354492,0.12032562494277954,0.12100839614868164,0.0,0.0,0.4934917092323303,0
1745923207.3252554,0.12692022323608398,0.12610983848571777,0.12103337049484253,0.1205739974975586,0.0,0.0,0.4946374297142029,0
1745923207.3329163,0.12824797630310059,0.12309384346008301,0.1175876259803772,0.11961030960083008,0.0,0.0,0.48853975534439087,0
1745923207.3444526,0.1273375153541565,0.12476301193237305,0.11827677488327026,0.11998796463012695,0.0,0.0,0.49036526679992676,0
1745923207.3591068,0.12527000904083252,0.12525629997253418,0.12006485462188721,0.11858987808227539,0.0,0.0,0.4891810417175293,0
1745923207.3664508,0.12821006774902344,0.1267547607421875,0.12164801359176636,0.11940240859985352,0.0,0.0,0.4960152506828308,0
1745923207.377182,0.12951886653900146,0.12510466575622559,0.11989718675613403,0.1199502944946289,0.0,0.0,0.49447101354599,0
1745923207.3922224,0.12784969806671143,0.12123513221740723,0.11891001462936401,0.11979913711547852,0.0,0.0,0.4877939820289612,0
1745923207.399015,0.1270909309387207,0.12267661094665527,0.11924529075622559,0.11991262435913086,0.0,0.0,0.4889254570007324,0
1745923207.4108613,0.12874120473861694,0.1253511905670166,0.11827677488327026,0.11885452270507812,0.0,0.0,0.49122369289398193,0
1745923207.42446,0.12929123640060425,0.12637543678283691,0.11840713024139404,0.1185145378112793,0.0,0.0,0.4925883412361145,0
1745923207.4324627,0.12885499000549316,0.12609100341796875,0.12004619836807251,0.1189112663269043,0.0,0.0,0.4939034581184387,0
1745923207.4441116,0.12587696313858032,0.12510466575622559,0.11786699295043945,0.11993169784545898,0.0,0.0,0.48878031969070435,0
1745923207.4582605,0.12479579448699951,0.12552189826965332,0.12012070417404175,0.12149953842163086,0.0,0.0,0.49193793535232544,0
1745923207.4646375,0.12508034706115723,0.12694454193115234,0.11879831552505493,0.11942148208618164,0.0,0.0,0.49024468660354614,0
1745923207.476774,0.127394437789917,0.1276841163635254,0.11782974004745483,0.11949682235717773,0.0,0.0,0.49240511655807495,0
1745923207.490998,0.12737548351287842,0.1264512538909912,0.12038147449493408,0.11959123611450195,0.0,0.0,0.49379944801330566,0
1745923207.498159,0.12449228763580322,0.12451648712158203,0.1221509575843811,0.1191568374633789,0.0,0.0,0.49031656980514526,0
1745923207.509679,0.12361979484558105,0.12720990180969238,0.12012070417404175,0.12019586563110352,0.0,0.0,0.4911462664604187,0
1745923207.5275605,0.12339216470718384,0.12960004806518555,0.11814635992050171,0.11870336532592773,0.0,0.0,0.48984193801879883,0
1745923207.5318909,0.12265241146087646,0.12889814376831055,0.12151765823364258,0.11823081970214844,0.0,0.0,0.491299033164978,0
1745923207.543717,0.12352496385574341,0.12694454193115234,0.12008345127105713,0.11660623550415039,0.0,0.0,0.48715919256210327,0
1745923207.5577774,0.12337321043014526,0.1274566650390625,0.11924529075622559,0.11830663681030273,0.0,0.0,0.4883818030357361,0
1745923207.5666966,0.1252889633178711,0.13098478317260742,0.11838853359222412,0.11877918243408203,0.0,0.0,0.49344146251678467,0
1745923207.5755725,0.12477684020996094,0.12977075576782227,0.11736410856246948,0.12015819549560547,0.0,0.0,0.49206990003585815,0
1745923207.5861197,0.12297487258911133,0.13155364990234375,0.11786699295043945,0.11919450759887695,0.0,0.0,0.4915900230407715,0
1745923207.598523,0.12462508678436279,0.13238835334777832,0.11857479810714722,0.11853313446044922,0.0,0.0,0.49412137269973755,0
1745923207.6085947,0.12367665767669678,0.131364107131958,0.11796015501022339,0.11794757843017578,0.0,0.0,0.49094849824905396,0
1745923207.6238754,0.12151432037353516,0.13265395164489746,0.1183326244354248,0.11753177642822266,0.0,0.0,0.4900326728820801,0
1745923207.6310475,0.12350594997406006,0.13420915603637695,0.11671221256256104,0.1195535659790039,0.0,0.0,0.49398088455200195,0
1745923207.6413603,0.12415087223052979,0.13288140296936035,0.11868655681610107,0.11983680725097656,0.0,0.0,0.4955556392669678,0
1745923207.6577833,0.124378502368927,0.13280558586120605,0.1166190505027771,0.11847686767578125,0.0,0.0,0.4922800064086914,0
1745923207.6639774,0.12561142444610596,0.13185715675354004,0.11540842056274414,0.11855220794677734,0.0,0.0,0.4914292097091675,0
1745923207.6746745,0.12468200922012329,0.13345050811767578,0.115520179271698,0.118438720703125,0.0,0.0,0.49209141731262207,0
1745923207.6901665,0.12530791759490967,0.1322934627532959,0.11971098184585571,0.11694622039794922,0.0,0.0,0.4942585825920105,0
1745923207.696678,0.12819111347198486,0.13106060028076172,0.11896592378616333,0.11766433715820312,0.0,0.0,0.49588197469711304,0
1745923207.7086575,0.1273375153541565,0.130889892578125,0.118705153465271,0.11749410629272461,0.0,0.0,0.4944266676902771,0
1745923207.7186916,0.1261235475540161,0.1332228183746338,0.11889141798019409,0.11747503280639648,0.0,0.0,0.4957128167152405,0
1745923207.730222,0.12671160697937012,0.12960004806518555,0.12094026803970337,0.11660623550415039,0.0,0.0,0.4938581585884094,0
1745923207.7404716,0.12460613250732422,0.1269824504852295,0.12008345127105713,0.1173238754272461,0.0,0.0,0.48899590969085693,0
1745923207.7513957,0.12490963935852051,0.12882232666015625,0.11728960275650024,0.11690855026245117,0.0,0.0,0.4879301190376282,0
1745923207.762729,0.12790656089782715,0.12887930870056152,0.11730819940567017,0.11894893646240234,0.0,0.0,0.4930430054664612,0
1745923207.775678,0.12716680765151978,0.13037776947021484,0.11684256792068481,0.11855220794677734,0.0,0.0,0.4929393529891968,0
1745923207.7839935,0.12593388557434082,0.12610983848571777,0.11542701721191406,0.12015819549560547,0.0,0.0,0.4876289367675781,0
1745923207.7952013,0.1266167163848877,0.12703919410705566,0.11442124843597412,0.11885452270507812,0.0,0.0,0.4869316816329956,0
1745923207.807092,0.12665468454360962,0.1289360523223877,0.11486822366714478,0.11906242370605469,0.0,0.0,0.4895213842391968,0
1745923207.8168747,0.1274513602256775,0.13227438926696777,0.1166190505027771,0.11766433715820312,0.0,0.0,0.4940091371536255,0
1745923207.8302863,0.12536484003067017,0.13109850883483887,0.11654454469680786,0.11554813385009766,0.0,0.0,0.48855602741241455,0
1745923207.8396382,0.1263701319694519,0.12946724891662598,0.1177552342414856,0.11724853515625,0.0,0.0,0.4908411502838135,0
1745923207.8518958,0.12904465198516846,0.1288602352142334,0.11768072843551636,0.11777734756469727,0.0,0.0,0.4933629631996155,0
1745923207.8609333,0.1311122179031372,0.12789297103881836,0.11427223682403564,0.11500024795532227,0.0,0.0,0.4882776737213135,0
1745923207.8723044,0.12767893075942993,0.12977075576782227,0.11501723527908325,0.11346960067749023,0.0,0.0,0.4859365224838257,0
1745923207.8830483,0.12663573026657104,0.13253998756408691,0.11647003889083862,0.11500024795532227,0.0,0.0,0.49064600467681885,0
1745923207.893261,0.1284756064414978,0.12923955917358398,0.11654454469680786,0.11734294891357422,0.0,0.0,0.49160265922546387,0
1745923207.9048371,0.128342866897583,0.12923955917358398,0.117215096950531,0.11630392074584961,0.0,0.0,0.4911014437675476,0
1745923207.916352,0.12917745113372803,0.12728595733642578,0.11781114339828491,0.11624717712402344,0.0,0.0,0.49052172899246216,0
1745923207.927134,0.12783068418502808,0.12772226333618164,0.11814635992050171,0.11545372009277344,0.0,0.0,0.48915302753448486,0
1745923207.9378924,0.1270909309387207,0.13064336776733398,0.11931979656219482,0.11350727081298828,0.0,0.0,0.4905613660812378,0
1745923207.9492114,0.12876015901565552,0.12804460525512695,0.11805325746536255,0.11435747146606445,0.0,0.0,0.4892154932022095,0
1745923207.961333,0.12663573026657104,0.12537002563476562,0.117215096950531,0.1143956184387207,0.0,0.0,0.4836164712905884,0
1745923207.971021,0.12722373008728027,0.12396645545959473,0.11492413282394409,0.11350727081298828,0.0,0.0,0.4796215891838074,0
1745923207.9822533,0.12657880783081055,0.1256546974182129,0.11704748868942261,0.11311054229736328,0.0,0.0,0.4823915362358093,0
1745923207.9929829,0.12549763917922974,0.12616682052612305,0.12010210752487183,0.11294078826904297,0.0,0.0,0.4847073554992676,0
1745923208.0043612,0.1268443465232849,0.12713408470153809,0.12071675062179565,0.11239290237426758,0.0,0.0,0.48708808422088623,0
1745923208.015036,0.1294429898262024,0.12732386589050293,0.12006485462188721,0.1115422248840332,0.0,0.0,0.48837393522262573,0
1745923208.026209,0.1296136975288391,0.1262047290802002,0.11876106262207031,0.1112966537475586,0.0,0.0,0.4858761429786682,0
1745923208.039243,0.12841874361038208,0.12248706817626953,0.12040013074874878,0.1111454963684082,0.0,0.0,0.4824514389038086,0
1745923208.0475147,0.1271478533744812,0.12400436401367188,0.11920803785324097,0.11137247085571289,0.0,0.0,0.48173272609710693,0
1745923208.0589147,0.12646502256393433,0.12379574775695801,0.11952471733093262,0.1123361587524414,0.0,0.0,0.48212164640426636,0
1745923208.0704076,0.12826699018478394,0.12151956558227539,0.1177552342414856,0.11226034164428711,0.0,0.0,0.47980213165283203,0
1745923208.082479,0.1299172043800354,0.12225937843322754,0.11769938468933105,0.11040878295898438,0.0,0.0,0.48028475046157837,0
1745923208.0922766,0.12819111347198486,0.12379574775695801,0.11538976430892944,0.11218500137329102,0.0,0.0,0.47956162691116333,0
1745923208.1027386,0.1255165934562683,0.12584424018859863,0.1174013614654541,0.11178827285766602,0.0,0.0,0.48055046796798706,0
1745923208.1162827,0.12424570322036743,0.12679266929626465,0.11814635992050171,0.11227941513061523,0.0,0.0,0.481464147567749,0
1745923208.1251202,0.12291795015335083,0.12633752822875977,0.1181650161743164,0.11261940002441406,0.0,0.0,0.48003989458084106,0
1745923208.1369476,0.12496650218963623,0.12717199325561523,0.1166190505027771,0.1139230728149414,0.0,0.0,0.48268061876296997,0
1745923208.1465383,0.12591493129730225,0.12493395805358887,0.1162838339805603,0.11309194564819336,0.0,0.0,0.4802246689796448,0
1745923208.1644456,0.12773585319519043,0.12320780754089355,0.11743861436843872,0.1120905876159668,0.0,0.0,0.4804728627204895,0
1745923208.1709054,0.12876015901565552,0.12161445617675781,0.11788564920425415,0.11197710037231445,0.0,0.0,0.48023736476898193,0
1745923208.1804292,0.12851357460021973,0.12299919128417969,0.11684256792068481,0.11167478561401367,0.0,0.0,0.4800301194190979,0
1745923208.1911392,0.12767893075942993,0.12353014945983887,0.11753171682357788,0.1119394302368164,0.0,0.0,0.4806802272796631,0
1745923208.2024128,0.12553554773330688,0.12208867073059082,0.1193011999130249,0.11133480072021484,0.0,0.0,0.47826021909713745,0
1745923208.2125394,0.12331628799438477,0.1245734691619873,0.1183326244354248,0.11135339736938477,0.0,0.0,0.47757577896118164,0
1745923208.2254622,0.12635117769241333,0.12495279312133789,0.11691707372665405,0.11345052719116211,0.0,0.0,0.4816715717315674,0
1745923208.2351022,0.12475788593292236,0.1260528564453125,0.11732685565948486,0.11373424530029297,0.0,0.0,0.4818718433380127,0
1745923208.2457118,0.12416982650756836,0.12243008613586426,0.11600440740585327,0.11180686950683594,0.0,0.0,0.4744111895561218,0
1745923208.2589214,0.12523210048675537,0.12371993064880371,0.11546427011489868,0.11046552658081055,0.0,0.0,0.4748818278312683,0
1745923208.268122,0.12276619672775269,0.12368202209472656,0.11697298288345337,0.1097097396850586,0.0,0.0,0.4731309413909912,0
1745923208.2788773,0.12519413232803345,0.12434577941894531,0.1164514422416687,0.11142921447753906,0.0,0.0,0.4774205684661865,0
1745923208.2916927,0.12490963935852051,0.12629961967468262,0.11836987733840942,0.11025762557983398,0.0,0.0,0.47983676195144653,0
1745923208.3010187,0.12631326913833618,0.12282848358154297,0.11488687992095947,0.1128840446472168,0.0,0.0,0.4769126772880554,0
1745923208.3120694,0.12549763917922974,0.12368202209472656,0.11579954624176025,0.11358308792114258,0.0,0.0,0.47856229543685913,0
1745923208.3230445,0.12375253438949585,0.1240234375,0.11699157953262329,0.11666297912597656,0.0,0.0,0.4814305305480957,0
1745923208.3339617,0.12487167119979858,0.12470626831054688,0.1164514422416687,0.11445236206054688,0.0,0.0,0.48048174381256104,0
1745923208.3462884,0.12354391813278198,0.1262047290802002,0.11570638418197632,0.1128082275390625,0.0,0.0,0.478263258934021,0
1745923208.357785,0.12164711952209473,0.1257305145263672,0.11538976430892944,0.11265707015991211,0.0,0.0,0.47542446851730347,0
1745923208.3663182,0.12265241146087646,0.12561678886413574,0.11574363708496094,0.11371517181396484,0.0,0.0,0.477728009223938,0
1745923208.3784633,0.12270933389663696,0.12578749656677246,0.11503589153289795,0.1124873161315918,0.0,0.0,0.47602003812789917,0
1745923208.3927588,0.12627530097961426,0.12284731864929199,0.11717784404754639,0.11409330368041992,0.0,0.0,0.48039376735687256,0
1745923208.3999574,0.12866532802581787,0.1240992546081543,0.11604166030883789,0.11188268661499023,0.0,0.0,0.4806889295578003,0
1745923208.4121573,0.12602871656417847,0.12537002563476562,0.11548292636871338,0.1115422248840332,0.0,0.0,0.4784238934516907,0
1745923208.4248307,0.12407499551773071,0.1280825138092041,0.11384385824203491,0.11335611343383789,0.0,0.0,0.4793574810028076,0
1745923208.4332976,0.1230507493019104,0.1234734058380127,0.11224198341369629,0.11345052719116211,0.0,0.0,0.4722166657447815,0
1745923208.4448223,0.12481474876403809,0.12514257431030273,0.11296844482421875,0.11173152923583984,0.0,0.0,0.4746572971343994,0
1745923208.457558,0.1273375153541565,0.12320780754089355,0.11559462547302246,0.11103248596191406,0.0,0.0,0.4771724343299866,0
1745923208.4660363,0.13113117218017578,0.12370085716247559,0.11285668611526489,0.11226034164428711,0.0,0.0,0.47994905710220337,0
1745923208.4798412,0.12767893075942993,0.12872743606567383,0.11289393901824951,0.11401748657226562,0.0,0.0,0.4833177924156189,0
1745923208.4914238,0.1258201003074646,0.1255786418914795,0.11430948972702026,0.11324310302734375,0.0,0.0,0.4789513349533081,0
1745923208.4991531,0.12663573026657104,0.12578749656677246,0.11434674263000488,0.11341285705566406,0.0,0.0,0.48018282651901245,0
1745923208.5104182,0.12544071674346924,0.1259012222290039,0.11317330598831177,0.11369657516479492,0.0,0.0,0.47821182012557983,0
1745923208.525232,0.12532693147659302,0.12442159652709961,0.11492413282394409,0.1139230728149414,0.0,0.0,0.4785957336425781,0
1745923208.5320256,0.12616151571273804,0.12375783920288086,0.11470061540603638,0.1107487678527832,0.0,0.0,0.4753687381744385,0
1745923208.542784,0.1269012689590454,0.12335944175720215,0.11367619037628174,0.11008739471435547,0.0,0.0,0.47402429580688477,0
1745923208.5559788,0.12650293111801147,0.12366294860839844,0.11268901824951172,0.11054086685180664,0.0,0.0,0.47339576482772827,0
1745923208.564426,0.1274513602256775,0.12220239639282227,0.11162734031677246,0.11131572723388672,0.0,0.0,0.47259682416915894,0
1745923208.5786958,0.1257631778717041,0.12142467498779297,0.11466336250305176,0.11222267150878906,0.0,0.0,0.4740738868713379,0
1745923208.5967062,0.1257631778717041,0.11969852447509766,0.11434674263000488,0.11229801177978516,0.0,0.0,0.4721064567565918,0
1745923208.598836,0.12724268436431885,0.12100744247436523,0.11442124843597412,0.11078643798828125,0.0,0.0,0.47345781326293945,0
1745923208.609704,0.1266167163848877,0.12153863906860352,0.11354583501815796,0.11012554168701172,0.0,0.0,0.4718267321586609,0
1745923208.6250014,0.12758409976959229,0.12155747413635254,0.11389970779418945,0.11120223999023438,0.0,0.0,0.47424352169036865,0
1745923208.6317601,0.12597185373306274,0.1212918758392334,0.11311739683151245,0.11116456985473633,0.0,0.0,0.4715456962585449,0
1745923208.6416492,0.12475788593292236,0.12151956558227539,0.11354583501815796,0.11063528060913086,0.0,0.0,0.4704585671424866,0
1745923208.6568482,0.12426471710205078,0.12335944175720215,0.11576229333877563,0.1092371940612793,0.0,0.0,0.47262364625930786,0
1745923208.664072,0.12380945682525635,0.12256288528442383,0.11494272947311401,0.11061668395996094,0.0,0.0,0.4719317555427551,0
1745923208.6740782,0.12343007326126099,0.12220239639282227,0.11412322521209717,0.1103520393371582,0.0,0.0,0.4701077342033386,0
1745923208.6907065,0.12303179502487183,0.11977458000183105,0.11673080921173096,0.11031436920166016,0.0,0.0,0.469851553440094,0
1745923208.697716,0.12375253438949585,0.12019181251525879,0.11632108688354492,0.11218500137329102,0.0,0.0,0.4724504351615906,0
1745923208.708213,0.12405604124069214,0.12178516387939453,0.11669355630874634,0.11218500137329102,0.0,0.0,0.474719762802124,0
1745923208.7252212,0.1252889633178711,0.12290430068969727,0.11725234985351562,0.11097574234008789,0.0,0.0,0.4764213562011719,0
1745923208.7315917,0.12578213214874268,0.12334060668945312,0.11637693643569946,0.11033296585083008,0.0,0.0,0.47583264112472534,0
1745923208.7411864,0.12388533353805542,0.12294220924377441,0.11687982082366943,0.10770702362060547,0.0,0.0,0.47141438722610474,0
1745923208.7592201,0.1229938268661499,0.12231612205505371,0.11768072843551636,0.10819816589355469,0.0,0.0,0.47118884325027466,0
1745923208.7644436,0.12413191795349121,0.1217660903930664,0.11697298288345337,0.10904836654663086,0.0,0.0,0.47191935777664185,0
1745923208.7728062,0.12341111898422241,0.1219937801361084,0.11620932817459106,0.10933160781860352,0.0,0.0,0.4709458351135254,0
1745923208.791842,0.12418884038925171,0.12095046043395996,0.11741995811462402,0.10861396789550781,0.0,0.0,0.4711732268333435,0
1745923208.7966561,0.12566834688186646,0.12125396728515625,0.11768072843551636,0.10942649841308594,0.0,0.0,0.474029541015625,0
1745923208.8070505,0.1264839768409729,0.12095046043395996,0.11695432662963867,0.10895395278930664,0.0,0.0,0.4733427166938782,0
1745923208.817906,0.12671160697937012,0.12017273902893066,0.1145516037940979,0.10910511016845703,0.0,0.0,0.4705410599708557,0
1745923208.8282292,0.12697714567184448,0.12290430068969727,0.11609756946563721,0.11256265640258789,0.0,0.0,0.47854167222976685,0
1745923208.8401897,0.1267305612564087,0.12195587158203125,0.11594855785369873,0.11263847351074219,0.0,0.0,0.47727346420288086,0
1745923208.8505378,0.12542176246643066,0.12250590324401855,0.11559462547302246,0.1098794937133789,0.0,0.0,0.4734017848968506,0
1745923208.8615582,0.12646502256393433,0.12227821350097656,0.11602306365966797,0.10772562026977539,0.0,0.0,0.47249191999435425,0
1745923208.8727763,0.12462508678436279,0.1227715015411377,0.114737868309021,0.11016321182250977,0.0,0.0,0.47229766845703125,0
1745923208.8841493,0.12265241146087646,0.12419414520263672,0.11576229333877563,0.1115422248840332,0.0,0.0,0.474151074886322,0
1745923208.8962066,0.12126773595809937,0.12413716316223145,0.11542701721191406,0.10925626754760742,0.0,0.0,0.4700881838798523,0
1745923208.9085624,0.12122976779937744,0.12362504005432129,0.11235374212265015,0.10902929306030273,0.0,0.0,0.4662378430366516,0
1745923208.9162083,0.12105906009674072,0.12322664260864258,0.11034220457077026,0.11097574234008789,0.0,0.0,0.46560364961624146,0
1745923208.9298372,0.12181782722473145,0.123321533203125,0.11399281024932861,0.11108875274658203,0.0,0.0,0.4702209234237671,0
1745923208.9384909,0.12255758047103882,0.12239217758178711,0.11350858211517334,0.11103248596191406,0.0,0.0,0.46949082612991333,0
1745923208.949998,0.12221616506576538,0.12079882621765137,0.11281943321228027,0.11131572723388672,0.0,0.0,0.46715015172958374,0
1745923208.9620204,0.12060385942459106,0.12218356132507324,0.11348992586135864,0.11246824264526367,0.0,0.0,0.4687455892562866,0
1745923208.9713633,0.12102115154266357,0.12337851524353027,0.11348992586135864,0.11305379867553711,0.0,0.0,0.4709433913230896,0
1745923208.9833739,0.12210232019424438,0.1250286102294922,0.1141977310180664,0.11284637451171875,0.0,0.0,0.47417503595352173,0
1745923208.9933999,0.12159019708633423,0.12373876571655273,0.11600440740585327,0.1101064682006836,0.0,0.0,0.47143983840942383,0
1745923209.0054147,0.12159019708633423,0.12024879455566406,0.11548292636871338,0.11252498626708984,0.0,0.0,0.4698469042778015,0
1745923209.0170515,0.12215924263000488,0.12104535102844238,0.11512899398803711,0.11108875274658203,0.0,0.0,0.4694223403930664,0
1745923209.0270116,0.12416982650756836,0.12383365631103516,0.11522215604782104,0.1093130111694336,0.0,0.0,0.47253865003585815,0
1745923209.0373285,0.12191265821456909,0.12273359298706055,0.117215096950531,0.11156129837036133,0.0,0.0,0.473422646522522,0
1745923209.0481844,0.12187469005584717,0.12235426902770996,0.11542701721191406,0.1128840446472168,0.0,0.0,0.472540020942688,0
1745923209.0595584,0.12276619672775269,0.11998319625854492,0.11255866289138794,0.11243057250976562,0.0,0.0,0.46773862838745117,0
1745923209.0705674,0.12358182668685913,0.11721372604370117,0.11376935243606567,0.11277055740356445,0.0,0.0,0.46733546257019043,0
1745923209.0819144,0.12301278114318848,0.12123513221740723,0.11596715450286865,0.1105031967163086,0.0,0.0,0.47071826457977295,0
1745923209.0931985,0.12278521060943604,0.11983132362365723,0.1136016845703125,0.1098794937133789,0.0,0.0,0.46609771251678467,0
1745923209.1064153,0.12007272243499756,0.12172818183898926,0.11347132921218872,0.10940742492675781,0.0,0.0,0.46467965841293335,0
1745923209.11487,0.12105906009674072,0.12569260597229004,0.11559462547302246,0.10982322692871094,0.0,0.0,0.47216951847076416,0
1745923209.125675,0.12149536609649658,0.12614774703979492,0.11369484663009644,0.11218500137329102,0.0,0.0,0.47352296113967896,0
1745923209.1373618,0.1217988133430481,0.12002110481262207,0.113955557346344,0.11146688461303711,0.0,0.0,0.46724236011505127,0
1745923209.1478708,0.12314558029174805,0.12243008613586426,0.11300569772720337,0.11048412322998047,0.0,0.0,0.46906548738479614,0
1745923209.1615808,0.12202644348144531,0.1231698989868164,0.11231648921966553,0.11008739471435547,0.0,0.0,0.4676002264022827,0
1745923209.1700988,0.1203383207321167,0.12280941009521484,0.11166459321975708,0.10946416854858398,0.0,0.0,0.4642764925956726,0
1745923209.181053,0.12193161249160767,0.12356805801391602,0.11613482236862183,0.11071109771728516,0.0,0.0,0.47234559059143066,0
1745923209.1916642,0.12231099605560303,0.12411832809448242,0.11527800559997559,0.1144709587097168,0.0,0.0,0.47617828845977783,0
1745923209.2030447,0.12086939811706543,0.12442159652709961,0.11442124843597412,0.11144781112670898,0.0,0.0,0.47116005420684814,0
1745923209.215703,0.12189370393753052,0.12404227256774902,0.11481237411499023,0.11061668395996094,0.0,0.0,0.4713650345802307,0
1745923209.2269325,0.12183678150177002,0.12334060668945312,0.11425358057022095,0.11044645309448242,0.0,0.0,0.4698774218559265,0
1745923209.235196,0.12240582704544067,0.12349224090576172,0.113247811794281,0.1093130111694336,0.0,0.0,0.468458890914917,0
1745923209.246724,0.12204539775848389,0.12434577941894531,0.11257725954055786,0.11335611343383789,0.0,0.0,0.47232455015182495,0
1745923209.2584164,0.12210232019424438,0.12470626831054688,0.11175775527954102,0.11250591278076172,0.0,0.0,0.471072256565094,0
1745923209.2686443,0.12056589126586914,0.12320780754089355,0.11201852560043335,0.11222267150878906,0.0,0.0,0.4680148959159851,0
1745923209.2790992,0.11931401491165161,0.12182307243347168,0.1145516037940979,0.11069202423095703,0.0,0.0,0.4663807153701782,0
1745923209.2926345,0.11775863170623779,0.12241101264953613,0.1137879490852356,0.11118364334106445,0.0,0.0,0.465141236782074,0
1745923209.3021843,0.12050902843475342,0.12248706817626953,0.11254000663757324,0.1100306510925293,0.0,0.0,0.4655667543411255,0
1745923209.3150177,0.1222730278968811,0.12286639213562012,0.11300569772720337,0.10974740982055664,0.0,0.0,0.46789252758026123,0
1745923209.3252554,0.12153327465057373,0.12368202209472656,0.11157149076461792,0.10969066619873047,0.0,0.0,0.4664774537086487,0
1745923209.3347225,0.11954164505004883,0.1227715015411377,0.11013728380203247,0.11214685440063477,0.0,0.0,0.46459728479385376,0
1745923209.3473902,0.11844146251678467,0.12341642379760742,0.11080783605575562,0.11188268661499023,0.0,0.0,0.46454840898513794,0
1745923209.358711,0.11988306045532227,0.1233973503112793,0.11138522624969482,0.1124114990234375,0.0,0.0,0.4670771360397339,0
1745923209.3675108,0.12286102771759033,0.12106442451477051,0.1134340763092041,0.1128840446472168,0.0,0.0,0.47024357318878174,0
1745923209.3784091,0.12105906009674072,0.11808633804321289,0.11391830444335938,0.11205244064331055,0.0,0.0,0.46511614322662354,0
1745923209.3919165,0.12196958065032959,0.12070393562316895,0.11373209953308105,0.11120223999023438,0.0,0.0,0.46760785579681396,0
1745923209.4019754,0.12181782722473145,0.12117815017700195,0.11250275373458862,0.10882186889648438,0.0,0.0,0.4643206000328064,0
1745923209.4138353,0.12157124280929565,0.1224679946899414,0.11166459321975708,0.10840606689453125,0.0,0.0,0.4641098976135254,0
1745923209.425772,0.12043315172195435,0.12390947341918945,0.11067742109298706,0.10959625244140625,0.0,0.0,0.4646162986755371,0
1745923209.4339242,0.12090730667114258,0.12288522720336914,0.11129212379455566,0.11004972457885742,0.0,0.0,0.4651343822479248,0
1745923209.4446738,0.12030035257339478,0.12186098098754883,0.11371344327926636,0.10919952392578125,0.0,0.0,0.4650743007659912,0
1745923209.457259,0.1218557357788086,0.12115907669067383,0.11373209953308105,0.11040878295898438,0.0,0.0,0.46715569496154785,0
1745923209.4680028,0.12134361267089844,0.12106442451477051,0.11101269721984863,0.11112689971923828,0.0,0.0,0.46454763412475586,0
1745923209.4771829,0.12240582704544067,0.12256288528442383,0.11030495166778564,0.10946416854858398,0.0,0.0,0.46473783254623413,0
1745923209.491261,0.12386637926101685,0.12334060668945312,0.10974615812301636,0.10819816589355469,0.0,0.0,0.465151309967041,0
1745923209.499509,0.12077456712722778,0.12461137771606445,0.10970890522003174,0.10959625244140625,0.0,0.0,0.4646911025047302,0
1745923209.5105753,0.12130564451217651,0.12174725532531738,0.10920602083206177,0.10991764068603516,0.0,0.0,0.4621765613555908,0
1745923209.5259109,0.12159019708633423,0.11956596374511719,0.11034220457077026,0.10802793502807617,0.0,0.0,0.45952630043029785,0
1745923209.532691,0.11963647603988647,0.12125396728515625,0.1122978925704956,0.10787677764892578,0.0,0.0,0.4610651135444641,0
1745923209.5429976,0.12045210599899292,0.12298011779785156,0.11211162805557251,0.10997438430786133,0.0,0.0,0.4655182361602783,0
1745923209.5591662,0.120414137840271,0.12165236473083496,0.11062157154083252,0.11025762557983398,0.0,0.0,0.46294569969177246,0
1745923209.5653684,0.1203383207321167,0.12159538269042969,0.11067742109298706,0.1112966537475586,0.0,0.0,0.46390777826309204,0
1745923209.5794497,0.12009173631668091,0.12024879455566406,0.11224198341369629,0.10961532592773438,0.0,0.0,0.46219784021377563,0
1745923209.5939126,0.120888352394104,0.12096953392028809,0.11276352405548096,0.10806608200073242,0.0,0.0,0.46268749237060547,0
1745923209.5980642,0.12269032001495361,0.11880707740783691,0.11013728380203247,0.1090860366821289,0.0,0.0,0.4607207179069519,0
1745923209.60957,0.12373358011245728,0.12169027328491211,0.1090383529663086,0.10972881317138672,0.0,0.0,0.4641910195350647,0
1745923209.6262667,0.12217819690704346,0.12400436401367188,0.10926187038421631,0.10627079010009766,0.0,0.0,0.4617152214050293,0
1745923209.631685,0.12018656730651855,0.12305593490600586,0.10954129695892334,0.10651636123657227,0.0,0.0,0.45930016040802,0
1745923209.642438,0.12026244401931763,0.12053322792053223,0.10864722728729248,0.11001205444335938,0.0,0.0,0.4594549536705017,0
1745923209.658468,0.12079352140426636,0.12036252021789551,0.10950404405593872,0.10989856719970703,0.0,0.0,0.4605586528778076,0
1745923209.6650724,0.12098318338394165,0.11956596374511719,0.11047255992889404,0.10999298095703125,0.0,0.0,0.46101468801498413,0
1745923209.6781693,0.12031930685043335,0.11857962608337402,0.10890799760818481,0.10863256454467773,0.0,0.0,0.4564394950866699,0
1745923209.690948,0.12198853492736816,0.11971759796142578,0.1098206639289856,0.10895395278930664,0.0,0.0,0.4604807496070862,0
1745923209.6965766,0.12246274948120117,0.12017273902893066,0.10976475477218628,0.10698890686035156,0.0,0.0,0.4593891501426697,0
1745923209.7108667,0.12379050254821777,0.12197470664978027,0.10929912328720093,0.10623311996459961,0.0,0.0,0.4612974524497986,0
1745923209.7264268,0.12219715118408203,0.12252497673034668,0.11125487089157104,0.10874605178833008,0.0,0.0,0.46472305059432983,0
1745923209.73054,0.12075561285018921,0.12244892120361328,0.11004418134689331,0.10935068130493164,0.0,0.0,0.46259939670562744,0
1745923209.7415965,0.12149536609649658,0.12163329124450684,0.110770583152771,0.10812234878540039,0.0,0.0,0.4620215892791748,0
1745923209.7580376,0.12487167119979858,0.1179347038269043,0.1117205023765564,0.10623311996459961,0.0,0.0,0.4607599973678589,0
1745923209.763521,0.12288004159927368,0.11719489097595215,0.11309880018234253,0.10483503341674805,0.0,0.0,0.4580087661743164,0
1745923209.7799053,0.12341111898422241,0.11852264404296875,0.11263316869735718,0.10819816589355469,0.0,0.0,0.462765097618103,0
1745923209.792303,0.1230507493019104,0.11909174919128418,0.1122978925704956,0.10959625244140625,0.0,0.0,0.46403664350509644,0
1745923209.7963982,0.1237146258354187,0.12000203132629395,0.10890799760818481,0.10659217834472656,0.0,0.0,0.459216833114624,0
1745923209.813829,0.12219715118408203,0.12218356132507324,0.1104167103767395,0.10500478744506836,0.0,0.0,0.45980221033096313,0
1745923209.8187757,0.12151432037353516,0.12279033660888672,0.1145702600479126,0.1067056655883789,0.0,0.0,0.4655805826187134,0
1745923209.8307874,0.12322145700454712,0.12320780754089355,0.11486822366714478,0.10604429244995117,0.0,0.0,0.4673417806625366,0
1745923209.8403664,0.12242478132247925,0.12201285362243652,0.11175775527954102,0.1071023941040039,0.0,0.0,0.4632977843284607,0
1745923209.850976,0.11973130702972412,0.12036252021789551,0.11205577850341797,0.10621404647827148,0.0,0.0,0.4583636522293091,0
1745923209.8620794,0.11891567707061768,0.12237310409545898,0.11209303140640259,0.10662984848022461,0.0,0.0,0.46001166105270386,0
1745923209.873711,0.11677229404449463,0.11971759796142578,0.11507314443588257,0.10848140716552734,0.0,0.0,0.4600444436073303,0
1745923209.8913164,0.11876392364501953,0.12182307243347168,0.11306154727935791,0.10742330551147461,0.0,0.0,0.46107184886932373,0
1745923209.897415,0.120888352394104,0.12309384346008301,0.11114311218261719,0.10714006423950195,0.0,0.0,0.46226537227630615,0
1745923209.9059756,0.12136256694793701,0.12466835975646973,0.11060291528701782,0.107574462890625,0.0,0.0,0.46420830488204956,0
1745923209.9174156,0.12242478132247925,0.12673592567443848,0.1107519268989563,0.10676193237304688,0.0,0.0,0.4666745662689209,0
1745923209.9284687,0.11931401491165161,0.12210750579833984,0.11140382289886475,0.10783910751342773,0.0,0.0,0.46066445112228394,0
1745923209.9391532,0.11783450841903687,0.12370085716247559,0.11235374212265015,0.10731029510498047,0.0,0.0,0.46119940280914307,0
1745923209.9505644,0.12011069059371948,0.12271451950073242,0.11157149076461792,0.1063089370727539,0.0,0.0,0.46070563793182373,0
1745923209.9615924,0.11963647603988647,0.1219937801361084,0.11213028430938721,0.10453271865844727,0.0,0.0,0.45829325914382935,0
1745923209.9720805,0.12011069059371948,0.12368202209472656,0.11112445592880249,0.10372018814086914,0.0,0.0,0.4586373567581177,0
1745923209.9848769,0.12020552158355713,0.12411832809448242,0.1115342378616333,0.10574197769165039,0.0,0.0,0.46160006523132324,0
1745923209.9944131,0.12143844366073608,0.12146258354187012,0.11240965127944946,0.10761260986328125,0.0,0.0,0.4629232883453369,0
1745923210.0056548,0.12172293663024902,0.12392854690551758,0.11330366134643555,0.10933160781860352,0.0,0.0,0.46828675270080566,0
1745923210.0173864,0.11937093734741211,0.12491488456726074,0.10942953824996948,0.10731029510498047,0.0,0.0,0.4610256552696228,0
1745923210.0281844,0.1195036768913269,0.12415623664855957,0.11006277799606323,0.10441923141479492,0.0,0.0,0.45814192295074463,0
1745923210.0437686,0.12115395069122314,0.12330269813537598,0.11028629541397095,0.10560941696166992,0.0,0.0,0.46035236120224,0
1745923210.0505257,0.12009173631668091,0.12125396728515625,0.1111803650856018,0.10793352127075195,0.0,0.0,0.4604595899581909,0
1745923210.060354,0.11692404747009277,0.12468719482421875,0.11291253566741943,0.10914278030395508,0.0,0.0,0.46366655826568604,0
1745923210.0709443,0.1175689697265625,0.12442159652709961,0.11183226108551025,0.10732889175415039,0.0,0.0,0.46115171909332275,0
1745923210.0824478,0.11813801527023315,0.1246492862701416,0.11091959476470947,0.1072535514831543,0.0,0.0,0.4609604477882385,0
1745923210.0950882,0.11868804693222046,0.12463045120239258,0.11326640844345093,0.10549640655517578,0.0,0.0,0.46208131313323975,0
1745923210.1048172,0.11851733922958374,0.12358713150024414,0.11091959476470947,0.10564756393432617,0.0,0.0,0.4586716294288635,0
1745923210.114841,0.11800521612167358,0.12188005447387695,0.10987651348114014,0.10929393768310547,0.0,0.0,0.45905572175979614,0
1745923210.1263607,0.11796724796295166,0.11945199966430664,0.1096530556678772,0.10719680786132812,0.0,0.0,0.4542691111564636,0
1745923210.1377628,0.11863118410110474,0.11916756629943848,0.11166459321975708,0.10415458679199219,0.0,0.0,0.4536179304122925,0
1745923210.1477265,0.11847943067550659,0.11837077140808105,0.11123621463775635,0.10449504852294922,0.0,0.0,0.4525814652442932,0
1745923210.1596346,0.11773967742919922,0.11977458000183105,0.11088234186172485,0.10468387603759766,0.0,0.0,0.4530804753303528,0
1745923210.1701772,0.1181759238243103,0.11990737915039062,0.11028629541397095,0.10596847534179688,0.0,0.0,0.45433807373046875,0
1745923210.1816947,0.11863118410110474,0.12271451950073242,0.10993242263793945,0.10649776458740234,0.0,0.0,0.45777589082717896,0
1745923210.1925895,0.11808109283447266,0.12134885787963867,0.10970890522003174,0.10543966293334961,0.0,0.0,0.4545785188674927,0
1745923210.2034628,0.11794829368591309,0.11979341506958008,0.1111803650856018,0.105987548828125,0.0,0.0,0.45490962266921997,0
1745923210.214422,0.11737924814224243,0.1191864013671875,0.11186951398849487,0.10562849044799805,0.0,0.0,0.45406365394592285,0
1745923210.2256827,0.11766380071640015,0.11875033378601074,0.11207437515258789,0.10513734817504883,0.0,0.0,0.4536258578300476,0
1745923210.2356164,0.11741721630096436,0.11698627471923828,0.11168324947357178,0.10627079010009766,0.0,0.0,0.45235753059387207,0
1745923210.2478259,0.1182328462600708,0.11691021919250488,0.11132937669754028,0.10600662231445312,0.0,0.0,0.4524790644645691,0
1745923210.258155,0.11754995584487915,0.11692929267883301,0.11140382289886475,0.10562849044799805,0.0,0.0,0.45151156187057495,0
1745923210.2705526,0.11779654026031494,0.11692929267883301,0.11008143424987793,0.10702657699584961,0.0,0.0,0.4518338441848755,0
1745923210.2801342,0.11791038513183594,0.11844682693481445,0.10974615812301636,0.10723447799682617,0.0,0.0,0.4533378481864929,0
1745923210.2936506,0.11754995584487915,0.11882615089416504,0.1124841570854187,0.10680007934570312,0.0,0.0,0.455660343170166,0
1745923210.302368,0.11885875463485718,0.11732769012451172,0.11319190263748169,0.1080470085144043,0.0,0.0,0.4574253559112549,0
1745923210.3131287,0.12014859914779663,0.11677765846252441,0.11032354831695557,0.10696983337402344,0.0,0.0,0.45421963930130005,0
1745923210.326244,0.11885875463485718,0.11890196800231934,0.10991376638412476,0.105194091796875,0.0,0.0,0.45286858081817627,0
1745923210.3354485,0.11827075481414795,0.11930036544799805,0.11121761798858643,0.10560941696166992,0.0,0.0,0.45439815521240234,0
1745923210.346896,0.11832767724990845,0.11909174919128418,0.11205577850341797,0.10628986358642578,0.0,0.0,0.4557650685310364,0
1745923210.358732,0.11944681406021118,0.11850357055664062,0.10931777954101562,0.1071023941040039,0.0,0.0,0.45437055826187134,0
1745923210.3689728,0.11937093734741211,0.11772584915161133,0.1096343994140625,0.10560941696166992,0.0,0.0,0.45234060287475586,0
1745923210.3934274,0.11923813819885254,0.11893987655639648,0.10983926057815552,0.10513734817504883,0.0,0.0,0.45315462350845337,0
1745923210.3944604,0.12062281370162964,0.12248706817626953,0.11136656999588013,0.10451364517211914,0.0,0.0,0.45899009704589844,0
1745923210.4013348,0.11992096900939941,0.12064695358276367,0.11026769876480103,0.1044759750366211,0.0,0.0,0.4553115963935852,0
1745923210.4118128,0.11940884590148926,0.1165308952331543,0.11322915554046631,0.10545825958251953,0.0,0.0,0.4546271562576294,0
1745923210.4269128,0.11669641733169556,0.11636018753051758,0.11445850133895874,0.10264301300048828,0.0,0.0,0.45015811920166016,0
1745923210.4386802,0.11734133958816528,0.11880707740783691,0.1094667911529541,0.1026620864868164,0.0,0.0,0.4482772946357727,0
1745923210.4448638,0.11925709247589111,0.11618947982788086,0.11049121618270874,0.10358810424804688,0.0,0.0,0.4495258927345276,0
1745923210.4604435,0.11872601509094238,0.11747932434082031,0.11214888095855713,0.10372018814086914,0.0,0.0,0.45207440853118896,0
1745923210.467767,0.121002197265625,0.11774492263793945,0.11168324947357178,0.10247325897216797,0.0,0.0,0.4529036283493042,0
1745923210.4775786,0.12162810564041138,0.11544966697692871,0.1126704216003418,0.10379552841186523,0.0,0.0,0.4535437226295471,0
1745923210.4924748,0.12314558029174805,0.11486172676086426,0.11388105154037476,0.10381460189819336,0.0,0.0,0.4557029604911804,0
1745923210.5009465,0.12060385942459106,0.11552572250366211,0.11157149076461792,0.10279417037963867,0.0,0.0,0.45049524307250977,0
1745923210.5114532,0.11887776851654053,0.1152031421661377,0.10974615812301636,0.10137748718261719,0.0,0.0,0.44520455598831177,0
1745923210.5260677,0.12056589126586914,0.11664485931396484,0.11062157154083252,0.1014719009399414,0.0,0.0,0.4493042230606079,0
1745923210.5342128,0.12026244401931763,0.11782073974609375,0.1117018461227417,0.10247325897216797,0.0,0.0,0.45225828886032104,0
1745923210.544311,0.11933296918869019,0.11787772178649902,0.10929912328720093,0.10543966293334961,0.0,0.0,0.45194947719573975,0
1745923210.5592203,0.11762583255767822,0.1143496036529541,0.11008143424987793,0.10453271865844727,0.0,0.0,0.4465895891189575,0
1745923210.5664454,0.11813801527023315,0.11359095573425293,0.11106860637664795,0.10387134552001953,0.0,0.0,0.44666892290115356,0
1745923210.5767498,0.11973130702972412,0.11359095573425293,0.10991376638412476,0.10260534286499023,0.0,0.0,0.44584137201309204,0
1745923210.5920615,0.11779654026031494,0.11349606513977051,0.10933637619018555,0.10258674621582031,0.0,0.0,0.4432157278060913,0
1745923210.5987856,0.11734133958816528,0.11467218399047852,0.10780906677246094,0.10286998748779297,0.0,0.0,0.4426925778388977,0
1745923210.6098201,0.11923813819885254,0.11596202850341797,0.10995101928710938,0.1035313606262207,0.0,0.0,0.4486825466156006,0
1745923210.627042,0.11971235275268555,0.1165308952331543,0.10961580276489258,0.1036825180053711,0.0,0.0,0.4495415687561035,0
1745923210.6317437,0.11965543031692505,0.11499452590942383,0.11028629541397095,0.10389041900634766,0.0,0.0,0.4488266706466675,0
1745923210.6455772,0.1167912483215332,0.1151273250579834,0.10911285877227783,0.1032857894897461,0.0,0.0,0.4443172216415405,0
1745923210.6588373,0.11533069610595703,0.11636018753051758,0.11049121618270874,0.10047054290771484,0.0,0.0,0.4426526427268982,0
1745923210.6660843,0.11732238531112671,0.11423587799072266,0.11211162805557251,0.1018686294555664,0.0,0.0,0.4455385208129883,0
1745923210.6768742,0.11925709247589111,0.11480474472045898,0.11024904251098633,0.10560941696166992,0.0,0.0,0.44992029666900635,0
1745923210.6928318,0.11838459968566895,0.11588597297668457,0.1094481348991394,0.10398483276367188,0.0,0.0,0.4477035403251648,0
1745923210.6982963,0.11880189180374146,0.11766910552978516,0.110770583152771,0.1047215461730957,0.0,0.0,0.4519631266593933,0
1745923210.7091782,0.11868804693222046,0.11821913719177246,0.1083306074142456,0.10387134552001953,0.0,0.0,0.44910913705825806,0
1745923210.7268634,0.11597561836242676,0.11746048927307129,0.11052840948104858,0.1018686294555664,0.0,0.0,0.44583314657211304,0
1745923210.732044,0.11709475517272949,0.1166067123413086,0.11114311218261719,0.1028890609741211,0.0,0.0,0.44773364067077637,0
1745923210.744661,0.11707580089569092,0.11639809608459473,0.11015594005584717,0.10304021835327148,0.0,0.0,0.4466700553894043,0
1745923210.7595737,0.11736029386520386,0.11704301834106445,0.1094481348991394,0.1038522720336914,0.0,0.0,0.4477037191390991,0
1745923210.7649589,0.11933296918869019,0.11746048927307129,0.1102304458618164,0.10483503341674805,0.0,0.0,0.4518589377403259,0
1745923210.7750185,0.11880189180374146,0.11639809608459473,0.11211162805557251,0.10430574417114258,0.0,0.0,0.45161736011505127,0
1745923210.7853134,0.11846047639846802,0.11651206016540527,0.11209303140640259,0.1015472412109375,0.0,0.0,0.4486128091812134,0
1745923210.7996411,0.11825180053710938,0.11728978157043457,0.11300569772720337,0.10062170028686523,0.0,0.0,0.44916898012161255,0
1745923210.8081338,0.11789143085479736,0.11554455757141113,0.11162734031677246,0.10124492645263672,0.0,0.0,0.4463082551956177,0
1745923210.8188906,0.11810004711151123,0.11402726173400879,0.11222338676452637,0.09935569763183594,0.0,0.0,0.4437063932418823,0
1745923210.830094,0.11851733922958374,0.11446332931518555,0.10993242263793945,0.1006779670715332,0.0,0.0,0.44359105825424194,0
1745923210.841176,0.11880189180374146,0.11415982246398926,0.11006277799606323,0.1010751724243164,0.0,0.0,0.44409966468811035,0
1745923210.8588474,0.11734133958816528,0.11486172676086426,0.1105843186378479,0.10150957107543945,0.0,0.0,0.4442969560623169,0
1745923210.864355,0.11648774147033691,0.11546874046325684,0.1111803650856018,0.10411691665649414,0.0,0.0,0.4472537636756897,0
1745923210.8744516,0.11804312467575073,0.11398911476135254,0.11205577850341797,0.1028890609741211,0.0,0.0,0.44697707891464233,0
1745923210.8846145,0.11944681406021118,0.116455078125,0.11199986934661865,0.10220861434936523,0.0,0.0,0.45011037588119507,0
1745923210.897585,0.11931401491165161,0.11776399612426758,0.10957854986190796,0.10103702545166016,0.0,0.0,0.4476935863494873,0
1745923210.907167,0.11931401491165161,0.11381840705871582,0.10959714651107788,0.10356903076171875,0.0,0.0,0.44629859924316406,0
1745923210.9179692,0.12098318338394165,0.11795353889465332,0.10823744535446167,0.10183095932006836,0.0,0.0,0.449005126953125,0
1745923210.9295096,0.1209452748298645,0.11958479881286621,0.1085168719291687,0.10271883010864258,0.0,0.0,0.451765775680542,0
1745923210.9395366,0.11728441715240479,0.11281323432922363,0.10920602083206177,0.10523176193237305,0.0,0.0,0.44453543424606323,0
1745923210.9519532,0.11724650859832764,0.11209249496459961,0.10766005516052246,0.10411691665649414,0.0,0.0,0.44111597537994385,0
1745923210.9620311,0.11571007966995239,0.1123199462890625,0.10916876792907715,0.10256767272949219,0.0,0.0,0.43976646661758423,0
1745923210.9725258,0.11517894268035889,0.11415982246398926,0.10909426212310791,0.10230302810668945,0.0,0.0,0.4407360553741455,0
1745923210.9831405,0.11497032642364502,0.11791563034057617,0.10684055089950562,0.1019439697265625,0.0,0.0,0.4416704773902893,0
1745923210.9943662,0.11208713054656982,0.11808633804321289,0.10818159580230713,0.1003570556640625,0.0,0.0,0.43871212005615234,0
1745923211.0057583,0.11553937196731567,0.11393237113952637,0.1098206639289856,0.10109376907348633,0.0,0.0,0.44038617610931396,0
1745923211.0160773,0.11692404747009277,0.11452031135559082,0.10860997438430786,0.10307788848876953,0.0,0.0,0.443132221698761,0
1745923211.0287764,0.1167912483215332,0.11366677284240723,0.11030495166778564,0.10387134552001953,0.0,0.0,0.4446343183517456,0
1745923211.0387998,0.11667746305465698,0.11304092407226562,0.10875898599624634,0.10402250289916992,0.0,0.0,0.44249987602233887,0
1745923211.051846,0.11476165056228638,0.11330628395080566,0.10901975631713867,0.10190629959106445,0.0,0.0,0.43899399042129517,0
1745923211.0627096,0.11364257335662842,0.1116182804107666,0.10820019245147705,0.10364484786987305,0.0,0.0,0.4371058940887451,0
1745923211.0717356,0.11373734474182129,0.11199760437011719,0.10648661851882935,0.10181188583374023,0.0,0.0,0.43403345346450806,0
1745923211.0816052,0.11652570962905884,0.1123960018157959,0.10495930910110474,0.10430574417114258,0.0,0.0,0.43818676471710205,0
1745923211.0940554,0.11506515741348267,0.11237692832946777,0.10641211271286011,0.105194091796875,0.0,0.0,0.43904829025268555,0
1745923211.107287,0.11379432678222656,0.11110615730285645,0.10788357257843018,0.10339879989624023,0.0,0.0,0.4361828565597534,0
1745923211.1163502,0.11371839046478271,0.11137151718139648,0.10821884870529175,0.10251092910766602,0.0,0.0,0.43581968545913696,0
1745923211.127226,0.11466681957244873,0.11139059066772461,0.1094481348991394,0.10213327407836914,0.0,0.0,0.4376388192176819,0
1745923211.1380408,0.1134718656539917,0.11469101905822754,0.10739928483963013,0.10262441635131836,0.0,0.0,0.4381865859031677,0
1745923211.1491516,0.11440128087997437,0.11383748054504395,0.10646802186965942,0.10130167007446289,0.0,0.0,0.4360084533691406,0
1745923211.1606517,0.11519795656204224,0.11201643943786621,0.10736203193664551,0.10205745697021484,0.0,0.0,0.4366338849067688,0
1745923211.169859,0.11527377367019653,3.023890256881714,0.10853546857833862,0.10286998748779297,24.35403823852539,18.349992752075195,3.350569486618042,0
1745923211.1962996,0.11442023515701294,0.11336326599121094,0.10708266496658325,0.10164165496826172,0.0,0.0,0.43650782108306885,0
1745923211.2014306,0.11295974254608154,0.11269950866699219,0.10631901025772095,0.1019439697265625,0.0,0.0,0.4339222311973572,0
1745923211.2138734,0.11557728052139282,0.11347699165344238,0.10972750186920166,0.10130167007446289,0.0,0.0,0.44008344411849976,0
1745923211.2258625,0.1154065728187561,0.11042332649230957,0.10771596431732178,0.10264301300048828,0.0,0.0,0.43618887662887573,0
1745923211.232192,0.11470472812652588,0.10956954956054688,0.10654252767562866,0.10105609893798828,0.0,0.0,0.4318729043006897,0
1745923211.2438183,0.11464786529541016,0.10956954956054688,0.10613274574279785,0.10375785827636719,0.0,0.0,0.43410801887512207,0
1745923211.2584958,0.11574798822402954,0.11011981964111328,0.1056671142578125,0.10264301300048828,0.0,0.0,0.4341779351234436,0
1745923211.2635581,0.11360454559326172,0.11123895645141602,0.10255658626556396,0.10030031204223633,0.0,0.0,0.427700400352478,0
1745923211.274721,0.11572903394699097,0.11061286926269531,0.10620725154876709,0.10150957107543945,0.0,0.0,0.4340587258338928,0
1745923211.2862837,0.11779654026031494,0.10841250419616699,0.10779047012329102,0.10101842880249023,0.0,0.0,0.4350179433822632,0
1745923211.3019433,0.11641186475753784,0.10860228538513184,0.106803297996521,0.10011148452758789,0.0,0.0,0.43192893266677856,0
1745923211.3073492,0.11629807949066162,0.1123960018157959,0.10736203193664551,0.10150957107543945,0.0,0.0,0.4375656843185425,0
1745923211.317523,0.1174551248550415,0.1104421615600586,0.10657978057861328,0.09979009628295898,0.0,0.0,0.43426716327667236,0
1745923211.3286805,0.11481857299804688,0.11120080947875977,0.1069709062576294,0.10109376907348633,0.0,0.0,0.43408405780792236,0
1745923211.3397605,0.11303555965423584,0.11340117454528809,0.10751104354858398,0.10116958618164062,0.0,0.0,0.43511736392974854,0
1745923211.350124,0.11457198858261108,0.11201643943786621,0.1073806881904602,0.09848642349243164,0.0,0.0,0.43245553970336914,0
1745923211.3637471,0.11629807949066162,0.11158037185668945,0.10747379064559937,0.10047054290771484,0.0,0.0,0.4358227849006653,0
1745923211.3712292,0.1149892807006836,0.1135718822479248,0.10600239038467407,0.10098028182983398,0.0,0.0,0.43554383516311646,0
1745923211.3834841,0.1161842942237854,0.11118197441101074,0.10708266496658325,0.09933662414550781,0.0,0.0,0.4337855577468872,0
1745923211.3954735,0.11424952745437622,0.11262345314025879,0.10993242263793945,0.09871339797973633,0.0,0.0,0.4355188012123108,0
1745923211.406347,0.11166989803314209,0.11359095573425293,0.10674738883972168,0.10128259658813477,0.0,0.0,0.43329083919525146,0
1745923211.4197574,0.11326313018798828,0.11279416084289551,0.10503381490707397,0.1031346321105957,0.0,0.0,0.43422573804855347,0
1745923211.427884,0.11417365074157715,0.10829877853393555,0.10542500019073486,0.10203838348388672,0.0,0.0,0.4299358129501343,0
1745923211.436278,0.1132822036743164,0.1089627742767334,0.10635626316070557,0.10098028182983398,0.0,0.0,0.42958152294158936,0
1745923211.4478443,0.11189746856689453,0.10752105712890625,0.10769730806350708,0.10232210159301758,0.0,0.0,0.42943793535232544,0
1745923211.4613307,0.11123359203338623,0.10835576057434082,0.10725027322769165,0.10203838348388672,0.0,0.0,0.4288780093193054,0
1745923211.467586,0.11172676086425781,0.11108708381652832,0.10464268922805786,0.1027379035949707,0.0,0.0,0.4301944375038147,0
1745923211.4783156,0.11341488361358643,0.10871601104736328,0.10369277000427246,0.1032857894897461,0.0,0.0,0.42910945415496826,0
1745923211.4930563,0.1120302677154541,0.11053705215454102,0.10536909103393555,0.10466480255126953,0.0,0.0,0.4326012134552002,0
1745923211.5004072,0.11265623569488525,0.11015772819519043,0.10492205619812012,0.10315322875976562,0.0,0.0,0.4308892488479614,0
1745923211.5110986,0.11201131343841553,0.11049914360046387,0.1039535403251648,0.10443830490112305,0.0,0.0,0.43090230226516724,0
1745923211.526468,0.11129045486450195,0.10769176483154297,0.10535049438476562,0.10249185562133789,0.0,0.0,0.42682456970214844,0
1745923211.53397,0.11358559131622314,0.10793828964233398,0.10445642471313477,0.10430574417114258,0.0,0.0,0.4302860498428345,0
1745923211.5444975,0.11404085159301758,0.11097335815429688,0.1073806881904602,0.10118818283081055,0.0,0.0,0.4335830807685852,0
1745923211.5584815,0.11252343654632568,0.11140966415405273,0.10630041360855103,0.10247325897216797,0.0,0.0,0.4327067732810974,0
1745923211.568018,0.11148011684417725,0.11324954032897949,0.10486620664596558,0.10279417037963867,0.0,0.0,0.432390034198761,0
1745923211.5781045,0.11168885231018066,0.11192178726196289,0.10542500019073486,0.10286998748779297,0.0,0.0,0.4319056272506714,0
1745923211.5923688,0.10876774787902832,0.11048007011413574,0.10387903451919556,0.10235977172851562,0.0,0.0,0.42548662424087524,0
1745923211.599835,0.1107783317565918,0.11087846755981445,0.10516422986984253,0.1042490005493164,0.0,0.0,0.4310700297355652,0
1745923211.610393,0.11307346820831299,0.11051797866821289,0.10747379064559937,0.10326671600341797,0.0,0.0,0.4343319535255432,0
1745923211.6266034,0.1132822036743164,0.11057496070861816,0.10365551710128784,0.10099935531616211,0.0,0.0,0.4285120368003845,0
1745923211.6320338,0.1094505786895752,0.11271834373474121,0.10374867916107178,0.09994125366210938,0.0,0.0,0.42585885524749756,0
1745923211.6441932,0.1099247932434082,0.11347699165344238,0.10525733232498169,0.10200071334838867,0.0,0.0,0.43065983057022095,0
1745923211.658417,0.1122199296951294,0.11194062232971191,0.10510832071304321,0.10200071334838867,0.0,0.0,0.4312695860862732,0
1745923211.665826,0.11424952745437622,0.11264252662658691,0.10540634393692017,0.1027379035949707,0.0,0.0,0.435036301612854,0
1745923211.6786718,0.1142684817314148,0.11066985130310059,0.10373002290725708,0.10184955596923828,0.0,0.0,0.43051791191101074,0
1745923211.692026,0.113547682762146,0.1094369888305664,0.10533183813095093,0.10133934020996094,0.0,0.0,0.42965584993362427,0
1745923211.7007344,0.11292171478271484,0.1145014762878418,0.10713857412338257,0.10166072845458984,0.0,0.0,0.43622249364852905,0
1745923211.709748,0.11235272884368896,0.11389446258544922,0.10715717077255249,0.10001707077026367,0.0,0.0,0.43342143297195435,0
1745923211.7263365,0.11098694801330566,0.11266136169433594,0.10676604509353638,0.10133934020996094,0.0,0.0,0.4317536950111389,0
1745923211.732914,0.1091470718383789,0.11178898811340332,0.10708266496658325,0.10205745697021484,0.0,0.0,0.4300761818885803,0
1745923211.7421327,0.11028516292572021,0.11482381820678711,0.10440057516098022,0.10133934020996094,0.0,0.0,0.4308488965034485,0
1745923211.760114,0.11089217662811279,0.11704301834106445,0.10581612586975098,0.10292673110961914,0.0,0.0,0.43667805194854736,0
1745923211.76484,0.11252343654632568,0.11562037467956543,0.10728752613067627,0.10290765762329102,0.0,0.0,0.4383389949798584,0
1745923211.776162,0.11098694801330566,0.11641716957092285,0.10700815916061401,0.10370111465454102,0.0,0.0,0.43811339139938354,0
1745923211.7934952,0.11068356037139893,0.11734652519226074,0.10482895374298096,0.1028890609741211,0.0,0.0,0.4357481002807617,0
1745923211.7978446,0.11039900779724121,0.11603784561157227,0.10495930910110474,0.10402250289916992,0.0,0.0,0.43541866540908813,0
1745923211.808221,0.10929882526397705,0.11691021919250488,0.10540634393692017,0.10277557373046875,0.0,0.0,0.43439096212387085,0
1745923211.8191075,0.10901427268981934,0.11747932434082031,0.10514557361602783,0.10116958618164062,0.0,0.0,0.4328087568283081,0
1745923211.8304348,0.10738301277160645,0.11804842948913574,0.10443782806396484,0.1043248176574707,0.0,0.0,0.43419408798217773,0
1745923211.8415165,0.10865390300750732,0.12110233306884766,0.10728752613067627,0.10389041900634766,0.0,0.0,0.4409341812133789,0
1745923211.8529243,0.11233377456665039,0.11922454833984375,0.10633760690689087,0.10009241104125977,0.0,0.0,0.4379883408546448,0
1745923211.86341,0.11174571514129639,0.12005901336669922,0.10549944639205933,0.10011148452758789,0.0,0.0,0.4374156594276428,0
1745923211.874657,0.11075937747955322,0.12072300910949707,0.10546225309371948,0.10045146942138672,0.0,0.0,0.4373961091041565,0
1745923211.8852198,0.11087322235107422,0.12155747413635254,0.10669153928756714,0.1010751724243164,0.0,0.0,0.4401974081993103,0
1745923211.896612,0.11106288433074951,0.11948990821838379,0.10726892948150635,0.10045146942138672,0.0,0.0,0.43827319145202637,0
1745923211.9080138,0.11142325401306152,0.11666369438171387,0.1049034595489502,0.10207653045654297,0.0,0.0,0.43506693840026855,0
1745923211.9191475,0.11075937747955322,0.11605668067932129,0.10464268922805786,0.10445690155029297,0.0,0.0,0.43591564893722534,0
1745923211.9312246,0.11005759239196777,0.11774492263793945,0.10434466600418091,0.10460805892944336,0.0,0.0,0.4367552399635315,0
1745923211.9504666,0.10814177989959717,0.12102651596069336,0.1039348840713501,0.1036825180053711,0.0,0.0,0.4367856979370117,0
1745923211.9592516,0.11015236377716064,0.12280941009521484,0.10430741310119629,0.1032099723815918,0.0,0.0,0.4404791593551636,0
1745923211.9634502,0.10897636413574219,0.11873126029968262,0.1034134030342102,0.10237884521484375,0.0,0.0,0.43349987268447876,0
1745923211.9738464,0.11098694801330566,0.11880707740783691,0.10229581594467163,0.10237884521484375,0.0,0.0,0.43446868658065796,0
1745923211.984241,0.11100602149963379,0.11905360221862793,0.10253798961639404,0.10309648513793945,0.0,0.0,0.4356940984725952,0
1745923211.9952626,0.11081624031066895,0.11654996871948242,0.10179293155670166,0.10213327407836914,0.0,0.0,0.43129241466522217,0
1745923212.0066364,0.11176466941833496,0.12064695358276367,0.10406529903411865,0.10285091400146484,0.0,0.0,0.43932783603668213,0
1745923212.0177448,0.11231482028961182,0.11814332008361816,0.10248208045959473,0.10479736328125,0.0,0.0,0.4377375841140747,0
1745923212.028897,0.11235272884368896,0.1170809268951416,0.10095477104187012,0.10532617568969727,0.0,0.0,0.43571460247039795,0
1745923212.039432,0.10943162441253662,0.11677765846252441,0.1054808497428894,0.1040792465209961,0.0,0.0,0.43576937913894653,0
1745923212.0507598,0.10967814922332764,0.11598086357116699,0.10387903451919556,0.1040034294128418,0.0,0.0,0.433541476726532,0
1745923212.0627618,0.10990583896636963,0.11596202850341797,0.10615140199661255,0.10647869110107422,0.0,0.0,0.43849796056747437,0
1745923212.0718722,0.11024725437164307,0.11930036544799805,0.10853546857833862,0.10387134552001953,0.0,0.0,0.44195443391799927,0
1745923212.0826647,0.10982990264892578,0.12036252021789551,0.10367417335510254,0.1003570556640625,0.0,0.0,0.43422365188598633,0
1745923212.095117,0.11053180694580078,0.11983132362365723,0.1005449891090393,0.10073471069335938,0.0,0.0,0.4316428303718567,0
1745923212.1059048,0.10817968845367432,0.12153863906860352,0.10179293155670166,0.10294532775878906,0.0,0.0,0.43445658683776855,0
1745923212.1163697,0.10596048831939697,0.12351131439208984,0.10410255193710327,0.10373926162719727,0.0,0.0,0.43731361627578735,0
1745923212.1300197,0.10785722732543945,0.12335944175720215,0.1046985387802124,0.10383367538452148,0.0,0.0,0.4397488832473755,0
1745923212.1388986,0.10696578025817871,0.1207418441772461,0.10320848226547241,0.10413599014282227,0.0,0.0,0.4350520968437195,0
1745923212.15012,0.10700368881225586,0.12174725532531738,0.10365551710128784,0.10481595993041992,0.0,0.0,0.437222421169281,0
1745923212.1615648,0.10808491706848145,0.12349224090576172,0.10618865489959717,0.10504293441772461,0.0,0.0,0.44280874729156494,0
1745923212.1711457,0.10770547389984131,0.12440276145935059,0.10527598857879639,0.10396575927734375,0.0,0.0,0.44134998321533203,0
1745923212.1824062,0.10844528675079346,0.12311291694641113,0.10335749387741089,0.10492944717407227,0.0,0.0,0.43984514474868774,0
1745923212.1936038,0.10510683059692383,0.12180399894714355,0.10598373413085938,0.10460805892944336,0.0,0.0,0.4375026226043701,0
1745923212.2044613,0.10561907291412354,0.1241750717163086,0.10751104354858398,0.10373926162719727,0.0,0.0,0.4410444498062134,0
1745923212.2160034,0.10770547389984131,0.12419414520263672,0.10458683967590332,0.1040792465209961,0.0,0.0,0.44056570529937744,0
1745923212.2286248,0.10833144187927246,0.12362504005432129,0.1035996675491333,0.10196304321289062,0.0,0.0,0.4375191926956177,0
1745923212.237382,0.10707962512969971,0.12561678886413574,0.10320848226547241,0.10317230224609375,0.0,0.0,0.4390771985054016,0
1745923212.2478237,0.10520172119140625,0.1257305145263672,0.10348790884017944,0.10271883010864258,0.0,0.0,0.43713897466659546,0
1745923212.2601538,0.1044619083404541,0.12576842308044434,0.10328298807144165,0.10398483276367188,0.0,0.0,0.43749815225601196,0
1745923212.2705684,0.10679507255554199,0.12518048286437988,0.10119694471359253,0.10615777969360352,0.0,0.0,0.4393302798271179,0
1745923212.2819293,0.10497415065765381,0.12673592567443848,0.10134589672088623,0.10474061965942383,0.0,0.0,0.43779659271240234,0
1745923212.2943342,0.10455679893493652,0.12774109840393066,0.10320848226547241,0.10200071334838867,0.0,0.0,0.43750709295272827,0
1745923212.3032947,0.10360836982727051,0.12656521797180176,0.10272425413131714,0.10177421569824219,0.0,0.0,0.4346720576286316,0
1745923212.314805,0.10522067546844482,0.12576842308044434,0.10250073671340942,0.10389041900634766,0.0,0.0,0.43738025426864624,0
1745923212.329961,0.10542929172515869,0.12736177444458008,0.10104793310165405,0.1036067008972168,0.0,0.0,0.4374457001686096,0
1745923212.3362167,0.1043860912322998,0.1292586326599121,0.10143905878067017,0.1043248176574707,0.0,0.0,0.4394086003303528,0
1745923212.347531,0.10154092311859131,0.12946724891662598,0.10047048330307007,0.10398483276367188,0.0,0.0,0.43546348810195923,0
1745923212.3589973,0.10127532482147217,0.1297895908355713,0.09862655401229858,0.1040792465209961,0.0,0.0,0.43377071619033813,0
1745923212.3689032,0.10413944721221924,0.12961888313293457,0.10115969181060791,0.10613870620727539,0.0,0.0,0.4410567283630371,0
1745923212.3797321,0.10522067546844482,0.1325969696044922,0.10183018445968628,0.10523176193237305,0.0,0.0,0.44487959146499634,0
1745923212.3934581,0.10370326042175293,0.13197112083435059,0.10035878419876099,0.10640335083007812,0.0,0.0,0.4424365162849426,0
1745923212.4023511,0.10224270820617676,0.13420915603637695,0.10214680433273315,0.1068568229675293,0.0,0.0,0.44545549154281616,0
1745923212.4131467,0.1030583381652832,0.1362009048461914,0.10041463375091553,0.10834932327270508,0.0,0.0,0.4480232000350952,0
1745923212.4272048,0.10241341590881348,0.13548016548156738,0.09976273775100708,0.10634660720825195,0.0,0.0,0.4440029263496399,0
1745923212.437546,0.10292553901672363,0.13318490982055664,0.10004210472106934,0.10334253311157227,0.0,0.0,0.4394950866699219,0
1745923212.4462717,0.10696578025817871,0.1349489688873291,0.10065674781799316,0.10413599014282227,0.0,0.0,0.44670748710632324,0
1745923212.4619694,0.10522067546844482,0.13375401496887207,0.10112243890762329,0.10290765762329102,0.0,0.0,0.4430047869682312,0
1745923212.4681249,0.10298240184783936,0.13375401496887207,0.1007312536239624,0.10184955596923828,0.0,0.0,0.4393172264099121,0
1745923212.4796314,0.10241341590881348,0.13162970542907715,0.10153216123580933,0.10515594482421875,0.0,0.0,0.4407312273979187,0
1745923212.4941404,0.10339975357055664,0.12965679168701172,0.09952062368392944,0.10530710220336914,0.0,0.0,0.43788427114486694,0
1745923212.5013554,0.10487926006317139,0.12813949584960938,0.10013526678085327,0.10628986358642578,0.0,0.0,0.4394438862800598,0
1745923212.512056,0.10685193538665771,0.12813949584960938,0.10108518600463867,0.10857582092285156,0.0,0.0,0.4446524381637573,0
1745923212.526862,0.10597944259643555,0.12973284721374512,0.09870105981826782,0.10714006423950195,0.0,0.0,0.44155341386795044,0
1745923212.5340974,0.10578978061676025,0.13030171394348145,0.09916669130325317,0.10504293441772461,0.0,0.0,0.4403011202812195,0
1745923212.5453455,0.10670018196105957,0.12965679168701172,0.09830993413925171,0.105194091796875,0.0,0.0,0.439860999584198,0
1745923212.5605655,0.10764861106872559,0.12669777870178223,0.09864521026611328,0.10394668579101562,0.0,0.0,0.4369382858276367,0
1745923212.5679035,0.10592246055603027,0.12500977516174316,0.09871971607208252,0.10268115997314453,0.0,0.0,0.4323331117630005,0
1745923212.577631,0.10575175285339355,0.12702035903930664,0.09871971607208252,0.10343694686889648,0.0,0.0,0.4349287748336792,0
1745923212.594276,0.10182535648345947,0.12789297103881836,0.09899908304214478,0.1034555435180664,0.0,0.0,0.432172954082489,0
1745923212.600192,0.10349464416503906,0.12497186660766602,0.10125279426574707,0.1032099723815918,0.0,0.0,0.43292927742004395,0
1745923212.6106699,0.10396873950958252,0.12476301193237305,0.10158807039260864,0.10317230224609375,0.0,0.0,0.43349212408065796,0
1745923212.6278932,0.10302042961120605,0.12396645545959473,0.10104793310165405,0.10457038879394531,0.0,0.0,0.43260520696640015,0
1745923212.6337793,0.10561907291412354,0.12616682052612305,0.10384178161621094,0.10547733306884766,0.0,0.0,0.4411050081253052,0
1745923212.6435905,0.10499310493469238,0.1286325454711914,0.10173708200454712,0.10343694686889648,0.0,0.0,0.4387996792793274,0
1745923212.660029,0.10673809051513672,0.12832903861999512,0.09780704975128174,0.10390901565551758,0.0,0.0,0.43678319454193115,0
1745923212.6667478,0.10679507255554199,0.12559771537780762,0.10117828845977783,0.10430574417114258,0.0,0.0,0.43787682056427,0
1745923212.6768048,0.10588455200195312,0.12408018112182617,0.10175567865371704,0.10483503341674805,0.0,0.0,0.4365554451942444,0
1745923212.6925209,0.10584664344787598,0.12411832809448242,0.10134589672088623,0.10434389114379883,0.0,0.0,0.43565475940704346,0
1745923212.6997297,0.10561907291412354,0.12415623664855957,0.10106652975082397,0.1028890609741211,0.0,0.0,0.4337309002876282,0
1745923212.710139,0.10675716400146484,0.1226956844329834,0.10417705774307251,0.10203838348388672,0.0,0.0,0.43566828966140747,0
1745923212.727516,0.10890054702758789,0.12349224090576172,0.10287326574325562,0.10156631469726562,0.0,0.0,0.43683236837387085,0
1745923212.7326114,0.10967814922332764,0.12440276145935059,0.10045188665390015,0.10152864456176758,0.0,0.0,0.43606144189834595,0
1745923212.7447553,0.10927987098693848,0.12140583992004395,0.10305947065353394,0.1039280891418457,0.0,0.0,0.43767327070236206,0
1745923212.760472,0.10819864273071289,0.12298011779785156,0.10369277000427246,0.10513734817504883,0.0,0.0,0.44000887870788574,0
1745923212.7657168,0.10785722732543945,0.12275242805480957,0.10328298807144165,0.1032857894897461,0.0,0.0,0.43717843294143677,0
1745923212.776386,0.1085970401763916,0.12459230422973633,0.10270559787750244,0.10179281234741211,0.0,0.0,0.4376877546310425,0
1745923212.7933435,0.1080089807510376,0.12364411354064941,0.10307812690734863,0.10358810424804688,0.0,0.0,0.4383193254470825,0
1745923212.798485,0.11020934581756592,0.12224030494689941,0.10466128587722778,0.10239744186401367,0.0,0.0,0.4395083785057068,0
1745923212.8087304,0.10927987098693848,0.12220239639282227,0.10587197542190552,0.1023406982421875,0.0,0.0,0.43969494104385376,0
1745923212.8196177,0.10704159736633301,0.12227821350097656,0.10427016019821167,0.10364484786987305,0.0,0.0,0.4372348189353943,0
1745923212.8326077,0.10806596279144287,0.12307500839233398,0.10387903451919556,0.10224628448486328,0.0,0.0,0.4372662901878357,0
1745923212.8420427,0.10922300815582275,0.12125396728515625,0.102836012840271,0.09911012649536133,0.0,0.0,0.43242311477661133,0
1745923212.8533328,0.10916602611541748,0.12081766128540039,0.10315263271331787,0.09788179397583008,0.0,0.0,0.4310181140899658,0
1745923212.8647895,0.10854005813598633,0.1239473819732666,0.10415840148925781,0.09808969497680664,0.0,0.0,0.4347355365753174,0
1745923212.8753114,0.10633981227874756,0.12203168869018555,0.10525733232498169,0.09922313690185547,0.0,0.0,0.43285197019577026,0
1745923212.8859043,0.10393083095550537,0.12447857856750488,0.10304087400436401,0.1023406982421875,0.0,0.0,0.43379098176956177,0
1745923212.8987844,0.10565698146820068,0.12426996231079102,0.10309672355651855,0.10509967803955078,0.0,0.0,0.43812334537506104,0
1745923212.9082558,0.10677611827850342,0.12125396728515625,0.10225856304168701,0.1015472412109375,0.0,0.0,0.4318358898162842,0
1745923212.9193065,0.10681402683258057,0.1205141544342041,0.10292911529541016,0.10160398483276367,0.0,0.0,0.4318612813949585,0
1745923212.9306839,0.10630190372467041,0.11950898170471191,0.10460543632507324,0.10099935531616211,0.0,0.0,0.4314156770706177,0
1745923212.9410224,0.10876774787902832,0.11787772178649902,0.10551810264587402,0.09973335266113281,0.0,0.0,0.4318969249725342,0
1745923212.9531415,0.10751581192016602,0.11867427825927734,0.1035810112953186,0.10150957107543945,0.0,0.0,0.4312806725502014,0
1745923212.9650562,0.10747790336608887,0.11966061592102051,0.10380452871322632,0.10141515731811523,0.0,0.0,0.4323582053184509,0
1745923212.9734356,0.10833144187927246,0.11964178085327148,0.10192334651947021,0.0998845100402832,0.0,0.0,0.42978107929229736,0
1745923212.9864495,0.10891950130462646,0.11971759796142578,0.10251933336257935,0.10228443145751953,0.0,0.0,0.4334408640861511,0
1745923212.9981146,0.10639667510986328,0.11852264404296875,0.10261249542236328,0.10247325897216797,0.0,0.0,0.4300050735473633,0
1745923213.0072682,0.10721230506896973,0.11734652519226074,0.10261249542236328,0.09950685501098633,0.0,0.0,0.4266781806945801,0
1745923213.027499,0.10971617698669434,0.11658787727355957,0.10270559787750244,0.10160398483276367,0.0,0.0,0.43061363697052,0
1745923213.0290995,0.11096799373626709,0.11543083190917969,0.10242623090744019,0.10164165496826172,0.0,0.0,0.4304667115211487,0
1745923213.045459,0.1084831953048706,0.1136476993560791,0.10354375839233398,0.10073471069335938,0.0,0.0,0.42640936374664307,0
1745923213.052577,0.10829353332519531,0.11596202850341797,0.1039348840713501,0.10077285766601562,0.0,0.0,0.428963303565979,0
1745923213.061862,0.10825562477111816,0.11768794059753418,0.10466128587722778,0.10047054290771484,0.0,0.0,0.43107539415359497,0
1745923213.0724285,0.10664331912994385,0.11818122863769531,0.10410255193710327,0.10056495666503906,0.0,0.0,0.4294920563697815,0
1745923213.0838616,0.10637772083282471,0.11837077140808105,0.10343199968338013,0.09918546676635742,0.0,0.0,0.4273659586906433,0
1745923213.0999987,0.10927987098693848,0.11746048927307129,0.10402804613113403,0.0986943244934082,0.0,0.0,0.429462730884552,0
1745923213.1074195,0.10810387134552002,0.11459612846374512,0.10158807039260864,0.1003570556640625,0.0,0.0,0.4246451258659363,0
1745923213.1169636,0.1064915657043457,0.11571526527404785,0.1007499098777771,0.10047054290771484,0.0,0.0,0.4234272837638855,0
1745923213.1289525,0.10785722732543945,0.11761212348937988,0.10194194316864014,0.0992422103881836,0.0,0.0,0.42665350437164307,0
1745923213.1477833,0.1078193187713623,0.11998319625854492,0.10555535554885864,0.09950685501098633,0.0,0.0,0.4328647255897522,0
1745923213.1594634,0.11026620864868164,0.11886405944824219,0.10734343528747559,0.09982776641845703,0.0,0.0,0.43630146980285645,0
1745923213.1619794,0.11083531379699707,0.11749839782714844,0.10598373413085938,0.10069704055786133,0.0,0.0,0.4350144863128662,0
1745923213.172653,0.11129045486450195,0.11698627471923828,0.10184884071350098,0.10190629959106445,0.0,0.0,0.43203186988830566,0
1745923213.1843483,0.11123359203338623,0.11556363105773926,0.10335749387741089,0.1011505126953125,0.0,0.0,0.4313052296638489,0
1745923213.1955423,0.11098694801330566,0.11747932434082031,0.10136455297470093,0.1011505126953125,0.0,0.0,0.4309813380241394,0
1745923213.2058048,0.11127150058746338,0.11818122863769531,0.10272425413131714,0.1000356674194336,0.0,0.0,0.4322126507759094,0
1745923213.2159834,0.11375629901885986,0.11791563034057617,0.10562986135482788,0.10188722610473633,0.0,0.0,0.43918901681900024,0
1745923213.2274566,0.11055076122283936,0.1184847354888916,0.10467994213104248,0.09867525100708008,0.0,0.0,0.4323906898498535,0
1745923213.2395282,0.11007654666900635,0.12011599540710449,0.10458683967590332,0.09669160842895508,0.0,0.0,0.43147099018096924,0
1745923213.249988,0.11204922199249268,0.11664485931396484,0.10549944639205933,0.09693717956542969,0.0,0.0,0.43113070726394653,0
1745923213.2613528,0.11100602149963379,0.11618947982788086,0.10328298807144165,0.09799528121948242,0.0,0.0,0.4284737706184387,0
1745923213.2724743,0.10874879360198975,0.11702418327331543,0.10158807039260864,0.09980916976928711,0.0,0.0,0.4271702170372009,0
1745923213.282035,0.10836935043334961,0.11672067642211914,0.10339474678039551,0.09984683990478516,0.0,0.0,0.4283316135406494,0
1745923213.294482,0.11017131805419922,0.11732769012451172,0.10505247116088867,0.0975794792175293,0.0,0.0,0.4301309585571289,0
1745923213.305265,0.11149919033050537,0.11664485931396484,0.10374867916107178,0.09854316711425781,0.0,0.0,0.4304358959197998,0
1745923213.3152592,0.11026620864868164,0.11967968940734863,0.1035996675491333,0.096710205078125,0.0,0.0,0.4302557706832886,0
1745923213.3311732,0.10719335079193115,0.11755514144897461,0.1054808497428894,0.09771156311035156,0.0,0.0,0.42794090509414673,0
1745923213.337312,0.10863494873046875,0.11823797225952148,0.10522007942199707,0.09720182418823242,0.0,0.0,0.4292948246002197,0
1745923213.3478446,0.10912811756134033,0.11892104148864746,0.10294777154922485,0.09510421752929688,0.0,0.0,0.4261011481285095,0
1745923213.3606656,0.10941267013549805,0.11939525604248047,0.10279875993728638,0.09744739532470703,0.0,0.0,0.4290540814399719,0
1745923213.369482,0.10996270179748535,0.11838984489440918,0.10380452871322632,0.09856224060058594,0.0,0.0,0.4307193160057068,0
1745923213.38152,0.10869181156158447,0.117156982421875,0.10430741310119629,0.09852409362792969,0.0,0.0,0.42868030071258545,0
1745923213.3956304,0.11094903945922852,0.11744141578674316,0.10620725154876709,0.09774971008300781,0.0,0.0,0.4323474168777466,0
1745923213.4028022,0.11297869682312012,0.11556363105773926,0.10525733232498169,0.09608697891235352,0.0,0.0,0.4298866391181946,0
1745923213.4147203,0.10969722270965576,0.11905360221862793,0.10423290729522705,0.09548234939575195,0.0,0.0,0.4284660816192627,0
1745923213.426796,0.10931777954101562,0.11806726455688477,0.10296636819839478,0.09831619262695312,0.0,0.0,0.4286676049232483,0
1745923213.435594,0.10882461071014404,0.11812424659729004,0.10285460948944092,0.09992265701293945,0.0,0.0,0.42972612380981445,0
1745923213.4467351,0.10903322696685791,0.11508941650390625,0.1026497483253479,0.09941244125366211,0.0,0.0,0.42618483304977417,0
1745923213.463339,0.11024725437164307,0.11531710624694824,0.10486620664596558,0.0979008674621582,0.0,0.0,0.4283314347267151,0
1745923213.4698145,0.10886251926422119,0.11672067642211914,0.1043633222579956,0.09984683990478516,0.0,0.0,0.4297933578491211,0
1745923213.4801903,0.10772442817687988,0.11880707740783691,0.10311537981033325,0.0987696647644043,0.0,0.0,0.42841655015945435,0
1745923213.4935243,0.10850214958190918,0.1180105209350586,0.10117828845977783,0.09774971008300781,0.0,0.0,0.4254406690597534,0
1745923213.501579,0.10789525508880615,0.11581015586853027,0.10121554136276245,0.09659719467163086,0.0,0.0,0.42151814699172974,0
1745923213.5141618,0.10658633708953857,0.11639809608459473,0.1028173565864563,0.09875106811523438,0.0,0.0,0.424552857875824,0
1745923213.5272214,0.10690879821777344,0.11279416084289551,0.1043633222579956,0.0971074104309082,0.0,0.0,0.42117369174957275,0
1745923213.5346618,0.10620701313018799,0.11510825157165527,0.10201644897460938,0.0986185073852539,0.0,0.0,0.42195022106170654,0
1745923213.5454051,0.10541033744812012,0.11459612846374512,0.10233306884765625,0.1006779670715332,0.0,0.0,0.4230175018310547,0
1745923213.5606248,0.10732614994049072,0.11503243446350098,0.10296636819839478,0.09980916976928711,0.0,0.0,0.4251341223716736,0
1745923213.5694091,0.10852110385894775,0.11414098739624023,0.10304087400436401,0.0999603271484375,0.0,0.0,0.4256632924079895,0
1745923213.5790486,0.10740196704864502,0.11374258995056152,0.10335749387741089,0.10033798217773438,0.0,0.0,0.4248400330543518,0
1745923213.5934756,0.107269287109375,0.11323046684265137,0.10408389568328857,0.10118818283081055,0.0,0.0,0.4257718324661255,0
1745923213.6009808,0.10789525508880615,0.11400818824768066,0.10492205619812012,0.10269975662231445,0.0,0.0,0.4295252561569214,0
1745923213.6115696,0.10901427268981934,0.11425471305847168,0.10622590780258179,0.10298347473144531,0.0,0.0,0.4324783682823181,0
1745923213.6276824,0.10827457904815674,0.11271834373474121,0.10535049438476562,0.09886455535888672,0.0,0.0,0.4252079725265503,0
1745923213.6340861,0.10624492168426514,0.1136476993560791,0.10289186239242554,0.10158491134643555,0.0,0.0,0.4243693947792053,0
1745923213.6449273,0.10455679893493652,0.11431169509887695,0.10216546058654785,0.10315322875976562,0.0,0.0,0.42418718338012695,0
1745923213.6611366,0.10706055164337158,0.11252856254577637,0.10367417335510254,0.10133934020996094,0.0,0.0,0.4246026277542114,0
1745923213.6673048,0.10829353332519531,0.11304092407226562,0.10225856304168701,0.10116958618164062,0.0,0.0,0.4247626066207886,0
1745923213.6777985,0.10981094837188721,0.11158037185668945,0.10255658626556396,0.1018686294555664,0.0,0.0,0.42581653594970703,0
1745923213.692243,0.10918498039245605,0.11315464973449707,0.10112243890762329,0.0998845100402832,0.0,0.0,0.4233465790748596,0
1745923213.6995552,0.10946953296661377,0.11290812492370605,0.10158807039260864,0.09744739532470703,0.0,0.0,0.4214131236076355,0
1745923213.7134957,0.11019039154052734,0.11288905143737793,0.10115969181060791,0.0972585678100586,0.0,0.0,0.4214977025985718,0
1745923213.7297602,0.1105886697769165,0.11324954032897949,0.10272425413131714,0.09984683990478516,0.0,0.0,0.4264093041419983,0
1745923213.73303,0.10863494873046875,0.1156015396118164,0.10315263271331787,0.09886455535888672,0.0,0.0,0.42625367641448975,0
1745923213.7446787,0.10592246055603027,0.1148996353149414,0.10287326574325562,0.09886455535888672,0.0,0.0,0.422559916973114,0
1745923213.7542844,0.10569489002227783,0.1130218505859375,0.10253798961639404,0.0990910530090332,0.0,0.0,0.4203457832336426,0
1745923213.76673,0.10935568809509277,0.11404609680175781,0.10136455297470093,0.09689950942993164,0.0,0.0,0.42166584730148315,0
1745923213.7770264,0.1099247932434082,0.11622738838195801,0.10032153129577637,0.09431076049804688,0.0,0.0,0.42078447341918945,0
1745923213.7933476,0.1092609167098999,0.11728978157043457,0.1007312536239624,0.09744739532470703,0.0,0.0,0.4247293472290039,0
1745923213.7987123,0.10920405387878418,0.11381840705871582,0.10197919607162476,0.09927988052368164,0.0,0.0,0.4242815375328064,0
1745923213.8113394,0.1087867021560669,0.11391329765319824,0.10253798961639404,0.10031938552856445,0.0,0.0,0.42555737495422363,0
1745923213.820846,0.10984885692596436,0.1142737865447998,0.10123419761657715,0.09827852249145508,0.0,0.0,0.4236353635787964,0
1745923213.831788,0.10895740985870361,0.11381840705871582,0.10244482755661011,0.09723949432373047,0.0,0.0,0.42246013879776,0
1745923213.8429058,0.10785722732543945,0.11156129837036133,0.1024634838104248,0.09652137756347656,0.0,0.0,0.41840338706970215,0
1745923213.8532312,0.10846424102783203,0.11011981964111328,0.10337615013122559,0.09508562088012695,0.0,0.0,0.41704583168029785,0
1745923213.864991,0.10981094837188721,0.11495661735534668,0.10250073671340942,0.09701251983642578,0.0,0.0,0.4242808222770691,0
1745923213.876001,0.1086728572845459,0.11691021919250488,0.10209095478057861,0.09848642349243164,0.0,0.0,0.42616045475006104,0
1745923213.8862758,0.10924196243286133,0.11605668067932129,0.10048913955688477,0.0951986312866211,0.0,0.0,0.4209864139556885,0
1745923213.8977768,0.10882461071014404,0.11408400535583496,0.0994461178779602,0.09708833694458008,0.0,0.0,0.4194430708885193,0
1745923213.9083319,0.10962128639221191,0.11256670951843262,0.10086166858673096,0.09882640838623047,0.0,0.0,0.42187607288360596,0
1745923213.9259439,0.1099247932434082,0.11628437042236328,0.10147631168365479,0.09890222549438477,0.0,0.0,0.42658770084381104,0
1745923213.931749,0.10981094837188721,0.11615157127380371,0.10259383916854858,0.09969568252563477,0.0,0.0,0.42825204133987427,0
1745923213.943043,0.10973513126373291,0.11850357055664062,0.10345065593719482,0.09950685501098633,0.0,0.0,0.4311962127685547,0
1745923213.9528759,0.10789525508880615,0.11689138412475586,0.10466128587722778,0.09756088256835938,0.0,0.0,0.42700880765914917,0
1745923213.9658976,0.10903322696685791,0.11672067642211914,0.10136455297470093,0.0982217788696289,0.0,0.0,0.4253402352333069,0
1745923213.9744966,0.107269287109375,0.11670160293579102,0.10106652975082397,0.09920454025268555,0.0,0.0,0.42424196004867554,0
1745923213.986328,0.10654842853546143,0.11507034301757812,0.10136455297470093,0.09958219528198242,0.0,0.0,0.4225655198097229,0
1745923213.9974566,0.10772442817687988,0.11768794059753418,0.10078716278076172,0.10050821304321289,0.0,0.0,0.42670774459838867,0
1745923214.0071797,0.10833144187927246,0.11774492263793945,0.10080575942993164,0.09933662414550781,0.0,0.0,0.42621874809265137,0
1745923214.0185475,0.10907125473022461,0.11755514144897461,0.09925985336303711,0.09926128387451172,0.0,0.0,0.42514753341674805,0
1745923214.0310154,0.11051285266876221,0.11886405944824219,0.09844028949737549,0.09918546676635742,0.0,0.0,0.4270026683807373,0
1745923214.0405655,0.11111974716186523,0.11930036544799805,0.10050773620605469,0.09952545166015625,0.0,0.0,0.4304533004760742,0
1745923214.0510688,0.11153709888458252,0.11776399612426758,0.09963232278823853,0.10120725631713867,0.0,0.0,0.4301406741142273,0
1745923214.062895,0.11094903945922852,0.11624646186828613,0.09953922033309937,0.1003570556640625,0.0,0.0,0.4270917773246765,0
1745923214.073388,0.10967814922332764,0.11808633804321289,0.09894317388534546,0.09982776641845703,0.0,0.0,0.426535427570343,0
1745923214.0846033,0.10886251926422119,0.11825704574584961,0.09965097904205322,0.10031938552856445,0.0,0.0,0.4270899295806885,0
1745923214.0954783,0.10835039615631104,0.11702418327331543,0.09821677207946777,0.10026264190673828,0.0,0.0,0.4238539934158325,0
1745923214.1065705,0.10840737819671631,0.11852264404296875,0.0988500714302063,0.09929895401000977,0.0,0.0,0.4250790476799011,0
1745923214.1175146,0.10652947425842285,0.1173086166381836,0.09870105981826782,0.09935569763183594,0.0,0.0,0.4218948483467102,0
1745923214.1312006,0.10542929172515869,0.11698627471923828,0.09812366962432861,0.09986591339111328,0.0,0.0,0.42040514945983887,0
1745923214.1401117,0.10776245594024658,0.11514639854431152,0.09840303659439087,0.09982776641845703,0.0,0.0,0.421139657497406,0
1745923214.150856,0.10761070251464844,0.11654996871948242,0.10099202394485474,0.10111284255981445,0.0,0.0,0.42626553773880005,0
1745923214.1623702,0.10821759700775146,0.11556363105773926,0.09860795736312866,0.10175514221191406,0.0,0.0,0.42414432764053345,0
1745923214.17432,0.1087867021560669,0.11565852165222168,0.09730410575866699,0.1004323959350586,0.0,0.0,0.42218172550201416,0
1745923214.184586,0.1073451042175293,0.11258554458618164,0.09929710626602173,0.09946918487548828,0.0,0.0,0.41869693994522095,0
1745923214.1962554,0.1060173511505127,0.11125779151916504,0.10097342729568481,0.09746599197387695,0.0,0.0,0.4157145619392395,0
1745923214.2055845,0.10857808589935303,0.1128702163696289,0.09817951917648315,0.10045146942138672,0.0,0.0,0.4200792908668518,0
1745923214.2164302,0.11034214496612549,0.11467218399047852,0.09950196743011475,0.10315322875976562,0.0,0.0,0.4276695251464844,0
1745923214.231487,0.10912811756134033,0.11455821990966797,0.09970682859420776,0.09901571273803711,0.0,0.0,0.4224088788032532,0
1745923214.2421587,0.10776245594024658,0.11129570007324219,0.10101068019866943,0.09841108322143555,0.0,0.0,0.41847991943359375,0
1745923214.2497077,0.10836935043334961,0.11260461807250977,0.10278010368347168,0.09929895401000977,0.0,0.0,0.4230530261993408,0
1745923214.2607853,0.1112525463104248,0.11220622062683105,0.10238897800445557,0.09697484970092773,0.0,0.0,0.42282259464263916,0
1745923214.2715504,0.11110079288482666,0.11250972747802734,0.10060089826583862,0.0982975959777832,0.0,0.0,0.42250901460647583,0
1745923214.282055,0.1115560531616211,0.11188387870788574,0.10261249542236328,0.10047054290771484,0.0,0.0,0.42652297019958496,0
1745923214.294219,0.11341488361358643,0.11040425300598145,0.09942746162414551,0.09737157821655273,0.0,0.0,0.4206181764602661,0
1745923214.3047645,0.11320626735687256,0.11233901977539062,0.09925985336303711,0.0970315933227539,0.0,0.0,0.4218367338180542,0
1745923214.3152175,0.11206817626953125,0.11343908309936523,0.10164391994476318,0.09756088256835938,0.0,0.0,0.42471206188201904,0
1745923214.3302698,0.10971617698669434,0.11108708381652832,0.10373002290725708,0.0963134765625,0.0,0.0,0.42084676027297974,0
1745923214.338207,0.11267518997192383,0.1088109016418457,0.1016998291015625,0.09689950942993164,0.0,0.0,0.42008543014526367,0
1745923214.3486524,0.11108183860778809,0.11110615730285645,0.10177433490753174,0.0978250503540039,0.0,0.0,0.4217873811721802,0
1745923214.3615232,0.1100386381149292,0.11283206939697266,0.1026497483253479,0.09597349166870117,0.0,0.0,0.4214939475059509,0
1745923214.370411,0.11079728603363037,0.11448240280151367,0.10097342729568481,0.09438657760620117,0.0,0.0,0.42063969373703003,0
1745923214.3826094,0.11051285266876221,0.1096644401550293,0.10129004716873169,0.09289360046386719,0.0,0.0,0.4143609404563904,0
1745923214.3949406,0.10981094837188721,0.1063070297241211,0.10369277000427246,0.09693717956542969,0.0,0.0,0.41674792766571045,0
1745923214.402766,0.1086728572845459,0.10972142219543457,0.10415840148925781,0.0979008674621582,0.0,0.0,0.4204535484313965,0
1745923214.416074,0.11068356037139893,0.11400818824768066,0.1041211485862732,0.09499120712280273,0.0,0.0,0.4238041043281555,0
1745923214.4276156,0.11292171478271484,0.1149754524230957,0.10332024097442627,0.09451866149902344,0.0,0.0,0.42573606967926025,0
1745923214.436775,0.10977303981781006,0.11543083190917969,0.10017251968383789,0.09518003463745117,0.0,0.0,0.4205564260482788,0
1745923214.4482517,0.10956442356109619,0.11195969581604004,0.10240757465362549,0.09444332122802734,0.0,0.0,0.41837501525878906,0
1745923214.4599583,0.11176466941833496,0.11218714714050293,0.10024702548980713,0.09701251983642578,0.0,0.0,0.4212113618850708,0
1745923214.4696383,0.11244750022888184,0.11135268211364746,0.10022836923599243,0.09674835205078125,0.0,0.0,0.420776903629303,0
1745923214.480391,0.1119164228439331,0.11288905143737793,0.10127145051956177,0.09429216384887695,0.0,0.0,0.42036908864974976,0
1745923214.4949493,0.11242854595184326,0.11486172676086426,0.10035878419876099,0.09374380111694336,0.0,0.0,0.42139285802841187,0
1745923214.5021534,0.11185956001281738,0.11446332931518555,0.10164391994476318,0.09502887725830078,0.0,0.0,0.4229956865310669,0
1745923214.5136504,0.11187851428985596,0.11398911476135254,0.10129004716873169,0.09659719467163086,0.0,0.0,0.42375487089157104,0
1745923214.5260658,0.11163187026977539,0.11514639854431152,0.10102927684783936,0.0987696647644043,0.0,0.0,0.42657721042633057,0
1745923214.5354614,0.10958337783813477,0.11565852165222168,0.100563645362854,0.09754180908203125,0.0,0.0,0.4233473539352417,0
1745923214.5462599,0.11108183860778809,0.11571526527404785,0.10238897800445557,0.09427309036254883,0.0,0.0,0.42345917224884033,0
1745923214.5604987,0.11047482490539551,0.11654996871948242,0.10108518600463867,0.09627580642700195,0.0,0.0,0.42438578605651855,0
1745923214.5678394,0.10869181156158447,0.11347699165344238,0.10034012794494629,0.09712600708007812,0.0,0.0,0.41963493824005127,0
1745923214.5801694,0.1113663911819458,0.11326837539672852,0.1003960371017456,0.09665393829345703,0.0,0.0,0.42168474197387695,0
1745923214.5948198,0.11239063739776611,0.11423587799072266,0.09829127788543701,0.09689950942993164,0.0,0.0,0.4218173027038574,0
1745923214.6009858,0.1099247932434082,0.11400818824768066,0.09968823194503784,0.09695625305175781,0.0,0.0,0.4205774664878845,0
1745923214.6137164,0.11195433139801025,0.11440658569335938,0.10004210472106934,0.09459400177001953,0.0,0.0,0.4209970235824585,0
1745923214.6285079,0.11083531379699707,0.11279416084289551,0.09827268123626709,0.09548234939575195,0.0,0.0,0.4173845052719116,0
1745923214.6356924,0.10806596279144287,0.11142849922180176,0.09873831272125244,0.09695625305175781,0.0,0.0,0.4151890277862549,0
1745923214.653588,0.10869181156158447,0.11167502403259277,0.10037738084793091,0.09485864639282227,0.0,0.0,0.4156028628349304,0
1745923214.6607933,0.08775103092193604,0.1145772933959961,0.09039396047592163,0.09773063659667969,0.0,0.0,0.39045292139053345,0
1745923214.6701796,0.05985903739929199,0.15105295181274414,0.008533596992492676,0.1765575408935547,0.0,0.0,0.3960031270980835,0
1745923214.678771,0.21668756008148193,0.28798389434814453,0.09180349111557007,0.4030437469482422,0.0,0.0,0.9995186924934387,0
1745923214.6940346,0.27768898010253906,0.36298394203186035,0.11482501029968262,0.5072269439697266,-6.809872150421143,0.3096797466278076,1.2627248764038086,0
1745923214.7006679,0.434859037399292,0.5723352432250977,0.24826014041900635,0.6373519897460938,-3.7221124172210693,1.348909854888916,1.8928064107894897,0
1745923214.7114997,0.6171427965164185,0.7126045227050781,0.36878761649131775,0.8670878410339355,-4.396389484405518,0.7683547735214233,2.5656228065490723,0
1745923214.739887,0.884896993637085,0.9471075534820557,0.5454345941543579,1.1307392120361328,-4.174997329711914,0.9328048229217529,3.508178234100342,0
1745923214.7409053,1.2282389402389526,1.243579387664795,0.7556638717651367,1.4964570999145508,-4.29994535446167,0.9766524434089661,4.723939418792725,0
1745923214.744169,1.6293390989303589,1.6116943359375,1.0269112586975098,1.9385461807250977,-4.192358493804932,0.9324268102645874,6.206490993499756,0
1745923214.7623236,2.06052303314209,1.9984731674194336,1.322502613067627,2.4560799598693848,-4.271416187286377,0.7513399720191956,7.837578773498535,0
1745923214.7662835,2.526304244995117,2.414027214050293,1.6549170017242432,3.035360336303711,-4.339931011199951,0.5452554225921631,9.630608558654785,0
1745923214.7777674,3.032392978668213,2.8434090614318848,2.0142455101013184,3.6734580993652344,-4.47524356842041,0.3415977358818054,11.563505172729492,0
1745923214.7929423,3.599161148071289,3.3228282928466797,2.442340850830078,4.386472702026367,-4.521409511566162,0.1422966867685318,13.750802993774414,0
1745923214.7996254,4.221941947937012,3.845855712890625,2.9283993244171143,5.199570655822754,-4.5767035484313965,-0.07802123576402664,16.19576644897461,0
1745923214.8115978,4.915853023529053,4.407843589782715,3.473539113998413,6.112845420837402,-4.660203456878662,-0.2917206883430481,18.910079956054688,0
1745923214.8213143,5.664089202880859,4.993352890014648,4.0547380447387695,7.134026527404785,-4.806358337402344,-0.5107418298721313,21.846206665039062,0
1745923214.8326564,6.455060005187988,6.169339179992676,4.684848785400391,8.2764892578125,-4.243227958679199,-0.27654922008514404,25.585737228393555,0
1745923214.8447673,7.247776508331299,6.724516868591309,5.364355087280273,9.55810832977295,-4.570946216583252,-0.6905598640441895,28.894756317138672,0
1745923214.8548708,8.007658958435059,7.248758316040039,6.084036827087402,10.968230247497559,-4.890531063079834,-1.1672664880752563,32.308685302734375,0
1745923214.865037,8.673155784606934,7.719717979431152,6.805599212646484,12.444912910461426,-5.1789984703063965,-1.6836329698562622,35.64338684082031,0
1745923214.8756962,9.189051628112793,8.108678817749023,7.445768356323242,13.83130168914795,-5.419220924377441,-2.1663401126861572,38.574798583984375,0
1745923214.8884501,9.569931030273438,8.42764663696289,7.940896987915039,14.946633338928223,-5.580138206481934,-2.511648654937744,40.885108947753906,0
1745923214.9005387,9.84070110321045,8.695420265197754,8.284245491027832,15.712456703186035,-5.644059181213379,-2.69608736038208,42.53282165527344,0
1745923214.9087543,10.029946327209473,8.90930461883545,8.494660377502441,16.16138458251953,-5.643870830535889,-2.753798484802246,43.59529495239258,0
1745923214.9277265,10.199009895324707,9.091303825378418,8.65311050415039,16.423412322998047,-5.602927207946777,-2.7387661933898926,44.36683654785156,0
1745923214.930901,10.406975746154785,9.266304016113281,8.84613037109375,16.683265686035156,-5.56114387512207,-2.7206015586853027,45.202674865722656,0
1745923214.9435503,10.682601928710938,9.458792686462402,9.137418746948242,17.09280014038086,-5.542558670043945,-2.7574045658111572,46.371612548828125,0
1745923214.9530857,11.026039123535156,9.67891788482666,9.530534744262695,18.545452117919922,-5.94775390625,-3.17319917678833,48.78094482421875,0
1745923214.9644413,11.42987060546875,10.173929214477539,10.013501167297363,19.568992614746094,-5.9140849113464355,-3.2733871936798096,51.18629455566406,0
1745923214.9755745,11.874521255493164,10.426129341125488,10.561006546020508,20.749794006347656,-6.077823638916016,-3.529341697692871,53.6114501953125,0
1745923214.986595,12.359176635742188,10.68367862701416,11.15338134765625,22.05047607421875,-6.258723258972168,-3.7936630249023438,56.24671173095703,0
1745923214.9970744,12.877556800842285,10.955796241760254,11.774066925048828,23.37438201904297,-6.419236183166504,-4.02864933013916,58.98180389404297,0
1745923215.0091252,13.396163940429688,11.236429214477539,12.366944313049316,24.53394317626953,-6.519190788269043,-4.186893939971924,61.53348159790039,0
1745923215.0188463,13.88535213470459,11.515241622924805,12.842870712280273,25.387020111083984,-6.5628814697265625,-4.234058856964111,63.6304817199707,0
1745923215.0322418,14.319096565246582,11.785082817077637,13.160477638244629,25.876724243164062,-6.555084705352783,-4.169291973114014,65.1413803100586,0
1745923215.042069,14.676456451416016,12.036258697509766,13.312836647033691,26.040328979492188,-6.513124942779541,-4.017950534820557,66.06587982177734,0
1745923215.0525222,14.946334838867188,12.259437561035156,13.328575134277344,25.95687484741211,-6.449355125427246,-3.815138339996338,66.49122619628906,0
1745923215.0633762,15.12894058227539,12.43354606628418,13.249098777770996,25.70063018798828,-6.3764824867248535,-3.595311164855957,66.51221466064453,0
1745923215.0751698,15.241081237792969,12.575428009033203,13.112776756286621,25.335968017578125,-6.291193962097168,-3.3694424629211426,66.2652587890625,0
1745923215.0854974,15.304244995117188,12.691948890686035,12.940692901611328,24.929210662841797,-6.206877708435059,-3.148022174835205,65.86609649658203,0
1745923215.096094,15.339847564697266,12.867290496826172,12.767305374145508,24.55816650390625,-6.094305038452148,-2.9219799041748047,65.53260803222656,0
1745923215.1066294,15.378372192382812,12.923587799072266,12.619230270385742,24.277999877929688,-6.061110973358154,-2.7684502601623535,65.19918823242188,0
1745923215.1187134,15.426322937011719,12.973587989807129,12.52112865447998,24.11150360107422,-6.046311855316162,-2.6584715843200684,65.03254699707031,0
1745923215.1295967,15.487457275390625,13.038402557373047,12.48160457611084,24.039043426513672,-6.029252052307129,-2.581085205078125,65.0465087890625,0
1745923215.1485684,15.557487487792969,13.104734420776367,12.469348907470703,23.995929718017578,-6.010077476501465,-2.516052007675171,65.12750244140625,0
1745923215.152826,15.630762100219727,13.151224136352539,12.429340362548828,23.935203552246094,-6.010929107666016,-2.444239377975464,65.14653015136719,0
1745923215.1629672,15.712135314941406,13.190223693847656,12.367931365966797,23.852802276611328,-6.022286415100098,-2.359928846359253,65.12309265136719,0
1745923215.1755657,15.804738998413086,13.234399795532227,12.289517402648926,23.762187957763672,-6.0408525466918945,-2.2624361515045166,65.0908432006836,0
1745923215.183911,15.922056198120117,13.27377700805664,12.194842338562012,23.6741943359375,-6.079682350158691,-2.153808832168579,65.06486511230469,0
1745923215.1950185,16.071828842163086,13.320989608764648,12.093108177185059,23.592479705810547,-6.1311564445495605,-2.030599594116211,65.07840728759766,0
1745923215.2076116,16.232431411743164,13.374441146850586,11.978094100952148,23.50985336303711,-6.189632892608643,-1.8972713947296143,65.09481811523438,0
1745923215.2175741,16.38698387145996,13.425846099853516,11.836053848266602,23.417064666748047,-6.257959842681885,-1.7558507919311523,65.06594848632812,0
1745923215.2294717,16.52713966369629,13.468523025512695,11.651006698608398,23.292003631591797,-6.3381218910217285,-1.59988272190094,64.93867492675781,0
1745923215.2414477,16.674522399902344,13.471729278564453,11.456161499023438,23.1646728515625,-6.446430206298828,-1.4508330821990967,64.76708984375,0
1745923215.2506614,16.845632553100586,13.471899032592773,11.296334266662598,23.118988037109375,-6.573152542114258,-1.3293650150299072,64.73284912109375,0
1745923215.2627027,17.043338775634766,13.488136291503906,11.203875541687012,23.199024200439453,-6.705382347106934,-1.2520323991775513,64.93437194824219,0
1745923215.2723064,17.254642486572266,13.511220932006836,11.171764373779297,23.37844467163086,-6.837564468383789,-1.216718316078186,65.31607055664062,0
1745923215.283144,17.458606719970703,13.529733657836914,11.165226936340332,23.601470947265625,-6.96864128112793,-1.2066830396652222,65.75503540039062,0
1745923215.2946093,17.617504119873047,13.537416458129883,11.146768569946289,23.792152404785156,-7.085580348968506,-1.2022900581359863,66.09384155273438,0
1745923215.3053513,17.724693298339844,13.54481315612793,11.09985065460205,23.901077270507812,-7.174707889556885,-1.1824252605438232,66.27043151855469,0
1745923215.3165128,17.78076171875,13.537130355834961,11.02178955078125,23.920764923095703,-7.244034290313721,-1.1487683057785034,66.26045227050781,0
1745923215.3308952,17.807506561279297,13.52248764038086,10.91739273071289,23.860267639160156,-7.296901702880859,-1.095198392868042,66.10765075683594,0
1745923215.3386712,17.82795524597168,13.505264282226562,10.790196418762207,23.731861114501953,-7.340367317199707,-1.0168596506118774,65.85527801513672,0
1745923215.3487763,17.85597038269043,13.495857238769531,10.660487174987793,23.560527801513672,-7.3701887130737305,-0.9188705682754517,65.57284545898438,0
1745923215.361057,17.899900436401367,13.524497985839844,10.55085563659668,23.391311645507812,-7.374475479125977,-0.8088720440864563,65.36656188964844,0
1745923215.3708336,17.952499389648438,13.550788879394531,10.471919059753418,23.250755310058594,-7.375211238861084,-0.714548647403717,65.22596740722656,0
1745923215.3816664,17.994192123413086,13.578577041625977,10.407269477844238,23.13431167602539,-7.3715596199035645,-0.634960412979126,65.11434936523438,0
1745923215.394354,18.015966415405273,13.605663299560547,10.356066703796387,23.027973175048828,-7.357847213745117,-0.569344699382782,65.00566864013672,0
1745923215.403457,18.01433563232422,13.624612808227539,10.297135353088379,22.902042388916016,-7.3390398025512695,-0.5053322315216064,64.83812713623047,0
1745923215.415949,17.983152389526367,13.635330200195312,10.210543632507324,22.717124938964844,-7.311408996582031,-0.42594215273857117,64.54615020751953,0
1745923215.4278636,17.921676635742188,13.636428833007812,10.0792875289917,22.444610595703125,-7.275302410125732,-0.31649550795555115,64.08200073242188,0
1745923215.4366612,17.84671401977539,13.636049270629883,9.918397903442383,22.107234954833984,-7.230320930480957,-0.17950856685638428,63.50839614868164,0
1745923215.449282,17.78751564025879,13.628786087036133,9.758328437805176,21.773937225341797,-7.1944684982299805,-0.038685910403728485,62.94856643676758,0
1745923215.461657,17.74834632873535,13.624099731445312,9.635323524475098,21.50261688232422,-7.163018703460693,0.0787811279296875,62.5103874206543,0
1745923215.469665,17.715587615966797,13.624309539794922,9.5350980758667,21.283161163330078,-7.135049819946289,0.1762339323759079,62.15815734863281,0
1745923215.481305,17.688976287841797,13.61990737915039,9.438355445861816,21.088111877441406,-7.117727279663086,0.2657179534435272,61.835350036621094,0
1745923215.4949954,17.674331665039062,13.607749938964844,9.35375690460205,20.915569305419922,-7.109424114227295,0.3455303907394409,61.55140686035156,0
1745923215.5026658,17.67315673828125,13.601736068725586,9.293596267700195,20.786373138427734,-7.102901458740234,0.408987820148468,61.354862213134766,0
1745923215.5142903,17.679149627685547,13.602495193481445,9.26355266571045,20.71786117553711,-7.098355770111084,0.4456981122493744,61.263057708740234,0
1745923215.5298738,17.696069717407227,13.60740852355957,9.265396118164062,20.706127166748047,-7.096254825592041,0.45648393034935,61.275001525878906,0
1745923215.5360653,17.728069305419922,13.617443084716797,9.300524711608887,20.753040313720703,-7.097304344177246,0.441877543926239,61.399078369140625,0
1745923215.5477178,17.76759910583496,13.62973403930664,9.376108169555664,20.872112274169922,-7.101052284240723,0.39145350456237793,61.64555358886719,0
1745923215.5605803,17.83262062072754,13.644035339355469,9.481176376342773,21.055557250976562,-7.117220878601074,0.3182920515537262,62.013389587402344,0
1745923215.5690143,17.907072067260742,13.674461364746094,9.609415054321289,21.28302764892578,-7.128957271575928,0.23163093626499176,62.473976135253906,0
1745923215.579304,17.97461700439453,13.707160949707031,9.761512756347656,21.55004119873047,-7.136748790740967,0.1234210655093193,62.99333190917969,0
1745923215.5952923,18.036907196044922,13.733053207397461,9.94145679473877,21.85830307006836,-7.144589424133301,-0.009843816049396992,63.56972122192383,0
1745923215.6022096,18.104415893554688,13.750123977661133,10.13166332244873,22.20134735107422,-7.164494514465332,-0.15653981268405914,64.18754577636719,0
1745923215.6132052,18.185182571411133,13.768808364868164,10.345431327819824,22.594573974609375,-7.190717697143555,-0.3190791606903076,64.89399719238281,0
1745923215.6287427,18.256502151489258,13.798664093017578,10.585890769958496,23.046489715576172,-7.211660385131836,-0.5042276978492737,65.68754577636719,0
1745923215.6350346,18.318660736083984,13.810575485229492,10.811038970947266,23.50055694580078,-7.247544765472412,-0.6897806525230408,66.44082641601562,0
1745923215.6472774,18.361282348632812,13.808584213256836,11.021957397460938,23.937091827392578,-7.285970211029053,-0.8725418448448181,67.12892150878906,0
1745923215.659663,18.370216369628906,13.78734016418457,11.234403610229492,24.378803253173828,-7.324157238006592,-1.0707958936691284,67.77076721191406,0
1745923215.6684926,18.347776412963867,13.749897003173828,11.615729331970215,25.213191986083984,-7.391479969024658,-1.4414794445037842,68.92658996582031,0
1745923215.67877,18.30636978149414,13.70344352722168,11.77592945098877,25.5902099609375,-7.433149337768555,-1.6213526725769043,69.37594604492188,0
1745923215.6936777,18.231369018554688,13.640697479248047,11.923352241516113,25.947540283203125,-7.473386764526367,-1.806280255317688,69.74295806884766,0
1745923215.7008622,18.107166290283203,13.557313919067383,12.033970832824707,26.249431610107422,-7.511717319488525,-1.9871559143066406,69.94788360595703,0
1745923215.7147894,17.95208168029785,13.456707000732422,12.115309715270996,26.50849151611328,-7.551905155181885,-2.163496732711792,70.0325927734375,0
1745923215.7272854,17.799274444580078,13.344642639160156,12.20983600616455,26.803585052490234,-7.60226583480835,-2.3555564880371094,70.15733337402344,0
1745923215.7335992,17.658246994018555,13.233451843261719,12.326824188232422,27.15550994873047,-7.660460472106934,-2.563493251800537,70.37403106689453,0
1745923215.7458074,17.52198028564453,13.123531341552734,12.448451042175293,27.522796630859375,-7.72108793258667,-2.7732861042022705,70.61676025390625,0
1745923215.762982,17.38802719116211,12.900276184082031,12.568438529968262,27.892593383789062,-7.840827941894531,-3.019495725631714,70.74933624267578,0
1745923215.767696,17.236244201660156,12.784551620483398,12.677343368530273,28.24321746826172,-7.9007768630981445,-3.2265396118164062,70.94136047363281,0
1745923215.7777128,17.053163528442383,12.661239624023438,12.769597053527832,28.549304962158203,-7.951280117034912,-3.430706739425659,71.03330993652344,0
1745923215.7948556,16.847454071044922,12.529411315917969,12.846372604370117,28.81586456298828,-7.996314525604248,-3.631702184677124,71.03910064697266,0
1745923215.8011944,16.615114212036133,12.395856857299805,12.902081489562988,29.051002502441406,-8.036588668823242,-3.829887866973877,70.96405029296875,0
1745923215.81104,16.34963607788086,12.24244213104248,12.939128875732422,29.262996673583984,-8.080741882324219,-4.037208557128906,70.79420471191406,0
1745923215.8289456,16.064241409301758,12.069453239440918,12.968017578125,29.468738555908203,-8.13193416595459,-4.2562336921691895,70.57044982910156,0
1745923215.8333192,15.760257720947266,11.896406173706055,12.99688720703125,29.665939331054688,-8.1758451461792,-4.481395244598389,70.31948852539062,0
1745923215.8433216,15.42829704284668,11.715943336486816,12.997706413269043,29.790111541748047,-8.209871292114258,-4.697632789611816,69.93206024169922,0
1745923215.8551629,15.065435409545898,11.53388786315918,12.934844970703125,29.783252716064453,-8.232254981994629,-4.883249282836914,69.31742095947266,0
1745923215.867711,14.669779777526855,11.34600830078125,12.801689147949219,29.63174057006836,-8.244171142578125,-5.036879539489746,68.44921875,0
1745923215.876601,14.249730110168457,11.144282341003418,12.610048294067383,29.354446411132812,-8.251306533813477,-5.16609001159668,67.35850524902344,0
1745923215.8876119,13.824009895324707,10.725162506103516,12.379944801330566,29.00418472290039,-8.375834465026855,-5.361995697021484,65.93330383300781,0
1745923215.9000802,13.409309387207031,10.521576881408691,12.154182434082031,28.665218353271484,-8.388619422912598,-5.47733211517334,64.75028991699219,0
1745923215.9096014,12.997113227844238,10.316513061523438,11.936334609985352,28.318397521972656,-8.396543502807617,-5.596545696258545,63.568359375,0
1745923215.9218922,12.569571495056152,10.101243019104004,11.678423881530762,27.880672454833984,-8.40072250366211,-5.699090957641602,62.22991180419922,0
1745923215.9316776,12.129833221435547,9.878936767578125,11.376127243041992,27.33917999267578,-8.398490905761719,-5.7775654792785645,60.72407531738281,0
1745923215.9433246,11.695083618164062,9.657825469970703,11.035666465759277,26.71051025390625,-8.391650199890137,-5.825109481811523,59.09908676147461,0
1745923215.955005,11.276286125183105,9.443599700927734,10.670954704284668,26.015766143798828,-8.378302574157715,-5.840852737426758,57.40660858154297,0
1745923215.9678538,10.867939949035645,9.224725723266602,10.294061660766602,25.308856964111328,-8.374526977539062,-5.848135471343994,55.695587158203125,0
1745923215.975837,10.469097137451172,8.99566650390625,9.92052173614502,24.624088287353516,-8.386617660522461,-5.863367080688477,54.00937271118164,0
1745923215.9947238,10.075299263000488,8.76233959197998,9.548918724060059,23.938716888427734,-8.402769088745117,-5.8795671463012695,52.32527542114258,0
1745923215.9988685,9.689146041870117,8.524820327758789,9.166977882385254,23.213211059570312,-8.417882919311523,-5.879940986633301,50.594154357910156,0
1745923216.0084286,9.311907768249512,8.062681198120117,8.766336441040039,22.442607879638672,-8.601967811584473,-5.979834079742432,48.583534240722656,0
1745923216.022528,8.957449913024902,7.834816932678223,8.371618270874023,21.685230255126953,-8.628015518188477,-5.9458160400390625,46.84911346435547,0
1745923216.030339,8.617598533630371,7.600977897644043,8.007335662841797,20.985782623291016,-8.667269706726074,-5.933539390563965,45.211692810058594,0
1745923216.0415478,8.277859687805176,7.364482879638672,7.6664838790893555,20.33464813232422,-8.713401794433594,-5.9466986656188965,43.64347457885742,0
1745923216.0628388,7.943338871002197,7.125351905822754,7.345635414123535,19.724510192871094,-8.7689208984375,-5.980955600738525,42.13883590698242,0
1745923216.0684817,7.597719669342041,6.88347053527832,7.045052528381348,19.141490936279297,-8.820241928100586,-6.044409275054932,40.66773223876953,0
1745923216.074657,7.223649501800537,6.629525184631348,6.750150680541992,18.541690826416016,-8.859330177307129,-6.136464595794678,39.145015716552734,0
1745923216.0859928,6.817389488220215,6.359816551208496,6.444668769836426,17.905895233154297,-8.89278507232666,-6.2524495124816895,37.52777099609375,0
1745923216.096597,6.387401103973389,6.074118614196777,6.134195327758789,17.2452392578125,-8.925018310546875,-6.397045612335205,35.8409538269043,0
1745923216.1073124,5.936319828033447,5.772374153137207,5.822939872741699,16.550891876220703,-8.948078155517578,-6.571340560913086,34.08252716064453,0
1745923216.1183548,5.462495803833008,5.455472946166992,5.506897926330566,15.815545082092285,-8.958906173706055,-6.777021408081055,32.24040985107422,0
1745923216.1306353,4.966592788696289,5.1245927810668945,5.174129486083984,15.023457527160645,-8.959003448486328,-7.00703239440918,30.288772583007812,0
1745923216.140947,4.460712909698486,4.4061174392700195,4.823238372802734,14.171229362487793,-9.449396133422852,-7.633542537689209,27.861297607421875,0
1745923216.1517146,3.975564479827881,4.052077293395996,4.4798903465271,13.329583168029785,-9.50760269165039,-7.9505181312561035,25.837116241455078,0
1745923216.163691,3.5240092277526855,3.710176944732666,4.18545389175415,12.597390174865723,-9.589924812316895,-8.349151611328125,24.01702880859375,0
1745923216.1744301,3.1106367111206055,3.389444351196289,3.951756238937378,11.98287296295166,-9.675392150878906,-8.831204414367676,22.434711456298828,0
1745923216.1864517,2.737476348876953,3.092536449432373,3.5916824340820312,11.447615623474121,-10.063793182373047,-9.266956329345703,20.869312286376953,0
1745923216.1964726,2.3937740325927734,2.8193764686584473,3.4119808673858643,10.935957908630371,-10.160706520080566,-9.806742668151855,19.56108856201172,0
1745923216.2065785,2.074521064758301,2.5624337196350098,3.2146592140197754,10.387776374816895,-10.262718200683594,-10.322443962097168,18.239391326904297,0
1745923216.2180142,1.78704035282135,2.3246302604675293,3.00612473487854,9.799521446228027,-10.35404109954834,-10.792106628417969,16.917316436767578,0
1745923216.2290812,1.5380834341049194,2.106724262237549,2.7934370040893555,9.19443130493164,-10.446444511413574,-11.20756721496582,15.632676124572754,0
1745923216.2390606,1.3274234533309937,1.9108028411865234,2.5915334224700928,8.592401504516602,-10.517818450927734,-11.569686889648438,14.422161102294922,0
1745923216.2509842,1.1586450338363647,1.738609790802002,2.4107141494750977,8.02281379699707,-10.569503784179688,-11.87190055847168,13.330782890319824,0
1745923216.2629256,1.0291115045547485,1.592763900756836,2.2612051963806152,7.529351234436035,-10.612411499023438,-12.128348350524902,12.412431716918945,0
1745923216.2746854,0.9320706129074097,1.3869786262512207,2.1505305767059326,7.133213996887207,-10.926482200622559,-12.605463981628418,11.60279369354248,0
1745923216.283751,0.8618316650390625,1.3151273727416992,2.0697691440582275,6.827749252319336,-10.883689880371094,-12.743874549865723,11.074477195739746,0
1745923216.295099,0.8003749847412109,1.2513184547424316,1.9980039596557617,6.588906288146973,-10.896059036254883,-12.900147438049316,10.638603210449219,0
1745923216.3058498,0.7346693277359009,1.184171199798584,1.9272818565368652,6.38609504699707,-10.971298217773438,-13.123770713806152,10.232217788696289,0
1745923216.316923,0.675981879234314,1.1170053482055664,1.848420262336731,6.190425872802734,-11.109577178955078,-13.340648651123047,9.831832885742188,0
1745923216.3301244,0.6242368221282959,1.0514512062072754,1.764641523361206,5.985913276672363,-11.26998519897461,-13.533727645874023,9.42624282836914,0
1745923216.339021,0.5766078233718872,0.9913601875305176,1.6832096576690674,5.776961326599121,-11.410100936889648,-13.705620765686035,9.028139114379883,0
1745923216.3492565,0.5291305780410767,0.9361820220947266,1.6025972366333008,5.570012092590332,-11.540989875793457,-13.875238418579102,8.637922286987305,0
1745923216.3638759,0.4855039119720459,0.8823883533477783,1.5275911092758179,5.363629341125488,-11.659401893615723,-14.043867111206055,8.259113311767578,0
1745923216.3712158,0.4488574266433716,0.8355369567871094,1.46986985206604,5.179825782775879,-11.7280912399292,-14.200912475585938,7.9340901374816895,0
1745923216.383164,0.4157581329345703,0.7943193912506104,1.4283901453018188,4.901777267456055,-11.492348670959473,-14.259732246398926,7.540245056152344,0
1745923216.3951666,0.38506758213043213,0.7585833072662354,1.3904681205749512,4.775998115539551,-11.536941528320312,-14.42919635772705,7.310117244720459,0
1745923216.4057634,0.3607884645462036,0.7055864334106445,1.355228066444397,4.659476280212402,-11.702256202697754,-14.675010681152344,7.081079483032227,0
1745923216.4149919,0.34652435779571533,0.6889324188232422,1.3280903100967407,4.559223175048828,-11.68380355834961,-14.717950820922852,6.9227705001831055,0
1745923216.429083,0.34013211727142334,0.6816296577453613,1.3104889392852783,4.486159324645996,-11.638614654541016,-14.706156730651855,6.8184099197387695,0
1745923216.4379308,0.34252214431762695,0.6821606159210205,1.3067078590393066,4.438658714294434,-11.548623085021973,-14.643078804016113,6.770049095153809,0
1745923216.4479077,0.3566722869873047,0.6934278011322021,1.309743881225586,4.4071245193481445,-11.42276668548584,-14.482427597045898,6.766968727111816,0
1745923216.4610908,0.38076186180114746,0.7114095687866211,1.313711166381836,4.399510383605957,-11.3357515335083,-14.2595796585083,6.805393218994141,0
1745923216.4698358,0.4160805940628052,0.7359921932220459,1.3310332298278809,4.433406829833984,-11.264192581176758,-14.004124641418457,6.916512966156006,0
1745923216.4822774,0.4607694149017334,0.7621684074401855,1.358170986175537,4.491581916809082,-11.21162223815918,-13.737786293029785,7.072690963745117,0
1745923216.4953628,0.5017975568771362,0.7865991592407227,1.3861095905303955,4.55051326751709,-11.159673690795898,-13.510377883911133,7.225019454956055,0
1745923216.5033958,0.5346503257751465,0.8049793243408203,1.4048099517822266,4.594045639038086,-11.137092590332031,-13.332962036132812,7.338485240936279,0
1745923216.5150597,0.5583415031433105,0.8223540782928467,1.4153892993927002,4.610407829284668,-11.080570220947266,-13.170489311218262,7.406492710113525,0
1745923216.5300372,0.5761336088180542,0.8356509208679199,1.409224271774292,4.602774620056152,-11.066181182861328,-13.012840270996094,7.423783302307129,0
1745923216.5385914,0.5776700973510742,0.8392736911773682,1.3984957933425903,4.598731994628906,-11.097896575927734,-12.973258018493652,7.4141716957092285,0
1745923216.5473304,0.566611647605896,0.8286895751953125,1.3978997468948364,4.607574462890625,-11.151901245117188,-13.081552505493164,7.40077543258667,0
1745923216.5625029,0.5388612747192383,0.8090386390686035,1.3939324617385864,4.57475471496582,-11.138808250427246,-13.262539863586426,7.316586971282959,0
1745923216.5693934,0.4951207637786865,0.7795052528381348,1.3594188690185547,4.46135139465332,-11.118668556213379,-13.45506763458252,7.095396041870117,0
1745923216.5810268,0.4464864730834961,0.7411327362060547,1.291900396347046,4.285331726074219,-11.170382499694824,-13.626592636108398,6.7648515701293945,0
1745923216.5932512,0.4066723585128784,0.7083368301391602,1.20823335647583,4.094159126281738,-11.275485038757324,-13.702592849731445,6.4174017906188965,0
1745923216.6024725,0.3775942325592041,0.6821606159210205,1.1345497369766235,3.9431934356689453,-11.423898696899414,-13.747907638549805,6.137497901916504,0
1745923216.6143162,0.36433541774749756,0.6670811176300049,1.0876686573028564,3.852954864501953,-11.545659065246582,-13.746281623840332,5.972040176391602,0
1745923216.6287363,0.36319732666015625,0.6559088230133057,1.061853289604187,3.815373420715332,-11.685678482055664,-13.740835189819336,5.896332740783691,0
1745923216.6351564,0.38068604469299316,0.6532154083251953,1.0658950805664062,3.843714714050293,-11.802471160888672,-13.693904876708984,5.943511009216309,0
1745923216.6474462,0.4245213270187378,0.6665689945220947,1.1063129901885986,3.9766178131103516,-11.919493675231934,-13.577641487121582,6.174021244049072,0
1745923216.6623633,0.501968264579773,0.6951727867126465,1.2026269435882568,4.242498397827148,-11.999921798706055,-13.430306434631348,6.642266273498535,0
1745923216.671511,0.5981936454772949,0.7928588390350342,1.3617470264434814,4.636085510253906,-11.670347213745117,-13.092960357666016,7.388885021209717,0
1745923216.684159,0.7059515714645386,0.8539741039276123,1.5678601264953613,5.127167701721191,-11.570748329162598,-13.063325881958008,8.254953384399414,0
1745923216.6955297,0.8287132978439331,0.9232456684112549,1.8039977550506592,5.674686431884766,-11.454498291015625,-13.028477668762207,9.230643272399902,0
1745923216.7028842,0.9600485563278198,1.00184965133667,2.303522825241089,6.24848747253418,-10.394667625427246,-13.162788391113281,10.513908386230469,0
1745923216.7141807,1.1051737070083618,1.086637020111084,2.543571949005127,6.806682586669922,-10.386887550354004,-13.024299621582031,11.542064666748047,0
1745923216.7294343,1.287988543510437,1.1935796737670898,2.8280622959136963,7.408182144165039,-10.291614532470703,-12.804733276367188,12.717812538146973,0
1745923216.7357872,1.5191911458969116,1.3364853858947754,3.1979146003723145,8.16830062866211,-10.145384788513184,-12.566634178161621,14.221891403198242,0
1745923216.7461302,1.806463599205017,1.5164361000061035,3.661696672439575,9.120441436767578,-9.994736671447754,-12.334278106689453,16.105037689208984,0
1745923216.7621732,2.156766891479492,1.7454004287719727,4.213429927825928,10.26787281036377,-9.848123550415039,-12.084870338439941,18.383468627929688,0
1745923216.7674603,2.553732395172119,2.0258631706237793,4.831917762756348,11.585997581481934,-9.710416793823242,-11.839723587036133,20.99751091003418,0
1745923216.779466,2.9579620361328125,2.3442435264587402,5.476984977722168,13.001578330993652,-9.582225799560547,-11.635599136352539,23.78076934814453,0
1745923216.796213,3.3421430587768555,2.6660566329956055,6.134754180908203,14.45576000213623,-9.471081733703613,-11.512910842895508,26.598712921142578,0
1745923216.8015974,3.6802878379821777,3.2560229301452637,6.769502639770508,15.90259075164795,-9.038172721862793,-11.16072940826416,29.6084041595459,0
1745923216.8128135,3.968015193939209,3.500199317932129,7.3396759033203125,17.23505401611328,-9.055642127990723,-11.211105346679688,32.042945861816406,0
1745923216.8286064,4.233417510986328,3.7284998893737793,7.87330436706543,18.454227447509766,-9.052449226379395,-11.247713088989258,34.289451599121094,0
1745923216.8338377,4.493091106414795,3.9479804039001465,8.39640998840332,19.633838653564453,-9.045767784118652,-11.279346466064453,36.47132110595703,0
1745923216.8453023,4.767446517944336,4.160556316375732,8.917801856994629,20.80398178100586,-9.050657272338867,-11.298105239868164,38.64978790283203,0
1745923216.861695,5.065701484680176,4.381686687469482,9.460222244262695,22.013916015625,-9.057722091674805,-11.303629875183105,40.92152404785156,0
1745923216.8677723,5.394077777862549,4.614501476287842,10.025496482849121,23.292797088623047,-9.077796936035156,-11.297930717468262,43.326873779296875,0
1745923216.877287,5.746657371520996,4.863951206207275,10.600902557373047,24.61363983154297,-9.101387023925781,-11.2750883102417,45.82514953613281,0
1745923216.8958468,6.077859878540039,5.115052223205566,11.14745807647705,25.905292510986328,-9.123680114746094,-11.256070137023926,48.245662689208984,0
1745923216.900912,6.385124683380127,5.35076904296875,11.64977741241455,27.09088897705078,-9.139155387878418,-11.234923362731934,50.476558685302734,0
1745923216.91028,6.673023223876953,5.567309379577637,12.114211082458496,28.161609649658203,-9.145513534545898,-11.210746765136719,52.516151428222656,0
1745923216.920884,6.951058864593506,5.766323089599609,12.549067497253418,29.15029525756836,-9.151721954345703,-11.184454917907715,54.416744232177734,0
1745923216.9327326,7.236851215362549,6.168352127075195,12.962000846862793,30.066593170166016,-9.016698837280273,-11.023381233215332,56.43379592895508,0
1745923216.9432774,7.520671367645264,6.368182182312012,13.36474609375,30.932613372802734,-9.008491516113281,-10.974740982055664,58.18621063232422,0
1745923216.953926,7.806616306304932,6.564501762390137,13.751232147216797,31.759010314941406,-9.001081466674805,-10.920286178588867,59.88136291503906,0
1745923216.9650633,8.104889869689941,6.77734375,14.122294425964355,32.53160095214844,-8.980607986450195,-10.842491149902344,61.536128997802734,0
1745923216.9768124,8.36941909790039,6.975465774536133,14.45178508758545,33.22056198120117,-8.95876407623291,-10.772873878479004,63.01723098754883,0
1745923216.9881058,8.588197708129883,7.146368980407715,14.700345993041992,33.762184143066406,-8.9428129196167,-10.705892562866211,64.19709777832031,0
1745923216.9984336,8.770803451538086,7.292346954345703,14.889863014221191,34.16206359863281,-8.922947883605957,-10.639076232910156,65.11508178710938,0
1745923217.0090141,8.93114185333252,7.414521217346191,15.043954849243164,34.486629486083984,-8.908525466918945,-10.578673362731934,65.87625122070312,0
1745923217.0215344,9.068413734436035,7.519737243652344,15.15742301940918,34.7355842590332,-8.898031234741211,-10.520303726196289,66.48115539550781,0
1745923217.0317369,9.17165756225586,7.614501953125,15.227139472961426,34.88953399658203,-8.880751609802246,-10.46204948425293,66.90283203125,0
1745923217.0427165,9.226361274719238,7.68980598449707,15.247832298278809,34.95167541503906,-8.861285209655762,-10.414112091064453,67.11567687988281,0
1745923217.0543575,9.265189170837402,7.736751556396484,15.213896751403809,34.89265060424805,-8.848379135131836,-10.359296798706055,67.10848999023438,0
1745923217.064554,9.315189361572266,7.844832420349121,15.137344360351562,34.7174072265625,-8.795251846313477,-10.245343208312988,67.0147705078125,0
1745923217.0757356,9.373174667358398,7.922411918640137,15.0237455368042,34.43393325805664,-8.750231742858887,-10.11791706085205,66.75326538085938,0
1745923217.086944,9.425641059875488,7.990184783935547,14.878949165344238,34.04603576660156,-8.695570945739746,-9.974138259887695,66.34080505371094,0
1745923217.0982947,9.473838806152344,8.05353832244873,14.722566604614258,33.152259826660156,-8.49818229675293,-9.744264602661133,65.40220642089844,0
1745923217.1092298,9.534612655639648,8.12463092803955,14.566408157348633,32.6837158203125,-8.423500061035156,-9.573477745056152,64.90937042236328,0
1745923217.1191258,9.627423286437988,8.212529182434082,14.408628463745117,32.220333099365234,-8.350454330444336,-9.377684593200684,64.46891784667969,0
1745923217.1300218,9.742636680603027,8.318788528442383,14.260795593261719,31.7828369140625,-8.275242805480957,-9.166614532470703,64.10505676269531,0
1745923217.1413755,9.857393264770508,8.427836418151855,14.127044677734375,31.413074493408203,-8.21047592163086,-8.967482566833496,63.825347900390625,0
1745923217.1552026,9.975526809692383,8.522829055786133,14.022143363952637,31.14114761352539,-8.168304443359375,-8.795933723449707,63.66164779663086,0
1745923217.1632805,10.09620189666748,8.609627723693848,13.951682090759277,30.914379119873047,-8.125911712646484,-8.641631126403809,63.57189178466797,0
1745923217.174716,10.220633506774902,8.703765869140625,13.894781112670898,30.66323471069336,-8.065052032470703,-8.479605674743652,63.482418060302734,0
1745923217.1851647,10.341650009155273,8.907673835754395,13.825027465820312,30.370410919189453,-7.934808731079102,-8.257078170776367,63.44476318359375,0
1745923217.1972952,10.438861846923828,8.99528694152832,13.73728084564209,30.028350830078125,-7.857149124145508,-8.084856033325195,63.19977951049805,0
1745923217.208041,10.523345947265625,9.073019027709961,13.61829948425293,29.675704956054688,-7.794778823852539,-7.9129838943481445,62.8903694152832,0
1745923217.2186668,10.623573303222656,9.15634536743164,13.498851776123047,29.39667510986328,-7.757765769958496,-7.745102405548096,62.675445556640625,0
1745923217.2313893,10.74390697479248,9.240792274475098,13.3684720993042,29.201969146728516,-7.759956359863281,-7.582120418548584,62.55514144897461,0
1745923217.2400184,10.851190567016602,9.319794654846191,13.30685806274414,29.005958557128906,-7.7212629318237305,-7.441583633422852,62.483802795410156,0
1745923217.250872,10.910561561584473,9.379562377929688,13.201231002807617,28.745899200439453,-7.682193756103516,-7.307474136352539,62.23725509643555,0
1745923217.263206,10.94785213470459,9.421880722045898,13.086812973022461,28.45498275756836,-7.640515327453613,-7.181429862976074,61.91152572631836,0
1745923217.2739155,11.037476539611816,9.483091354370117,12.999234199523926,28.192729949951172,-7.598790168762207,-7.034215927124023,61.71253204345703,0
1745923217.284394,11.196752548217773,9.57741928100586,12.916275024414062,27.933048248291016,-7.558982849121094,-6.841192245483398,61.62349319458008,0
1745923217.2980402,11.39288330078125,9.705568313598633,12.804370880126953,27.60528564453125,-7.505846977233887,-6.593200206756592,61.50811004638672,0
1745923217.3067195,11.633721351623535,9.857654571533203,12.691070556640625,27.250415802001953,-7.445388317108154,-6.3069233894348145,61.432861328125,0
1745923217.3171442,11.916707038879395,10.235404968261719,12.611016273498535,26.946197509765625,-7.267321586608887,-5.9230451583862305,61.70932388305664,0
1745923217.3309143,12.223213195800781,10.436296463012695,12.56264591217041,26.713024139404297,-7.205020427703857,-5.633944511413574,61.9351806640625,0
1745923217.3386338,12.532792091369629,10.633394241333008,12.542622566223145,26.5528564453125,-7.15479850769043,-5.372729778289795,62.26166534423828,0
1745923217.3498356,12.840986251831055,10.828045845031738,12.525375366210938,26.420917510986328,-7.113872528076172,-5.12370491027832,62.615325927734375,0
1745923217.3623846,13.1470365524292,11.024327278137207,12.483634948730469,26.249053955078125,-7.07216215133667,-4.861178398132324,62.904052734375,0
1745923217.3727987,13.445045471191406,11.22446060180664,12.43014144897461,26.04369354248047,-7.021419048309326,-4.590997219085693,63.143341064453125,0
1745923217.3831997,13.754984855651855,11.425636291503906,12.3713960647583,25.83489227294922,-6.976199150085449,-4.315385818481445,63.38690948486328,0
1745923217.3957825,14.102291107177734,11.640128135681152,12.344817161560059,25.678050994873047,-6.935922622680664,-4.044354438781738,63.765289306640625,0
1745923217.4056559,14.473459243774414,11.867973327636719,12.384042739868164,25.651371002197266,-6.9037065505981445,-3.814626693725586,64.37684631347656,0
1745923217.4163663,14.845083236694336,12.081440925598145,12.466182708740234,25.739551544189453,-6.894221782684326,-3.6366522312164307,65.13226318359375,0
1745923217.4289558,15.219324111938477,12.277950286865234,12.541617393493652,25.844470977783203,-6.903691291809082,-3.470756769180298,65.88336181640625,0
1745923217.437436,15.605705261230469,12.486315727233887,12.605782508850098,25.92101287841797,-6.907497882843018,-3.289314031600952,66.61882019042969,0
1745923217.4504735,15.997756958007812,12.922639846801758,12.675946235656738,26.001937866210938,-6.7935309410095215,-3.0312488079071045,67.59828186035156,0
1745923217.462972,16.362060546875,13.128860473632812,12.732866287231445,26.066516876220703,-6.7926459312438965,-2.862452745437622,68.29029846191406,0
1745923217.4705381,16.701988220214844,13.332141876220703,12.75009536743164,26.058582305908203,-6.783473491668701,-2.676612377166748,68.84280395507812,0
1745923217.4850514,17.049142837524414,13.536998748779297,12.769615173339844,26.035663604736328,-6.770137310028076,-2.487366199493408,69.39141845703125,0
1745923217.4960032,17.390037536621094,13.739616394042969,12.833203315734863,26.079837799072266,-6.754702568054199,-2.333592653274536,70.04269409179688,0
1745923217.5053148,17.69453239440918,13.926755905151367,12.906720161437988,26.143077850341797,-6.737065315246582,-2.207390785217285,70.67108154296875,0
1745923217.515632,17.946619033813477,14.092498779296875,12.933670997619629,26.12369155883789,-6.712512493133545,-2.0730020999908447,71.09648132324219,0
1745923217.5297425,18.151229858398438,14.249061584472656,12.894128799438477,25.980792999267578,-6.673952102661133,-1.9076377153396606,71.27520751953125,0
1745923217.5381234,18.325450897216797,14.385652542114258,12.811579704284668,25.75362777709961,-6.6318206787109375,-1.724782943725586,71.27631378173828,0
1745923217.548769,18.468130111694336,14.507181167602539,12.717705726623535,25.505207061767578,-6.586632251739502,-1.547785997390747,71.19822692871094,0
1745923217.563345,18.574710845947266,14.605682373046875,12.611128807067871,25.2420654296875,-6.543369293212891,-1.381442904472351,71.03358459472656,0
1745923217.5707877,18.641157150268555,14.689027786254883,12.48039436340332,24.942760467529297,-6.4958882331848145,-1.2148176431655884,70.75334167480469,0
1745923217.5822332,18.66147232055664,14.805208206176758,12.315797805786133,24.582653045654297,-6.415782451629639,-1.0241888761520386,70.36512756347656,0
1745923217.5953486,18.630895614624023,14.827932357788086,12.111193656921387,24.157135009765625,-6.3643693923950195,-0.8461485505104065,69.72715759277344,0
1745923217.605901,18.548194885253906,14.818731307983398,11.862613677978516,23.66884994506836,-6.313639163970947,-0.6597431898117065,68.89839172363281,0
1745923217.6143644,18.4122314453125,14.780227661132812,11.581587791442871,23.141868591308594,-6.263391017913818,-0.47339364886283875,67.9159164428711,0
1745923217.6288948,18.216516494750977,14.706554412841797,11.27735424041748,22.599788665771484,-6.2171525955200195,-0.2999315559864044,66.80021667480469,0
1745923217.6359572,17.96285629272461,14.592727661132812,10.931696891784668,22.011669158935547,-6.177241325378418,-0.12432938814163208,65.49894714355469,0
1745923217.6469226,17.65885353088379,14.451622009277344,10.55489730834961,21.391368865966797,-6.138678550720215,0.053832847625017166,64.0567398071289,0
1745923217.6635318,17.29125213623047,14.283849716186523,10.159788131713867,20.750377655029297,-6.093336582183838,0.22347119450569153,62.485267639160156,0
1745923217.6691833,16.857526779174805,14.074991226196289,9.750747680664062,20.091686248779297,-6.046195030212402,0.3766644597053528,60.77495193481445,0
1745923217.680325,16.36634635925293,13.832237243652344,9.326824188232422,19.41950225830078,-5.9979753494262695,0.5173882246017456,58.944908142089844,0
1745923217.6950982,15.796695709228516,13.547847747802734,8.892135620117188,18.734127044677734,-5.942403316497803,0.6333752274513245,56.97080612182617,0
1745923217.7032516,15.160181045532227,13.214540481567383,8.43215274810791,18.009212493896484,-5.885784149169922,0.7406677007675171,54.81608581542969,0
1745923217.7309048,14.451171875,12.399953842163086,7.957381248474121,17.24297332763672,-6.0983991622924805,0.6659978032112122,52.05147933959961,0
1745923217.7309048,13.659631729125977,11.894604682922363,7.447742462158203,16.422542572021484,-6.084331512451172,0.7154950499534607,49.424522399902344,0
1745923217.7352169,12.772283554077148,11.31765079498291,6.90213680267334,15.538289070129395,-6.072207450866699,0.7444536685943604,46.53036117553711,0
1745923217.7490375,11.765511512756348,10.65774917602539,6.309483528137207,14.56606388092041,-6.055631637573242,0.7506433129310608,43.298805236816406,0
1745923217.7634957,10.643508911132812,9.905245780944824,4.969059944152832,13.493622779846191,-6.648283958435059,1.1229407787322998,39.011436462402344,0
1745923217.7687864,9.414336204528809,9.065640449523926,4.242243766784668,12.32070255279541,-6.733466148376465,1.1488093137741089,35.04292297363281,0
1745923217.7788188,8.103182792663574,8.141246795654297,3.5026326179504395,11.048171043395996,-6.826033115386963,1.154923915863037,30.79523468017578,0
1745923217.794434,6.7690019607543945,7.16569709777832,2.7803244590759277,9.702385902404785,-6.916281700134277,1.1542302370071411,26.417407989501953,0
1745923217.8010979,5.465682506561279,6.175275802612305,2.102792739868164,8.333417892456055,-7.002207279205322,1.1459672451019287,22.07716941833496,0
1745923217.8121002,4.260295391082764,5.203159332275391,1.5048303604125977,5.721940994262695,-5.492969989776611,2.8142433166503906,16.690227508544922,0
1745923217.8311853,3.1923513412475586,4.293181419372559,1.0047651529312134,4.580554962158203,-5.30178689956665,3.0529353618621826,13.070853233337402,0
1745923217.8427923,2.268925666809082,3.473454475402832,0.600827693939209,3.575925827026367,-4.998010635375977,3.314620018005371,9.919134140014648,0
1745923217.8449018,1.4987057447433472,2.107919692993164,0.2834070324897766,2.705730438232422,-7.696920871734619,1.9659970998764038,6.595763206481934,0
1745923217.8626378,0.8714485168457031,1.5656776428222656,0.04324609041213989,1.9652247428894043,-7.732818126678467,2.024871826171875,4.445596694946289,0
1745923217.8667564,0.37636125087738037,1.1137237548828125,0.1336989402770996,1.3521804809570312,-4.526711463928223,0.029676856473088264,2.9759645462036133,0
1745923217.8774784,0.012571454048156738,0.7526652812957764,0.2566664218902588,0.8695821762084961,1.8826401233673096,-4.008092880249023,1.891485333442688,0
1745923217.88903,0.22802037000656128,0.48775625228881836,0.318261981010437,0.5347180366516113,0.7724813222885132,-1.83665931224823,1.5687565803527832,0
1745923217.9002788,0.3483542203903198,0.31351494789123535,0.33701813220977783,0.34178829193115234,-0.8272426724433899,-0.26530084013938904,1.3406755924224854,0
1745923217.9126558,0.3546326756477356,0.25084424018859863,0.3303314447402954,0.2820258140563965,-1.2756404876708984,-0.11864274740219116,1.217834234237671,0
1745923217.9224243,0.33501964807510376,0.25422072410583496,0.3128417730331421,0.2809486389160156,-1.157503366470337,-0.08076783269643784,1.1830308437347412,0
1745923217.9352233,0.32764101028442383,0.24667143821716309,0.3079432249069214,0.2731451988220215,-1.1189218759536743,-0.12315680831670761,1.1554008722305298,0
1745923217.9441178,0.3195226788520813,0.24136018753051758,0.29913330078125,0.2692909240722656,-1.1980472803115845,-0.14023514091968536,1.1293070316314697,0
1745923217.9548132,0.3135477304458618,0.242156982421875,0.29406702518463135,0.26250791549682617,-1.0027027130126953,-0.016430025920271873,1.1122796535491943,0
1745923217.9690619,0.3070605993270874,0.23874258995056152,0.2890380620956421,0.2592015266418457,-0.9848620891571045,-0.04676634818315506,1.0940427780151367,0
1745923217.9769895,0.30220478773117065,0.23439884185791016,0.2875293493270874,0.25534677505493164,-0.9240140914916992,-0.12202396243810654,1.079479694366455,0
1745923217.987797,0.29668503999710083,0.2329573631286621,0.28216516971588135,0.25290966033935547,-0.9065511226654053,-0.107146717607975,1.0647172927856445,0
1745923217.9991102,0.2935553193092346,0.23282456398010254,0.27493834495544434,0.25058555603027344,-0.9683234691619873,0.017088662832975388,1.0519037246704102,0
1745923218.0100472,0.28849077224731445,0.23026394844055176,0.2716416120529175,0.24805355072021484,-0.9339741468429565,-0.019018040969967842,1.0384498834609985,0
1745923218.020737,0.2861197590827942,0.2258443832397461,0.2672830820083618,0.24512529373168945,-1.0418987274169922,-0.009106941521167755,1.0243725776672363,0
1745923218.0321705,0.2821364998817444,0.2252943515777588,0.2642098665237427,0.24265003204345703,-0.9739856719970703,0.011821078136563301,1.0142908096313477,0
1745923218.0488477,0.28077077865600586,0.22510457038879395,0.262570858001709,0.23909807205200195,-0.8946662545204163,0.0876733660697937,1.0075442790985107,0
1745923218.0541468,0.27758413553237915,0.22034358978271484,0.2617698907852173,0.2384176254272461,0.0,0.0,0.9981152415275574,0
1745923218.0653963,0.27600979804992676,0.2191295623779297,0.2585103511810303,0.2373027801513672,0.0,0.0,0.9909524917602539,0
1745923218.076178,0.2748526930809021,0.2198314666748047,0.2541705369949341,0.23520565032958984,0.0,0.0,0.9840603470802307,0
1745923218.086751,0.2727851867675781,0.2219557762145996,0.25186097621917725,0.23229598999023438,0.0,0.0,0.9788979291915894,0
1745923218.0976758,0.26808106899261475,0.21928143501281738,0.2512836456298828,0.23078441619873047,0.0,0.0,0.9694305658340454,0
1745923218.108249,0.26445817947387695,0.2141408920288086,0.24968171119689941,0.2308788299560547,0.0,0.0,0.9591596126556396,0
1745923218.121003,0.26349079608917236,0.21139049530029297,0.2462918758392334,0.22647666931152344,0.0,0.0,0.9476498365402222,0
1745923218.1323664,0.2644771337509155,0.2109544277191162,0.24394500255584717,0.22562646865844727,0.0,0.0,0.9450030326843262,0
1745923218.1421325,0.2615939974784851,0.20903849601745605,0.24364697933197021,0.22428464889526367,0.0,0.0,0.938564121723175,0
1745923218.1548831,0.25819867849349976,0.20765376091003418,0.2392885684967041,0.22148847579956055,0.0,0.0,0.9266294836997986,0
1745923218.1651316,0.2549741268157959,0.206193208694458,0.24074137210845947,0.22088384628295898,0.0,0.0,0.9227925539016724,0
1745923218.1767433,0.25590354204177856,0.2061173915863037,0.24124431610107422,0.21903228759765625,0.0,0.0,0.9222975373268127,0
1745923218.1858199,0.25300145149230957,0.20833683013916016,0.23878562450408936,0.21861648559570312,0.0,0.0,0.9187403917312622,0
1745923218.1983478,0.2535894513130188,0.20522594451904297,0.2377612590789795,0.21702957153320312,0.0,0.0,0.9136062264442444,0
1745923218.2091358,0.2547275424003601,0.20348095893859863,0.2362525463104248,0.21797418594360352,0.0,0.0,0.9124352335929871,0
1745923218.2190452,0.25324803590774536,0.20332908630371094,0.2357497215270996,0.21697282791137695,0.0,0.0,0.9092996716499329,0
1745923218.2305565,0.24916988611221313,0.20133757591247559,0.2341850996017456,0.21710491180419922,0.0,0.0,0.9017974734306335,0
1745923218.2413015,0.2469695806503296,0.20059776306152344,0.23241567611694336,0.21568775177001953,0.0,0.0,0.8956707715988159,0
1745923218.251797,0.24676090478897095,0.1986250877380371,0.2324901819229126,0.21347713470458984,0.0,0.0,0.8913533091545105,0
1745923218.266155,0.24562281370162964,0.19545745849609375,0.23129808902740479,0.21079444885253906,0.0,0.0,0.8831728100776672,0
1745923218.2743359,0.2438967227935791,0.19653844833374023,0.22820627689361572,0.20977401733398438,0.0,0.0,0.8784154653549194,0
1745923218.284633,0.2424551248550415,0.19718337059020996,0.22751712799072266,0.20856475830078125,0.0,0.0,0.8757203817367554,0
1745923218.296266,0.23887014389038086,0.19834041595458984,0.22777783870697021,0.20720434188842773,0.0,0.0,0.8721927404403687,0
1745923218.3090222,0.24036866426467896,0.19591259956359863,0.22746121883392334,0.20620298385620117,0.0,0.0,0.8699454665184021,0
1745923218.318375,0.2386046051979065,0.19337081909179688,0.22656714916229248,0.20561695098876953,0.0,0.0,0.8641595244407654,0
1745923218.329384,0.23657500743865967,0.193864107131958,0.2267906665802002,0.20523929595947266,0.0,0.0,0.8624690771102905,0
1745923218.341137,0.23570245504379272,0.1947176456451416,0.22787094116210938,0.20499372482299805,0.0,0.0,0.8632847666740417,0
1745923218.3515425,0.23494374752044678,0.19488835334777832,0.22520744800567627,0.20499372482299805,0.0,0.0,0.8600332736968994,0
1745923218.364145,0.2324020266532898,0.192213773727417,0.22453689575195312,0.2027454376220703,0.0,0.0,0.8518981337547302,0
1745923218.3725421,0.2335401177406311,0.19244146347045898,0.22174310684204102,0.2010636329650879,0.0,0.0,0.848788321018219,0
1745923218.383272,0.23352116346359253,0.1890270709991455,0.22258126735687256,0.20085573196411133,0.0,0.0,0.8459852337837219,0
1745923218.394549,0.23247790336608887,0.1900324821472168,0.22025299072265625,0.20087480545043945,0.0,0.0,0.8436381816864014,0
1745923218.405592,0.23162436485290527,0.19001340866088867,0.21870708465576172,0.20180034637451172,0.0,0.0,0.8421452045440674,0
1745923218.4172497,0.2303534746170044,0.1909618377685547,0.21969425678253174,0.20134687423706055,0.0,0.0,0.8423564434051514,0
1745923218.4292285,0.23065698146820068,0.19208097457885742,0.21967566013336182,0.19985437393188477,0.0,0.0,0.8422679901123047,0
1745923218.4385293,0.2302965521812439,0.19285869598388672,0.21634161472320557,0.20061016082763672,0.0,0.0,0.8401070237159729,0
1745923218.449042,0.23031550645828247,0.18898916244506836,0.21410655975341797,0.20045900344848633,0.0,0.0,0.8338702321052551,0
1745923218.4635713,0.22678744792938232,0.1872251033782959,0.21462798118591309,0.20087480545043945,0.0,0.0,0.8295153379440308,0
1745923218.4713547,0.22561144828796387,0.18819260597229004,0.2162485122680664,0.19883394241333008,0.0,0.0,0.8288865089416504,0
1745923218.4841876,0.22665470838546753,0.19007039070129395,0.21677005290985107,0.19685029983520508,0.0,0.0,0.8303454518318176,0
1745923218.496327,0.22585803270339966,0.19247937202453613,0.21382713317871094,0.19768142700195312,0.0,0.0,0.8298459649085999,0
1745923218.5046654,0.22454923391342163,0.19107580184936523,0.21136856079101562,0.1983051300048828,0.0,0.0,0.8252987265586853,0
1745923218.5166473,0.22435951232910156,0.18750977516174316,0.21159207820892334,0.19556522369384766,0.0,0.0,0.8190265893936157,0
1745923218.5310545,0.2236197590827942,0.18335580825805664,0.21159207820892334,0.19581079483032227,0.0,0.0,0.8143784403800964,0
1745923218.538245,0.22086942195892334,0.1833937168121338,0.21038126945495605,0.19522523880004883,0.0,0.0,0.809869647026062,0
1745923218.5490975,0.2204710841178894,0.18417143821716309,0.2087422013282776,0.19292020797729492,0.0,0.0,0.806304931640625,0
1745923218.5632114,0.218422532081604,0.18329882621765137,0.20918923616409302,0.19412946701049805,0.0,0.0,0.8050400614738464,0
1745923218.5718648,0.21893465518951416,0.18381094932556152,0.20982253551483154,0.19494199752807617,0.0,0.0,0.8075101375579834,0
1745923218.582354,0.21986407041549683,0.18470239639282227,0.2084442377090454,0.1942429542541504,0.0,0.0,0.8072536587715149,0
1745923218.595666,0.22208338975906372,0.1822366714477539,0.20755016803741455,0.19273138046264648,0.0,0.0,0.8046016097068787,0
1745923218.60411,0.22049003839492798,0.1804347038269043,0.20807170867919922,0.1922588348388672,0.0,0.0,0.8012552857398987,0
1745923218.6349697,0.217948317527771,0.18155360221862793,0.2063581347465515,0.19137096405029297,0.0,0.0,0.7972310185432434,0
1745923218.6364264,0.2199968695640564,0.18335580825805664,0.20646989345550537,0.1901993751525879,0.0,0.0,0.8000219464302063,0
1745923218.6364264,0.22166603803634644,0.18299531936645508,0.20637673139572144,0.1909928321838379,0.0,0.0,0.8020309209823608,0
1745923218.648004,0.21811902523040771,0.18060541152954102,0.20728939771652222,0.1883101463317871,0.0,0.0,0.7943239808082581,0
1745923218.6615982,0.21605151891708374,0.17960000038146973,0.2070845365524292,0.18717622756958008,0.0,0.0,0.7899122834205627,0
1745923218.669717,0.2161273956298828,0.17772221565246582,0.20332211256027222,0.1866283416748047,0.0,0.0,0.7838000655174255,0
1745923218.680512,0.2145150899887085,0.17977070808410645,0.2036573886871338,0.18443679809570312,0.0,0.0,0.7823799848556519,0
1745923218.6963992,0.2133200764656067,0.17789292335510254,0.20047235488891602,0.18400192260742188,0.0,0.0,0.7756872773170471,0
1745923218.702648,0.21442025899887085,0.17597699165344238,0.20149677991867065,0.18753528594970703,0.0,0.0,0.7794293165206909,0
1745923218.7133665,0.21514099836349487,0.17658400535583496,0.20110565423965454,0.1870441436767578,0.0,0.0,0.7798748016357422,0
1745923218.730353,0.21400296688079834,0.18077611923217773,0.2006213665008545,0.18659067153930664,0.0,0.0,0.7819911241531372,0
1745923218.736541,0.21273207664489746,0.17948627471923828,0.19916856288909912,0.1874408721923828,0.0,0.0,0.7788277864456177,0
1745923218.746927,0.21278899908065796,0.17827224731445312,0.2000998854637146,0.18475770950317383,0.0,0.0,0.7759188413619995,0
1745923218.762955,0.21203023195266724,0.17713403701782227,0.19887053966522217,0.1827549934387207,0.0,0.0,0.7707898020744324,0
1745923218.7686443,0.21434438228607178,0.17721009254455566,0.1978275179862976,0.18311405181884766,0.0,0.0,0.7724960446357727,0
1745923218.7792194,0.21248549222946167,0.17641329765319824,0.19808828830718994,0.18301963806152344,0.0,0.0,0.7700067162513733,0
1745923218.7959266,0.2085021734237671,0.17944836616516113,0.19866567850112915,0.18485212326049805,0.0,0.0,0.7714683413505554,0
1745923218.8041089,0.20609325170516968,0.17946720123291016,0.19626295566558838,0.1851358413696289,0.0,0.0,0.7669592499732971,0
1745923218.8125427,0.20582765340805054,0.17899298667907715,0.19596493244171143,0.1868739128112793,0.0,0.0,0.7676594853401184,0
1745923218.8287587,0.20810383558273315,0.17783594131469727,0.19596493244171143,0.18485212326049805,0.0,0.0,0.7667568325996399,0
1745923218.8350348,0.2041015625,0.17626166343688965,0.19637471437454224,0.17999649047851562,0.0,0.0,0.7567344307899475,0
1745923218.845713,0.2041584849357605,0.17726683616638184,0.19602078199386597,0.17975091934204102,0.0,0.0,0.7571970224380493,0
1745923218.8625648,0.20531553030014038,0.17430782318115234,0.19659823179244995,0.18122482299804688,0.0,0.0,0.7574464082717896,0
1745923218.868694,0.20696574449539185,0.17307496070861816,0.19577866792678833,0.18105459213256836,0.0,0.0,0.7568739652633667,0
1745923218.8784688,0.20780038833618164,0.17385268211364746,0.19352495670318604,0.17856073379516602,0.0,0.0,0.7537387609481812,0
1745923218.8961494,0.20696574449539185,0.17339754104614258,0.19387882947921753,0.1787872314453125,0.0,0.0,0.7530293464660645,0
1745923218.9015243,0.20628291368484497,0.17343544960021973,0.19644922018051147,0.1808466911315918,0.0,0.0,0.757014274597168,0
1745923218.9113812,0.20510685443878174,0.17296123504638672,0.1951640248298645,0.18247175216674805,0.0,0.0,0.755703866481781,0
1745923218.9294145,0.2051827311515808,0.17385268211364746,0.19583457708358765,0.1798076629638672,0.0,0.0,0.7546776533126831,0
1745923218.9338677,0.204575777053833,0.17749452590942383,0.19408375024795532,0.1817913055419922,0.0,0.0,0.7579453587532043,0
1745923218.9544024,0.20357048511505127,0.1761476993560791,0.1930779218673706,0.18175363540649414,0.0,0.0,0.7545497417449951,0
1745923218.9630752,0.2016926407814026,0.1737957000732422,0.19162511825561523,0.17999649047851562,0.0,0.0,0.7471099495887756,0
1745923218.9671957,0.20243239402770996,0.17406129837036133,0.19171828031539917,0.17880630493164062,0.0,0.0,0.7470182776451111,0
1745923218.9774208,0.20402568578720093,0.1737957000732422,0.1917368769645691,0.17935419082641602,0.0,0.0,0.7489124536514282,0
1745923218.9880478,0.20537245273590088,0.17324566841125488,0.19242602586746216,0.17856073379516602,0.0,0.0,0.7496048808097839,0
1745923218.99999,0.2030773162841797,0.17250585556030273,0.1889057755470276,0.17663335800170898,0.0,0.0,0.741122305393219,0
1745923219.010297,0.2028307318687439,0.17298007011413574,0.18782544136047363,0.17835283279418945,0.0,0.0,0.7419890761375427,0
1745923219.0215006,0.2028307318687439,0.17184209823608398,0.18862634897232056,0.17859840393066406,0.0,0.0,0.7418975830078125,0
1745923219.0324697,0.20248925685882568,0.16812419891357422,0.19132709503173828,0.17500829696655273,0.0,0.0,0.7369488477706909,0
1745923219.0432384,0.20165467262268066,0.16287016868591309,0.19011646509170532,0.1749706268310547,0.0,0.0,0.7296119332313538,0
1745923219.0627792,0.2004217505455017,0.16414093971252441,0.18937140703201294,0.17740774154663086,0.0,0.0,0.7313418388366699,0
1745923219.0658488,0.20173054933547974,0.1676499843597412,0.19030267000198364,0.17487621307373047,0.0,0.0,0.7345594167709351,0
1745923219.0770667,0.2008579969406128,0.16992616653442383,0.1888871192932129,0.17383718490600586,0.0,0.0,0.7335084676742554,0
1745923219.0871332,0.20167362689971924,0.17081785202026367,0.18827247619628906,0.17523527145385742,0.0,0.0,0.7359992265701294,0
1745923219.099072,0.20002341270446777,0.16930031776428223,0.18819797039031982,0.17597198486328125,0.0,0.0,0.7334936857223511,0
1745923219.110008,0.19668501615524292,0.1691296100616455,0.18519920110702515,0.1748194694519043,0.0,0.0,0.7258332967758179,0
1745923219.1200097,0.19634360074996948,0.17102646827697754,0.18596285581588745,0.17353487014770508,0.0,0.0,0.7268677949905396,0
1745923219.1322432,0.19708335399627686,0.17275261878967285,0.1877695918083191,0.1752161979675293,0.0,0.0,0.7328217625617981,0
1745923219.1428683,0.19877153635025024,0.17279052734375,0.18614912033081055,0.17247676849365234,0.0,0.0,0.7301879525184631,0
1745923219.1533782,0.19666606187820435,0.17375779151916504,0.18452870845794678,0.17111635208129883,0.0,0.0,0.726068913936615,0
1745923219.165463,0.19660913944244385,0.17100739479064941,0.185106098651886,0.1740260124206543,0.0,0.0,0.7267486453056335,0
1745923219.1755912,0.19750064611434937,0.17102646827697754,0.18519920110702515,0.17336463928222656,0.0,0.0,0.7270909547805786,0
1745923219.1859403,0.19611597061157227,0.17157649993896484,0.18417483568191528,0.1718907356262207,0.0,0.0,0.7237580418586731,0
1745923219.1977885,0.19486409425735474,0.17022967338562012,0.18566489219665527,0.17245769500732422,0.0,0.0,0.7232163548469543,0
1745923219.2097292,0.19480717182159424,0.1722402572631836,0.1847894787788391,0.17226886749267578,0.0,0.0,0.7241057753562927,0
1745923219.2194743,0.19520550966262817,0.17320775985717773,0.1862608790397644,0.17185306549072266,0.0,0.0,0.726527214050293,0
1745923219.2319772,0.19577455520629883,0.17129206657409668,0.18460321426391602,0.17168283462524414,0.0,0.0,0.7233526706695557,0
1745923219.2442727,0.19569867849349976,0.1704573631286621,0.18391406536102295,0.17242002487182617,0.0,0.0,0.722490131855011,0
1745923219.2522814,0.19475030899047852,0.17125391960144043,0.18220049142837524,0.1726088523864746,0.0,0.0,0.7208135724067688,0
1745923219.2651012,0.19668501615524292,0.16922450065612793,0.18290823698043823,0.17368602752685547,0.0,0.0,0.7225037813186646,0
1745923219.2741435,0.19363117218017578,0.16438746452331543,0.18372780084609985,0.17238187789916992,0.0,0.0,0.714128315448761,0
1745923219.2846227,0.1928344964981079,0.16922450065612793,0.18162310123443604,0.1695103645324707,0.0,0.0,0.7131924629211426,0
1745923219.2989676,0.19065314531326294,0.16753625869750977,0.18087804317474365,0.16890573501586914,0.0,0.0,0.7079731822013855,0
1745923219.3075275,0.19186711311340332,0.16721391677856445,0.18268471956253052,0.1702280044555664,0.0,0.0,0.7119937539100647,0
1745923219.3177135,0.1935552954673767,0.16823816299438477,0.18043100833892822,0.17056846618652344,0.0,0.0,0.7127929329872131,0
1745923219.3344939,0.1919999122619629,0.16867446899414062,0.18052417039871216,0.17026615142822266,0.0,0.0,0.7114647030830383,0
1745923219.3413765,0.19110840559005737,0.17019176483154297,0.17994678020477295,0.17088937759399414,0.0,0.0,0.7121363282203674,0
1745923219.3521576,0.19004619121551514,0.16728973388671875,0.18044966459274292,0.17136192321777344,0.0,0.0,0.7091475129127502,0
1745923219.3644614,0.1900651454925537,0.16560149192810059,0.18119466304779053,0.17090845108032227,0.0,0.0,0.7077697515487671,0
1745923219.373952,0.19171535968780518,0.16613268852233887,0.17949974536895752,0.1697559356689453,0.0,0.0,0.7071037292480469,0
1745923219.3842602,0.1901220679283142,0.16653084754943848,0.17780476808547974,0.1679229736328125,0.0,0.0,0.7023806571960449,0
1745923219.396633,0.18866151571273804,0.16489958763122559,0.18072903156280518,0.16773414611816406,0.0,0.0,0.7020242810249329,0
1745923219.4052706,0.1892305612564087,0.16448235511779785,0.18037515878677368,0.16724300384521484,0.0,0.0,0.7013310790061951,0
1745923219.4185169,0.18962889909744263,0.16471004486083984,0.1773950457572937,0.16780948638916016,0.0,0.0,0.6995434761047363,0
1745923219.4314442,0.18978065252304077,0.16408395767211914,0.1764451265335083,0.16709184646606445,0.0,0.0,0.6974015831947327,0
1745923219.4400709,0.1886235475540161,0.16387534141540527,0.17841941118240356,0.16786623001098633,0.0,0.0,0.6987845301628113,0
1745923219.451206,0.18968576192855835,0.16302180290222168,0.177171528339386,0.16898107528686523,0.0,0.0,0.6988601684570312,0
1745923219.4622982,0.19023585319519043,0.164994478225708,0.1772087812423706,0.1681499481201172,0.0,0.0,0.7005890607833862,0
1745923219.4718783,0.1885666847229004,0.16539287567138672,0.1794438362121582,0.16875457763671875,0.0,0.0,0.7021579742431641,0
1745923219.484275,0.1882062554359436,0.16497564315795898,0.18013298511505127,0.16654396057128906,0.0,0.0,0.6998588442802429,0
1745923219.4966648,0.18761825561523438,0.16535496711730957,0.1789036989212036,0.1678476333618164,0.0,0.0,0.699724555015564,0
1745923219.5057123,0.1876562237739563,0.16455817222595215,0.17657548189163208,0.1696615219116211,0.0,0.0,0.6984513998031616,0
1745923219.517218,0.18742859363555908,0.16230106353759766,0.17579323053359985,0.1717395782470703,0.0,0.0,0.6972624659538269,0
1745923219.5327415,0.1874096393585205,0.15822291374206543,0.17655688524246216,0.16932106018066406,0.0,0.0,0.6915104985237122,0
1745923219.53793,0.18589216470718384,0.15826082229614258,0.1767989993095398,0.16873550415039062,0.0,0.0,0.6896874904632568,0
1745923219.5511785,0.18562662601470947,0.1617131233215332,0.17711561918258667,0.1657123565673828,0.0,0.0,0.6901677250862122,0
1745923219.5628946,0.1857973337173462,0.15970253944396973,0.17482465505599976,0.1648998260498047,0.0,0.0,0.6852243542671204,0
1745923219.5720513,0.1841091513633728,0.16010069847106934,0.1749364137649536,0.16813087463378906,0.0,0.0,0.6872771382331848,0
1745923219.5815308,0.18382465839385986,0.15892481803894043,0.17570006847381592,0.16852760314941406,0.0,0.0,0.6869771480560303,0
1745923219.5952005,0.1856834888458252,0.1587541103363037,0.17596083879470825,0.1674509048461914,0.0,0.0,0.6878493428230286,0
1745923219.6055753,0.18685954809188843,0.1591334342956543,0.17741364240646362,0.16622257232666016,0.0,0.0,0.6896291971206665,0
1745923219.6154354,0.1858542561531067,0.16097331047058105,0.1779165267944336,0.16550445556640625,0.0,0.0,0.6902485489845276,0
1745923219.6320467,0.18520933389663696,0.15987324714660645,0.1760353446006775,0.1641254425048828,0.0,0.0,0.6852433681488037,0
1745923219.6372263,0.1855507493019104,0.1571037769317627,0.17448937892913818,0.16527795791625977,0.0,0.0,0.682421863079071,0
1745923219.6471114,0.18562662601470947,0.15693306922912598,0.17385613918304443,0.16112089157104492,0.0,0.0,0.6775367259979248,0
1745923219.6629522,0.18348318338394165,0.15854525566101074,0.17411690950393677,0.16072416305541992,0.0,0.0,0.6768695116043091,0
1745923219.671308,0.18479198217391968,0.15829873085021973,0.17350220680236816,0.1638798713684082,0.0,0.0,0.6804727911949158,0
1745923219.6809878,0.1852472424507141,0.15759706497192383,0.17380023002624512,0.16584444046020508,0.0,0.0,0.6824889779090881,0
1745923219.696549,0.18433678150177002,0.16032838821411133,0.17519718408584595,0.16455984115600586,0.0,0.0,0.6844221949577332,0
1745923219.7034175,0.18433678150177002,0.15949368476867676,0.17149066925048828,0.16263246536254883,0.0,0.0,0.6779536008834839,0
1745923219.7140226,0.18545591831207275,0.15947484970092773,0.17011231184005737,0.16433334350585938,0.0,0.0,0.6793764233589172,0
1745923219.7294126,0.18403327465057373,0.15981626510620117,0.1722915768623352,0.1637287139892578,0.0,0.0,0.6798698306083679,0
1745923219.7365718,0.18215543031692505,0.15892481803894043,0.1743590235710144,0.1625194549560547,0.0,0.0,0.6779587268829346,0
1745923219.7474394,0.18276244401931763,0.15864014625549316,0.17432177066802979,0.16199016571044922,0.0,0.0,0.6777145266532898,0
1745923219.7657657,0.18262964487075806,0.15877294540405273,0.17270129919052124,0.16240596771240234,0.0,0.0,0.6765098571777344,0
1745923219.7688348,0.18084663152694702,0.15864014625549316,0.17365121841430664,0.16091346740722656,0.0,0.0,0.6740514636039734,0
1745923219.7803957,0.17944300174713135,0.15810918807983398,0.1721053123474121,0.15934514999389648,0.0,0.0,0.6690026521682739,0
1745923219.7956176,0.18395739793777466,0.1578056812286377,0.17365121841430664,0.16032743453979492,0.0,0.0,0.6757417321205139,0
1745923219.8031304,0.18310385942459106,0.15814709663391113,0.1730365753173828,0.16199016571044922,0.0,0.0,0.6762776970863342,0
1745923219.8148503,0.1824968457221985,0.15634512901306152,0.16959083080291748,0.1613478660583496,0.0,0.0,0.6697806715965271,0
1745923219.8299997,0.18335044384002686,0.15342402458190918,0.1718817949295044,0.16028976440429688,0.0,0.0,0.6689460277557373,0
1745923219.8349392,0.18232613801956177,0.1525893211364746,0.17344635725021362,0.16098880767822266,0.0,0.0,0.6693506240844727,0
1745923219.8452709,0.1807328462600708,0.15420174598693848,0.1692183017730713,0.15908050537109375,0.0,0.0,0.6632333993911743,0
1745923219.862799,0.17889291048049927,0.15564322471618652,0.1711181402206421,0.1580791473388672,0.0,0.0,0.6637334227561951,0
1745923219.86993,0.1836349368095398,0.1563260555267334,0.17342770099639893,0.1578521728515625,0.0,0.0,0.6712408661842346,0
1745923219.8797338,0.1829710602760315,0.1539170742034912,0.1715092658996582,0.1605544090270996,0.0,0.0,0.6689518094062805,0
1745923219.8899798,0.1807328462600708,0.1537463665008545,0.17184454202651978,0.1587214469909668,0.0,0.0,0.6650452017784119,0
1745923219.9007556,0.18147259950637817,0.15598464012145996,0.1720680594444275,0.1572098731994629,0.0,0.0,0.6667351722717285,0
1745923219.9127727,0.1815863847732544,0.157881498336792,0.17257094383239746,0.15726661682128906,0.0,0.0,0.6693054437637329,0
1745923219.92902,0.18029654026031494,0.15293073654174805,0.17139750719070435,0.15645408630371094,0.0,0.0,0.6610788702964783,0
1745923219.9352586,0.18088459968566895,0.15471386909484863,0.16947907209396362,0.15743684768676758,0.0,0.0,0.6625143885612488,0
1745923219.946582,0.1792912483215332,0.15771079063415527,0.16851049661636353,0.1585702896118164,0.0,0.0,0.6640828251838684,0
1745923219.955947,0.17805832624435425,0.15552949905395508,0.16765373945236206,0.1560196876525879,0.0,0.0,0.6572612524032593,0
1745923219.9669988,0.18027758598327637,0.15674328804016113,0.16929280757904053,0.15520715713500977,0.0,0.0,0.6615208387374878,0
1745923219.9779,0.17891186475753784,0.15537762641906738,0.17089462280273438,0.15575504302978516,0.0,0.0,0.6609391570091248,0
1745923219.9900548,0.1790446639060974,0.15338611602783203,0.16839873790740967,0.15637874603271484,0.0,0.0,0.657208263874054,0
1745923219.9995153,0.17885500192642212,0.15638303756713867,0.16880851984024048,0.15549039840698242,0.0,0.0,0.6595369577407837,0
1745923220.010738,0.17925333976745605,0.1556243896484375,0.16966533660888672,0.15418672561645508,0.0,0.0,0.6587297916412354,0
1745923220.0220938,0.18027758598327637,0.15082526206970215,0.17117398977279663,0.15790891647338867,0.0,0.0,0.6601857542991638,0
1745923220.0325205,0.17984133958816528,0.15080642700195312,0.16895753145217896,0.1570587158203125,0.0,0.0,0.6566640138626099,0
1745923220.0439148,0.17781174182891846,0.15442919731140137,0.16815662384033203,0.1569075584411621,0.0,0.0,0.657305121421814,0
1745923220.055406,0.17650294303894043,0.15590882301330566,0.1675233244895935,0.1552448272705078,0.0,0.0,0.6551799178123474,0
1745923220.0662618,0.17506134510040283,0.15262722969055176,0.1659960150718689,0.15331792831420898,0.0,0.0,0.6470025181770325,0
1745923220.0770712,0.17707198858261108,0.15027523040771484,0.16422659158706665,0.1567378044128418,0.0,0.0,0.6483116149902344,0
1745923220.0883842,0.18012583255767822,0.1507115364074707,0.16631269454956055,0.15675640106201172,0.0,0.0,0.6539064645767212,0
1745923220.1004434,0.17908263206481934,0.15541553497314453,0.16746747493743896,0.15414905548095703,0.0,0.0,0.6561146974563599,0
1745923220.1100543,0.17813420295715332,0.15670537948608398,0.16554903984069824,0.1552262306213379,0.0,0.0,0.6556148529052734,0
1745923220.1227098,0.1765788197517395,0.15439128875732422,0.16595876216888428,0.15430021286010742,0.0,0.0,0.6512290835380554,0
1745923220.1323714,0.1742836833000183,0.1516408920288086,0.1671321988105774,0.15416812896728516,0.0,0.0,0.6472249031066895,0
1745923220.1428142,0.17468202114105225,0.15160298347473145,0.1662195324897766,0.15479135513305664,0.0,0.0,0.6472958922386169,0
1745923220.1545749,0.1768254041671753,0.15277910232543945,0.16407757997512817,0.15550947189331055,0.0,0.0,0.6491915583610535,0
1745923220.1655264,0.17589592933654785,0.15207719802856445,0.1639285683631897,0.1546783447265625,0.0,0.0,0.6465800404548645,0
1745923220.175858,0.1762753129005432,0.15073060989379883,0.16571664810180664,0.1574554443359375,0.0,0.0,0.6501780152320862,0
1745923220.1874127,0.17547863721847534,0.15192556381225586,0.16577255725860596,0.15535831451416016,0.0,0.0,0.6485350728034973,0
1745923220.1988258,0.17640811204910278,0.1506357192993164,0.16646170616149902,0.15375232696533203,0.0,0.0,0.6472578644752502,0
1745923220.208393,0.17527002096176147,0.1505599021911621,0.16720670461654663,0.15481042861938477,0.0,0.0,0.647847056388855,0
1745923220.2215142,0.17487168312072754,0.14803695678710938,0.1641148328781128,0.15447044372558594,0.0,0.0,0.6414939165115356,0
1745923220.2312307,0.17515617609024048,0.14473652839660645,0.16512060165405273,0.1552448272705078,0.0,0.0,0.6402581334114075,0
1745923220.2422783,0.17572522163391113,0.14674711227416992,0.16571664810180664,0.1563405990600586,0.0,0.0,0.6445295810699463,0
1745923220.2559845,0.17542177438735962,0.14771461486816406,0.16657346487045288,0.15550947189331055,0.0,0.0,0.6452193260192871,0
1745923220.2648804,0.17557352781295776,0.15044593811035156,0.16681557893753052,0.1524486541748047,0.0,0.0,0.6452836990356445,0
1745923220.275609,0.17487168312072754,0.15276002883911133,0.16445010900497437,0.1512770652770996,0.0,0.0,0.6433588862419128,0
1745923220.2862003,0.17365771532058716,0.15114784240722656,0.163202166557312,0.15227842330932617,0.0,0.0,0.6402861475944519,0
1745923220.297758,0.17426466941833496,0.15050292015075684,0.1635746955871582,0.15378999710083008,0.0,0.0,0.6421322822570801,0
1745923220.3110967,0.17600977420806885,0.15158414840698242,0.16219639778137207,0.1555471420288086,0.0,0.0,0.6453374624252319,0
1745923220.3185015,0.17786866426467896,0.15088224411010742,0.1641334891319275,0.15358209609985352,0.0,0.0,0.6464664936065674,0
1745923220.3330576,0.17335420846939087,0.14957356452941895,0.16364920139312744,0.1536579132080078,0.0,0.0,0.6402348875999451,0
1745923220.3420513,0.17398017644882202,0.1482837200164795,0.16348153352737427,0.1552262306213379,0.0,0.0,0.6409716606140137,0
1745923220.355717,0.17536485195159912,0.14824557304382324,0.16288554668426514,0.1538090705871582,0.0,0.0,0.6403050422668457,0
1745923220.3648612,0.17458713054656982,0.14966821670532227,0.16329532861709595,0.15248632431030273,0.0,0.0,0.6400370001792908,0
1745923220.3746648,0.1756114363670349,0.1504838466644287,0.16309040784835815,0.1524677276611328,0.0,0.0,0.6416534185409546,0
1745923220.385804,0.17618048191070557,0.1494596004486084,0.16296005249023438,0.15195751190185547,0.0,0.0,0.6405576467514038,0
1745923220.3982587,0.17312663793563843,0.14801812171936035,0.16329532861709595,0.15140962600708008,0.0,0.0,0.6358497142791748,0
1745923220.4067228,0.1726144552230835,0.1501615047454834,0.1630345582962036,0.15401697158813477,0.0,0.0,0.6398274898529053,0
1745923220.4180367,0.17028141021728516,0.15006661415100098,0.16066908836364746,0.1522974967956543,0.0,0.0,0.6333146095275879,0
1745923220.4315443,0.1714763641357422,0.14987683296203613,0.161507248878479,0.1524486541748047,0.0,0.0,0.635309100151062,0
1745923220.4398148,0.16982614994049072,0.15245652198791504,0.16269928216934204,0.15448904037475586,0.0,0.0,0.6394709944725037,0
1745923220.4516096,0.17130565643310547,0.15232372283935547,0.16238266229629517,0.1540546417236328,0.0,0.0,0.6400666832923889,0
1745923220.4652445,0.1728610396385193,0.15277910232543945,0.160724937915802,0.15439462661743164,0.0,0.0,0.6407597064971924,0
1745923220.4757235,0.17183679342269897,0.1508631706237793,0.1605014204978943,0.1548295021057129,0.0,0.0,0.6380308866500854,0
1745923220.4841487,0.17208337783813477,0.15308260917663574,0.15997987985610962,0.15550947189331055,0.0,0.0,0.6406553387641907,0
1745923220.4966152,0.17193162441253662,0.15420174598693848,0.1610974669456482,0.15390348434448242,0.0,0.0,0.6411343216896057,0
1745923220.5065532,0.1708124876022339,0.15403103828430176,0.1613023281097412,0.15331792831420898,0.0,0.0,0.6394637823104858,0
1745923220.5177157,0.1714763641357422,0.15131855010986328,0.16228950023651123,0.15278863906860352,0.0,0.0,0.6378730535507202,0
1745923220.5381236,0.17168503999710083,0.15332913398742676,0.1612837314605713,0.1524677276611328,0.0,0.0,0.6387656331062317,0
1745923220.539144,0.17020553350448608,0.15459990501403809,0.1601288914680481,0.1546025276184082,0.0,0.0,0.6395368576049805,0
1745923220.5495117,0.17064177989959717,0.1530447006225586,0.16076219081878662,0.1548480987548828,0.0,0.0,0.6392967700958252,0
1745923220.5649676,0.17126774787902832,0.15147018432617188,0.15971916913986206,0.15322303771972656,0.0,0.0,0.6356801390647888,0
1745923220.5721223,0.16709476709365845,0.15158414840698242,0.16061317920684814,0.1538844108581543,0.0,0.0,0.6331765055656433,0
1745923220.5968177,0.16720855236053467,0.14925098419189453,0.1601288914680481,0.1532611846923828,0.0,0.0,0.6298496127128601,0
1745923220.6040874,0.16859322786331177,0.1504838466644287,0.15781933069229126,0.15290212631225586,0.0,0.0,0.6297985315322876,0
1745923220.6051166,0.16711372137069702,0.1486818790435791,0.15862023830413818,0.15307188034057617,0.0,0.0,0.6274877190589905,0
1745923220.6333861,0.16916227340698242,0.14896655082702637,0.1593838930130005,0.15375232696533203,0.0,0.0,0.6312650442123413,0
1745923220.6333861,0.16620326042175293,0.1528170108795166,0.1614885926246643,0.15004920959472656,0.0,0.0,0.6305580735206604,0
1745923220.6666179,0.16724646091461182,0.15403103828430176,0.16115331649780273,0.14997339248657227,0.0,0.0,0.6324042081832886,0
1745923220.6676426,0.16834664344787598,0.15348076820373535,0.1581173539161682,0.1526188850402832,0.0,0.0,0.6325636506080627,0
1745923220.6676426,0.1691243052482605,0.1506357192993164,0.15783792734146118,0.1515040397644043,0.0,0.0,0.6291019916534424,0
1745923220.6718488,0.1682138442993164,0.15207719802856445,0.16083669662475586,0.14953899383544922,0.0,0.0,0.6306667327880859,0
1745923220.6825802,0.16656363010406494,0.15302562713623047,0.16059458255767822,0.15171194076538086,0.0,0.0,0.6318957805633545,0
1745923220.700817,0.16519790887832642,0.1514892578125,0.15837806463241577,0.15473461151123047,0.0,0.0,0.6297998428344727,0
1745923220.7038958,0.1655014157295227,0.15425848960876465,0.1575213074684143,0.15509366989135742,0.0,0.0,0.6323748826980591,0
1745923220.7154958,0.1680431365966797,0.15518808364868164,0.1584153175354004,0.15367650985717773,0.0,0.0,0.6353230476379395,0
1745923220.730231,0.16920018196105957,0.1558518409729004,0.15984952449798584,0.15252399444580078,0.0,0.0,0.6374255418777466,0
1745923220.7381592,0.1698451042175293,0.15458106994628906,0.15727919340133667,0.15464019775390625,0.0,0.0,0.6363455653190613,0
1745923220.7482195,0.16883981227874756,0.15463805198669434,0.15776342153549194,0.1549992561340332,0.0,0.0,0.636240541934967,0
1745923220.7629519,0.16675329208374023,0.15782451629638672,0.1580801010131836,0.1538844108581543,0.0,0.0,0.6365423202514648,0
1745923220.7691329,0.16781550645828247,0.1558518409729004,0.15796834230422974,0.15450811386108398,0.0,0.0,0.6361438035964966,0
1745923220.7814314,0.16650670766830444,0.15425848960876465,0.16022205352783203,0.1528453826904297,0.0,0.0,0.6338326334953308,0
1745923220.800625,0.166639506816864,0.15376543998718262,0.15774482488632202,0.15201425552368164,0.0,0.0,0.6301640272140503,0
1745923220.8021843,0.16825181245803833,0.15224790573120117,0.1554538607597351,0.15407371520996094,0.0,0.0,0.6300272941589355,0
1745923220.8132536,0.17033827304840088,0.15408778190612793,0.1565713882446289,0.1532611846923828,0.0,0.0,0.6342586278915405,0
1745923220.8250124,0.16684818267822266,0.1528928279876709,0.15850847959518433,0.1540546417236328,0.0,0.0,0.6323041319847107,0
1745923220.8358285,0.16703784465789795,0.15403103828430176,0.15947699546813965,0.15191936492919922,0.0,0.0,0.6324652433395386,0
1745923220.8475623,0.16758793592453003,0.15497946739196777,0.1577075719833374,0.1509561538696289,0.0,0.0,0.6312311291694641,0
1745923220.8629315,0.16607046127319336,0.15154623985290527,0.15679490566253662,0.15116357803344727,0.0,0.0,0.6255751848220825,0
1745923220.8685486,0.16589975357055664,0.15224790573120117,0.15603125095367432,0.15061569213867188,0.0,0.0,0.624794602394104,0
1745923220.8836672,0.1668860912322998,0.15160298347473145,0.7896559238433838,0.15093708038330078,13.864227294921875,-10.375958442687988,1.2590820789337158,0
1745923220.8957007,0.16516000032424927,0.1532154083251953,59.6049690246582,0.1489720344543457,27.707164764404297,-20.77740478515625,60.07231521606445,0
1745923220.9035292,0.16567212343215942,0.15416383743286133,0.15569597482681274,0.1492934226989746,0.0,0.0,0.6248253583908081,0
1745923220.9125197,0.1644202470779419,0.1535947322845459,0.15573322772979736,0.15025663375854492,0.0,0.0,0.6240048408508301,0
1745923220.9290788,0.16563421487808228,0.1543724536895752,0.15565872192382812,0.1511826515197754,0.0,0.0,0.626848042011261,0
1745923220.9377038,0.16783452033996582,0.1535947322845459,0.1562175154685974,0.1515040397644043,0.0,0.0,0.6291508078575134,0
1745923220.9464037,0.16607046127319336,0.1534428596496582,0.15757715702056885,0.15012454986572266,0.0,0.0,0.6272150278091431,0
1745923220.956251,0.1652737855911255,0.15033221244812012,0.1554538607597351,0.15299654006958008,0.0,0.0,0.6240563988685608,0
1745923220.969743,0.16559624671936035,0.14777135848999023,0.1535167694091797,0.1527695655822754,0.0,0.0,0.6196539402008057,0
1745923220.9782045,0.16813796758651733,0.1504838466644287,0.15552836656570435,0.1511826515197754,0.0,0.0,0.6253328323364258,0
1745923220.9904308,0.16671538352966309,0.15107202529907227,0.15534210205078125,0.1507101058959961,0.0,0.0,0.6238396167755127,0
1745923221.0003877,0.16457200050354004,0.1516408920288086,0.15217572450637817,0.14980316162109375,0.0,0.0,0.6181917786598206,0
1745923221.0118275,0.1657480001449585,0.14927005767822266,0.15267860889434814,0.15101242065429688,0.0,0.0,0.6187090873718262,0
1745923221.0230784,0.1660325527191162,0.14773344993591309,0.15079736709594727,0.15142822265625,0.0,0.0,0.6159915924072266,0
1745923221.0335202,0.16607046127319336,0.1489853858947754,0.15137481689453125,0.15014362335205078,0.0,0.0,0.6165742874145508,0
1745923221.0457158,0.16498929262161255,0.15215301513671875,0.15293937921524048,0.14933109283447266,0.0,0.0,0.6194127798080444,0
1745923221.0569057,0.16438227891921997,0.15152716636657715,0.15495091676712036,0.14787626266479492,0.0,0.0,0.6187366247177124,0
1745923221.066496,0.16559624671936035,0.15323424339294434,0.15366578102111816,0.14759254455566406,0.0,0.0,0.6200888156890869,0
1745923221.0788443,0.165691077709198,0.1518876552581787,0.15411275625228882,0.1478571891784668,0.0,0.0,0.6195486783981323,0
1745923221.0996366,0.16519790887832642,0.15139436721801758,0.15273445844650269,0.1481027603149414,0.0,0.0,0.6174294948577881,0
1745923221.0996366,0.16747409105300903,0.15069246292114258,0.15396380424499512,0.1471390724182129,0.0,0.0,0.6192694306373596,0
1745923221.112316,0.16656363010406494,0.14957356452941895,0.15273445844650269,0.14795160293579102,0.0,0.0,0.6168232560157776,0
1745923221.1216717,0.16517895460128784,0.15162205696105957,0.15223157405853271,0.14827299118041992,0.0,0.0,0.6173055768013,0
1745923221.1330206,0.1630924940109253,0.15262722969055176,0.15323740243911743,0.15014362335205078,0.0,0.0,0.6191007494926453,0
1745923221.1433928,0.16565316915512085,0.14955449104309082,0.1537216305732727,0.14900970458984375,0.0,0.0,0.6179389953613281,0
1745923221.155018,0.1650272011756897,0.1490612030029297,0.1525481939315796,0.14766836166381836,0.0,0.0,0.6143049597740173,0
1745923221.1674347,0.16185951232910156,0.15033221244812012,0.1546342968940735,0.14740371704101562,0.0,0.0,0.6142297387123108,0
1745923221.1772363,0.1618785262107849,0.15057873725891113,0.15439218282699585,0.15027570724487305,0.0,0.0,0.6171251535415649,0
1745923221.1896348,0.16235268115997314,0.14909934997558594,0.1537402868270874,0.14955759048461914,0.0,0.0,0.6147499084472656,0
1745923221.1997159,0.16149914264678955,0.14815092086791992,0.1525854468345642,0.1492176055908203,0.0,0.0,0.611453115940094,0
1745923221.2102451,0.15958338975906372,0.14921307563781738,0.1516169309616089,0.14906644821166992,0.0,0.0,0.6094798445701599,0
1745923221.2210903,0.1597350835800171,0.15327215194702148,0.153498113155365,0.14732837677001953,0.0,0.0,0.6138337254524231,0
1745923221.2338698,0.1609300971031189,0.15236186981201172,0.15290212631225586,0.14700698852539062,0.0,0.0,0.6132010817527771,0
1745923221.2541692,0.16185951232910156,0.15380334854125977,0.150313138961792,0.14787626266479492,0.0,0.0,0.6138522624969482,0
1745923221.2551906,0.16185951232910156,0.15556740760803223,0.15085327625274658,0.14632701873779297,0.0,0.0,0.6146072149276733,0
1745923221.2747765,0.1627320647239685,0.1532912254333496,0.15113264322280884,0.14585447311401367,0.0,0.0,0.6130104064941406,0
1745923221.2761047,0.1611577272415161,0.15501737594604492,0.15116989612579346,0.15052127838134766,0.0,0.0,0.6178662776947021,0
1745923221.2871132,0.1599057912826538,0.1530447006225586,0.15236198902130127,0.1488208770751953,0.0,0.0,0.614133358001709,0
1745923221.2986314,0.15971612930297852,0.15260839462280273,0.15323740243911743,0.14598655700683594,0.0,0.0,0.6115484833717346,0
1745923221.3088772,0.15802794694900513,0.15232372283935547,0.150518000125885,0.14710140228271484,0.0,0.0,0.6079710721969604,0
1745923221.3202293,0.15931779146194458,0.15175485610961914,0.14755648374557495,0.14993572235107422,0.0,0.0,0.6085648536682129,0
1745923221.3315332,0.15922296047210693,0.15236186981201172,0.14886033535003662,0.1504077911376953,0.0,0.0,0.6108529567718506,0
1745923221.3409684,0.1607404351234436,0.15410685539245605,0.15139341354370117,0.15101242065429688,0.0,0.0,0.6172531247138977,0
1745923221.354104,0.15956437587738037,0.15270328521728516,0.15156108140945435,0.1507859230041504,0.0,0.0,0.6146146655082703,0
1745923221.3662944,0.1604938507080078,0.15361356735229492,0.14854365587234497,0.15033245086669922,0.0,0.0,0.6129835247993469,0
1745923221.3752863,0.1586918830871582,0.15162205696105957,0.14833879470825195,0.14885854721069336,0.0,0.0,0.6075112819671631,0
1745923221.3851576,0.15956437587738037,0.15067362785339355,0.15046215057373047,0.14645910263061523,0.0,0.0,0.6071592569351196,0
1745923221.3975277,0.16005754470825195,0.15177369117736816,0.15033173561096191,0.1462702751159668,0.0,0.0,0.6084332466125488,0
1745923221.4069052,0.15721231698989868,0.15323424339294434,0.14927005767822266,0.1456279754638672,0.0,0.0,0.6053445935249329,0
1745923221.418648,0.15962129831314087,0.15372753143310547,0.14850640296936035,0.14543867111206055,0.0,0.0,0.6072939038276672,0
1745923221.430766,0.1609870195388794,0.15184950828552246,0.14813393354415894,0.14490985870361328,0.0,0.0,0.6058803200721741,0
1745923221.440662,0.16265618801116943,0.15222907066345215,0.15027588605880737,0.14443731307983398,0.0,0.0,0.6095984578132629,0
1745923221.4541047,0.16277003288269043,0.1547706127166748,0.15340501070022583,0.14530658721923828,0.0,0.0,0.6162522435188293,0
1745923221.4648633,0.16058868169784546,0.15678143501281738,0.15394514799118042,0.14458847045898438,0.0,0.0,0.6159037351608276,0
1745923221.4731886,0.1600765585899353,0.15137553215026855,0.1512444019317627,0.14402151107788086,0.0,0.0,0.6067180037498474,0
1745923221.4838285,0.16239064931869507,0.15076851844787598,0.15178453922271729,0.1448531150817871,0.0,0.0,0.6097968220710754,0
1745923221.4983778,0.16229581832885742,0.1501615047454834,0.15245509147644043,0.14313364028930664,0.0,0.0,0.6080460548400879,0
1745923221.5070798,0.16144222021102905,0.1497631072998047,0.1518217921257019,0.14290714263916016,0.0,0.0,0.6059342622756958,0
1745923221.517833,0.1636425256729126,0.15073060989379883,0.15185904502868652,0.14534425735473633,0.0,0.0,0.6115764379501343,0
1745923221.533139,0.16330111026763916,0.15205836296081543,0.15243643522262573,0.14379501342773438,0.0,0.0,0.6115909218788147,0
1745923221.5393488,0.1600765585899353,0.1494596004486084,0.15185904502868652,0.1431903839111328,0.0,0.0,0.604585587978363,0
1745923221.5513964,0.16009551286697388,0.14553332328796387,0.15016412734985352,0.14364385604858398,0.0,0.0,0.5994368195533752,0
1745923221.565436,0.1618974804878235,0.14697480201721191,0.14923280477523804,0.1466670036315918,0.0,0.0,0.6047720909118652,0
1745923221.5720372,0.15984892845153809,0.14854907989501953,0.15090912580490112,0.14780044555664062,0.0,0.0,0.6071075797080994,0
1745923221.5843682,0.1584073305130005,0.14887166023254395,0.15286487340927124,0.1454768180847168,0.0,0.0,0.6056206822395325,0
1745923221.5966291,0.15778136253356934,0.14830255508422852,0.15433627367019653,0.14313364028930664,0.0,0.0,0.603553831577301,0
1745923221.6066527,0.15967822074890137,0.14763879776000977,0.152790367603302,0.14050722122192383,0.0,0.0,0.600614607334137,0
1745923221.6164489,0.16022825241088867,0.14887166023254395,0.1502944827079773,0.14092302322387695,0.0,0.0,0.6003174185752869,0
1745923221.6312492,0.15988683700561523,0.14991497993469238,0.14943772554397583,0.14232110977172852,0.0,0.0,0.601560652256012,0
1745923221.6385605,0.16102492809295654,0.1481318473815918,0.1488044261932373,0.13909053802490234,0.0,0.0,0.597051739692688,0
1745923221.6521492,0.15861600637435913,0.14856815338134766,0.14889758825302124,0.14065837860107422,0.0,0.0,0.5967401266098022,0
1745923221.6810641,0.1521478295326233,0.15145134925842285,0.14807802438735962,0.14585447311401367,0.0,0.0,0.5975316762924194,0
1745923221.6810641,0.07857048511505127,0.22106432914733887,0.11272627115249634,0.1983804702758789,0.0,0.0,0.6107415556907654,0
1745923221.6898632,0.07803046703338623,0.4160947799682617,0.04600268602371216,0.3942389488220215,0.0,0.0,0.9343668818473816,0
1745923221.6999447,0.1872868537902832,0.5664739608764648,0.19873416423797607,0.5482277870178223,0.5540114641189575,0.09513824433088303,1.5007227659225464,0
1745923221.7051158,0.3653597831726074,0.794243335723877,0.3698679208755493,0.7369818687438965,0.7631083130836487,0.4887901842594147,2.2664527893066406,0
1745923221.7171097,0.5681290626525879,1.0966334342956543,0.6564815640449524,1.0273303985595703,1.318278431892395,-0.11946502327919006,3.34857439994812,0
1745923221.7327597,0.8160426616668701,1.4693193435668945,0.9954709410667419,1.377706527709961,1.6290838718414307,-0.3958592414855957,4.658539772033691,0
1745923221.7368588,1.0787321329116821,1.8993840217590332,1.3657516241073608,1.7501130104064941,2.004624128341675,-0.47468528151512146,6.09398078918457,0
1745923221.747946,1.3827155828475952,2.3717093467712402,1.7653493881225586,2.158060073852539,2.1745615005493164,-0.46219706535339355,7.677834510803223,0
1745923221.7630672,1.6514371633529663,2.9151463508605957,2.242560625076294,2.617682933807373,2.639322519302368,-0.6541823744773865,9.426826477050781,0
1745923221.7703702,1.911091923713684,3.8116564750671387,2.6715683937072754,3.0506649017333984,3.722252368927002,0.0009449265198782086,11.444981575012207,0
1745923221.7838693,2.1681289672851562,4.200502872467041,3.070178985595703,3.4890499114990234,3.4946296215057373,-0.3096056282520294,12.927860260009766,0
1745923221.795846,2.469475746154785,4.668333053588867,3.435914993286133,3.9283809661865234,3.2946224212646484,-0.3279682695865631,14.502104759216309,0
1745923221.8038442,2.828296184539795,5.208735466003418,3.8688528537750244,4.422032356262207,3.133484363555908,-0.32649174332618713,16.32791519165039,0
1745923221.81471,3.232962131500244,5.78593635559082,4.340550899505615,4.968890190124512,2.9402434825897217,-0.33289405703544617,18.328338623046875,0
1745923221.835077,3.665492534637451,6.351850509643555,4.819252014160156,5.571864128112793,2.653061628341675,-0.3846064507961273,20.408458709716797,0
1745923221.83816,4.0966572761535645,6.86823844909668,5.257349967956543,6.208752632141113,2.272078514099121,-0.46923258900642395,22.43099594116211,0
1745923221.8474102,4.493375778198242,7.291322708129883,5.638768196105957,6.860455513000488,1.8174687623977661,-0.6178998351097107,24.283920288085938,0
1745923221.8640783,4.903182506561279,7.620894432067871,5.951756477355957,7.535813331604004,1.2203131914138794,-0.7778577208518982,26.011646270751953,0
1745923221.870401,5.3668012619018555,7.94638729095459,6.282773971557617,8.325519561767578,0.5383501052856445,-0.9740602374076843,27.92148208618164,0
1745923221.8811345,5.7799272537231445,8.303557395935059,6.6772308349609375,9.169679641723633,0.029170259833335876,-1.2372688055038452,29.930395126342773,0
1745923221.8988187,6.046069145202637,8.629544258117676,7.010241508483887,9.802298545837402,-0.1854759007692337,-1.4251537322998047,31.488155364990234,0
1745923221.908182,6.200128555297852,9.130643844604492,7.21108341217041,10.129642486572266,0.010247486643493176,-1.2919212579727173,32.6714973449707,0
1745923221.913902,6.329661846160889,9.32882308959961,7.321589469909668,10.284934997558594,0.03014739230275154,-1.2297859191894531,33.265010833740234,0
1745923221.9315748,6.5305914878845215,9.542802810668945,7.616920471191406,10.46798324584961,0.13209515810012817,-1.236644983291626,34.15829849243164,0
1745923221.9363055,6.83939266204834,9.796406745910645,7.917484283447266,10.840654373168945,0.0267738476395607,-1.2592304944992065,35.39393615722656,0
1745923221.9460177,7.222738742828369,10.067195892333984,8.286778450012207,11.422505378723145,-0.22042612731456757,-1.3731733560562134,36.99921798706055,0
1745923221.9645736,7.631161212921143,10.354961395263672,8.676318168640137,12.137993812561035,-0.5324811339378357,-1.5307042598724365,38.80043411254883,0
1745923221.9683707,8.012248992919922,10.630966186523438,9.028048515319824,12.880635261535645,-0.8519525527954102,-1.691038966178894,40.55189895629883,0
1745923221.979518,8.345614433288574,10.894794464111328,9.337404251098633,13.562397956848145,-1.1134918928146362,-1.8236087560653687,42.14021301269531,0
1745923221.9900079,8.610466003417969,11.124858856201172,9.579315185546875,14.137295722961426,-1.3168671131134033,-1.9241256713867188,43.451934814453125,0
1745923222.001863,8.823649406433105,11.316323280334473,9.767417907714844,14.594443321228027,-1.4687455892562866,-1.9922702312469482,44.501834869384766,0
1745923222.0126398,8.995234489440918,11.468409538269043,9.902007102966309,14.960406303405762,-1.5970124006271362,-2.037992238998413,45.32605743408203,0
1745923222.0311475,9.13034439086914,11.58214282989502,9.996048927307129,15.253287315368652,-1.7090781927108765,-2.0728909969329834,45.961822509765625,0
1745923222.035245,9.245386123657227,11.730511665344238,10.061946868896484,15.495190620422363,-1.7739518880844116,-2.067477226257324,46.53303527832031,0
1745923222.0452511,9.345576286315918,11.777400970458984,10.114062309265137,15.703709602355957,-1.8836300373077393,-2.1003215312957764,46.94075012207031,0
1745923222.0552535,9.42973804473877,11.81573486328125,10.14540958404541,15.883715629577637,-1.985520601272583,-2.1249618530273438,47.27459716796875,0
1745923222.0684683,9.520291328430176,11.86104965209961,10.177576065063477,16.031070709228516,-2.0667495727539062,-2.1301422119140625,47.589988708496094,0
1745923222.0822659,9.643735885620117,11.930624961853027,10.232782363891602,16.184852600097656,-2.1383793354034424,-2.119286298751831,47.99199676513672,0
1745923222.0979202,9.78880500793457,12.019472122192383,10.303281784057617,16.363250732421875,-2.2118799686431885,-2.1046676635742188,48.47480773925781,0
1745923222.1012352,9.935750961303711,12.117100715637207,10.385104179382324,16.747108459472656,-2.3799567222595215,-2.1686782836914062,49.18506622314453,0
1745923222.1123548,10.074654579162598,12.214426040649414,10.467411994934082,16.928985595703125,-2.4355287551879883,-2.158651113510132,49.68547821044922,0
1745923222.122754,10.203638076782227,12.31279468536377,10.551283836364746,17.097240447998047,-2.476437568664551,-2.148390531539917,50.16495895385742,0
1745923222.1342957,10.328827857971191,12.416797637939453,10.6393461227417,17.251453399658203,-2.501673460006714,-2.1338136196136475,50.63642501831055,0
1745923222.145032,10.470253944396973,12.535158157348633,10.737728118896484,17.40707015991211,-2.5205025672912598,-2.1100027561187744,51.150211334228516,0
1745923222.1554766,10.63918399810791,12.68265438079834,10.861943244934082,17.586658477783203,-2.5318470001220703,-2.079603910446167,51.77043914794922,0
1745923222.166156,10.82822036743164,13.03593635559082,11.009385108947754,17.802753448486328,-2.437495470046997,-1.9725685119628906,52.67629623413086,0
1745923222.1788776,11.020956039428711,13.206497192382812,11.168728828430176,18.042766571044922,-2.4565963745117188,-1.958587646484375,53.43894958496094,0
1745923222.1895995,11.199578285217285,13.364786148071289,11.323118209838867,18.26891326904297,-2.4716641902923584,-1.9495570659637451,54.156394958496094,0
1745923222.1996083,11.358569145202637,13.51761245727539,11.461246490478516,18.453868865966797,-2.470104694366455,-1.9312846660614014,54.791297912597656,0
1745923222.2098005,11.502840995788574,13.678974151611328,11.593880653381348,18.61205291748047,-2.447782039642334,-1.904869794845581,55.38774871826172,0
1745923222.2217493,11.650962829589844,13.834949493408203,11.720480918884277,18.772464752197266,-2.434917449951172,-1.8783469200134277,55.978858947753906,0
1745923222.234669,11.835959434509277,14.000314712524414,11.864606857299805,18.9940185546875,-2.4521007537841797,-1.8602977991104126,56.69490051269531,0
1745923222.243047,12.050773620605469,14.173625946044922,12.038087844848633,19.281856536865234,-2.491741895675659,-1.8595473766326904,57.54434585571289,0
1745923222.2535458,12.262742042541504,14.33384895324707,12.218664169311523,19.588584899902344,-2.5403597354888916,-1.8735719919204712,58.403839111328125,0
1745923222.2655115,12.449559211730957,14.484039306640625,12.384042739868164,19.859134674072266,-2.5742719173431396,-1.88420569896698,59.17677688598633,0
1745923222.2791817,12.609214782714844,14.626432418823242,12.52403450012207,20.071353912353516,-2.5880022048950195,-1.8812077045440674,59.83103561401367,0
1745923222.28745,12.74863052368164,14.762947082519531,12.64188003540039,20.244426727294922,-2.59066104888916,-1.868762731552124,60.397884368896484,0
1745923222.2984023,12.855534553527832,15.002115249633789,12.739311218261719,20.365028381347656,-2.5165810585021973,-1.8073632717132568,60.96199035644531,0
1745923222.3102508,12.93795108795166,15.108850479125977,12.807183265686035,20.429325103759766,-2.4906411170959473,-1.7783602476119995,61.28330993652344,0
1745923222.3206456,13.020766258239746,15.215621948242188,12.861775398254395,20.475955963134766,-2.4643657207489014,-1.7398245334625244,61.574119567871094,0
1745923222.333364,13.093546867370605,15.321292877197266,12.921192169189453,20.515029907226562,-2.429232120513916,-1.7048859596252441,61.8510627746582,0
1745923222.3420372,13.165606498718262,15.433755874633789,12.977907180786133,20.541217803955078,-2.3868021965026855,-1.6631935834884644,62.11848831176758,0
1745923222.3539126,13.240360260009766,15.53415298461914,13.036690711975098,20.584808349609375,-2.357861042022705,-1.6313011646270752,62.39601135253906,0
1745923222.3686106,13.303315162658691,15.605852127075195,13.093890190124512,20.646251678466797,-2.34631609916687,-1.6193389892578125,62.64931106567383,0
1745923222.3751023,13.356558799743652,15.648454666137695,13.143025398254395,20.734054565429688,-2.359586477279663,-1.6270674467086792,62.8820915222168,0
1745923222.3855376,13.406994819641113,15.677665710449219,13.192253112792969,20.837387084960938,-2.384324073791504,-1.6453417539596558,63.11429977416992,0
1745923222.398477,13.46116828918457,15.705207824707031,13.249322891235352,20.945858001708984,-2.409503936767578,-1.666703701019287,63.36155700683594,0
1745923222.407826,13.523896217346191,15.741872787475586,13.311644554138184,21.058998107910156,-2.4329237937927246,-1.6846070289611816,63.63641357421875,0
1745923222.420525,13.5848970413208,15.78912353515625,13.383167266845703,21.1689453125,-2.4447500705718994,-1.7010250091552734,63.92613220214844,0
1745923222.4330542,13.644722938537598,15.877059936523438,13.452027320861816,21.27794647216797,-2.43760347366333,-1.7022415399551392,64.25175476074219,0
1745923222.4443026,13.687590599060059,15.897184371948242,13.515392303466797,21.378067016601562,-2.4548795223236084,-1.7289927005767822,64.47823333740234,0
1745923222.4526343,13.705326080322266,15.902608871459961,13.589783668518066,21.452186584472656,-2.4535741806030273,-1.7651182413101196,64.64990234375,0
1745923222.4653788,13.720234870910645,15.904922485351562,13.61414623260498,21.517620086669922,-2.4727232456207275,-1.7857367992401123,64.75692749023438,0
1745923222.4749942,13.724540710449219,15.898303985595703,13.629437446594238,21.585845947265625,-2.4972050189971924,-1.8112983703613281,64.83812713623047,0
1745923222.4858143,13.71757984161377,15.870477676391602,13.640501022338867,21.64496612548828,-2.5255889892578125,-1.8442903757095337,64.87352752685547,0
1745923222.5007129,13.712780952453613,15.837491989135742,13.6537446975708,21.71255111694336,-2.5595102310180664,-1.8814371824264526,64.91656494140625,0
1745923222.5076935,13.686205863952637,15.802457809448242,13.649535179138184,21.7698974609375,-2.5900487899780273,-1.9188082218170166,64.90809631347656,0
1745923222.5202925,13.629548072814941,15.748968124389648,13.624725341796875,21.789112091064453,-2.612330436706543,-1.9561214447021484,64.7923583984375,0
1745923222.5319917,13.568925857543945,15.68121337890625,13.590807914733887,21.786540985107422,-2.635666608810425,-1.9909706115722656,64.62748718261719,0
1745923222.5427856,13.517162322998047,15.60983657836914,13.560150146484375,21.795269012451172,-2.6672146320343018,-2.0284106731414795,64.482421875,0
1745923222.5509062,13.478751182556152,15.462852478027344,13.53487491607666,21.826351165771484,-2.7464821338653564,-2.096518039703369,64.30282592773438,0
1745923222.5653257,13.457677841186523,15.38925552368164,13.5289888381958,21.894485473632812,-2.802997589111328,-2.148848056793213,64.2704086303711,0
1745923222.576367,13.436205863952637,15.308073043823242,13.529473304748535,21.991260528564453,-2.8712007999420166,-2.214354991912842,64.2650146484375,0
1745923222.5864756,13.403068542480469,15.216039657592773,13.515969276428223,22.080989837646484,-2.9440817832946777,-2.2819032669067383,64.216064453125,0
1745923222.598329,13.365625381469727,15.12282943725586,13.495611190795898,22.154037475585938,-3.012782573699951,-2.344707727432251,64.13810729980469,0
1745923222.606619,13.321107864379883,15.024478912353516,13.47268295288086,22.224246978759766,-3.081538200378418,-2.4105582237243652,64.04251098632812,0
1745923222.6186895,13.273307800292969,14.91617202758789,13.451040267944336,22.291793823242188,-3.1524107456207275,-2.4810690879821777,63.93231201171875,0
1745923222.6315544,13.23391056060791,14.819433212280273,13.429787635803223,22.3631591796875,-3.2224223613739014,-2.545670509338379,63.846290588378906,0
1745923222.6393416,13.194305419921875,14.732900619506836,13.411925315856934,22.43166732788086,-3.2847657203674316,-2.606900691986084,63.77079772949219,0
1745923222.6531568,13.150811195373535,14.652286529541016,13.390003204345703,22.484722137451172,-3.3388514518737793,-2.661903142929077,63.67782211303711,0
1745923222.6693652,13.102291107177734,14.571500778198242,13.36141300201416,22.532527923583984,-3.3924965858459473,-2.7155776023864746,63.56773376464844,0
1745923222.67559,13.05103874206543,14.482769012451172,13.32812786102295,22.572677612304688,-3.4485743045806885,-2.7698912620544434,63.43461227416992,0
1745923222.68299,12.99092960357666,14.283205032348633,13.285736083984375,22.60763168334961,-3.559256076812744,-2.8654584884643555,63.167503356933594,0
1745923222.6992657,12.925564765930176,14.200977325439453,13.235856056213379,22.63058853149414,-3.6089887619018555,-2.9136252403259277,62.992984771728516,0
1745923222.7075932,12.859575271606445,14.11833381652832,13.183853149414062,22.642131805419922,-3.655611038208008,-2.9585680961608887,62.80389404296875,0
1745923222.716217,12.807108879089355,14.036088943481445,13.137381553649902,22.660289764404297,-3.707324504852295,-3.0019378662109375,62.640869140625,0
1745923222.7313654,12.757488250732422,13.948986053466797,13.095715522766113,22.693920135498047,-3.76643967628479,-3.0521316528320312,62.49610900878906,0
1745923222.738415,12.705648422241211,13.84303092956543,13.044513702392578,22.73666000366211,-3.8429951667785645,-3.110586404800415,62.32985305786133,0
1745923222.7532606,12.656198501586914,13.739084243774414,12.983345985412598,22.77762222290039,-3.9242870807647705,-3.164273500442505,62.15625,0
1745923222.7650752,12.605459213256836,13.648075103759766,12.918472290039062,22.809120178222656,-3.997103214263916,-3.209932327270508,61.98112487792969,0
1745923222.771824,12.55551528930664,13.564008712768555,12.848644256591797,22.828128814697266,-4.064770221710205,-3.2478034496307373,61.79629898071289,0
1745923222.7896223,12.502006530761719,13.466987609863281,12.773433685302734,22.841201782226562,-4.138730525970459,-3.289160966873169,61.5836296081543,0
1745923222.805796,12.440644264221191,13.375370025634766,12.690232276916504,22.84679412841797,-4.208616256713867,-3.3273208141326904,61.3530387878418,0
1745923222.805796,12.371866226196289,13.283773422241211,12.59272575378418,22.838443756103516,-4.278284549713135,-3.360563278198242,61.08681106567383,0
1745923222.8151863,12.290322303771973,13.047735214233398,12.480916023254395,22.811634063720703,-4.421075344085693,-3.4478347301483154,60.63060760498047,0
1745923222.8316257,12.195784568786621,12.924555778503418,12.355024337768555,22.777679443359375,-4.504814624786377,-3.4896106719970703,60.25304412841797,0
1745923222.8372076,12.103998184204102,12.787833213806152,12.217416763305664,22.75827407836914,-4.610124111175537,-3.5371618270874023,59.86751937866211,0
1745923222.847948,12.005951881408691,12.634608268737793,12.078300476074219,22.737831115722656,-4.723848819732666,-3.593994140625,59.45669174194336,0
1745923222.8664126,11.864449501037598,12.453652381896973,11.922775268554688,22.672080993652344,-4.8288679122924805,-3.6632323265075684,58.91295623779297,0
1745923222.870095,11.70041275024414,12.244566917419434,11.724968910217285,22.580951690673828,-4.956682205200195,-3.7352163791656494,58.25090026855469,0
1745923222.8818188,11.525337219238281,12.01402759552002,11.508929252624512,22.485591888427734,-5.104178428649902,-3.8161566257476807,57.53388595581055,0
1745923222.891969,11.322017669677734,11.756763458251953,11.2684326171875,22.360511779785156,-5.2621636390686035,-3.906935453414917,56.707725524902344,0
1745923222.9067154,11.089164733886719,11.486676216125488,11.004151344299316,22.191864013671875,-5.417170524597168,-3.998857021331787,55.771854400634766,0
1745923222.9136508,10.804149627685547,11.19354248046875,10.716158866882324,21.93560028076172,-5.548844814300537,-4.094010353088379,54.649452209472656,0
1745923222.9311593,10.468660354614258,10.867802619934082,10.382701873779297,21.584182739257812,-5.674417495727539,-4.188082695007324,53.303348541259766,0
1745923222.9362955,10.097264289855957,10.517423629760742,10.009049415588379,21.163936614990234,-5.803936004638672,-4.28140926361084,51.78767395019531,0
1745923222.9466257,9.701436996459961,9.743978500366211,9.60462760925293,20.69341278076172,-6.217799663543701,-4.581610202789307,49.74345397949219,0
1745923222.9580257,9.274825096130371,9.314160346984863,9.177017211914062,20.185550689697266,-6.40516471862793,-4.718204498291016,47.95155334472656,0
1745923222.968213,8.804642677307129,8.833242416381836,8.259119033813477,19.63272476196289,-6.976982593536377,-4.72950553894043,45.52973175048828,0
1745923222.9796615,8.295576095581055,8.30943775177002,7.771700859069824,19.039440155029297,-7.257863998413086,-4.936610698699951,43.41615676879883,0
1745923222.9902515,7.7239909172058105,7.731023788452148,7.241424560546875,18.36438751220703,-7.580121040344238,-5.191486358642578,41.060829162597656,0
1745923223.0029194,7.076229572296143,7.102400779724121,6.655047416687012,17.550270080566406,-7.928663730621338,-5.485637664794922,38.383949279785156,0
1745923223.0130823,6.356141567230225,6.42933464050293,6.0108184814453125,16.57683563232422,-8.305713653564453,-5.819267749786377,35.373130798339844,0
1745923223.031385,5.5448174476623535,5.692480087280273,5.275304794311523,15.39074420928955,-8.748228073120117,-6.20636510848999,31.90334701538086,0
1745923223.0356045,4.6890130043029785,4.894357204437256,4.45889949798584,13.939509391784668,-9.281306266784668,-6.615583896636963,27.981779098510742,0
1745923223.0463898,3.948080062866211,4.150540828704834,3.705467462539673,12.379992485046387,-9.808839797973633,-6.9352898597717285,24.18408203125,0
1745923223.0570683,3.274749279022217,3.580718994140625,3.034510612487793,10.811934471130371,-10.10538101196289,-7.091639995574951,20.70191192626953,0
1745923223.067191,2.610579490661621,3.062452793121338,2.3962793350219727,9.174572944641113,-10.272613525390625,-7.182500839233398,17.243885040283203,0
1745923223.0789456,1.9882732629776,2.1376047134399414,1.8076298236846924,7.55302619934082,-11.618243217468262,-8.151118278503418,13.486534118652344,0
1745923223.0980997,1.389278531074524,1.694831371307373,1.23203706741333,5.953264236450195,-12.039529800415039,-8.386558532714844,10.269411087036133,0
1745923223.1018,0.8149235248565674,1.2615232467651367,0.6864318251609802,4.358187675476074,-12.68129825592041,-8.753131866455078,7.121066093444824,0
1745923223.1115508,0.33134984970092773,0.8805484771728516,0.22749239206314087,2.898660182952881,-13.69627571105957,-9.266681671142578,4.338050842285156,0
1745923223.1227036,0.0009438991546630859,0.5873768329620361,0.08635216951370239,1.7592391967773438,-12.49869155883789,-10.847838401794434,2.4339120388031006,0
1745923223.1371446,0.16978824138641357,0.40107202529907227,0.2580820322036743,1.0371556282043457,-8.219350814819336,-8.151729583740234,1.8660979270935059,0
1745923223.146348,0.29871463775634766,0.3107266426086426,0.3135868310928345,0.6054019927978516,-5.125840187072754,-4.253055572509766,1.5284301042556763,0
1745923223.1576304,0.34750068187713623,0.2416069507598877,0.32589852809906006,0.34161853790283203,-2.7097866535186768,-1.3103339672088623,1.256624698638916,0
1745923223.1679213,0.3303155303001404,0.23690271377563477,0.31068122386932373,0.2879772186279297,-1.6981614828109741,-0.5663070678710938,1.1658766269683838,0
1745923223.1781363,0.3215143084526062,0.23364019393920898,0.3023369312286377,0.2746005058288574,-1.4873838424682617,-0.4040675163269043,1.132091999053955,0
1745923223.1902194,0.3109680414199829,0.22910690307617188,0.2932661771774292,0.2694230079650879,-1.4731192588806152,-0.43064427375793457,1.1027641296386719,0
1745923223.199833,0.30413949489593506,0.2311553955078125,0.2870265245437622,0.2665891647338867,-1.3511749505996704,-0.3533226549625397,1.0889105796813965,0
1745923223.2111003,0.2971212863922119,0.22254395484924316,0.282407283782959,0.26033496856689453,-1.383782148361206,-0.45615002512931824,1.0624074935913086,0
1745923223.2249503,0.29082387685775757,0.21939516067504883,0.27689409255981445,0.2576332092285156,-1.3981376886367798,-0.48860999941825867,1.0447463989257812,0
1745923223.233711,0.28566455841064453,0.21918654441833496,0.27227485179901123,0.25202178955078125,-1.2576411962509155,-0.3967907428741455,1.029147744178772,0
1745923223.2454736,0.28149157762527466,0.21685338020324707,0.26886630058288574,0.2512660026550293,-1.2931671142578125,-0.44923365116119385,1.018477201461792,0
1745923223.253831,0.279499888420105,0.2148427963256836,0.26799094676971436,0.24795913696289062,-1.2367780208587646,-0.4491325616836548,1.0102927684783936,0
1745923223.26888,0.2772616744041443,0.21565842628479004,0.2599259614944458,0.24525737762451172,0.0,0.0,0.9981034398078918,0
1745923223.2761116,0.2712867259979248,0.2116560935974121,0.25843584537506104,0.24072265625,0.0,0.0,0.982101321220398,0
1745923223.2875772,0.26885879039764404,0.21053695678710938,0.256740927696228,0.2415165901184082,0.0,0.0,0.9776532649993896,0
1745923223.3007414,0.26694297790527344,0.21093535423278809,0.255344033241272,0.2417621612548828,0.0,0.0,0.9749845266342163,0
1745923223.3089378,0.26349079608917236,0.20975923538208008,0.248396635055542,0.2392110824584961,0.0,0.0,0.9608577489852905,0
1745923223.3207335,0.26229578256607056,0.21131467819213867,0.24444794654846191,0.23766183853149414,0.0,0.0,0.9557202458381653,0
1745923223.3364778,0.2614801526069641,0.2107837200164795,0.24293923377990723,0.23955154418945312,0.0,0.0,0.954754650592804,0
1745923223.3447273,0.25800901651382446,0.20710372924804688,0.24074137210845947,0.2380208969116211,0.0,0.0,0.9438750147819519,0
1745923223.3530405,0.25487929582595825,0.20552945137023926,0.2398473024368286,0.23131322860717773,0.0,0.0,0.9315692782402039,0
1745923223.3864386,0.2504028081893921,0.20422053337097168,0.23910236358642578,0.23093557357788086,0.0,0.0,0.9246612787246704,0
1745923223.3864386,0.24848699569702148,0.20355677604675293,0.23556339740753174,0.23161554336547852,0.0,0.0,0.9192227125167847,0
1745923223.3864386,0.24653327465057373,0.20463800430297852,0.2318941354751587,0.22666549682617188,0.0,0.0,0.9097309112548828,0
1745923223.4005663,0.2470264434814453,0.2022860050201416,0.23023641109466553,0.22547531127929688,0.0,0.0,0.9050241708755493,0
1745923223.4085677,0.2499096393585205,0.200028657913208,0.2300128936767578,0.22823381423950195,0.0,0.0,0.9081850051879883,0
1745923223.418584,0.24750065803527832,0.19832158088684082,0.22895121574401855,0.22634410858154297,0.0,0.0,0.9011175632476807,0
1745923223.4329803,0.24363118410110474,0.19646263122558594,0.22446250915527344,0.22481393814086914,0.0,0.0,0.8893702626228333,0
1745923223.4431813,0.24211370944976807,0.19856810569763184,0.22563588619232178,0.2264575958251953,0.0,0.0,0.892775297164917,0
1745923223.454101,0.242986261844635,0.19813179969787598,0.2270141839981079,0.2250218391418457,0.0,0.0,0.8931540846824646,0
1745923223.466396,0.23997032642364502,0.19515395164489746,0.22615742683410645,0.22294330596923828,0.0,0.0,0.8842250108718872,0
1745923223.4755373,0.23659396171569824,0.19352269172668457,0.22507715225219727,0.22095918655395508,0.0,0.0,0.8761529922485352,0
1745923223.4863386,0.23849081993103027,0.19249844551086426,0.22237634658813477,0.2178797721862793,0.0,0.0,0.8712453842163086,0
1745923223.4998353,0.23900294303894043,0.19060158729553223,0.2232145071029663,0.2165379524230957,0.0,0.0,0.8693569898605347,0
1745923223.50802,0.23556971549987793,0.1896531581878662,0.2235870361328125,0.21691608428955078,0.0,0.0,0.8657259941101074,0
1745923223.5201838,0.2327623963356018,0.1910567283630371,0.2220224142074585,0.21394968032836914,0.0,0.0,0.8597912192344666,0
1745923223.5332477,0.23433679342269897,0.1915121078491211,0.22090494632720947,0.2115497589111328,0.0,0.0,0.8583036065101624,0
1745923223.556332,0.2328762412071228,0.18931174278259277,0.22064411640167236,0.2106618881225586,0.0,0.0,0.8534939885139465,0
1745923223.556332,0.2294430136680603,0.18733906745910645,0.21935904026031494,0.20933914184570312,0.0,0.0,0.8454802632331848,0
1745923223.5694237,0.2301638126373291,0.18648552894592285,0.21948933601379395,0.20824337005615234,0.0,0.0,0.8443820476531982,0
1745923223.5735438,0.23073285818099976,0.18798398971557617,0.2203274965286255,0.20754432678222656,0.0,0.0,0.846588671207428,0
1745923223.5854175,0.23217439651489258,0.18690276145935059,0.21909821033477783,0.2066941261291504,0.0,0.0,0.8448694944381714,0
1745923223.600523,0.2296326756477356,0.18608713150024414,0.2165278196334839,0.20469141006469727,0.0,0.0,0.8369390368461609,0
1745923223.605756,0.2262563705444336,0.18458867073059082,0.21554064750671387,0.2046346664428711,0.0,0.0,0.8310203552246094,0
1745923223.617389,0.22807729244232178,0.1847214698791504,0.2142927646636963,0.20420026779174805,0.0,0.0,0.8312917947769165,0
1745923223.6317961,0.22839975357055664,0.1844179630279541,0.21555936336517334,0.2018570899963379,0.0,0.0,0.830234169960022,0
1745923223.6395662,0.2279444932937622,0.1840953826904297,0.21388304233551025,0.20013761520385742,0.0,0.0,0.8260605335235596,0
1745923223.652538,0.2267305850982666,0.18623876571655273,0.2116478681564331,0.1991744041442871,0.0,0.0,0.8237916231155396,0
1745923223.6644332,0.22447335720062256,0.18648552894592285,0.21146166324615479,0.1996464729309082,0.0,0.0,0.8220670223236084,0
1745923223.6724737,0.22329729795455933,0.1845695972442627,0.21053028106689453,0.19858837127685547,0.0,0.0,0.816985547542572,0
1745923223.6829877,0.22354388236999512,0.1841144561767578,0.20881670713424683,0.19911766052246094,0.0,0.0,0.8155927062034607,0
1745923223.701507,0.2229938507080078,0.18466448783874512,0.21118223667144775,0.19945764541625977,0.0,0.0,0.8182982206344604,0
1745923223.7067797,0.22215920686721802,0.18381094932556152,0.2095245122909546,0.19794607162475586,0.0,0.0,0.81344074010849,0
1745923223.7174418,0.22151434421539307,0.18252110481262207,0.20894712209701538,0.19856977462768555,0.0,0.0,0.8115523457527161,0
1745923223.733176,0.22122979164123535,0.1819899082183838,0.20756882429122925,0.1967935562133789,0.0,0.0,0.8075820803642273,0
1745923223.738104,0.22007274627685547,0.17800664901733398,0.20663750171661377,0.19356250762939453,0.0,0.0,0.7982794046401978,0
1745923223.7496698,0.2210780382156372,0.1783292293548584,0.20641398429870605,0.19407272338867188,0.0,0.0,0.7998939752578735,0
1745923223.770255,0.21959853172302246,0.17927765846252441,0.20307999849319458,0.19651031494140625,0.0,0.0,0.7984665036201477,0
1745923223.7734394,0.2188587784767151,0.1812121868133545,0.20391815900802612,0.19588661193847656,0.0,0.0,0.7998757362365723,0
1745923223.7866092,0.21899157762527466,0.17982769012451172,0.20522195100784302,0.19437503814697266,0.0,0.0,0.798416256904602,0
1745923223.7990823,0.21988308429718018,0.1780257225036621,0.20606011152267456,0.1935439109802246,0.0,0.0,0.7975128293037415,0
1745923223.8037229,0.2190294861793518,0.17590117454528809,0.2057620882987976,0.19320344924926758,0.0,0.0,0.7938961982727051,0
1745923223.8156247,0.21671539545059204,0.1759960651397705,0.20471906661987305,0.19573545455932617,0.0,0.0,0.7931659817695618,0
1745923223.8316362,0.21639293432235718,0.17686867713928223,0.20224183797836304,0.1932978630065918,0.0,0.0,0.7888013124465942,0
1745923223.839022,0.21478062868118286,0.1791067123413086,0.20227909088134766,0.1895756721496582,0.0,0.0,0.7857421040534973,0
1745923223.848811,0.21056967973709106,0.18085193634033203,0.202744722366333,0.1927499771118164,0.0,0.0,0.7869163155555725,0
1745923223.8694503,0.21019035577774048,0.17992234230041504,0.204234778881073,0.19140863418579102,0.0,0.0,0.7857561111450195,0
1745923223.8707638,0.21053177118301392,0.17800664901733398,0.20427203178405762,0.19016170501708984,0.0,0.0,0.7829721570014954,0
1745923223.881914,0.20977306365966797,0.17487692832946777,0.20185071229934692,0.1908416748046875,0.0,0.0,0.7773423790931702,0
1745923223.9011858,0.20973509550094604,0.1734921932220459,0.19803237915039062,0.18883895874023438,0.0,0.0,0.7700986266136169,0
1745923223.90369,0.2099248170852661,0.1738147735595703,0.19926172494888306,0.19055843353271484,0.0,0.0,0.7735597491264343,0
1745923223.9142046,0.2100575566291809,0.17468714714050293,0.20131051540374756,0.18936824798583984,0.0,0.0,0.7754234671592712,0
1745923223.9312558,0.21074044704437256,0.1751234531402588,0.19736188650131226,0.18778085708618164,0.0,0.0,0.7710066437721252,0
1745923223.9362764,0.21087318658828735,0.17377686500549316,0.1957600712776184,0.18653392791748047,0.0,0.0,0.7669440507888794,0
1745923223.9469845,0.20793312788009644,0.17533206939697266,0.1957600712776184,0.18789434432983398,0.0,0.0,0.7669196128845215,0
1745923223.9680011,0.20914709568023682,0.17578744888305664,0.19598358869552612,0.18670415878295898,0.0,0.0,0.7676222920417786,0
1745923223.9701588,0.21056967973709106,0.17635655403137207,0.19816279411315918,0.18472003936767578,0.0,0.0,0.7698090672492981,0
1745923223.9811113,0.20808488130569458,0.1730940341949463,0.19905680418014526,0.18540048599243164,0.0,0.0,0.7656362056732178,0
1745923223.9981172,0.20730715990066528,0.17225933074951172,0.19708245992660522,0.18642044067382812,0.0,0.0,0.7630693912506104,0
1745923224.0026476,0.20747792720794678,0.17254376411437988,0.19412100315093994,0.1845688819885254,0.0,0.0,0.758711576461792,0
1745923224.015714,0.2073451280593872,0.17243003845214844,0.19514542818069458,0.18335962295532227,0.0,0.0,0.7582802176475525,0
1745923224.024466,0.2062639594078064,0.17523741722106934,0.1965237259864807,0.18254709243774414,0.0,0.0,0.7605721950531006,0
1745923224.035221,0.20442402362823486,0.1727144718170166,0.19449347257614136,0.1822829246520996,0.0,0.0,0.7539148926734924,0
1745923224.0468934,0.2068139910697937,0.17093157768249512,0.19434446096420288,0.18192386627197266,0.0,0.0,0.7540138959884644,0
1745923224.0582035,0.20776242017745972,0.17051434516906738,0.19305932521820068,0.18026113510131836,0.0,0.0,0.7515972256660461,0
1745923224.068679,0.20857805013656616,0.17151951789855957,0.19453072547912598,0.17944860458374023,0.0,0.0,0.7540768980979919,0
1745923224.079836,0.20539140701293945,0.1706850528717041,0.19279855489730835,0.17920303344726562,0.0,0.0,0.7480780482292175,0
1745923224.0917494,0.20448094606399536,0.1678018569946289,0.1907869577407837,0.17993974685668945,0.0,0.0,0.7430095076560974,0
1745923224.1011212,0.2047654390335083,0.16641712188720703,0.19184863567352295,0.18198060989379883,0.0,0.0,0.7450118064880371,0
1745923224.112643,0.2024703025817871,0.1682569980621338,0.19095462560653687,0.17891931533813477,0.0,0.0,0.7406012415885925,0
1745923224.1251688,0.20431023836135864,0.16757416725158691,0.19056344032287598,0.17788028717041016,0.0,0.0,0.7403281331062317,0
1745923224.1375656,0.20546728372573853,0.1676311492919922,0.19076836109161377,0.1799774169921875,0.0,0.0,0.743844211101532,0
1745923224.1461782,0.2061501145362854,0.16691040992736816,0.19108498096466064,0.18027973175048828,0.0,0.0,0.7444252371788025,0
1745923224.1565301,0.2054293155670166,0.16751718521118164,0.19011646509170532,0.17984533309936523,0.0,0.0,0.7429082989692688,0
1745923224.1682804,0.20330488681793213,0.1658480167388916,0.18959492444992065,0.17623662948608398,0.0,0.0,0.7349844574928284,0
1745923224.1791847,0.20123738050460815,0.16567730903625488,0.19108498096466064,0.1761798858642578,0.0,0.0,0.7341795563697815,0
1745923224.2040586,0.1992836594581604,0.1626424789428711,0.19121533632278442,0.17869281768798828,0.0,0.0,0.7318342924118042,0
1745923224.2050717,0.196760892868042,0.16313576698303223,0.18862634897232056,0.1788630485534668,0.0,0.0,0.7273860573768616,0
1745923224.2134712,0.19696956872940063,0.16302180290222168,0.18598151206970215,0.17856073379516602,0.0,0.0,0.7245336174964905,0
1745923224.2232425,0.1988094449043274,0.1634202003479004,0.18598151206970215,0.1787872314453125,0.0,0.0,0.7269983887672424,0
1745923224.234597,0.1983731985092163,0.16480493545532227,0.18538546562194824,0.17716217041015625,0.0,0.0,0.7257257699966431,0
1745923224.2444644,0.2000613808631897,0.16643619537353516,0.18374639749526978,0.1762552261352539,0.0,0.0,0.7264991998672485,0
1745923224.2557132,0.20045971870422363,0.166398286819458,0.18477082252502441,0.17642545700073242,0.0,0.0,0.7280542850494385,0
1745923224.2667744,0.196760892868042,0.16531705856323242,0.18672657012939453,0.17512178421020508,0.0,0.0,0.723926305770874,0
1745923224.2781606,0.19782310724258423,0.16658782958984375,0.18505024909973145,0.1748948097229004,0.0,0.0,0.7243559956550598,0
1745923224.2889566,0.19772827625274658,0.1689589023590088,0.1840258240699768,0.1734781265258789,0.0,0.0,0.7241911292076111,0
1745923224.2987711,0.1955469250679016,0.16649293899536133,0.18050551414489746,0.1752920150756836,0.0,0.0,0.717837393283844,0
1745923224.3096974,0.19220852851867676,0.16628432273864746,0.18033790588378906,0.1773700714111328,0.0,0.0,0.7162008285522461,0
1745923224.321669,0.19165849685668945,0.16856050491333008,0.18149268627166748,0.17582082748413086,0.0,0.0,0.7175325155258179,0
1745923224.334427,0.19319486618041992,0.16681551933288574,0.18110156059265137,0.1752920150756836,0.0,0.0,0.7164039611816406,0
1745923224.3430505,0.19207578897476196,0.16495656967163086,0.18164169788360596,0.17557525634765625,0.0,0.0,0.714249312877655,0
1745923224.3549528,0.19053936004638672,0.16651201248168945,0.18126916885375977,0.17436599731445312,0.0,0.0,0.7126865386962891,0
1745923224.366865,0.1919999122619629,0.17004013061523438,0.18031924962997437,0.17447948455810547,0.0,0.0,0.7168387770652771,0
1745923224.3781238,0.19215166568756104,0.16776394844055176,0.18389540910720825,0.17480039596557617,0.0,0.0,0.7186114192008972,0
1745923224.391703,0.19154465198516846,0.16660690307617188,0.18205147981643677,0.17446041107177734,0.0,0.0,0.7146634459495544,0
1745923224.4018586,0.19311904907226562,0.16531705856323242,0.1805986762046814,0.17651987075805664,0.0,0.0,0.7155546545982361,0
1745923224.410345,0.19378292560577393,0.16609477996826172,0.18300139904022217,0.17587757110595703,0.0,0.0,0.7187566757202148,0
1745923224.4230762,0.1916964054107666,0.16856050491333008,0.18376505374908447,0.1741957664489746,0.0,0.0,0.7182177305221558,0
1745923224.4318845,0.19285345077514648,0.16715693473815918,0.1817162036895752,0.1741771697998047,0.0,0.0,0.7159037590026855,0
1745923224.4416282,0.19382083415985107,0.16245269775390625,0.17871743440628052,0.17391252517700195,0.0,0.0,0.7089034914970398,0
1745923224.452642,0.19044452905654907,0.16376161575317383,0.17862433195114136,0.17385578155517578,0.0,0.0,0.70668625831604,0
1745923224.466268,0.19027382135391235,0.16876912117004395,0.17942523956298828,0.17364788055419922,0.0,0.0,0.7121160626411438,0
1745923224.4764519,0.1888701319694519,0.16901588439941406,0.1786988377571106,0.17274093627929688,0.0,0.0,0.7093257904052734,0
1745923224.485412,0.18666988611221313,0.16878819465637207,0.17994678020477295,0.17187213897705078,0.0,0.0,0.7072769999504089,0
1745923224.500609,0.18866151571273804,0.1656205654144287,0.17821455001831055,0.1703791618347168,0.0,0.0,0.7028757929801941,0
1745923224.508255,0.19023585319519043,0.16434955596923828,0.17799103260040283,0.17277908325195312,0.0,0.0,0.7053555250167847,0
1745923224.5199163,0.19101357460021973,0.16383743286132812,0.1762402057647705,0.1721177101135254,0.0,0.0,0.7032089233398438,0
1745923224.5356104,0.19015997648239136,0.16338229179382324,0.1740051507949829,0.17298650741577148,0.0,0.0,0.700533926486969,0
1745923224.5412703,0.18830114603042603,0.16393232345581055,0.17428451776504517,0.17353487014770508,0.0,0.0,0.7000528573989868,0
1745923224.551958,0.18837696313858032,0.1650702953338623,0.17672449350357056,0.17224979400634766,0.0,0.0,0.7024215459823608,0
1745923224.5660462,0.18805450201034546,0.1636667251586914,0.17532753944396973,0.1703791618347168,0.0,0.0,0.6974279284477234,0
1745923224.575296,0.18797868490219116,0.16425466537475586,0.17387473583221436,0.1738748550415039,0.0,0.0,0.6999829411506653,0
1745923224.5848615,0.18708717823028564,0.16446352005004883,0.17249643802642822,0.17168283462524414,0.0,0.0,0.6957299709320068,0
1745923224.6006665,0.18799763917922974,0.16535496711730957,0.17527168989181519,0.17153167724609375,0.0,0.0,0.7001559734344482,0
1745923224.6079865,0.18742859363555908,0.16601872444152832,0.17536479234695435,0.17209863662719727,0.0,0.0,0.700910747051239,0
1745923224.6180277,0.18522828817367554,0.16471004486083984,0.17476880550384521,0.17207956314086914,0.0,0.0,0.6967867016792297,0
1745923224.6335478,0.18583524227142334,0.16144752502441406,0.17670589685440063,0.16915130615234375,0.0,0.0,0.6931399703025818,0
1745923224.6404502,0.18731474876403809,0.16224408149719238,0.177171528339386,0.16709184646606445,0.0,0.0,0.6938222050666809,0
1745923224.6523001,0.18704921007156372,0.16298389434814453,0.17657548189163208,0.1685652732849121,0.0,0.0,0.6951738595962524,0
1745923224.6647224,0.1859680414199829,0.16199755668640137,0.17486190795898438,0.16794204711914062,0.0,0.0,0.6907695531845093,0
1745923224.6738365,0.1885097622871399,0.15987324714660645,0.173204243183136,0.16901874542236328,0.0,0.0,0.6906059980392456,0
1745923224.6838381,0.1892305612564087,0.16089749336242676,0.17592358589172363,0.1689434051513672,0.0,0.0,0.6949950456619263,0
1745923224.7052073,0.18869942426681519,0.1602334976196289,0.17745089530944824,0.16741275787353516,0.0,0.0,0.6937965750694275,0
1745923224.7072468,0.18769413232803345,0.16084051132202148,0.17780476808547974,0.16635465621948242,0.0,0.0,0.6926940679550171,0
1745923224.7171488,0.1854938268661499,0.16220617294311523,0.17610985040664673,0.16805553436279297,0.0,0.0,0.6918653845787048,0
1745923224.7328587,0.18427985906600952,0.1627943515777588,0.17501091957092285,0.1687922477722168,0.0,0.0,0.690877377986908,0
1745923224.7396994,0.18532311916351318,0.1608595848083496,0.17650097608566284,0.16858434677124023,0.0,0.0,0.6912680268287659,0
1745923224.7500548,0.18562662601470947,0.16025257110595703,0.17668724060058594,0.16803646087646484,0.0,0.0,0.6906028985977173,0
1745923224.7663717,0.18456441164016724,0.16097331047058105,0.17519718408584595,0.16820621490478516,0.0,0.0,0.6889411211013794,0
1745923224.7727633,0.18194681406021118,0.1615612506866455,0.17350220680236816,0.16746950149536133,0.0,0.0,0.6844797730445862,0
1745923224.783388,0.18255376815795898,0.15837454795837402,0.17393064498901367,0.16612815856933594,0.0,0.0,0.6809871196746826,0
1745923224.8005085,0.1842988133430481,0.15884876251220703,0.17391198873519897,0.1663360595703125,0.0,0.0,0.6833956241607666,0
1745923224.8051429,0.18409019708633423,0.15816593170166016,0.17337185144424438,0.1662602424621582,0.0,0.0,0.681888222694397,0
1745923224.815822,0.18361598253250122,0.15691399574279785,0.17234742641448975,0.16813087463378906,0.0,0.0,0.6810082793235779,0
1745923224.8354273,0.18340736627578735,0.15666747093200684,0.17165827751159668,0.16722393035888672,0.0,0.0,0.6789570450782776,0
1745923224.8395548,0.18242096900939941,0.1579573154449463,0.17145341634750366,0.16484308242797852,0.0,0.0,0.6766747832298279,0
1745923224.8488908,0.18179506063461304,0.15941786766052246,0.17046624422073364,0.1645030975341797,0.0,0.0,0.6761822700500488,0
1745923224.865424,0.18078970909118652,0.15848851203918457,0.17214256525039673,0.16533470153808594,0.0,0.0,0.6767554879188538,0
1745923224.8715353,0.18022066354751587,0.15922832489013672,0.17139750719070435,0.16614675521850586,0.0,0.0,0.6769932508468628,0
1745923224.8831425,0.17858940362930298,0.15740728378295898,0.17104363441467285,0.16646814346313477,0.0,0.0,0.6735084652900696,0
1745923224.8988407,0.17965161800384521,0.15571904182434082,0.17236608266830444,0.16527795791625977,0.0,0.0,0.6730147004127502,0
1745923224.9041345,0.18113118410110474,0.15681934356689453,0.17253369092941284,0.16397428512573242,0.0,0.0,0.6744585037231445,0
1745923224.9158583,0.18014484643936157,0.1574263572692871,0.17249643802642822,0.1645975112915039,0.0,0.0,0.6746651530265808,0
1745923224.9266152,0.1797085404396057,0.15670537948608398,0.16973984241485596,0.1650700569152832,0.0,0.0,0.6712238192558289,0
1745923224.9367042,0.18078970909118652,0.15642094612121582,0.1692555546760559,0.16361522674560547,0.0,0.0,0.6700814366340637,0
1745923224.947887,0.18101733922958374,0.15541553497314453,0.17067110538482666,0.16274595260620117,0.0,0.0,0.6698499321937561,0
1745923224.9588149,0.18118804693222046,0.15636396408081055,0.17197489738464355,0.16306734085083008,0.0,0.0,0.6725942492485046,0
1745923224.9711924,0.1811501383781433,0.1575021743774414,0.16947907209396362,0.16418218612670898,0.0,0.0,0.6723135709762573,0
1745923224.9819922,0.1810932159423828,0.158583402633667,0.17005646228790283,0.16404962539672852,0.0,0.0,0.6737827062606812,0
1745923224.9981556,0.1808655858039856,0.15797638893127441,0.16897618770599365,0.1651453971862793,0.0,0.0,0.672963559627533,0
1745923225.00441,0.1774892807006836,0.15729355812072754,0.1693859100341797,0.16357755661010742,0.0,0.0,0.6677463054656982,0
1745923225.0143197,0.17800140380859375,0.15892481803894043,0.17201215028762817,0.1626138687133789,0.0,0.0,0.6715522408485413,0
1745923225.0250127,0.17798244953155518,0.15774869918823242,0.1691996455192566,0.16378498077392578,0.0,0.0,0.66871577501297,0
1745923225.0378492,0.17779278755187988,0.15721750259399414,0.16664797067642212,0.16318035125732422,0.0,0.0,0.6648386120796204,0
1745923225.0475817,0.1770530343055725,0.1546189785003662,0.16689008474349976,0.16455984115600586,0.0,0.0,0.6631219387054443,0
1745923225.0691476,0.17896878719329834,0.15357565879821777,0.16852915287017822,0.16238689422607422,0.0,0.0,0.6634604930877686,0
1745923225.069689,0.17788761854171753,0.15518808364868164,0.16899478435516357,0.15989303588867188,0.0,0.0,0.6619635224342346,0
1745923225.0807242,0.17709094285964966,0.15459990501403809,0.16927415132522583,0.16132879257202148,0.0,0.0,0.6622937917709351,0
1745923225.0907497,0.1781531572341919,0.15644001960754395,0.17163968086242676,0.16176366806030273,0.0,0.0,0.6679965257644653,0
1745923225.1027904,0.17701506614685059,0.15511202812194824,0.17238467931747437,0.16202783584594727,0.0,0.0,0.6665396094322205,0
1745923225.1136074,0.1751941442489624,0.1532154083251953,0.16882717609405518,0.1636338233947754,0.0,0.0,0.6608705520629883,0
1745923225.124759,0.17701506614685059,0.1532154083251953,0.1664057970046997,0.16523981094360352,0.0,0.0,0.6618760824203491,0
1745923225.1345034,0.17665469646453857,0.15458106994628906,0.16759783029556274,0.16229248046875,0.0,0.0,0.6611260771751404,0
1745923225.1448553,0.1771857738494873,0.15378427505493164,0.16631269454956055,0.16242456436157227,0.0,0.0,0.6597073078155518,0
1745923225.1595492,0.17752718925476074,0.15425848960876465,0.16729986667633057,0.16386079788208008,0.0,0.0,0.662946343421936,0
1745923225.1697946,0.17473888397216797,0.15590882301330566,0.16769099235534668,0.16361522674560547,0.0,0.0,0.6619539260864258,0
1745923225.1794615,0.17388534545898438,0.15731239318847656,0.16890168190002441,0.16019535064697266,0.0,0.0,0.660294771194458,0
1745923225.1904097,0.17582011222839355,0.1575021743774414,0.16916245222091675,0.16112089157104492,0.0,0.0,0.6636056303977966,0
1745923225.2058918,0.17674952745437622,0.15365171432495117,0.1694231629371643,0.16136693954467773,0.0,0.0,0.6611913442611694,0
1745923225.2130396,0.17555451393127441,0.15410685539245605,0.16828703880310059,0.16131019592285156,0.0,0.0,0.6592586040496826,0
1745923225.2225935,0.17426466941833496,0.15604162216186523,0.16595876216888428,0.1626138687133789,0.0,0.0,0.6588789224624634,0
1745923225.2373886,0.17295587062835693,0.15706586837768555,0.16720670461654663,0.161895751953125,0.0,0.0,0.6591241955757141,0
1745923225.2450118,0.17337322235107422,0.1572556495666504,0.16657346487045288,0.16278362274169922,0.0,0.0,0.6599859595298767,0
1745923225.2555299,0.17473888397216797,0.15630722045898438,0.16409623622894287,0.16329383850097656,0.0,0.0,0.6584361791610718,0
1745923225.2666903,0.17373359203338623,0.15767288208007812,0.16634994745254517,0.16072416305541992,0.0,0.0,0.6584805846214294,0
1745923225.2789104,0.17462509870529175,0.15651583671569824,0.167951762676239,0.16036510467529297,0.0,0.0,0.659457802772522,0
1745923225.2928147,0.17551660537719727,0.1539170742034912,0.1658284068107605,0.16042184829711914,0.0,0.0,0.6556839346885681,0
1745923225.2995315,0.17599081993103027,0.15482759475708008,0.1660146713256836,0.15974187850952148,0.0,0.0,0.6565749645233154,0
1745923225.3107378,0.17582011222839355,0.15480875968933105,0.16634994745254517,0.16000652313232422,0.0,0.0,0.656985342502594,0
1745923225.3211386,0.1751372218132019,0.1528928279876709,0.1647108793258667,0.16216039657592773,0.0,0.0,0.6549013257026672,0
1745923225.3369584,0.17341113090515137,0.15513110160827637,0.16445010900497437,0.16113996505737305,0.0,0.0,0.6541323065757751,0
1745923225.3452444,0.17396122217178345,0.15588974952697754,0.1637423038482666,0.16229248046875,0.0,0.0,0.6558857560157776,0
1745923225.3697543,0.1715143322944641,0.15581393241882324,0.16685283184051514,0.16144227981567383,0.0,0.0,0.6556233763694763,0
1745923225.3697543,0.172197163105011,0.157881498336792,0.16616368293762207,0.16140460968017578,0.0,0.0,0.6576469540596008,0
1745923225.385306,0.17331629991531372,0.15486550331115723,0.16387271881103516,0.16028976440429688,0.0,0.0,0.652344286441803,0
1745923225.3889701,0.17435956001281738,0.15395498275756836,0.16517651081085205,0.1600818634033203,0.0,0.0,0.6535729169845581,0
1745923225.40129,0.17270928621292114,0.15463805198669434,0.16495299339294434,0.16017627716064453,0.0,0.0,0.6524766087532043,0
1745923225.4101584,0.17086941003799438,0.15393614768981934,0.16569805145263672,0.15947723388671875,0.0,0.0,0.6499808430671692,0
1745923225.4206038,0.17371463775634766,0.15370845794677734,0.16703909635543823,0.15675640106201172,0.0,0.0,0.651218593120575,0
1745923225.4348016,0.1732783317565918,0.15511202812194824,0.16467362642288208,0.15726661682128906,0.0,0.0,0.6503306031227112,0
1745923225.4442337,0.172671377658844,0.1542205810546875,0.16178661584854126,0.1571345329284668,0.0,0.0,0.6458131074905396,0
1745923225.4545002,0.17238682508468628,0.15776777267456055,0.1595515012741089,0.15754985809326172,0.0,0.0,0.6472559571266174,0
1745923225.4670165,0.17126774787902832,0.15786242485046387,0.16022205352783203,0.15883493423461914,0.0,0.0,0.6481871604919434,0
1745923225.4784403,0.17045211791992188,0.15579509735107422,0.16173070669174194,0.15960931777954102,0.0,0.0,0.647587239742279,0
1745923225.487235,0.1733352541923523,0.15448617935180664,0.16156309843063354,0.15989303588867188,0.0,0.0,0.6492775678634644,0
1745923225.5007033,0.17193162441253662,0.15323424339294434,0.16206598281860352,0.15860795974731445,0.0,0.0,0.6458398103713989,0
1745923225.5090318,0.17181777954101562,0.1533670425415039,0.1633697748184204,0.16025209426879883,0.0,0.0,0.6488066911697388,0
1745923225.5199137,0.17160916328430176,0.15323424339294434,0.16435694694519043,0.16025209426879883,0.0,0.0,0.6494524478912354,0
1745923225.5324287,0.1710401177406311,0.15224790573120117,0.16249436140060425,0.15906143188476562,0.0,0.0,0.6448438167572021,0
1745923225.5442102,0.16882085800170898,0.15323424339294434,0.162214994430542,0.15851354598999023,0.0,0.0,0.6427836418151855,0
1745923225.5534034,0.16830867528915405,0.1529686450958252,0.1607435941696167,0.1595907211303711,0.0,0.0,0.641611635684967,0
1745923225.566422,0.1674930453300476,0.15279793739318848,0.16251301765441895,0.15974187850952148,0.0,0.0,0.6425458788871765,0
1745923225.574281,0.16895359754562378,0.15205836296081543,0.16092979907989502,0.1585702896118164,0.0,0.0,0.6405120491981506,0
1745923225.5864522,0.1688019037246704,0.15230488777160645,0.1603338122367859,0.15813589096069336,0.0,0.0,0.6395764946937561,0
1745923225.5988288,0.16777759790420532,0.15272212028503418,0.16139549016952515,0.15685081481933594,0.0,0.0,0.6387460231781006,0
1745923225.6077285,0.16885876655578613,0.150787353515625,0.15962600708007812,0.15686988830566406,0.0,0.0,0.6361420154571533,0
1745923225.6204712,0.16914331912994385,0.15220999717712402,0.1596074104309082,0.15645408630371094,0.0,0.0,0.637414813041687,0
1745923225.6333494,0.16853630542755127,0.15401196479797363,0.1609112024307251,0.15739870071411133,0.0,0.0,0.6408581733703613,0
1745923225.640414,0.17119187116622925,0.1522669792175293,0.16106021404266357,0.15694522857666016,0.0,0.0,0.6414642930030823,0
1745923225.6530097,0.17054694890975952,0.15186858177185059,0.1607435941696167,0.1591939926147461,0.0,0.0,0.6423531174659729,0
1745923225.668171,0.16993993520736694,0.14904236793518066,0.15876924991607666,0.15860795974731445,0.0,0.0,0.6363595128059387,0
1745923225.6743138,0.1698451042175293,0.1472024917602539,0.15910452604293823,0.1601576805114746,0.0,0.0,0.636309802532196,0
1745923225.685803,0.16667741537094116,0.14925098419189453,0.16100430488586426,0.15932607650756836,0.0,0.0,0.6362587809562683,0
1745923225.7023082,0.1652737855911255,0.15040802955627441,0.1629786491394043,0.15783357620239258,0.0,0.0,0.6364940404891968,0
1745923225.7075613,0.16720855236053467,0.15107202529907227,0.161507248878479,0.15754985809326172,0.0,0.0,0.6373376846313477,0
1745923225.7184575,0.1685742735862732,0.15042710304260254,0.16065043210983276,0.1577010154724121,0.0,0.0,0.6373528242111206,0
1745923225.733952,0.1664118766784668,0.15014243125915527,0.16163760423660278,0.15535831451416016,0.0,0.0,0.633550226688385,0
1745923225.7396498,0.16726547479629517,0.14801812171936035,0.16117197275161743,0.15362024307250977,0.0,0.0,0.6300758123397827,0
1745923225.7502818,0.1677396297454834,0.1494596004486084,0.16025930643081665,0.15751218795776367,0.0,0.0,0.6349707245826721,0
1745923225.7662444,0.16563421487808228,0.15042710304260254,0.1599612832069397,0.15934514999389648,0.0,0.0,0.635367751121521,0
1745923225.7727582,0.16798627376556396,0.151963472366333,0.1620473861694336,0.15566062927246094,0.0,0.0,0.6376577615737915,0
1745923225.7840295,0.16701889038085938,0.15207719802856445,0.16310906410217285,0.1558685302734375,0.0,0.0,0.6380736827850342,0
1745923225.7988424,0.16698092222213745,0.15253257751464844,0.159030020236969,0.15465927124023438,0.0,0.0,0.6332027912139893,0
1745923225.805401,0.16823285818099976,0.1529686450958252,0.15889960527420044,0.1560382843017578,0.0,0.0,0.6361393928527832,0
1745923225.817148,0.16901051998138428,0.15154623985290527,0.16117197275161743,0.15541505813598633,0.0,0.0,0.6371437907218933,0
1745923225.8351116,0.16751205921173096,0.15082526206970215,0.16169345378875732,0.15224075317382812,0.0,0.0,0.6322715282440186,0
1745923225.8392,0.16548246145248413,0.1500856876373291,0.1612650752067566,0.15203285217285156,0.0,0.0,0.6288660764694214,0
1745923225.8651268,0.16861218214035034,0.15090131759643555,0.16009163856506348,0.15267515182495117,0.0,0.0,0.6322802901268005,0
1745923225.8672082,0.1712867021560669,0.14892864227294922,0.15889960527420044,0.1530156135559082,0.0,0.0,0.6321305632591248,0
1745923225.8815486,0.1699589490890503,0.14942169189453125,0.1575213074684143,0.1519761085510254,0.0,0.0,0.6288780570030212,0
1745923225.883227,0.16872602701187134,0.14822673797607422,0.15912312269210815,0.15159845352172852,0.0,0.0,0.6276743412017822,0
1745923225.9004595,0.16722750663757324,0.14871978759765625,0.15804284811019897,0.15082359313964844,0.0,0.0,0.6248137354850769,0
1745923225.9123712,0.16662055253982544,0.15194439888000488,0.1569439172744751,0.1542057991027832,0.0,0.0,0.6297146677970886,0
1745923225.9356368,0.16675329208374023,0.1483595371246338,0.15837806463241577,0.1563405990600586,0.0,0.0,0.6298314929008484,0
1745923225.9401023,0.16567212343215942,0.1464247703552246,0.15968191623687744,0.15390348434448242,0.0,0.0,0.6256822943687439,0
1745923225.941128,0.16519790887832642,0.1473541259765625,0.15798693895339966,0.15439462661743164,0.0,0.0,0.6249336004257202,0
1745923225.9486144,0.16413569450378418,0.14701271057128906,0.15875059366226196,0.15430021286010742,0.0,0.0,0.6241992115974426,0
1745923225.9652867,0.16347181797027588,0.14900445938110352,0.15783792734146118,0.15210866928100586,0.0,0.0,0.6224228739738464,0
1745923225.9706678,0.165691077709198,0.14983892440795898,0.15822911262512207,0.1509561538696289,0.0,0.0,0.624715268611908,0
1745923225.9824727,0.166639506816864,0.14877676963806152,0.15927213430404663,0.15231657028198242,0.0,0.0,0.6270049810409546,0
1745923226.0088332,0.166279137134552,0.14917516708374023,0.1597750186920166,0.1530156135559082,0.0,0.0,0.628244936466217,0
1745923226.009339,0.16692405939102173,0.1482076644897461,0.15798693895339966,0.15271329879760742,0.0,0.0,0.6258319616317749,0
1745923226.0221207,0.16751205921173096,0.14780950546264648,0.15869474411010742,0.15180635452270508,0.0,0.0,0.6258226633071899,0
1745923226.0328207,0.14402949810028076,0.16598081588745117,0.1493818163871765,0.1669783592224121,0.0,0.0,0.6263704895973206,0
1745923226.0381527,0.04463648796081543,0.29189133644104004,0.05073964595794678,0.28714609146118164,0.0,0.0,0.6744135618209839,0
1745923226.047591,0.03129291534423828,0.4989285469055176,0.19258767366409302,0.4700050354003906,4.465164661407471,-2.3304522037506104,1.1928141117095947,0
1745923226.0585833,0.09362220764160156,0.6353282928466797,0.3679122030735016,0.5768904685974121,5.566160202026367,-2.708221912384033,1.6737531423568726,0
1745923226.0696507,0.18783700466156006,0.8068761825561523,0.5442798137664795,0.737246036529541,5.241120338439941,-2.6460604667663574,2.2762389183044434,0
1745923226.0810697,0.3040357828140259,1.0268497467041016,0.8218040466308594,0.9991025924682617,4.846268653869629,-3.2649500370025635,3.151792049407959,0
1745923226.0929244,0.40538251399993896,1.486959457397461,1.1572545766830444,1.2773022651672363,6.222198486328125,-2.6315648555755615,4.326898574829102,0
1745923226.1043377,0.532525897026062,1.7891221046447754,1.8231264352798462,1.5364375114440918,7.606119632720947,-3.836545944213867,5.681211948394775,0
1745923226.1144168,0.673516035079956,2.124459743499756,2.22808837890625,1.8529739379882812,7.432671546936035,-3.916945457458496,6.879037857055664,0
1745923226.1243248,0.8385008573532104,2.4811935424804688,2.6676011085510254,2.2013282775878906,7.211349964141846,-3.97306489944458,8.188623428344727,0
1745923226.1353123,1.0447603464126587,2.841588020324707,3.1145641803741455,2.6326093673706055,6.623320579528809,-4.056390285491943,9.633522033691406,0
1745923226.1467292,1.325355887413025,3.2122440338134766,3.6060428619384766,3.163860321044922,5.767319202423096,-4.145775318145752,11.307502746582031,0
1745923226.1583672,1.6963156461715698,3.62210750579834,4.234868049621582,3.892462730407715,4.723388195037842,-4.387039661407471,13.445754051208496,0
1745923226.1704843,2.1660995483398438,4.114842891693115,5.082304000854492,4.929759979248047,3.611123561859131,-4.809029579162598,16.293006896972656,0
1745923226.1797643,2.6259818077087402,4.691720962524414,5.982115745544434,6.24089241027832,2.5892066955566406,-5.271631240844727,19.54071044921875,0
1745923226.1984763,2.9271388053894043,5.193997383117676,6.645641326904297,7.461785316467285,1.8273797035217285,-5.655431747436523,22.228561401367188,0
1745923226.201903,3.0523476600646973,5.522468566894531,6.998953819274902,8.255024909973145,1.4265674352645874,-5.886258125305176,23.828794479370117,0
1745923226.2127616,3.1151514053344727,5.867195129394531,7.191712379455566,8.633723258972168,1.4786053895950317,-5.792733669281006,24.807781219482422,0
1745923226.224332,3.216763496398926,6.044111251831055,7.397377967834473,8.86865520477295,1.4874489307403564,-5.762872219085693,25.52690887451172,0
1745923226.2362425,3.4061412811279297,6.266929626464844,7.709975242614746,9.203500747680664,1.4399523735046387,-5.719000816345215,26.586545944213867,0
1745923226.2449772,3.679718494415283,6.5298662185668945,8.14889144897461,9.755950927734375,1.2380293607711792,-5.747952938079834,28.11442756652832,0
1745923226.2555158,4.040379047393799,6.859077453613281,8.728246688842773,10.535662651062012,0.938751220703125,-5.8234052658081055,30.16336441040039,0
1745923226.2693882,4.4754509925842285,7.288516044616699,9.437796592712402,11.511326789855957,0.6329870820045471,-5.896364212036133,32.71308898925781,0
1745923226.2787707,4.9375715255737305,7.781744003295898,10.192960739135742,12.591532707214355,0.3514218330383301,-5.953409194946289,35.50381088256836,0
1745923226.2903936,5.400507926940918,8.280150413513184,10.927692413330078,13.682623863220215,0.091194748878479,-5.994175910949707,38.29097366333008,0
1745923226.302322,5.831634521484375,8.752988815307617,11.595613479614258,14.728026390075684,-0.1444614678621292,-6.026149272918701,40.90826416015625,0
1745923226.311553,6.23531436920166,9.18022632598877,12.181207656860352,15.681319236755371,-0.3592018485069275,-6.039703369140625,43.27806854248047,0
1745923226.3226397,6.633265972137451,9.59026050567627,12.740726470947266,16.55929946899414,-0.5299286842346191,-6.032185077667236,45.52355194091797,0
1745923226.3346632,6.965056896209717,9.975693702697754,13.234086990356445,17.380748748779297,-0.6688737869262695,-6.038318634033203,47.55558776855469,0
1745923226.3455791,7.204168796539307,10.53584098815918,13.584493637084961,18.034984588623047,-0.6346684694290161,-5.905021667480469,49.35948944091797,0
1745923226.3556242,7.366878032684326,10.72216510772705,13.820221900939941,18.490997314453125,-0.7308233380317688,-5.925876140594482,50.40026092529297,0
1745923226.3692632,7.467674732208252,10.855093955993652,13.949596405029297,18.92327880859375,-0.8675606846809387,-5.968324661254883,51.19564437866211,0
1745923226.3780124,7.541100025177002,10.977267265319824,14.010614395141602,18.987953186035156,-0.8376432657241821,-5.9026055335998535,51.516937255859375,0
1745923226.3885467,7.634063243865967,11.107255935668945,14.067665100097656,19.07369613647461,-0.8272411823272705,-5.828551292419434,51.8826789855957,0
1745923226.4041314,7.743224620819092,11.239975929260254,14.15837287902832,19.205673217773438,-0.8293724060058594,-5.769123554229736,52.34724426269531,0
1745923226.4117239,7.85132360458374,11.357995986938477,14.261541366577148,19.3599853515625,-0.8436286449432373,-5.728781223297119,52.830848693847656,0
1745923226.4215288,7.9616618156433105,11.472620964050293,14.376852989196777,19.52863311767578,-0.8613273501396179,-5.697350025177002,53.33976745605469,0
1745923226.4374352,8.05308723449707,11.580284118652344,14.498479843139648,19.672325134277344,-0.8569252490997314,-5.674023151397705,53.804176330566406,0
1745923226.443861,8.119514465332031,11.665735244750977,14.593936920166016,19.773975372314453,-0.8447686433792114,-5.654995441436768,54.15316390991211,0
1745923226.454477,8.200299263000488,11.740962982177734,14.677026748657227,19.893218994140625,-0.8606398105621338,-5.635666370391846,54.511505126953125,0
1745923226.4669597,8.322093963623047,11.8330717086792,14.801409721374512,20.08818817138672,-0.9033088088035583,-5.621298789978027,55.04476547241211,0
1745923226.476681,8.469229698181152,12.093466758728027,14.975113868713379,20.33780288696289,-0.8711614608764648,-5.543645858764648,55.875614166259766,0
1745923226.48778,8.623971939086914,12.225579261779785,15.180015563964844,20.613414764404297,-0.9054995775222778,-5.540341377258301,56.642982482910156,0
1745923226.501159,8.747568130493164,12.326717376708984,15.383893966674805,20.856979370117188,-0.925238847732544,-5.5569658279418945,57.31515884399414,0
1745923226.5089176,8.822662353515625,12.39748764038086,15.544597625732422,21.035415649414062,-0.9281598925590515,-5.580557823181152,57.80016326904297,0
1745923226.5208378,8.87302303314209,12.450332641601562,15.660821914672852,21.15549087524414,-0.9233986735343933,-5.596043586730957,58.13966751098633,0
1745923226.5362012,8.92524242401123,12.525485038757324,15.764083862304688,21.261695861816406,-0.9085074067115784,-5.593290328979492,58.47650909423828,0
1745923226.5424006,8.997700691223145,12.6173095703125,15.884554862976074,21.38945770263672,-0.8964009881019592,-5.584047317504883,58.88902282714844,0
1745923226.5534875,9.08349323272705,12.722431182861328,16.05038070678711,21.559337615966797,-0.8812578916549683,-5.585729122161865,59.41564178466797,0
1745923226.5672815,9.178353309631348,12.838345527648926,16.255897521972656,21.773109436035156,-0.8660427927970886,-5.600041389465332,60.04570770263672,0
1745923226.5757868,9.300982475280762,12.95549201965332,16.499652862548828,22.056106567382812,-0.8757196068763733,-5.6285552978515625,60.812232971191406,0
1745923226.5876155,9.44182014465332,13.09048843383789,16.79291534423828,22.398094177246094,-0.887546181678772,-5.667756080627441,61.72332000732422,0
1745923226.601111,9.571657180786133,13.230018615722656,17.1123104095459,22.743366241455078,-0.8815485835075378,-5.715753555297852,62.657352447509766,0
1745923226.6085346,9.672927856445312,13.477380752563477,17.41449546813965,23.037006378173828,-0.8003801107406616,-5.712494850158691,63.601810455322266,0
1745923226.6200044,9.740132331848145,13.561372756958008,17.86332130432129,23.256423950195312,-0.6831925511360168,-5.80837869644165,64.42124938964844,0
1745923226.6319196,9.792238235473633,13.63563346862793,18.013185501098633,23.424449920654297,-0.6767909526824951,-5.83060359954834,64.86550903320312,0
1745923226.6419082,9.851608276367188,13.713325500488281,18.137773513793945,23.56521224975586,-0.671696126461029,-5.83593225479126,65.26791381835938,0
1745923226.6518607,9.901949882507324,13.785821914672852,18.229280471801758,23.67916488647461,-0.6684588193893433,-5.833174705505371,65.59622192382812,0
1745923226.6701112,9.936585426330566,13.842422485351562,18.27996253967285,23.757896423339844,-0.6688063740730286,-5.825799465179443,65.81686401367188,0
1745923226.6752136,9.953277587890625,13.876680374145508,18.285381317138672,23.803829193115234,-0.6775146722793579,-5.816885471343994,65.91917419433594,0
1745923226.687118,9.944229125976562,13.885292053222656,18.245466232299805,23.802223205566406,-0.6867227554321289,-5.807494640350342,65.87721252441406,0
1745923226.7016418,9.91278076171875,13.878120422363281,18.160701751708984,23.74344253540039,-0.6893553733825684,-5.790057182312012,65.6950454711914,0
1745923226.7099826,9.866687774658203,13.866418838500977,18.040414810180664,23.640960693359375,-0.6852123737335205,-5.761929512023926,65.41448211669922,0
1745923226.7208087,9.807905197143555,13.839330673217773,17.89505958557129,23.509212493896484,-0.6812494993209839,-5.732346057891846,65.051513671875,0
1745923226.7334158,9.73326587677002,13.796293258666992,17.738174438476562,23.361286163330078,-0.6758935451507568,-5.709012985229492,64.62902069091797,0
1745923226.7398715,9.652822494506836,13.676717758178711,17.58259391784668,23.211341857910156,-0.7007718682289124,-5.719470977783203,64.12347412109375,0
1745923226.7514625,9.582886695861816,13.616531372070312,17.44094467163086,23.082199096679688,-0.7063910365104675,-5.709096431732178,63.72256088256836,0
1745923226.7674294,9.539961814880371,13.572164535522461,17.3326358795166,22.988597869873047,-0.7167409658432007,-5.69718074798584,63.4333610534668,0
1745923226.773141,9.516498565673828,13.529829025268555,17.245391845703125,22.93503189086914,-0.7423545718193054,-5.690882682800293,63.226749420166016,0
1745923226.783918,9.487704277038574,13.487625122070312,17.15755271911621,22.898605346679688,-0.7734501957893372,-5.690765857696533,63.03148651123047,0
1745923226.8009887,9.458930015563965,13.437833786010742,17.07056999206543,22.856338500976562,-0.8053053617477417,-5.692648887634277,62.82366943359375,0
1745923226.809497,9.456937789916992,13.402362823486328,17.03032112121582,22.85114288330078,-0.8369544744491577,-5.697498321533203,62.74076461791992,0
1745923226.8172336,9.47620964050293,13.378368377685547,17.03238868713379,22.906105041503906,-0.8791362047195435,-5.713404178619385,62.79307174682617,0
1745923226.8341112,9.50377082824707,13.35162353515625,17.059226989746094,23.00156021118164,-0.932121217250824,-5.742771625518799,62.91617965698242,0
1745923226.8403828,9.543110847473145,13.320003509521484,17.103240966796875,23.132400512695312,-0.9994404315948486,-5.7817792892456055,63.0987548828125,0
1745923226.8497646,9.60494613647461,13.291893005371094,17.17731475830078,23.311500549316406,-1.08104407787323,-5.828314304351807,63.38565444946289,0
1745923226.8667426,9.694570541381836,13.27351188659668,17.286088943481445,23.55093002319336,-1.1786696910858154,-5.881155490875244,63.80510330200195,0
1745923226.8717673,9.770254135131836,13.260917663574219,17.404680252075195,23.80828857421875,-1.2695711851119995,-5.943230152130127,64.244140625,0
1745923226.8837745,9.816156387329102,13.264122009277344,17.48957633972168,24.00497817993164,-1.330057978630066,-5.988397598266602,64.5748291015625,0
1745923226.905187,9.85350513458252,13.279354095458984,17.55841827392578,24.14056396484375,-1.3631616830825806,-6.0138444900512695,64.83184051513672,0
1745923226.9057355,9.878656387329102,13.279468536376953,17.621429443359375,24.251266479492188,-1.390304446220398,-6.043380260467529,65.03082275390625,0
1745923226.916068,9.88791275024414,13.2650146484375,17.6636905670166,24.342243194580078,-1.4186961650848389,-6.076121807098389,65.15885925292969,0
1745923226.9338245,9.887344360351562,13.235784530639648,17.694236755371094,24.424659729003906,-1.4514496326446533,-6.114327430725098,65.24202728271484,0
1745923226.9380865,9.886301040649414,13.193788528442383,17.7275390625,24.52175521850586,-1.4944034814834595,-6.16190242767334,65.32938385009766,0
1745923226.9499424,9.877480506896973,13.137794494628906,17.760116577148438,24.626922607421875,-1.5440088510513306,-6.220071792602539,65.40231323242188,0
1745923226.9671235,9.869324684143066,13.087945938110352,17.80146598815918,24.733787536621094,-1.587716817855835,-6.277627468109131,65.49252319335938,0
1745923226.9712331,9.835769653320312,13.05162239074707,17.844547271728516,24.81395721435547,-1.6034505367279053,-6.334391117095947,65.5458984375,0
1745923226.9838293,9.77357292175293,13.021045684814453,17.849781036376953,24.812389373779297,-1.5891972780227661,-6.3739542961120605,65.456787109375,0
1745923227.0017018,9.706198692321777,13.002134323120117,17.813610076904297,24.722244262695312,-1.5504153966903687,-6.381839752197266,65.24418640136719,0
1745923227.0067906,9.638710021972656,12.985595703125,17.751083374023438,24.57345199584961,-1.4983104467391968,-6.36970329284668,64.94883728027344,0
1745923227.0152519,9.585200309753418,12.97669792175293,17.67471694946289,24.405803680419922,-1.4465506076812744,-6.340899467468262,64.64241790771484,0
1745923227.0259743,9.568755149841309,12.983299255371094,17.604814529418945,24.26394271850586,-1.410233497619629,-6.2968902587890625,64.42080688476562,0
1745923227.037587,9.617446899414062,13.002723693847656,17.56760025024414,24.182132720947266,-1.404680609703064,-6.240817546844482,64.36990356445312,0
1745923227.048172,9.841080665588379,13.066286087036133,17.530534744262695,24.133270263671875,-1.4645980596542358,-6.100015163421631,64.57117462158203,0
1745923227.059784,10.160181999206543,13.206024169921875,17.521146774291992,24.15560531616211,-1.5448451042175293,-5.911807537078857,65.04295349121094,0
1745923227.0699785,10.356122970581055,13.33049201965332,17.5590877532959,24.225570678710938,-1.579001545906067,-5.8049726486206055,65.47127532958984,0
1745923227.0816042,10.611547470092773,13.446577072143555,17.557727813720703,24.174121856689453,-1.6093355417251587,-5.641409397125244,65.78997802734375,0
1745923227.0946498,10.966498374938965,13.58134651184082,17.52638053894043,24.15435791015625,-1.6966638565063477,-5.432560920715332,66.22858428955078,0
1745923227.1042187,11.348175048828125,13.742670059204102,17.470783233642578,24.116302490234375,-1.7851284742355347,-5.195437908172607,66.67793273925781,0
1745923227.115627,11.688064575195312,13.888744354248047,17.375755310058594,24.0308837890625,-1.86202073097229,-4.962814807891846,66.98344421386719,0
1745923227.1255887,11.956767082214355,13.990982055664062,17.213802337646484,23.90808868408203,-1.9454706907272339,-4.75113582611084,67.06964111328125,0
1745923227.139685,12.224787712097168,14.06806755065918,16.992490768432617,23.79043197631836,-2.068265914916992,-4.536531925201416,67.07577514648438,0
1745923227.147141,12.600564956665039,14.135063171386719,16.522748947143555,23.767894744873047,-2.3856043815612793,-4.246921062469482,67.02627563476562,0
1745923227.157678,13.019627571105957,14.230947494506836,16.32300567626953,23.813220977783203,-2.6089537143707275,-4.015603065490723,67.38680267333984,0
1745923227.1708534,13.356483459472656,14.30162239074707,16.087966918945312,23.817642211914062,-2.8116722106933594,-3.8067409992218018,67.56371307373047,0
1745923227.1808858,13.583834648132324,14.320154190063477,15.793027877807617,23.744464874267578,-2.995534896850586,-3.6224524974823,67.44148254394531,0
1745923227.1905658,13.744741439819336,14.28912353515625,15.436883926391602,23.628055572509766,-3.190966844558716,-3.4524104595184326,67.09880065917969,0
1745923227.2029557,13.920462608337402,14.239028930664062,15.081038475036621,23.5560302734375,-3.419036865234375,-3.294018507003784,66.79656219482422,0
1745923227.212881,14.155799865722656,14.198854446411133,14.770807266235352,23.608444213867188,-3.6900031566619873,-3.1545660495758057,66.73390197753906,0
1745923227.227063,14.454700469970703,14.17045783996582,14.516490936279297,23.780193328857422,-3.9948461055755615,-3.034914016723633,66.92184448242188,0
1745923227.235879,14.76932430267334,14.143295288085938,14.279850006103516,23.993492126464844,-4.309096813201904,-2.9258368015289307,67.18595886230469,0
1745923227.2464612,15.03068733215332,14.09957504272461,14.015680313110352,24.155677795410156,-4.605996131896973,-2.821075916290283,67.30162048339844,0
1745923227.2574193,15.203031539916992,14.025314331054688,13.711633682250977,24.22365951538086,-4.8733625411987305,-2.7223949432373047,67.16363525390625,0
1745923227.269613,15.300033569335938,13.75809097290039,13.37059497833252,24.18392562866211,-5.193423748016357,-2.678534984588623,66.61264038085938,0
1745923227.278611,15.356975555419922,13.58572769165039,13.001935005187988,24.062774658203125,-5.443304538726807,-2.583984136581421,66.00741577148438,0
1745923227.2910843,15.405097961425781,13.414274215698242,12.639812469482422,23.898773193359375,-5.676340103149414,-2.480241060256958,65.35795593261719,0
1745923227.3013284,15.449691772460938,13.258489608764648,12.31006145477295,23.726531982421875,-5.88487434387207,-2.37697434425354,64.7447738647461,0
1745923227.3147767,15.505193710327148,13.117992401123047,12.026651382446289,23.58773422241211,-6.07980489730835,-2.285504102706909,64.2375717163086,0
1745923227.322894,15.603296279907227,12.992839813232422,11.788613319396973,23.53677749633789,-6.289609432220459,-2.210747003555298,63.92152786254883,0
1745923227.3370008,15.73089599609375,12.881023406982422,11.588591575622559,23.57152557373047,-6.512549877166748,-2.156308174133301,63.772037506103516,0
1745923227.3502707,15.888349533081055,12.790127754211426,11.42496395111084,23.64883804321289,-6.72946310043335,-2.1066198348999023,63.752281188964844,0
1745923227.3673499,16.08673667907715,12.717309951782227,11.287878036499023,23.74187469482422,-6.940772533416748,-2.048129081726074,63.83380126953125,0
1745923227.380563,16.323137283325195,12.669206619262695,11.16135311126709,23.84441375732422,-7.147644519805908,-1.9732129573822021,63.998111724853516,0
1745923227.380563,16.577594757080078,12.638762474060059,11.049970626831055,23.972991943359375,-7.349578380584717,-1.898194670677185,64.23931884765625,0
1745923227.3893878,16.84309196472168,12.60702896118164,10.961013793945312,24.15210723876953,-7.557867527008057,-1.8419615030288696,64.56324005126953,0
1745923227.4025207,17.095632553100586,12.606327056884766,10.903255462646484,24.371337890625,-7.738282203674316,-1.8010389804840088,64.97655487060547,0
1745923227.4123073,17.314088821411133,12.60642147064209,10.875596046447754,24.600357055664062,-7.8919854164123535,-1.783954381942749,65.3964614868164,0
1745923227.421729,17.484725952148438,12.609532356262207,10.867344856262207,24.80441665649414,-8.009355545043945,-1.7809739112854004,65.76602172851562,0
1745923227.437176,17.5985164642334,12.610272407531738,10.849296569824219,24.928020477294922,-8.090719223022461,-1.7721772193908691,65.9861068725586,0
1745923227.4443972,17.65959358215332,12.598075866699219,10.79867172241211,24.94094467163086,-8.147398948669434,-1.7443276643753052,65.99728393554688,0
1745923227.4555304,17.75181770324707,12.57713508605957,10.70550537109375,24.901512145996094,-8.225847244262695,-1.681014895439148,65.93597412109375,0
1745923227.467189,17.976531982421875,12.578880310058594,10.614033699035645,24.97433090209961,-8.363940238952637,-1.5979126691818237,66.1437759399414,0
1745923227.477141,18.265853881835938,12.618163108825684,10.59335994720459,25.217086791992188,-8.510446548461914,-1.5511785745620728,66.69446563720703,0
1745923227.4912727,18.533266067504883,12.675333023071289,10.620572090148926,25.51327133178711,-8.627809524536133,-1.5358830690383911,67.34243774414062,0
1745923227.5001523,18.787553787231445,12.725446701049805,10.652701377868652,25.783916473388672,-8.733133316040039,-1.5216566324234009,67.94961547851562,0
1745923227.5102377,19.00145721435547,12.76038646697998,10.66693115234375,25.994304656982422,-8.82620906829834,-1.5036916732788086,68.42308044433594,0
1745923227.520796,19.130098342895508,12.789331436157227,10.64320182800293,26.099754333496094,-8.88878059387207,-1.4752486944198608,68.66238403320312,0
1745923227.537462,19.166460037231445,12.786581039428711,10.583208084106445,26.068538665771484,-8.923954010009766,-1.438279628753662,68.60478210449219,0
1745923227.5436704,19.160770416259766,12.781820297241211,10.489706993103027,25.92214584350586,-8.934589385986328,-1.3730566501617432,68.35444641113281,0
1745923227.5535302,19.19734001159668,12.785860061645508,10.371601104736328,25.749378204345703,-8.958321571350098,-1.2758889198303223,68.10417938232422,0
1745923227.5653322,19.322227478027344,12.811903953552246,10.273871421813965,25.6474609375,-9.003679275512695,-1.1686235666275024,68.05546569824219,0
1745923227.5774498,19.499807357788086,12.860917091369629,10.215479850769043,25.632213592529297,-9.053976058959961,-1.0735676288604736,68.20841979980469,0
1745923227.5870268,19.663558959960938,12.911542892456055,10.193724632263184,25.645362854003906,-9.087329864501953,-1.0018926858901978,68.41419219970703,0
1745923227.6001394,19.77992820739746,12.95522689819336,10.178227424621582,25.63878631591797,-9.102372169494629,-0.944084644317627,68.55216979980469,0
1745923227.6123204,19.831104278564453,12.990659713745117,10.156007766723633,25.585487365722656,-9.094636917114258,-0.8942742943763733,68.5632553100586,0
1745923227.6197877,19.81784439086914,13.008527755737305,10.115663528442383,25.458953857421875,-9.068187713623047,-0.8437473177909851,68.40098571777344,0
1745923227.6345558,19.821487426757812,13.016170501708984,10.054161071777344,25.28646469116211,-9.05058479309082,-0.7709540724754333,68.17828369140625,0
1745923227.6434135,19.9208984375,13.082427978515625,9.96812915802002,25.169586181640625,-9.056480407714844,-0.6577848792076111,68.14103698730469,0
1745923227.653417,20.07822036743164,13.115203857421875,9.934602737426758,25.14056396484375,-9.092487335205078,-0.5788394212722778,68.26859283447266,0
1745923227.671324,20.233720779418945,13.145572662353516,9.91742992401123,25.171287536621094,-9.136763572692871,-0.5243014693260193,68.468017578125,0
1745923227.6775904,20.334043502807617,13.183679580688477,9.918305397033691,25.210548400878906,-9.154032707214355,-0.4928683340549469,68.64657592773438,0
1745923227.6854975,20.399503707885742,13.2196044921875,9.938104629516602,25.219806671142578,-9.144402503967285,-0.46984970569610596,68.77702331542969,0
1745923227.7005804,20.46276092529297,13.263629913330078,9.965502738952637,25.214157104492188,-9.121665954589844,-0.4429026246070862,68.90605163574219,0
1745923227.7079487,20.53235626220703,13.31871223449707,9.982749938964844,25.19329833984375,-9.096097946166992,-0.40309691429138184,69.02711486816406,0
1745923227.7217162,20.601381301879883,13.377874374389648,9.969432830810547,25.142303466796875,-9.076415061950684,-0.3442141115665436,69.09098815917969,0
1745923227.7350926,20.647624969482422,13.421937942504883,9.927021980285645,25.038101196289062,-9.059640884399414,-0.27242401242256165,69.03468322753906,0
1745923227.743872,20.673933029174805,13.449024200439453,9.872541427612305,24.89395523071289,-9.04197883605957,-0.19617412984371185,68.88945007324219,0
1745923227.752123,20.687685012817383,13.463363647460938,9.816571235656738,24.736019134521484,-9.024641036987305,-0.12273579835891724,68.7036361694336,0
1745923227.7666788,20.703392028808594,13.473075866699219,9.771719932556152,24.58484649658203,-9.006114959716797,-0.05518636852502823,68.53303527832031,0
1745923227.7752059,20.73284912109375,13.480056762695312,9.739534378051758,24.450260162353516,-8.990559577941895,0.007094722706824541,68.40269470214844,0
1745923227.7856815,20.774938583374023,13.515432357788086,9.721970558166504,24.32455825805664,-8.957657814025879,0.07493323087692261,68.33689880371094,0
1745923227.8033228,20.8190975189209,13.546918869018555,9.704052925109863,24.0528564453125,-8.886693000793457,0.18776744604110718,68.1229248046875,0
1745923227.8070233,20.862476348876953,13.576375961303711,9.675610542297363,23.899417877197266,-8.855213165283203,0.2667144238948822,68.01387786865234,0
1745923227.818071,20.923250198364258,13.609664916992188,9.642867088317871,23.753570556640625,-8.830940246582031,0.3513351082801819,67.92935180664062,0
1745923227.8330204,21.018566131591797,13.655094146728516,9.616120338439941,23.62677001953125,-8.811923027038574,0.4423986077308655,67.91654968261719,0
1745923227.839224,21.133190155029297,13.707427978515625,9.583953857421875,23.49579620361328,-8.79637336730957,0.5444350838661194,67.92036437988281,0
1745923227.8550816,21.24919891357422,13.756536483764648,9.541375160217285,23.34042739868164,-8.781700134277344,0.6570079326629639,67.88754272460938,0
1745923227.8654528,21.35297393798828,13.814994812011719,9.487751007080078,23.15528106689453,-8.756016731262207,0.7819331288337708,67.81100463867188,0
1745923227.8738961,21.44343376159668,13.867973327636719,9.421164512634277,22.957439422607422,-8.73287582397461,0.9098666310310364,67.69001770019531,0
1745923227.8833973,21.52533721923828,13.915868759155273,9.352081298828125,22.76458740234375,-8.712756156921387,1.0334150791168213,67.55787658691406,0
1745923227.9043424,21.611263275146484,13.960063934326172,9.281079292297363,22.580726623535156,-8.699339866638184,1.1552178859710693,67.43313598632812,0
1745923227.9056745,21.71435546875,14.000408172607422,9.20413589477539,22.404685974121094,-8.698376655578613,1.280751347541809,67.3235855102539,0
1745923227.916387,21.83400535583496,14.086751937866211,9.128440856933594,22.233863830566406,-8.677888870239258,1.422757863998413,67.28306579589844,0
1745923227.933463,21.96285629272461,14.135330200195312,9.057234764099121,22.065723419189453,-8.678940773010254,1.5542694330215454,67.22114562988281,0
1745923227.9404347,22.1020450592041,14.189445495605469,8.98690414428711,21.90427017211914,-8.681392669677734,1.6880336999893188,67.18266296386719,0
1745923227.9506996,22.23442268371582,14.246919631958008,8.924469947814941,21.75168228149414,-8.678287506103516,1.8152704238891602,67.1574935913086,0
1745923227.9667158,22.347700119018555,14.292707443237305,8.86820125579834,21.603229522705078,-8.673887252807617,1.9303374290466309,67.1118392944336,0
1745923227.9711301,22.436870574951172,14.328311920166016,8.810517311096191,21.459896087646484,-8.670352935791016,2.034593105316162,67.03559875488281,0
1745923227.982954,22.512800216674805,14.361448287963867,8.751808166503906,21.32162857055664,-8.666360855102539,2.133263349533081,66.94768524169922,0
1745923228.0036914,22.588520050048828,14.387624740600586,8.696731567382812,21.194297790527344,-8.667285919189453,2.225118398666382,66.86717224121094,0
1745923228.0047197,22.657072067260742,14.408147811889648,8.648248672485352,21.082557678222656,-8.670135498046875,2.305866003036499,66.79602813720703,0
1745923228.0177233,22.704681396484375,14.424232482910156,8.606937408447266,20.979263305664062,-8.667865753173828,2.3742291927337646,66.71511840820312,0
1745923228.026211,22.734689712524414,14.432104110717773,8.57493782043457,20.897186279296875,-8.666036605834961,2.424830198287964,66.638916015625,0
1745923228.0392814,22.75432014465332,14.43559455871582,8.546980857849121,20.84450912475586,-8.669915199279785,2.459649085998535,66.58140563964844,0
1745923228.0507166,22.785390853881836,14.458812713623047,8.534594535827637,20.821815490722656,-8.666382789611816,2.4871182441711426,66.60061645507812,0
1745923228.0606341,22.840360641479492,14.481269836425781,8.537854194641113,20.822383880615234,-8.668343544006348,2.507267713546753,66.68186950683594,0
1745923228.0705411,22.898365020751953,14.511428833007812,8.550127983093262,20.828941345214844,-8.66373348236084,2.5250496864318848,66.78886413574219,0
1745923228.0941942,22.94424819946289,14.533166885375977,8.567636489868164,20.816734313964844,-8.651952743530273,2.5418701171875,66.86178588867188,0
1745923228.0941942,22.97797393798828,14.545894622802734,8.577489852905273,20.78372573852539,-8.639785766601562,2.5628390312194824,66.88508605957031,0
1745923228.104468,22.998838424682617,14.571748733520508,8.583412170410156,20.743877410888672,-8.616888046264648,2.5876646041870117,66.89787292480469,0
1745923228.1141293,23.007015228271484,14.59610366821289,8.585610389709473,20.695755004882812,-8.590775489807129,2.6128158569335938,66.88448333740234,0
1745923228.1264942,23.015094757080078,14.621938705444336,8.578532218933105,20.638107299804688,-8.566119194030762,2.6450040340423584,66.85366821289062,0
1745923228.1398814,23.015474319458008,14.644964218139648,8.567915916442871,20.574813842773438,-8.541023254394531,2.677595376968384,66.80316925048828,0
1745923228.14793,23.016023635864258,14.664445877075195,8.5492525100708,20.506793975830078,-8.520903587341309,2.713850259780884,66.73651123046875,0
1745923228.1593301,23.011964797973633,14.683887481689453,8.529583930969238,20.442626953125,-8.501092910766602,2.7478904724121094,66.66806030273438,0
1745923228.169157,22.99398422241211,14.688156127929688,8.50544548034668,20.384849548339844,-8.489797592163086,2.7733514308929443,66.57243347167969,0
1745923228.1823535,22.98051643371582,14.671064376831055,8.480486869812012,20.339614868164062,-8.495651245117188,2.7900760173797607,66.4716796875,0
1745923228.1920867,22.97928237915039,14.675086975097656,8.450740814208984,20.30715560913086,-8.499892234802246,2.813124179840088,66.41226196289062,0
1745923228.2037692,23.010391235351562,14.687511444091797,8.448189735412598,20.28835678100586,-8.49808120727539,2.8326945304870605,66.4344482421875,0
1745923228.214365,23.065776824951172,14.709892272949219,8.445488929748535,20.27906036376953,-8.500797271728516,2.8582394123077393,66.50021362304688,0
1745923228.2250836,23.130496978759766,14.736486434936523,8.43898868560791,20.265361785888672,-8.504722595214844,2.89036226272583,66.57133483886719,0
1745923228.2353027,23.19417381286621,14.762414932250977,8.430327415466309,20.25019073486328,-8.509455680847168,2.923257827758789,66.6371078491211,0
1745923228.2469091,23.241479873657227,14.78734016418457,8.417755126953125,20.22757339477539,-8.509907722473145,2.95546817779541,66.67414855957031,0
1745923228.2582839,23.255002975463867,14.802021026611328,8.396242141723633,20.189727783203125,-8.506538391113281,2.9844412803649902,66.64299011230469,0
1745923228.2695045,23.236623764038086,14.800731658935547,8.372698783874512,20.143020629882812,-8.50109577178955,3.0044338703155518,66.55307006835938,0
1745923228.2799308,23.206787109375,14.788249969482422,8.348410606384277,20.099449157714844,-8.499750137329102,3.017488479614258,66.44290161132812,0
1745923228.290835,23.182241439819336,14.77398681640625,8.327512741088867,20.067501068115234,-8.50248908996582,3.0261008739471436,66.35124206542969,0
1745923228.302178,23.17325210571289,14.761220932006836,8.316150665283203,20.05353546142578,-8.509023666381836,3.0293800830841064,66.30415344238281,0
1745923228.3148425,23.178068161010742,14.731744766235352,8.310693740844727,20.056804656982422,-8.530643463134766,3.0234873294830322,66.27731323242188,0
1745923228.3242998,23.192276000976562,14.724214553833008,8.316597938537598,20.081348419189453,-8.542916297912598,3.0142667293548584,66.31443786621094,0
1745923228.3348112,23.1983642578125,14.716228485107422,8.331331253051758,20.11874008178711,-8.551948547363281,2.9948909282684326,66.36466979980469,0
1745923228.3454258,23.186283111572266,14.711618423461914,8.351465225219727,20.157154083251953,-8.551115989685059,2.9692108631134033,66.40652465820312,0
1745923228.3570127,23.165834426879883,14.709020614624023,8.380074501037598,20.198379516601562,-8.542888641357422,2.9377684593200684,66.45330810546875,0
1745923228.3730338,23.145784378051758,14.699934005737305,8.412148475646973,20.243255615234375,-8.537521362304688,2.902155876159668,66.5011215209961,0
1745923228.378156,23.131046295166016,14.683053970336914,8.437908172607422,20.293476104736328,-8.543024063110352,2.8662662506103516,66.54548645019531,0
1745923228.3896694,23.11420249938965,14.66046142578125,8.459904670715332,20.34360122680664,-8.55307674407959,2.829671859741211,66.57817077636719,0
1745923228.4008107,23.075641632080078,14.64011001586914,8.482181549072266,20.38422393798828,-8.55262279510498,2.7910823822021484,66.5821533203125,0
1745923228.4116654,23.00957489013672,14.625465393066406,8.501626968383789,20.413097381591797,-8.539117813110352,2.7517249584198,66.54975891113281,0
1745923228.4237359,22.929851531982422,14.606496810913086,8.52528190612793,20.431442260742188,-8.518577575683594,2.709636688232422,66.49307250976562,0
1745923228.4346483,22.845596313476562,14.58172607421875,8.55215835571289,20.445537567138672,-8.496843338012695,2.664992094039917,66.42501831054688,0
1745923228.448928,22.766233444213867,14.55994987487793,8.583208084106445,20.461219787597656,-8.473031997680664,2.620389461517334,66.37061309814453,0
1745923228.4561386,22.699729919433594,14.556156158447266,8.6166410446167,20.481098175048828,-8.443017959594727,2.581939935684204,66.35362243652344,0
1745923228.4704306,22.63969612121582,14.550655364990234,8.657394409179688,20.510173797607422,-8.414534568786621,2.538935422897339,66.35792541503906,0
1745923228.4770312,22.57412338256836,14.543619155883789,8.702431678771973,20.54854965209961,-8.385656356811523,2.489154815673828,66.36872863769531,0
1745923228.4904933,22.50322151184082,14.538192749023438,8.755962371826172,20.58850860595703,-8.350150108337402,2.434791326522827,66.38587951660156,0
1745923228.5030851,22.43008041381836,14.536144256591797,8.815956115722656,20.632816314697266,-8.309905052185059,2.3769707679748535,66.41499328613281,0
1745923228.5132265,22.360694885253906,14.53847885131836,8.884201049804688,20.738285064697266,-8.282060623168945,2.2971532344818115,66.52165985107422,0
1745923228.5213454,22.288482666015625,14.544111251831055,8.949969291687012,20.78327178955078,-8.235078811645508,2.2396836280822754,66.56584167480469,0
1745923228.536246,22.206937789916992,14.545875549316406,9.009682655334473,20.817394256591797,-8.187541007995605,2.184451103210449,66.57989501953125,0
1745923228.5451963,22.119874954223633,14.549612045288086,9.06734848022461,20.841278076171875,-8.135366439819336,2.1325037479400635,66.57810974121094,0
1745923228.5562985,22.02797508239746,14.551870346069336,9.122276306152344,20.861610412597656,-8.082964897155762,2.080939769744873,66.56373596191406,0
1745923228.572562,21.933399200439453,14.545381546020508,9.17627239227295,20.87991714477539,-8.034369468688965,2.02712082862854,66.53497314453125,0
1745923228.5766447,21.84320640563965,14.543523788452148,9.23378849029541,20.895221710205078,-7.98173713684082,1.9756548404693604,66.51573944091797,0
1745923228.5896542,21.750755310058594,14.541341781616211,9.29015064239502,20.90890121459961,-7.9287028312683105,1.9243764877319336,66.49114990234375,0
1745923228.5996482,21.655250549316406,14.54060173034668,9.343494415283203,20.916893005371094,-7.873833656311035,1.8755922317504883,66.45623779296875,0
1745923228.6170678,21.557544708251953,14.5452880859375,9.400396347045898,20.920425415039062,-7.812036514282227,1.8279969692230225,66.42365264892578,0
1745923228.6367338,21.460351943969727,14.537700653076172,9.456440925598145,20.925037384033203,-7.757737636566162,1.7768747806549072,66.37953186035156,0
1745923228.6372302,21.372150421142578,14.529979705810547,9.499615669250488,20.933727264404297,-7.714363098144531,1.7312690019607544,66.3354721069336,0
1745923228.6460245,21.28485870361328,14.52658462524414,9.538283348083496,20.94670867919922,-7.672623157501221,1.687201738357544,66.29643249511719,0
1745923228.654704,21.20143699645996,14.513895034790039,9.57847785949707,20.969608306884766,-7.6392502784729,1.6375879049301147,66.26341247558594,0
1745923228.6691296,21.11888885498047,14.503822326660156,9.621186256408691,21.0048828125,-7.607165336608887,1.5838706493377686,66.248779296875,0
1745923228.6752737,21.04851722717285,14.500200271606445,9.669538497924805,21.05614471435547,-7.57725191116333,1.5282480716705322,66.27439880371094,0
1745923228.6875474,20.990264892578125,14.493770599365234,9.72632884979248,21.113506317138672,-7.549963474273682,1.4704838991165161,66.32386779785156,0
1745923228.70122,20.935049057006836,14.492935180664062,9.783305168151855,21.170719146728516,-7.520511627197266,1.4153409004211426,66.38201141357422,0
1745923228.7087686,20.88072395324707,14.49176025390625,9.882245063781738,21.223018646240234,-7.467652320861816,1.347994089126587,66.47774505615234,0
1745923228.7200773,20.827499389648438,14.487226486206055,9.923408508300781,21.26732635498047,-7.4453630447387695,1.3022066354751587,66.50546264648438,0
1745923228.7352126,20.77150535583496,14.478918075561523,9.960138320922852,21.307968139648438,-7.425475120544434,1.25722336769104,66.5185317993164,0
1745923228.7416534,20.718679428100586,14.467536926269531,9.993627548217773,21.35163116455078,-7.410869598388672,1.2123606204986572,66.53147888183594,0
1745923228.7539668,20.66998863220215,14.451963424682617,10.025365829467773,21.398338317871094,-7.401655673980713,1.1670665740966797,66.545654296875,0
1745923228.7668595,20.625925064086914,14.437017440795898,10.060866355895996,21.448162078857422,-7.3925065994262695,1.1210750341415405,66.57197570800781,0
1745923228.7751844,20.58478355407715,14.430112838745117,10.0969820022583,21.502674102783203,-7.381121635437012,1.0766427516937256,66.61454772949219,0
1745923228.7854614,20.54320526123047,14.417272567749023,10.132352828979492,21.552631378173828,-7.371753215789795,1.0321093797683716,66.64546203613281,0
1745923228.8007565,20.503467559814453,14.404886245727539,10.164407730102539,21.599109649658203,-7.363403797149658,0.9905466437339783,66.671875,0
1745923228.807147,20.46501922607422,14.398075103759766,10.189217567443848,21.645931243896484,-7.356452465057373,0.953351616859436,66.6982421875,0
1745923228.817923,20.439659118652344,14.392366409301758,10.212629318237305,21.690841674804688,-7.353120803833008,0.9215425848960876,66.7354965209961,0
1745923228.8350964,20.420368194580078,14.394281387329102,10.235427856445312,21.731048583984375,-7.346504211425781,0.8956373929977417,66.7811279296875,0
1745923228.8405294,20.402727127075195,14.387321472167969,10.25448226928711,21.766986846923828,-7.345763206481934,0.8702111840248108,66.81151580810547,0
1745923228.8517957,20.38045883178711,14.381441116333008,10.273443222045898,21.794742584228516,-7.340538501739502,0.84644615650177,66.83009338378906,0
1745923228.8671107,20.358646392822266,14.379884719848633,10.292459487915039,21.824954986572266,-7.333906173706055,0.8233142495155334,66.85594177246094,0
1745923228.87327,20.33525848388672,14.372297286987305,10.315983772277832,21.852313995361328,-7.326712131500244,0.7973651885986328,66.8758544921875,0
1745923228.8864658,20.312990188598633,14.368541717529297,10.337533950805664,21.87778091430664,-7.318304061889648,0.7741852402687073,66.8968505859375,0
1745923228.9009814,20.285144805908203,14.368144989013672,10.357799530029297,21.896148681640625,-7.3048858642578125,0.7530750632286072,66.90724182128906,0
1745923228.9073286,20.24629783630371,14.366039276123047,10.376872062683105,21.903724670410156,-7.286258220672607,0.732012927532196,66.89292907714844,0
1745923228.9197562,20.20452880859375,14.362852096557617,10.389481544494629,21.900341033935547,-7.267293930053711,0.7153871059417725,66.85720825195312,0
1745923228.9348578,20.166820526123047,14.35714340209961,10.401029586791992,21.895030975341797,-7.2508649826049805,0.7001795172691345,66.82002258300781,0
1745923228.9451828,20.13093376159668,14.353975296020508,10.409429550170898,21.885738372802734,-7.234066009521484,0.6885976791381836,66.78007507324219,0
1745923228.9589417,20.092485427856445,14.358678817749023,10.417346000671387,21.877235412597656,-7.212797164916992,0.6785184741020203,66.74574279785156,0
1745923228.9702022,20.05206298828125,14.351394653320312,10.428223609924316,21.868995666503906,-7.19573450088501,0.663127064704895,66.70067596435547,0
1745923228.9745939,20.018489837646484,14.362491607666016,10.439138412475586,21.857112884521484,-7.1699323654174805,0.6565865278244019,66.67723083496094,0
1745923228.9835129,19.997966766357422,14.37216567993164,10.451822280883789,21.846965789794922,-7.148555755615234,0.6524508595466614,66.66891479492188,0
1745923228.999846,19.980932235717773,14.379430770874023,10.460278511047363,21.834514617919922,-7.131040096282959,0.6507672071456909,66.6551513671875,0
1745923229.0048673,19.956541061401367,14.386125564575195,10.464580535888672,21.816394805908203,-7.11192512512207,0.6498521566390991,66.62364196777344,0
1745923229.0163844,19.9309139251709,14.38861083984375,10.460800170898438,21.794307708740234,-7.097638130187988,0.6511909365653992,66.57463073730469,0
1745923229.0274472,19.915416717529297,14.390506744384766,10.466089248657227,21.776092529296875,-7.083260536193848,0.651237428188324,66.54810333251953,0
1745923229.03816,19.904890060424805,14.399497985839844,10.475029945373535,21.772747039794922,-7.069446563720703,0.6489478945732117,66.55216979980469,0
1745923229.0504017,19.900148391723633,14.40898323059082,10.488067626953125,21.77614974975586,-7.057163238525391,0.6450508832931519,66.57334899902344,0
1745923229.0621946,19.89457130432129,14.412036895751953,10.499876976013184,21.780475616455078,-7.048943996429443,0.6390348672866821,66.58695983886719,0
1745923229.073489,19.886301040649414,14.41683578491211,10.507532119750977,21.777774810791016,-7.038937568664551,0.6363630890846252,66.58843994140625,0
1745923229.083267,19.884897232055664,14.422866821289062,10.51032543182373,21.766136169433594,-7.030185222625732,0.6406515836715698,66.584228515625,0
1745923229.0929961,19.89055061340332,14.428140640258789,10.50944995880127,21.754119873046875,-7.025867462158203,0.6481842398643494,66.58226013183594,0
1745923229.1043391,19.89921760559082,14.434854507446289,10.508183479309082,21.74877166748047,-7.0240478515625,0.6550353169441223,66.59102630615234,0
1745923229.1148677,19.901817321777344,14.442537307739258,10.503936767578125,21.743915557861328,-7.021531105041504,0.6611360311508179,66.59220886230469,0
1745923229.133665,19.902006149291992,14.44149398803711,10.498982429504395,21.736583709716797,-7.022435188293457,0.6648725271224976,66.57906341552734,0
1745923229.1370862,19.90202522277832,14.437055587768555,10.492091178894043,21.733409881591797,-7.027402877807617,0.6667983531951904,66.56458282470703,0
1745923229.1480472,19.905439376831055,14.433887481689453,10.487211227416992,21.732994079589844,-7.0325822830200195,0.6685965061187744,66.55953216552734,0
1745923229.159361,19.91353988647461,14.42943000793457,10.47858715057373,21.736282348632812,-7.043055057525635,0.6714479327201843,66.55784606933594,0
1745923229.171143,19.92662811279297,14.423189163208008,10.473148345947266,21.745712280273438,-7.0562920570373535,0.6722387671470642,66.56867980957031,0
1745923229.1821156,19.940702438354492,14.414634704589844,10.46947956085205,21.755970001220703,-7.070382118225098,0.6717808246612549,66.5807876586914,0
1745923229.1929119,19.958911895751953,14.411182403564453,10.467150688171387,21.767837524414062,-7.082876682281494,0.6731799244880676,66.60508728027344,0
1745923229.2047684,19.985334396362305,14.410802841186523,10.464320182800293,21.78357696533203,-7.097801685333252,0.6769251227378845,66.64403533935547,0
1745923229.2151194,20.018301010131836,14.405227661132812,10.46264362335205,21.80492401123047,-7.118640899658203,0.6788798570632935,66.69110107421875,0
1745923229.2258718,20.059480667114258,14.39822769165039,10.451560974121094,21.82593536376953,-7.147614479064941,0.6860620975494385,66.7352066040039,0
1745923229.2360244,20.100868225097656,14.391759872436523,10.416302680969238,21.834758758544922,-7.185275554656982,0.705279529094696,66.74369049072266,0
1745923229.2477288,20.141878128051758,14.377363204956055,10.394976615905762,21.843509674072266,-7.2196197509765625,0.7174575328826904,66.75772857666016,0
1745923229.2585723,20.16716194152832,14.363704681396484,10.36746597290039,21.846832275390625,-7.250248432159424,0.7288614511489868,66.74516296386719,0
1745923229.2705646,20.177480697631836,14.34638786315918,10.336658477783203,21.847549438476562,-7.279112815856934,0.7365356087684631,66.70807647705078,0
1745923229.2813203,20.17755699157715,14.327932357788086,10.30810546875,21.848251342773438,-7.304231643676758,0.7400301694869995,66.66184997558594,0
1745923229.293066,20.178714752197266,14.312339782714844,10.288362503051758,21.856204986572266,-7.325782775878906,0.7394871711730957,66.6356201171875,0
1745923229.3038583,20.195804595947266,14.297355651855469,10.272380828857422,21.868183135986328,-7.351218223571777,0.7414340972900391,66.63372802734375,0
1745923229.313569,20.225072860717773,14.288970947265625,10.268022537231445,21.882015228271484,-7.371325492858887,0.7446907758712769,66.66407775878906,0
1745923229.325153,20.25853157043457,14.288875579833984,10.266998291015625,21.896278381347656,-7.3866753578186035,0.7505061626434326,66.71068572998047,0
1745923229.335316,20.28302001953125,14.28567123413086,10.256921768188477,21.901588439941406,-7.402924060821533,0.7585188746452332,66.72720336914062,0
1745923229.3459182,20.300317764282227,14.274517059326172,10.246192932128906,21.899150848388672,-7.419123649597168,0.7646764516830444,66.72018432617188,0
1745923229.3565333,20.310827255249023,14.266626358032227,10.240214347839355,21.89936065673828,-7.4297943115234375,0.7673518657684326,66.71702575683594,0
1745923229.3694198,20.316251754760742,14.262453079223633,10.23492431640625,21.90109634399414,-7.437026023864746,0.7688912749290466,66.7147216796875,0
1745923229.3817587,20.320558547973633,14.260955810546875,10.23397445678711,21.903099060058594,-7.44027042388916,0.7693990468978882,66.71858215332031,0
1745923229.3917093,20.326343536376953,14.260860443115234,10.235576629638672,21.915267944335938,-7.445001125335693,0.7666322588920593,66.73805236816406,0
1745923229.4037662,20.34130859375,14.25651741027832,10.235334396362305,21.936485290527344,-7.458574295043945,0.7630122303962708,66.76964569091797,0
1745923229.4120238,20.359310150146484,14.248929977416992,10.237774848937988,21.95700454711914,-7.473151683807373,0.7586881518363953,66.80301666259766,0
1745923229.4224458,20.381065368652344,14.248170852661133,10.241201400756836,21.97610855102539,-7.484283447265625,0.7577123641967773,66.84654235839844,0
1745923229.4371443,20.398895263671875,14.248247146606445,10.242803573608398,21.987407684326172,-7.492328643798828,0.7589348554611206,66.87734985351562,0
1745923229.4463596,20.4034481048584,14.245838165283203,10.246006965637207,21.988067626953125,-7.493505954742432,0.7583264708518982,66.88336181640625,0
1745923229.4560444,20.398839950561523,14.239654541015625,10.24466609954834,21.984214782714844,-7.494903564453125,0.7567502856254578,66.86737823486328,0
1745923229.466524,20.394153594970703,14.232711791992188,10.241592407226562,21.975200653076172,-7.496020317077637,0.7571626305580139,66.84365844726562,0
1745923229.4786112,20.390398025512695,14.230037689208984,10.233416557312012,21.958385467529297,-7.495471000671387,0.7633530497550964,66.81224060058594,0
1745923229.490543,20.388254165649414,14.225257873535156,10.2197265625,21.933650970458984,-7.497036457061768,0.7737784385681152,66.76689147949219,0
1745923229.5035443,20.390378952026367,14.225503921508789,10.203726768493652,21.908409118652344,-7.49831485748291,0.7879548668861389,66.72801971435547,0
1745923229.5126512,20.39754867553711,14.225580215454102,10.188546180725098,21.884925842285156,-7.50133752822876,0.8027822971343994,66.69660186767578,0
1745923229.5257382,20.407697677612305,14.227134704589844,10.178842544555664,21.869335174560547,-7.504002571105957,0.8145964741706848,66.68301391601562,0
1745923229.5367715,20.42063331604004,14.228765487670898,10.177482604980469,21.865406036376953,-7.506628036499023,0.8207352757453918,66.69229125976562,0
1745923229.549814,20.431976318359375,14.22669792175293,10.179028511047363,21.86285400390625,-7.509605407714844,0.823871374130249,66.7005615234375,0
1745923229.5550263,20.435504913330078,14.221292495727539,10.175918579101562,21.848251342773438,-7.510737419128418,0.8291003704071045,66.68096923828125,0
1745923229.5670404,20.439050674438477,14.215185165405273,10.166642189025879,21.83647918701172,-7.516403675079346,0.8352180123329163,66.65735626220703,0
1745923229.577563,20.44257926940918,14.204696655273438,10.156920433044434,21.82886505126953,-7.525921821594238,0.8387925624847412,66.63306427001953,0
1745923229.5911298,20.448232650756836,14.20166015625,10.149152755737305,21.833663940429688,-7.534893989562988,0.8405576944351196,66.6327133178711,0
1745923229.6010387,20.45305061340332,14.204828262329102,10.15338134765625,21.850574493408203,-7.53762149810791,0.8360463380813599,66.66183471679688,0
1745923229.6099782,20.45509910583496,14.202362060546875,10.165860176086426,21.87005615234375,-7.53889274597168,0.8254567980766296,66.69337463378906,0
1745923229.6223648,20.462629318237305,14.187585830688477,10.178153038024902,21.89078140258789,-7.548879623413086,0.8124635815620422,66.71914672851562,0
1745923229.6345873,20.467086791992188,14.180473327636719,10.184597969055176,21.90457534790039,-7.55482816696167,0.805046021938324,66.73673248291016,0
1745923229.643033,20.46516990661621,14.17495346069336,10.184783935546875,21.908920288085938,-7.558414936065674,0.8013142347335815,66.73382568359375,0
1745923229.6541853,20.46556854248047,14.166229248046875,10.17725944519043,21.90243911743164,-7.565209865570068,0.8033715486526489,66.71150207519531,0
1745923229.6666565,20.46274185180664,14.150503158569336,10.163383483886719,21.891651153564453,-7.57682991027832,0.8058162927627563,66.66827392578125,0
1745923229.6767423,20.443679809570312,14.131725311279297,10.154460906982422,21.8848876953125,-7.583705902099609,0.7994803190231323,66.61475372314453,0
1745923229.6939402,20.413747787475586,14.113611221313477,10.145278930664062,21.883052825927734,-7.588553428649902,0.7885060906410217,66.55569458007812,0
1745923229.7015836,20.383094787597656,14.100807189941406,10.142149925231934,21.886058807373047,-7.588594913482666,0.7753404974937439,66.51211547851562,0
1745923229.7115963,20.363767623901367,14.095401763916016,10.146936416625977,21.89794158935547,-7.586643218994141,0.762361466884613,66.50404357910156,0
1745923229.7205634,20.358551025390625,14.087055206298828,10.153045654296875,21.916553497314453,-7.591949462890625,0.7501465082168579,66.51520538330078,0
1745923229.7346096,20.357412338256836,14.073549270629883,10.162637710571289,21.93841552734375,-7.600400924682617,0.7354071140289307,66.53201293945312,0
1745923229.7448874,20.346487045288086,14.063060760498047,10.171243667602539,21.953018188476562,-7.602536201477051,0.7213026285171509,66.53380584716797,0
1745923229.7552242,20.318166732788086,14.048454284667969,10.17310619354248,21.956172943115234,-7.601637840270996,0.7065728306770325,66.49590301513672,0
1745923229.7697048,20.27302360534668,14.033262252807617,10.166549682617188,21.94283676147461,-7.595335960388184,0.6946385502815247,66.4156723022461,0
1745923229.7785716,20.222169876098633,14.009096145629883,10.159062385559082,21.924922943115234,-7.591168403625488,0.6799781322479248,66.31524658203125,0
1745923229.7853742,20.17715835571289,13.990886688232422,10.154890060424805,21.914077758789062,-7.5859832763671875,0.6654977202415466,66.23701477050781,0
1745923229.8011472,20.137420654296875,13.978424072265625,10.16450023651123,21.914321899414062,-7.57533597946167,0.6462371349334717,66.19467163085938,0
1745923229.8123171,20.101457595825195,13.963611602783203,10.184039115905762,21.932083129882812,-7.567176818847656,0.6184219121932983,66.18119812011719,0
1745923229.8201046,20.063255310058594,13.943315505981445,10.201436042785645,21.960235595703125,-7.565633773803711,0.5855205059051514,66.16824340820312,0
1745923229.8356812,20.02275848388672,13.920249938964844,10.21484661102295,21.991222381591797,-7.567886829376221,0.5514167547225952,66.14907836914062,0
1745923229.8504007,19.98789405822754,13.896995544433594,10.228219032287598,22.029163360595703,-7.574152946472168,0.5167289972305298,66.14227294921875,0
1745923229.853038,19.959423065185547,13.880681991577148,10.243306159973145,22.076702117919922,-7.580697536468506,0.48249635100364685,66.16011047363281,0
1745923229.8664887,19.933134078979492,13.860954284667969,10.260908126831055,22.129058837890625,-7.589883327484131,0.4455234408378601,66.1840591430664,0
1745923229.8770773,19.89995765686035,13.804866790771484,10.278919219970703,22.185890197753906,-7.617658615112305,0.3935393691062927,66.16963195800781,0
1745923229.8853755,19.8617000579834,13.773853302001953,10.298308372497559,22.246200561523438,-7.630707740783691,0.34620505571365356,66.18006134033203,0
1745923229.9014778,19.82562255859375,13.74323844909668,10.319299697875977,22.314807891845703,-7.645895004272461,0.29650968313217163,66.20297241210938,0
1745923229.9086652,19.786529541015625,13.710309982299805,10.339173316955566,22.385414123535156,-7.662608623504639,0.24489586055278778,66.22142791748047,0
1745923229.9194038,19.743318557739258,13.66765022277832,10.357817649841309,22.457744598388672,-7.684484004974365,0.18879921734333038,66.22653198242188,0
1745923229.93557,19.694419860839844,13.622734069824219,10.377188682556152,22.533451080322266,-7.706469535827637,0.1289002150297165,66.22779846191406,0
1745923229.9458323,19.647056579589844,13.585897445678711,10.394845962524414,22.686214447021484,-7.74905252456665,0.04810093715786934,66.31401062011719,0
1745923229.9530344,19.605003356933594,13.548473358154297,10.415688514709473,22.760807037353516,-7.767923831939697,-0.007287438027560711,66.32997131347656,0
1745923229.9692354,19.560447692871094,13.517082214355469,10.436176300048828,22.8353271484375,-7.782939434051514,-0.06139418110251427,66.34902954101562,0
1745923229.9724894,19.512136459350586,13.484722137451172,10.456106185913086,22.91421127319336,-7.798953533172607,-0.11817041039466858,66.36717224121094,0
1745923229.9890218,19.47370719909668,13.452268600463867,10.481586456298828,22.99785614013672,-7.816469192504883,-0.17502792179584503,66.4054183959961,0
1745923230.001899,19.441877365112305,13.418827056884766,10.509562492370605,23.08271026611328,-7.835519790649414,-0.23118597269058228,66.45297241210938,0
1745923230.0124342,19.410579681396484,13.355890274047852,10.538711547851562,23.161197662353516,-7.868051528930664,-0.2949187755584717,66.46638488769531,0
1745923230.0172448,19.37287139892578,13.330606460571289,10.562292098999023,23.230274200439453,-7.878467082977295,-0.3439430892467499,66.49604797363281,0
1745923230.027753,19.333532333374023,13.304752349853516,10.57553482055664,23.288864135742188,-7.891097068786621,-0.3871789574623108,66.502685546875,0
1745923230.0444207,19.29421043395996,13.276357650756836,10.590975761413574,23.344982147216797,-7.903163909912109,-0.4311336874961853,66.50653076171875,0
1745923230.051531,19.259859085083008,13.247657775878906,10.602672576904297,23.402175903320312,-7.919244766235352,-0.4727542996406555,66.51235961914062,0
1745923230.061297,19.229434967041016,13.222526550292969,10.613996505737305,23.46743392944336,-7.93721342086792,-0.5143103003501892,66.53338623046875,0
1745923230.0725183,19.20240592956543,13.203577041625977,10.626848220825195,23.534889221191406,-7.9526896476745605,-0.5538841485977173,66.56771850585938,0
1745923230.085199,19.17474937438965,13.183357238769531,10.644468307495117,23.603626251220703,-7.966455459594727,-0.5958854556083679,66.606201171875,0
1745923230.0992815,19.14643096923828,13.162984848022461,10.661120414733887,23.668563842773438,-7.979473114013672,-0.6366475224494934,66.63909912109375,0
1745923230.1120424,19.116764068603516,13.14056396484375,10.681403160095215,23.73214340209961,-7.990810394287109,-0.6791662573814392,66.6708755493164,0
1745923230.1163113,19.07806968688965,13.118541717529297,10.704983711242676,23.79651641845703,-7.99767541885376,-0.7256979942321777,66.69810485839844,0
1745923230.1269474,19.034461975097656,13.093011856079102,10.723311424255371,23.857112884521484,-8.006653785705566,-0.7722026705741882,66.70790100097656,0
1745923230.1382315,18.98470687866211,13.033166885375977,10.732494354248047,23.911792755126953,-8.035494804382324,-0.8273755311965942,66.66216278076172,0
1745923230.1492333,18.9312744140625,13.008337020874023,10.746612548828125,23.97161102294922,-8.043197631835938,-0.8753787279129028,66.6578369140625,0
1745923230.1601918,18.880477905273438,12.979846954345703,10.76486587524414,24.034038543701172,-8.052216529846191,-0.9257559180259705,66.65922546386719,0
1745923230.1708121,18.8294734954834,12.944376945495605,10.784217834472656,24.09461212158203,-8.063798904418945,-0.9782740473747253,66.65267944335938,0
1745923230.1838307,18.775962829589844,12.913610458374023,10.802862167358398,24.152278900146484,-8.071600914001465,-1.0289920568466187,66.64471435546875,0
1745923230.1959732,18.72759437561035,12.8843994140625,10.815211296081543,24.201156616210938,-8.08088207244873,-1.0729947090148926,66.62835693359375,0
1745923230.2051897,18.690284729003906,12.85498046875,10.822624206542969,24.250171661376953,-8.096301078796387,-1.1119829416275024,66.61805725097656,0
1745923230.2146323,18.666006088256836,12.831839561462402,10.829739570617676,24.314544677734375,-8.11695671081543,-1.1490510702133179,66.64212799072266,0
1745923230.2264996,18.638368606567383,12.809039115905762,10.84514331817627,24.384300231933594,-8.13352108001709,-1.1911593675613403,66.67684936523438,0
1745923230.2380345,18.602537155151367,12.781535148620605,10.86607837677002,24.447368621826172,-8.14519214630127,-1.237180471420288,66.69751739501953,0
1745923230.251248,18.561851501464844,12.756061553955078,10.885709762573242,24.503314971923828,-8.152900695800781,-1.2816252708435059,66.70693969726562,0
1745923230.2607799,18.518186569213867,12.72844409942627,10.895506858825684,24.553085327148438,-8.16437816619873,-1.3230512142181396,66.69522094726562,0
1745923230.2707338,18.483816146850586,12.668997764587402,10.902286529541016,24.60547637939453,-8.198312759399414,-1.3719345331192017,66.66057586669922,0
1745923230.2812042,18.462875366210938,12.651774406433105,10.916796684265137,24.663673400878906,-8.210845947265625,-1.4061331748962402,66.69512176513672,0
1745923230.2923281,18.451417922973633,12.632180213928223,10.918379783630371,24.721675872802734,-8.23442554473877,-1.4340583086013794,66.7236557006836,0
1745923230.3026624,18.43341827392578,12.610424041748047,10.916963577270508,24.771087646484375,-8.256311416625977,-1.4614951610565186,66.73189544677734,0
1745923230.314831,18.41537857055664,12.585139274597168,10.921806335449219,24.82006072998047,-8.276566505432129,-1.4918302297592163,66.74238586425781,0
1745923230.3250887,18.39988136291504,12.561922073364258,10.929740905761719,24.878803253173828,-8.297645568847656,-1.5243526697158813,66.77034759521484,0
1745923230.3361418,18.375755310058594,12.540905952453613,10.93639087677002,24.937847137451172,-8.315752983093262,-1.558732032775879,66.7908935546875,0
1745923230.3475795,18.347530364990234,12.516057968139648,10.939854621887207,24.99048614501953,-8.334573745727539,-1.5929858684539795,66.79393005371094,0
1745923230.367715,18.325679779052734,12.487055778503418,10.93953800201416,25.044185638427734,-8.35989761352539,-1.6256955862045288,66.79646301269531,0
1745923230.3698993,18.305706024169922,12.45867919921875,10.938755989074707,25.09958267211914,-8.386183738708496,-1.6579115390777588,66.80271911621094,0
1745923230.379937,18.28330421447754,12.429619789123535,10.934192657470703,25.15267562866211,-8.413511276245117,-1.6894186735153198,66.79978942871094,0
1745923230.393585,18.258684158325195,12.39991569519043,10.91871452331543,25.202953338623047,-8.445671081542969,-1.7179383039474487,66.7802734375,0
1745923230.4019444,18.241195678710938,12.335290908813477,10.903404235839844,25.25238037109375,-8.498686790466309,-1.755751132965088,66.73226928710938,0
1745923230.4149923,18.224843978881836,12.30405044555664,10.900890350341797,25.314903259277344,-8.530635833740234,-1.7892791032791138,66.74468994140625,0
1745923230.424049,18.204814910888672,12.276206016540527,10.904838562011719,25.3851318359375,-8.558344841003418,-1.8269597291946411,66.77099609375,0
1745923230.4362535,18.183000564575195,12.245932579040527,10.913853645324707,25.458858489990234,-8.585089683532715,-1.8685073852539062,66.80164337158203,0
1745923230.4525177,18.160598754882812,12.212567329406738,10.92555046081543,25.540122985839844,-8.614047050476074,-1.9141972064971924,66.83883666992188,0
1745923230.4567559,18.127178192138672,12.172525405883789,10.929443359375,25.616512298583984,-8.646308898925781,-1.9623008966445923,66.84565734863281,0
1745923230.470489,18.086471557617188,12.13500690460205,10.926332473754883,25.681377410888672,-8.675582885742188,-2.0067715644836426,66.82919311523438,0
1745923230.478882,18.045215606689453,12.091512680053711,10.917932510375977,25.738624572753906,-8.708704948425293,-2.049852132797241,66.79328918457031,0
1745923230.4915254,18.005516052246094,12.046634674072266,10.90776252746582,25.790679931640625,-8.742548942565918,-2.090949058532715,66.75059509277344,0
1745923230.5048027,17.96930503845215,12.004297256469727,10.906347274780273,25.84314727783203,-8.77133560180664,-2.132601499557495,66.72309875488281,0
1745923230.5155642,17.9344425201416,11.972051620483398,10.916666030883789,25.90808868408203,-8.792083740234375,-2.177142381668091,66.73124694824219,0
1745923230.5261238,17.898725509643555,11.945040702819824,10.93355941772461,25.981189727783203,-8.808416366577148,-2.2242953777313232,66.75851440429688,0
1745923230.5350502,17.8568058013916,11.881915092468262,10.949950218200684,26.05057144165039,-8.842089653015137,-2.284980297088623,66.73924255371094,0
1745923230.54682,17.82262420654297,11.844491004943848,10.961199760437012,26.118457794189453,-8.8662109375,-2.332149028778076,66.74677276611328,0
1745923230.5554554,17.798725128173828,11.812339782714844,10.974983215332031,26.19603729248047,-8.891729354858398,-2.377270221710205,66.78208923339844,0
1745923230.5695322,17.785978317260742,11.787567138671875,10.991616249084473,26.289260864257812,-8.919225692749023,-2.4209909439086914,66.85442352294922,0
1745923230.581059,17.773725509643555,11.76556396484375,11.016407012939453,26.395938873291016,-8.944597244262695,-2.4694571495056152,66.95162963867188,0
1745923230.588328,17.750394821166992,11.742006301879883,11.039708137512207,26.501144409179688,-8.968013763427734,-2.521397352218628,67.03324890136719,0
1745923230.6033454,17.7166690826416,11.712472915649414,11.061686515808105,26.589683532714844,-8.987727165222168,-2.5740232467651367,67.08051300048828,0
1745923230.6126661,17.68061065673828,11.683735847473145,11.077872276306152,26.662708282470703,-9.005119323730469,-2.6212823390960693,67.10492706298828,0
1745923230.6216207,17.657886505126953,11.654980659484863,11.092121124267578,26.732276916503906,-9.026369094848633,-2.662338972091675,67.13726806640625,0
1745923230.6358745,17.650659561157227,11.633622169494629,11.113038063049316,26.815338134765625,-9.048018455505371,-2.7007699012756348,67.21266174316406,0
1745923230.650659,17.644798278808594,11.613383293151855,11.139263153076172,26.91897201538086,-9.072250366210938,-2.745260238647461,67.31642150878906,0
1745923230.6548743,17.643508911132812,11.591303825378418,11.169418334960938,27.161251068115234,-9.135331153869629,-2.8270790576934814,67.56548309326172,0
1745923230.667222,17.643224716186523,11.551604270935059,11.206930160522461,27.29959487915039,-9.175000190734863,-2.8883554935455322,67.70135498046875,0
1745923230.6770175,17.636585235595703,11.529221534729004,11.249602317810059,27.436222076416016,-9.19994831085205,-2.94643497467041,67.85163116455078,0
1745923230.6873455,17.627044677734375,11.50179386138916,11.290522575378418,27.56519317626953,-9.225591659545898,-3.0045714378356934,67.98455810546875,0
1745923230.703754,17.606691360473633,11.472203254699707,11.325837135314941,27.676952362060547,-9.247671127319336,-3.0610547065734863,68.08168029785156,0
1745923230.7130058,17.572872161865234,11.438459396362305,11.348132133483887,27.756877899169922,-9.266623497009277,-3.111841917037964,68.11634063720703,0
1745923230.7205222,17.523914337158203,11.403026580810547,11.354930877685547,27.812274932861328,-9.284065246582031,-3.158062219619751,68.09414672851562,0
1745923230.736427,17.46052360534668,11.362491607666016,11.350404739379883,27.849891662597656,-9.301671981811523,-3.2036495208740234,68.0233154296875,0
1745923230.7454004,17.387060165405273,11.321160316467285,11.340123176574707,27.87143325805664,-9.315723419189453,-3.2475080490112305,67.9197769165039,0
1745923230.7696226,17.322795867919922,11.28248405456543,11.324440002441406,27.885982513427734,-9.331937789916992,-3.284018039703369,67.81570434570312,0
1745923230.7706363,17.270177841186523,11.249251365661621,11.306838989257812,27.899131774902344,-9.349079132080078,-3.3136367797851562,67.72540283203125,0
1745923230.7825153,17.221372604370117,11.218428611755371,11.293633460998535,27.905254364013672,-9.361620903015137,-3.3404080867767334,67.63868713378906,0
1745923230.7880468,17.179471969604492,11.187643051147461,11.2763671875,27.90746307373047,-9.377246856689453,-3.3626623153686523,67.55094909667969,0
1745923230.8042114,17.13931655883789,11.128520011901855,11.224456787109375,27.910354614257812,-9.428523063659668,-3.3857192993164062,67.40264892578125,0
1745923230.813769,17.103656768798828,11.104487419128418,11.205589294433594,27.92159652709961,-9.445634841918945,-3.4053425788879395,67.3353271484375,0
1745923230.8206942,17.074295043945312,11.083717346191406,11.191843032836914,27.941890716552734,-9.462342262268066,-3.4252371788024902,67.291748046875,0
1745923230.8347614,17.06272315979004,11.067422866821289,11.18625545501709,27.970928192138672,-9.479337692260742,-3.441477060317993,67.2873306274414,0
1745923230.8491013,17.063785552978516,11.052912712097168,11.184225082397461,28.003673553466797,-9.49785041809082,-3.4543726444244385,67.30459594726562,0
1745923230.8527193,17.079547882080078,11.045609474182129,11.182828903198242,28.03976058959961,-9.516937255859375,-3.460339069366455,67.34774780273438,0
1745923230.8682082,17.107507705688477,11.043257713317871,11.18420696258545,28.078041076660156,-9.53564167022705,-3.461367130279541,67.41300964355469,0
1745923230.8817432,17.133968353271484,11.040014266967773,11.186534881591797,28.11819076538086,-9.554376602172852,-3.4639902114868164,67.47871398925781,0
1745923230.885888,17.145519256591797,11.036258697509766,11.185808181762695,28.14893341064453,-9.568426132202148,-3.468961477279663,67.51651763916016,0
1745923230.9029129,17.14569091796875,11.027305603027344,11.175992965698242,28.16924285888672,-9.58445930480957,-3.474869728088379,67.51823425292969,0
1745923230.9124026,17.148611068725586,11.014673233032227,11.165617942810059,28.181148529052734,-9.601311683654785,-3.478787660598755,67.51005554199219,0
1745923230.919487,17.159290313720703,11.005227088928223,11.153753280639648,28.19556427001953,-9.620020866394043,-3.479003429412842,67.51383209228516,0
1745923230.9356828,17.16998863220215,10.990033149719238,11.137717247009277,28.206562042236328,-9.643331527709961,-3.4793248176574707,67.50430297851562,0
1745923230.94805,17.170045852661133,10.973758697509766,11.115887641906738,28.20553970336914,-9.664331436157227,-3.4792745113372803,67.4652328491211,0
1745923230.9523945,17.164108276367188,10.955511093139648,11.092754364013672,28.201610565185547,-9.684765815734863,-3.4810233116149902,67.41398620605469,0
1745923230.971009,17.153409957885742,10.939142227172852,11.067832946777344,28.196300506591797,-9.703513145446777,-3.4829978942871094,67.356689453125,0
1745923230.9730725,17.144685745239258,10.922070503234863,11.046878814697266,28.193279266357422,-9.721623420715332,-3.4861412048339844,67.30691528320312,0
1745923230.9848506,17.15121078491211,10.907958030700684,11.026911735534668,28.19320297241211,-9.742483139038086,-3.4836854934692383,67.27928161621094,0
1745923230.9958987,17.165891647338867,10.895875930786133,11.003108024597168,28.196868896484375,-9.767599105834961,-3.4774951934814453,67.26174926757812,0
1745923231.0069768,17.18258285522461,10.882711410522461,10.976231575012207,28.198192596435547,-9.794973373413086,-3.4695522785186768,67.23971557617188,0
1745923231.0304484,17.194438934326172,10.867537498474121,10.944083213806152,28.194278717041016,-9.823740005493164,-3.461353063583374,67.2003402709961,0
1745923231.0304484,17.2103328704834,10.854183197021484,10.91364860534668,28.188705444335938,-9.85119342803955,-3.451026201248169,67.1668701171875,0
1745923231.0390127,17.232412338256836,10.845799446105957,10.883157730102539,28.184852600097656,-9.878032684326172,-3.4370615482330322,67.14622497558594,0
1745923231.050428,17.260448455810547,10.836543083190918,10.85218334197998,28.177349090576172,-9.906277656555176,-3.4201583862304688,67.12652587890625,0
1745923231.061419,17.29347038269043,10.828121185302734,10.82161808013916,28.169036865234375,-9.934962272644043,-3.4010233879089355,67.11224365234375,0
1745923231.0747428,17.331653594970703,10.824156761169434,10.790680885314941,28.16219711303711,-9.963127136230469,-3.378674030303955,67.10868835449219,0
1745923231.084573,17.359119415283203,10.81675910949707,10.754118919372559,28.15186309814453,-9.992610931396484,-3.359062671661377,67.08186340332031,0
1745923231.094858,17.379568099975586,10.8076171875,10.717947006225586,28.126583099365234,-10.01699447631836,-3.3387808799743652,67.0317153930664,0
1745923231.1059515,17.400888442993164,10.801224708557129,10.680267333984375,28.095386505126953,-10.039361000061035,-3.3151943683624268,66.97776794433594,0
1745923231.1166365,17.42827796936035,10.794548034667969,10.647579193115234,28.06778335571289,-10.061674118041992,-3.2917423248291016,66.93818664550781,0
1745923231.128342,17.46063804626465,10.793334007263184,10.614686012268066,28.044071197509766,-10.083391189575195,-3.2654547691345215,66.91272735595703,0
1745923231.1389778,17.500545501708984,10.792821884155273,10.58652400970459,28.025325775146484,-10.105381965637207,-3.2387335300445557,66.90521240234375,0
1745923231.149166,17.544363021850586,10.7932767868042,10.56257152557373,28.014896392822266,-10.127690315246582,-3.2135705947875977,66.91510772705078,0
1745923231.160152,17.582109451293945,10.794964790344238,10.545845031738281,28.013877868652344,-10.146062850952148,-3.194589614868164,66.93679809570312,0
1745923231.1755433,17.605022430419922,10.796767234802246,10.535675048828125,28.02014923095703,-10.158612251281738,-3.184622287750244,66.95761108398438,0
1745923231.1831224,17.6231746673584,10.79094409942627,10.525989532470703,28.028236389160156,-10.174440383911133,-3.1797444820404053,66.96834564208984,0
1745923231.1935313,17.639127731323242,10.791247367858887,10.522469520568848,28.037796020507812,-10.183062553405762,-3.1754841804504395,66.99063873291016,0
1745923231.205493,17.655155181884766,10.789691925048828,10.511443138122559,28.03836441040039,-10.1946439743042,-3.1674790382385254,66.99465942382812,0
1745923231.215572,17.68341827392578,10.784646034240723,10.49648666381836,28.03326416015625,-10.212204933166504,-3.153765916824341,66.99781799316406,0
1745923231.2305634,17.722871780395508,10.785879135131836,10.480971336364746,28.03766632080078,-10.231985092163086,-3.1361453533172607,67.02738952636719,0
1745923231.2392592,17.760257720947266,10.785651206970215,10.47268295288086,28.048660278320312,-10.249656677246094,-3.123492956161499,67.06725311279297,0
1745923231.2498279,17.79237174987793,10.783830642700195,10.462066650390625,28.054630279541016,-10.266822814941406,-3.111363410949707,67.0928955078125,0
1745923231.2596967,17.822643280029297,10.785405158996582,10.449307441711426,28.052440643310547,-10.280621528625488,-3.0959367752075195,67.10979461669922,0
1745923231.2749777,17.848554611206055,10.784419059753418,10.438206672668457,28.047866821289062,-10.2931489944458,-3.0828075408935547,67.11904907226562,0
1745923231.281285,17.875242233276367,10.784760475158691,10.422505378723145,28.040103912353516,-10.306901931762695,-3.0668458938598633,67.12261199951172,0
1745923231.2927709,17.904226303100586,10.78747272491455,10.410715103149414,28.038532257080078,-10.319305419921875,-3.0519161224365234,67.14094543457031,0
1745923231.30437,17.931217193603516,10.785367012023926,10.407157897949219,28.047225952148438,-10.331930160522461,-3.0443778038024902,67.17096710205078,0
1745923231.3140712,17.95369529724121,10.768352508544922,10.402948379516602,28.059600830078125,-10.353204727172852,-3.0446038246154785,67.18460083007812,0
1745923231.327826,17.978334426879883,10.764729499816895,10.392778396606445,28.07503890991211,-10.371599197387695,-3.0384938716888428,67.21087646484375,0
1745923231.3370183,18.012210845947266,10.760519027709961,10.384490013122559,28.094100952148438,-10.392606735229492,-3.0307672023773193,67.2513198852539,0
1745923231.346972,18.05244255065918,10.75964641571045,10.371638298034668,28.11499786376953,-10.41642951965332,-3.018861770629883,67.29872131347656,0
1745923231.3586571,18.098079681396484,10.75837516784668,10.359046936035156,28.153976440429688,-10.446418762207031,-3.0100862979888916,67.36947631835938,0
1745923231.3741307,18.147720336914062,10.757654190063477,10.348411560058594,28.17249298095703,-10.470637321472168,-2.9947690963745117,67.42627716064453,0
1745923231.3822632,18.189525604248047,10.757502555847168,10.333250045776367,28.187271118164062,-10.494070053100586,-2.9798529148101807,67.4675521850586,0
1745923231.3912976,18.22068977355957,10.757521629333496,10.31615161895752,28.198890686035156,-10.514907836914062,-2.9673104286193848,67.49325561523438,0
1745923231.4046474,18.24106216430664,10.750579833984375,10.294862747192383,28.206275939941406,-10.538208961486816,-2.9588258266448975,67.49278259277344,0
1745923231.4134395,18.251855850219727,10.739691734313965,10.273908615112305,28.208412170410156,-10.559741973876953,-2.953829288482666,67.47386932373047,0
1745923231.4244316,18.2720947265625,10.725522994995117,10.255748748779297,28.216064453125,-10.585429191589355,-2.9488630294799805,67.46942901611328,0
1745923231.4393194,18.3038272857666,10.712112426757812,10.234049797058105,28.22966766357422,-10.617202758789062,-2.940195083618164,67.47966003417969,0
1745923231.4467323,18.336111068725586,10.690393447875977,10.209388732910156,28.236167907714844,-10.653742790222168,-2.9315850734710693,67.47206115722656,0
1745923231.4578254,18.364791870117188,10.68405818939209,10.182474136352539,28.233089447021484,-10.679374694824219,-2.915626049041748,67.46441650390625,0
1745923231.4765162,18.390228271484375,10.67134952545166,10.15239429473877,28.22702407836914,-10.708890914916992,-2.9014201164245605,67.44099426269531,0
1745923231.4797547,18.410579681396484,10.65378475189209,10.123095512390137,28.219257354736328,-10.739028930664062,-2.890479803085327,67.40672302246094,0
1745923231.4901662,18.437002182006836,10.642460823059082,10.096590995788574,28.21436309814453,-10.766290664672852,-2.8766894340515137,67.39041900634766,0
1745923231.504168,18.47323226928711,10.637776374816895,10.068968772888184,28.217575073242188,-10.794957160949707,-2.858950614929199,67.39755249023438,0
1745923231.5124674,18.516460418701172,10.63145923614502,10.039446830749512,28.22445297241211,-10.828371047973633,-2.8397932052612305,67.41181945800781,0
1745923231.5244105,18.557506561279297,10.626888275146484,10.008378982543945,28.235469818115234,-10.862154006958008,-2.8214972019195557,67.42823791503906,0
1745923231.5385687,18.594039916992188,10.618049621582031,9.978503227233887,28.24444580078125,-10.896027565002441,-2.8060789108276367,67.43504333496094,0
1745923231.5445724,18.622207641601562,10.604146003723145,9.941996574401855,28.250076293945312,-10.933686256408691,-2.792710542678833,67.41842651367188,0
1745923231.5599253,18.63762855529785,10.588497161865234,9.906720161437988,28.25531005859375,-10.968339920043945,-2.7846732139587402,67.38815307617188,0
1745923231.5713105,18.64164924621582,10.569812774658203,9.879674911499023,28.258331298828125,-10.996578216552734,-2.7833547592163086,67.34947204589844,0
1745923231.578384,18.6358642578125,10.538895606994629,9.860434532165527,28.257007598876953,-11.023849487304688,-2.790759563446045,67.29220581054688,0
1745923231.607205,18.628618240356445,10.532768249511719,9.843969345092773,28.248939514160156,-11.033092498779297,-2.7888481616973877,67.2542953491211,0
1745923231.6082108,18.630496978759766,10.523815155029297,9.83117389678955,28.244197845458984,-11.044999122619629,-2.786600112915039,67.22968292236328,0
1745923231.6194334,18.636850357055664,10.516133308410645,9.822419166564941,28.243160247802734,-11.055887222290039,-2.7844161987304688,67.21856689453125,0
1745923231.6224554,18.647018432617188,10.515545845031738,9.81560230255127,28.2454833984375,-11.063337326049805,-2.7798097133636475,67.22364807128906,0
1745923231.638192,18.655288696289062,10.510632514953613,9.807034492492676,28.24433135986328,-11.072965621948242,-2.775987148284912,67.21728515625,0
1745923231.6438303,18.658132553100586,10.509380340576172,9.799360275268555,28.24053192138672,-11.077914237976074,-2.7723135948181152,67.20740509033203,0
1745923231.6560895,18.654682159423828,10.507824897766113,9.79451847076416,28.235809326171875,-11.07957649230957,-2.7714896202087402,67.19283294677734,0
1745923231.6762903,18.63597869873047,10.496577262878418,9.78764533996582,28.229442596435547,-11.083806037902832,-2.778498411178589,67.14964294433594,0
1745923231.6773095,18.607280731201172,10.483147621154785,9.779151916503906,28.218482971191406,-11.086578369140625,-2.78814697265625,67.08805847167969,0
1745923231.6882167,18.585466384887695,10.467897415161133,9.769615173339844,28.210453033447266,-11.093501091003418,-2.7965269088745117,67.03343200683594,0
1745923231.7056434,18.57431411743164,10.45905876159668,9.767361640930176,28.221580505371094,-11.099964141845703,-2.806034564971924,67.0223159790039,0
1745923231.7097716,18.572246551513672,10.45983600616455,9.780064582824707,28.251358032226562,-11.099087715148926,-2.8180177211761475,67.06350708007812,0
1745923231.7231233,18.56850814819336,10.46139144897461,9.801279067993164,28.286483764648438,-11.093727111816406,-2.8340542316436768,67.11766052246094,0
1745923231.737595,18.569059371948242,10.464141845703125,9.826796531677246,28.32569122314453,-11.087284088134766,-2.850384473800659,67.18568420410156,0
1745923231.743616,18.568660736083984,10.469585418701172,9.854698181152344,28.367504119873047,-11.078317642211914,-2.8674068450927734,67.26045227050781,0
1745923231.7544196,18.556293487548828,10.472677230834961,9.881816864013672,28.405330657958984,-11.067180633544922,-2.8881897926330566,67.31611633300781,0
1745923231.7749698,18.544172286987305,10.47525691986084,9.904707908630371,28.442455291748047,-11.058693885803223,-2.9077091217041016,67.36659240722656,0
1745923231.7776415,18.533151626586914,10.476641654968262,9.93447208404541,28.48226547241211,-11.04788589477539,-2.9297940731048584,67.42652893066406,0
1745923231.7870471,18.52105140686035,10.475788116455078,9.961349487304688,28.52245330810547,-11.039880752563477,-2.952346086502075,67.48064422607422,0
1745923231.8042493,18.5065975189209,10.469547271728516,9.979602813720703,28.557411193847656,-11.0380859375,-2.9739129543304443,67.5131607055664,0
1745923231.8084962,18.494077682495117,10.462472915649414,9.995769500732422,28.592060089111328,-11.038387298583984,-2.994429111480713,67.54438018798828,0
1745923231.8215668,18.479814529418945,10.455530166625977,10.00981330871582,28.627979278564453,-11.039722442626953,-3.015273094177246,67.57313537597656,0
1745923231.8314238,18.465303421020508,10.44686222076416,10.02087688446045,28.662330627441406,-11.043314933776855,-3.035590648651123,67.59537506103516,0
1745923231.8441458,18.451988220214844,10.433110237121582,10.035740852355957,28.68921661376953,-11.046077728271484,-3.0563066005706787,67.61005401611328,0
1745923231.8533275,18.43865394592285,10.42776107788086,10.038534164428711,28.703746795654297,-11.047853469848633,-3.067551374435425,67.60869598388672,0
1745923231.8702629,18.425148010253906,10.421710014343262,10.03765869140625,28.711795806884766,-11.050485610961914,-3.076417922973633,67.5963134765625,0
1745923231.875816,18.40557289123535,10.417195320129395,10.038422584533691,28.714702606201172,-11.048473358154297,-3.0859739780426025,67.57589721679688,0
1745923231.8856761,18.385807037353516,10.412700653076172,10.036988258361816,28.707862854003906,-11.045223236083984,-3.09243106842041,67.5433578491211,0
1745923231.905062,18.362060546875,10.410974502563477,10.032201766967773,28.693504333496094,-11.039419174194336,-3.096445083618164,67.49874114990234,0
1745923231.9080005,18.33979034423828,10.404828071594238,10.026986122131348,28.677291870117188,-11.036317825317383,-3.1009082794189453,67.44889831542969,0
1745923231.919596,18.323156356811523,10.400257110595703,10.022758483886719,28.661609649658203,-11.033281326293945,-3.103203535079956,67.40777587890625,0
1745923231.9303858,18.31020164489746,10.395761489868164,10.015382766723633,28.652542114257812,-11.034614562988281,-3.1050777435302734,67.37388610839844,0
1745923231.9416611,18.29534912109375,10.384285926818848,10.006684303283691,28.64179229736328,-11.039857864379883,-3.10933518409729,67.32810974121094,0
1745923231.9523814,18.28480339050293,10.376508712768555,9.99170970916748,28.627941131591797,-11.046910285949707,-3.10823655128479,67.28096008300781,0
1745923231.9638195,18.276020050048828,10.369244575500488,9.976454734802246,28.612865447998047,-11.053971290588379,-3.105919361114502,67.23458862304688,0
1745923231.9734573,18.26150894165039,10.360993385314941,9.964179992675781,28.59451675415039,-11.057616233825684,-3.1059300899505615,67.18119812011719,0
1745923231.985269,18.244001388549805,10.353804588317871,9.956543922424316,28.579307556152344,-11.057985305786133,-3.108708381652832,67.13365173339844,0
1745923231.9961054,18.21883201599121,10.34946060180664,9.94520092010498,28.56619644165039,-11.057448387145996,-3.112793445587158,67.0796890258789,0
1745923232.0074563,18.188255310058594,10.337339401245117,9.929908752441406,28.550586700439453,-11.061750411987305,-3.1199092864990234,67.00608825683594,0
1745923232.0177758,18.159574508666992,10.323284149169922,9.911096572875977,28.533245086669922,-11.069284439086914,-3.12565279006958,66.92720031738281,0
1745923232.0426154,18.136642456054688,10.311979293823242,9.901988983154297,28.519203186035156,-11.071850776672363,-3.1318163871765137,66.86981201171875,0
1745923232.043633,18.123764038085938,10.303956031799316,9.903851509094238,28.519733428955078,-11.072324752807617,-3.140000820159912,66.85130310058594,0
1745923232.0534108,18.113595962524414,10.302780151367188,9.92136001586914,28.54053497314453,-11.065472602844238,-3.1543262004852295,66.8782730102539,0
1745923232.062309,18.095956802368164,10.302287101745605,9.948013305664062,28.57864761352539,-11.055383682250977,-3.1781411170959473,66.9249038696289,0
1745923232.072898,18.07010269165039,10.300029754638672,9.975821495056152,28.666996002197266,-11.056293487548828,-3.21917462348938,67.01295471191406,0
1745923232.0840056,18.030799865722656,10.283811569213867,10.00180435180664,28.71844482421875,-11.053675651550293,-3.259772539138794,67.03485870361328,0
1745923232.0942137,17.982431411743164,10.26734733581543,10.02979850769043,28.772579193115234,-11.048418998718262,-3.304957866668701,67.05215454101562,0
1745923232.1095734,17.93218421936035,10.24166488647461,10.057402610778809,28.83441925048828,-11.050227165222168,-3.3560752868652344,67.065673828125,0
1745923232.1310165,17.88709831237793,10.227324485778809,10.089364051818848,28.897865295410156,-11.044611930847168,-3.4027318954467773,67.10165405273438,0
1745923232.1310165,17.836681365966797,10.208641052246094,10.126112937927246,28.955608367919922,-11.035954475402832,-3.4526233673095703,67.12704467773438,0
1745923232.1467123,17.770158767700195,10.194035530090332,10.16025447845459,29.01370620727539,-11.022467613220215,-3.5062789916992188,67.13815307617188,0
1745923232.154514,17.6888427734375,10.175826072692871,10.202720642089844,29.077457427978516,-11.003927230834961,-3.5702762603759766,67.14485168457031,0
1745923232.1623895,17.589942932128906,10.15505599975586,10.254705429077148,29.141849517822266,-10.977059364318848,-3.644280195236206,67.14155578613281,0
1745923232.174182,17.474843978881836,10.13618278503418,10.309446334838867,29.202686309814453,-10.94247055053711,-3.7233526706695557,67.12315368652344,0
1745923232.1829348,17.3592529296875,10.11782169342041,10.362269401550293,29.268230438232422,-10.909751892089844,-3.8031768798828125,67.10757446289062,0
1745923232.194695,17.239980697631836,10.100181579589844,10.415986061096191,29.336536407470703,-10.875846862792969,-3.8850667476654053,67.09268188476562,0
1745923232.2095442,17.11748504638672,10.07446002960205,10.475663185119629,29.41048812866211,-10.843775749206543,-3.974148750305176,67.07809448242188,0
1745923232.2169526,16.989866256713867,10.05008602142334,10.542362213134766,29.50080108642578,-10.80972671508789,-4.070583820343018,67.08311462402344,0
1745923232.2266595,16.861984252929688,10.035101890563965,10.620329856872559,29.604114532470703,-10.767016410827637,-4.169668197631836,67.12153625488281,0
1745923232.2385192,16.74051284790039,9.998246192932129,10.709379196166992,29.711509704589844,-10.733277320861816,-4.27823543548584,67.1596450805664,0
1745923232.250393,16.632925033569336,9.996824264526367,10.80472469329834,29.797592163085938,-10.673644065856934,-4.364344596862793,67.23207092285156,0
1745923232.261552,16.542882919311523,10.005739212036133,10.889714241027832,29.842147827148438,-10.607952117919922,-4.426959991455078,67.28048706054688,0
1745923232.2724903,16.47199821472168,10.014084815979004,10.959877967834473,29.867862701416016,-10.551251411437988,-4.474188804626465,67.31382751464844,0
1745923232.2806528,16.406843185424805,10.022809982299805,11.025552749633789,29.896469116210938,-10.499198913574219,-4.518665790557861,67.35167694091797,0
1745923232.29487,16.350963592529297,10.029505729675293,11.085564613342285,29.921634674072266,-10.45311164855957,-4.5581231117248535,67.38766479492188,0
1745923232.3087559,16.30048942565918,10.02772331237793,11.13672924041748,29.94116973876953,-10.416887283325195,-4.595183372497559,67.40611267089844,0
1745923232.3156352,16.26685905456543,10.027058601379395,11.181449890136719,29.962200164794922,-10.388503074645996,-4.6241936683654785,67.43756866455078,0
1745923232.3264778,16.243621826171875,10.034077644348145,11.220396995544434,29.987747192382812,-10.362959861755371,-4.646002292633057,67.48583984375,0
1745923232.3406196,16.228580474853516,10.039710998535156,11.256270408630371,30.012420654296875,-10.341896057128906,-4.664235591888428,67.5369873046875,0
1745923232.3476017,16.225772857666016,10.044926643371582,11.286015510559082,30.02729034423828,-10.325216293334961,-4.674105167388916,67.58399963378906,0
1745923232.3598084,16.2309513092041,10.0531587600708,11.305255889892578,30.03057861328125,-10.311856269836426,-4.67445182800293,67.61994934082031,0
1745923232.3721673,16.238121032714844,10.059741020202637,11.324030876159668,30.028823852539062,-10.298912048339844,-4.673340320587158,67.65071868896484,0
1745923232.3807068,16.24479866027832,10.065640449523926,11.324384689331055,30.021263122558594,-10.295140266418457,-4.6668291091918945,67.65608978271484,0
1745923232.3921812,16.25900650024414,10.068770408630371,11.318852424621582,29.999893188476562,-10.29462718963623,-4.653754711151123,67.64652252197266,0
1745923232.404706,16.280630111694336,10.073341369628906,11.302443504333496,29.96875762939453,-10.298842430114746,-4.632326602935791,67.62516784667969,0
1745923232.414165,16.315019607543945,10.075029373168945,11.2765531539917,29.930118560791016,-10.311441421508789,-4.603020191192627,67.59672546386719,0
1745923232.4266062,16.36623191833496,10.085480690002441,11.248297691345215,29.896865844726562,-10.326231002807617,-4.564744472503662,67.59687805175781,0
1745923232.441569,16.434005737304688,10.105511665344238,11.226282119750977,29.879558563232422,-10.340539932250977,-4.522007942199707,67.64535522460938,0
1745923232.447663,16.505002975463867,10.118769645690918,11.206501960754395,29.86780548095703,-10.35969066619873,-4.482568264007568,67.69807434082031,0
1745923232.458634,16.566099166870117,10.131326675415039,11.183480262756348,29.845340728759766,-10.375677108764648,-4.443761825561523,67.72624206542969,0
1745923232.4711394,16.623516082763672,10.14005184173584,11.15436840057373,29.808155059814453,-10.392495155334473,-4.402706146240234,67.72608947753906,0
1745923232.4796557,16.678903579711914,10.142138481140137,11.113409996032715,29.7767333984375,-10.420766830444336,-4.363402843475342,67.711181640625,0
1745923232.4936423,16.732280731201172,10.137947082519531,11.064200401306152,29.758159637451172,-10.460113525390625,-4.328314304351807,67.69258880615234,0
1745923232.5090137,16.78244972229004,10.101717948913574,11.011247634887695,29.74964141845703,-10.521618843078613,-4.307944297790527,67.64505767822266,0
1745923232.5136628,16.83224105834961,10.075484275817871,10.955668449401855,29.748470306396484,-10.58080005645752,-4.285116195678711,67.61186218261719,0
1745923232.5237546,16.885883331298828,10.05097770690918,10.898263931274414,29.75296401977539,-10.642539978027344,-4.261131763458252,67.58808898925781,0
1745923232.5425258,16.941631317138672,10.029335021972656,10.843280792236328,29.760448455810547,-10.702601432800293,-4.236616134643555,67.57469177246094,0
1745923232.5457225,16.99068260192871,10.005681991577148,10.786602020263672,29.761524200439453,-10.761466026306152,-4.213326454162598,67.54449462890625,0
1745923232.5589936,17.034555435180664,9.987775802612305,10.737653732299805,29.751113891601562,-10.808395385742188,-4.188869476318359,67.51110076904297,0
1745923232.5711246,17.079206466674805,9.97590160369873,10.69455337524414,29.736282348632812,-10.847606658935547,-4.162204265594482,67.48594665527344,0
1745923232.5819428,17.125280380249023,9.982806205749512,10.66182804107666,29.719558715820312,-10.869929313659668,-4.130115509033203,67.48947143554688,0
1745923232.5893302,17.16006851196289,9.992157936096191,10.635397911071777,29.6988525390625,-10.883338928222656,-4.101896286010742,67.48648071289062,0
1745923232.6055775,17.189905166625977,9.99963092803955,10.612358093261719,29.66510772705078,-10.891319274902344,-4.07379150390625,67.46700286865234,0
1745923232.612651,17.22435188293457,10.006213188171387,10.593825340270996,29.62529754638672,-10.896848678588867,-4.0438995361328125,67.44969177246094,0
1745923232.6230025,17.278467178344727,10.046368598937988,10.585965156555176,29.58807373046875,-10.882518768310547,-3.997596263885498,67.49887084960938,0
1745923232.6394372,17.35092544555664,10.077457427978516,10.584065437316895,29.553783416748047,-10.875391960144043,-3.9501800537109375,67.56623077392578,0
1745923232.6447198,17.422056198120117,10.120325088500977,10.580041885375977,29.512874603271484,-10.86071491241455,-3.8968007564544678,67.63529968261719,0
1745923232.6582763,17.488994598388672,10.157217979431152,10.574454307556152,29.458763122558594,-10.845990180969238,-3.8435182571411133,67.67942810058594,0
1745923232.6714513,17.548213958740234,10.19932746887207,10.57553482055664,29.39318084716797,-10.819602012634277,-3.7900009155273438,67.71625518798828,0
1745923232.6775248,17.583721160888672,10.242499351501465,10.597065925598145,29.326030731201172,-10.774503707885742,-3.7496228218078613,67.74931335449219,0
1745923232.6894562,17.588672637939453,10.286296844482422,10.641749382019043,29.249526977539062,-10.705687522888184,-3.7237188816070557,67.76625061035156,0
1745923232.7048523,17.578125,10.336865425109863,10.693249702453613,29.15392303466797,-10.620294570922852,-3.6978726387023926,67.76216125488281,0
1745923232.713496,17.571866989135742,10.400978088378906,10.755273818969727,29.03044891357422,-10.515125274658203,-3.661092758178711,67.7585678100586,0
1745923232.7224553,17.572113037109375,10.472601890563965,10.823220252990723,28.880748748779297,-10.39720630645752,-3.6140079498291016,67.74868774414062,0
1745923232.74056,17.590740203857422,10.551945686340332,10.89079475402832,28.71570587158203,-10.275898933410645,-3.5534021854400635,67.74918365478516,0
1745923232.7436695,17.61213493347168,10.63912296295166,10.956245422363281,28.543426513671875,-10.150199890136719,-3.4865450859069824,67.75093078613281,0
1745923232.757652,17.620899200439453,10.823132514953613,11.032332420349121,28.359378814697266,-9.95780086517334,-3.3890883922576904,67.83573913574219,0
1745923232.7706854,17.63027000427246,10.92159652709961,11.1178617477417,28.168148040771484,-9.806480407714844,-3.32287859916687,67.83787536621094,0
1745923232.7785401,17.636035919189453,11.02556037902832,11.231925964355469,28.000198364257812,-9.641613006591797,-3.269537925720215,67.89372253417969,0
1745923232.7870026,17.613481521606445,11.123360633850098,11.377225875854492,27.712249755859375,-9.42265510559082,-3.2053239345550537,67.8263168334961,0
1745923232.8039362,17.562211990356445,11.227191925048828,11.537761688232422,27.569538116455078,-9.223871231079102,-3.1912569999694824,67.89669799804688,0
1745923232.812458,17.478771209716797,11.335651397705078,11.71438980102539,27.407615661621094,-8.999849319458008,-3.1862027645111084,67.93643188476562,0
1745923232.82113,17.365625381469727,11.433300018310547,11.88591480255127,27.21190643310547,-8.766736030578613,-3.185378074645996,67.89674377441406,0
1745923232.8386414,17.238065719604492,11.54223346710205,12.053174018859863,27.01504898071289,-8.525104522705078,-3.1842453479766846,67.84852600097656,0
1745923232.8420515,17.11111068725586,11.663307189941406,12.241294860839844,26.83727264404297,-8.271203994750977,-3.189058780670166,67.85298156738281,0
1745923232.8535097,16.965778350830078,11.795742988586426,12.459961891174316,26.661895751953125,-7.9903974533081055,-3.205012321472168,67.88337707519531,0
1745923232.873184,16.788387298583984,11.92453670501709,12.687177658081055,26.492755889892578,-7.699544429779053,-3.2375595569610596,67.89285278320312,0
1745923232.8755567,16.579130172729492,12.050313949584961,13.179792404174805,26.337989807128906,-7.267154693603516,-3.355311155319214,68.14722442626953,0
1745923232.8870797,16.330629348754883,12.282445907592773,13.438933372497559,26.189311981201172,-6.8925957679748535,-3.3897147178649902,68.24131774902344,0
1745923232.8978598,16.03647232055664,12.378178596496582,13.689579963684082,26.031978607177734,-6.5753493309021,-3.484858512878418,68.1362075805664,0
1745923232.9089134,15.703163146972656,12.451736450195312,13.933131217956543,25.877120971679688,-6.260144233703613,-3.6012930870056152,67.96514892578125,0
1745923232.9207127,15.338140487670898,12.51144790649414,14.175359725952148,25.74115753173828,-5.946774959564209,-3.7394142150878906,67.76610565185547,0
1745923232.9313207,14.948287963867188,12.556819915771484,14.407623291015625,25.625560760498047,-5.642182350158691,-3.895413875579834,67.53829193115234,0
1745923232.9424644,14.536585807800293,12.584949493408203,14.626140594482422,25.533111572265625,-5.351319789886475,-4.069394111633301,67.28079223632812,0
1745923232.9521554,14.117276191711426,12.594073295593262,14.836630821228027,25.47091293334961,-5.079307556152344,-4.260293006896973,67.01889038085938,0
1745923232.9734628,13.7123441696167,12.587377548217773,15.059488296508789,25.464111328125,-4.831076145172119,-4.470017910003662,66.82331848144531,0
1745923232.975642,13.335257530212402,12.580681800842285,15.304548263549805,25.53033447265625,-4.605937957763672,-4.693542957305908,66.75082397460938,0
1745923232.9852142,12.966232299804688,12.571728706359863,15.558585166931152,25.6524658203125,-4.39968729019165,-4.930933475494385,66.74900817871094,0
1745923232.996725,12.59424877166748,12.550105094909668,15.820054054260254,25.815185546875,-4.2093658447265625,-5.185844421386719,66.77959442138672,0
1745923233.0093536,12.198060989379883,12.518997192382812,16.097856521606445,26.02523422241211,-4.024234294891357,-5.46867036819458,66.84014892578125,0
1745923233.020156,11.754415512084961,12.453709602355957,16.389835357666016,26.254459381103516,-3.838742256164551,-5.791257381439209,66.8524169921875,0
1745923233.0297499,11.269627571105957,12.407332420349121,16.68861198425293,26.482379913330078,-3.625687599182129,-6.123967170715332,66.84794616699219,0
1745923233.0407481,10.774579048156738,12.354714393615723,16.97328758239746,26.683002471923828,-3.4083430767059326,-6.4544901847839355,66.78558349609375,0
1745923233.051184,10.345614433288574,12.309324264526367,17.23699188232422,26.86136245727539,-3.2133023738861084,-6.74591064453125,66.7532958984375,0
1745923233.062812,10.043128967285156,12.287434577941895,17.49427032470703,27.063114166259766,-3.066129207611084,-6.978286266326904,66.88794708251953,0
1745923233.074295,9.864733695983887,12.293257713317871,17.74724578857422,27.301429748535156,-2.9687304496765137,-7.1526288986206055,67.2066650390625,0
1745923233.0847056,9.754509925842285,12.30854606628418,17.96529769897461,27.537986755371094,-2.9085822105407715,-7.2853546142578125,67.56634521484375,0
1745923233.096078,9.663728713989258,12.312320709228516,18.108884811401367,27.714344024658203,-2.8730740547180176,-7.3863725662231445,67.79927825927734,0
1745923233.1085343,9.58808422088623,12.304828643798828,18.175508499145508,27.80615234375,-2.852160930633545,-7.45291805267334,67.87457275390625,0
1745923233.121778,9.531122207641602,12.280871391296387,18.157535552978516,27.822967529296875,-2.856349229812622,-7.486649990081787,67.79249572753906,0
1745923233.1294339,9.469627380371094,12.239255905151367,18.060848236083984,27.763431549072266,-2.8744804859161377,-7.498884201049805,67.53315734863281,0
1745923233.1400836,9.386092185974121,12.179145812988281,17.910593032836914,27.635971069335938,-2.8922648429870605,-7.504012584686279,67.11180114746094,0
1745923233.1520529,9.285143852233887,12.019414901733398,17.726198196411133,27.449710845947266,-2.9437034130096436,-7.540536880493164,66.48046875,0
1745923233.162573,9.205629348754883,11.948777198791504,17.55461883544922,27.273426055908203,-2.9601588249206543,-7.534524440765381,65.98245239257812,0
1745923233.173373,9.166611671447754,11.900105476379395,17.435747146606445,27.168415069580078,-2.984226942062378,-7.526721000671387,65.67088317871094,0
1745923233.1840577,9.157621383666992,11.857768058776855,17.375717163085938,27.153221130371094,-3.0233893394470215,-7.533596992492676,65.54432678222656,0
1745923233.1949525,9.163481712341309,11.811467170715332,17.3387451171875,27.189876556396484,-3.079040288925171,-7.5511474609375,65.50357055664062,0
1745923233.208427,9.183303833007812,11.76296615600586,17.31376838684082,27.262035369873047,-3.148876190185547,-7.573328971862793,65.52207946777344,0
1745923233.2166865,9.20028018951416,11.71101188659668,17.30149269104004,27.365406036376953,-3.2249910831451416,-7.6072211265563965,65.57818603515625,0
1745923233.2298653,9.201589584350586,11.642385482788086,17.2767391204834,27.462955474853516,-3.3067948818206787,-7.651449203491211,65.58366394042969,0
1745923233.239267,9.197169303894043,11.575200080871582,17.242095947265625,27.554821014404297,-3.3883466720581055,-7.694386959075928,65.56929016113281,0
1745923233.252191,9.176019668579102,11.503727912902832,17.202442169189453,27.636859893798828,-3.4644572734832764,-7.743558406829834,65.51905059814453,0
1745923233.2596734,9.117465019226074,11.408224105834961,17.12501335144043,27.67306137084961,-3.5393571853637695,-7.802980899810791,65.32376098632812,0
1745923233.2726316,9.017143249511719,11.286941528320312,16.989604949951172,27.64702606201172,-3.6164278984069824,-7.868460655212402,64.94071960449219,0
1745923233.2827892,8.869476318359375,10.957350730895996,16.790327072143555,27.536701202392578,-3.7790093421936035,-8.019847869873047,64.15385437011719,0
1745923233.2954872,8.699104309082031,10.774194717407227,16.519935607910156,27.333908081054688,-3.8638834953308105,-8.08486557006836,63.32714080810547,0
1745923233.3064375,8.553618431091309,10.600465774536133,16.225648880004883,27.099979400634766,-3.9559972286224365,-8.124277114868164,62.47970962524414,0
1745923233.314994,8.450090408325195,10.454960823059082,15.952035903930664,26.900794982910156,-4.055009841918945,-8.143143653869629,61.75788116455078,0
1745923233.3273113,8.391554832458496,10.342935562133789,15.732400894165039,26.764209747314453,-4.152334690093994,-8.149528503417969,61.23109817504883,0
1745923233.3418043,8.331767082214355,10.25192642211914,15.558137893676758,26.662879943847656,-4.229414463043213,-8.16357421875,60.804710388183594,0
1745923233.347983,8.259346961975098,10.163743019104004,15.371768951416016,26.526554107666016,-4.293846607208252,-8.172552108764648,60.321414947509766,0
1745923233.3616602,8.193679809570312,10.084362030029297,15.179401397705078,26.356319427490234,-4.34706974029541,-8.165533065795898,59.81376266479492,0
1745923233.3701704,8.1414794921875,10.025276184082031,15.005548477172852,26.179107666015625,-4.382597923278809,-8.144303321838379,59.351409912109375,0
1745923233.3840017,8.116308212280273,9.991987228393555,14.852276802062988,26.00543212890625,-4.405409336090088,-8.101917266845703,58.96600341796875,0
1745923233.3928442,8.12148666381836,9.984816551208496,14.731712341308594,25.870071411132812,-4.4235944747924805,-8.046677589416504,58.70808792114258,0
1745923233.4055443,8.139354705810547,10.002931594848633,14.655718803405762,25.773239135742188,-4.423851013183594,-7.990612983703613,58.57124328613281,0
1745923233.4137788,8.194665908813477,10.10395622253418,14.626587867736816,25.698097229003906,-4.376110076904297,-7.89016056060791,58.62330627441406,0
1745923233.4257085,8.339923858642578,10.238212585449219,14.780940055847168,25.707412719726562,-4.279738426208496,-7.789772987365723,59.066490173339844,0
1745923233.4393544,8.570481300354004,10.427343368530273,15.057141304016113,25.883392333984375,-4.190018653869629,-7.687845706939697,59.938358306884766,0
1745923233.4480698,8.886585235595703,10.669926643371582,15.44677448272705,26.20642852783203,-4.1061577796936035,-7.580995082855225,61.209712982177734,0
1745923233.4586153,9.268641471862793,10.951680183410645,15.92245864868164,26.68252944946289,-4.045454978942871,-7.482303142547607,62.82530975341797,0
1745923233.470363,9.654510498046875,11.238800048828125,16.402965545654297,27.290565490722656,-4.03321647644043,-7.413347244262695,64.58683776855469,0
1745923233.4804516,10.01124382019043,11.515185356140137,16.8482723236084,27.906970977783203,-4.036306381225586,-7.35957670211792,66.28167724609375,0
1745923233.4902673,10.348725318908691,11.794130325317383,17.26923370361328,28.452468872070312,-4.017696857452393,-7.296234607696533,67.86456298828125,0
1745923233.505378,10.682905197143555,12.083564758300781,17.690921783447266,29.43924331665039,-4.1451849937438965,-7.31991720199585,69.89663696289062,0
1745923233.5136821,10.980287551879883,12.364236831665039,18.08491325378418,29.904537200927734,-4.096210479736328,-7.2552170753479,71.33396911621094,0
1745923233.5247247,11.183796882629395,12.596463203430176,18.375587463378906,30.234600067138672,-4.040556907653809,-7.203001976013184,72.39044189453125,0
1745923233.5394123,11.280686378479004,12.748360633850098,18.528114318847656,30.402496337890625,-3.993820905685425,-7.16742467880249,72.95965576171875,0
1745923233.546482,11.30282211303711,12.877514839172363,18.580005645751953,30.45496368408203,-3.939168930053711,-7.128937721252441,73.21530151367188,0
1745923233.557846,11.24275016784668,12.853216171264648,18.521352767944336,30.367786407470703,-3.926924705505371,-7.133737087249756,72.985107421875,0
1745923233.5757124,11.104719161987305,12.783621788024902,18.36057472229004,30.145305633544922,-3.908642530441284,-7.141016960144043,72.39422607421875,0
1745923233.5823991,10.87624740600586,12.648929595947266,18.081541061401367,29.77240753173828,-3.8906214237213135,-7.157613754272461,71.3791275024414,0
1745923233.5908096,10.5901517868042,12.473549842834473,17.71152114868164,29.30286407470703,-3.8788516521453857,-7.17719841003418,70.07808685302734,0
1745923233.6082613,10.290397644042969,12.296671867370605,17.321348190307617,28.80182647705078,-3.8608181476593018,-7.193370819091797,68.71024322509766,0
1745923233.6122372,9.969324111938477,12.10281753540039,16.896717071533203,28.244728088378906,-3.8386054039001465,-7.207699775695801,67.21358489990234,0
1745923233.6261292,9.623952865600586,11.876546859741211,16.410398483276367,27.629188537597656,-3.830533981323242,-7.221852779388428,65.54008483886719,0
1745923233.637231,9.267996788024902,11.639142036437988,15.887330055236816,26.979148864746094,-3.828838348388672,-7.23098611831665,63.773616790771484,0
1745923233.6457512,8.901304244995117,11.380549430847168,15.347275733947754,26.298728942871094,-3.8306167125701904,-7.2446746826171875,61.9278564453125,0
1745923233.6565516,8.516763687133789,11.106554985046387,14.773303031921387,25.55567169189453,-3.8262441158294678,-7.25274658203125,59.952293395996094,0
1745923233.670953,8.111604690551758,10.822070121765137,14.154908180236816,24.74013900756836,-3.8128714561462402,-7.248800277709961,57.82872009277344,0
1745923233.6792576,7.706065654754639,10.224119186401367,13.52312183380127,23.873287200927734,-3.9637198448181152,-7.388682842254639,55.326595306396484,0
1745923233.6900568,7.292883396148682,9.919149398803711,12.885523796081543,22.95577621459961,-3.9287190437316895,-7.373988151550293,53.0533332824707,0
1745923233.7044578,6.877613544464111,9.607882499694824,12.232354164123535,21.993717193603516,-3.8821640014648438,-7.346490859985352,50.71156692504883,0
1745923233.7116013,6.4962968826293945,9.311941146850586,11.605205535888672,21.045921325683594,-3.8279902935028076,-7.298912048339844,48.45936584472656,0
1745923233.7217047,6.146960735321045,9.035139083862305,11.02579402923584,20.137371063232422,-3.7599353790283203,-7.241352081298828,46.34526443481445,0
1745923233.7428596,5.819779396057129,8.764217376708984,10.479537010192871,19.263736724853516,-3.6887738704681396,-7.181693077087402,44.3272705078125,0
1745923233.744448,5.525981903076172,8.513459205627441,9.967142105102539,18.431102752685547,-3.613333225250244,-7.105356216430664,42.437686920166016,0
1745923233.7548258,5.268679141998291,8.293295860290527,9.501869201660156,17.64923858642578,-3.5231192111968994,-7.00933837890625,40.71308135986328,0
1745923233.7744236,5.031387805938721,8.085651397705078,9.073756217956543,16.912151336669922,-3.425717353820801,-6.911148548126221,39.10294723510742,0
1745923233.7777386,4.8066725730896,7.891380310058594,8.675591468811035,16.211078643798828,-3.315758466720581,-6.810238361358643,37.58472442626953,0
1745923233.7886195,4.583607196807861,7.702419281005859,8.301846504211426,15.53075122833252,-3.1862409114837646,-6.71337890625,36.118621826171875,0
1745923233.8046792,4.3634819984436035,7.517404556274414,7.938494682312012,14.842940330505371,-3.029648542404175,-6.604044437408447,34.662322998046875,0
1745923233.8098145,4.145158767700195,7.182066917419434,7.581382751464844,14.147347450256348,-2.9892830848693848,-6.60793399810791,33.05595397949219,0
1745923233.822053,3.9302310943603516,7.027779579162598,7.2281999588012695,13.448616981506348,-2.7640531063079834,-6.451590061187744,31.63482666015625,0
1745923233.8374605,3.7240471839904785,6.87823486328125,6.876824378967285,12.754666328430176,-2.5224218368530273,-6.271575450897217,30.23377227783203,0
1745923233.8452237,3.531406879425049,6.724631309509277,6.528876304626465,12.08603572845459,-2.2926223278045654,-6.0800323486328125,28.870952606201172,0
1745923233.8544357,3.3618698120117188,6.566701889038086,6.203502655029297,11.4800386428833,-2.100806713104248,-5.897931098937988,27.61211395263672,0
1745923233.8648605,3.2141079902648926,6.421330451965332,5.918788909912109,10.944706916809082,-1.9217183589935303,-5.728123664855957,26.49893569946289,0
1745923233.876423,3.0917253494262695,6.287415504455566,5.668401718139648,10.480623245239258,-1.7730565071105957,-5.569047927856445,25.528165817260742,0
1745923233.8872488,3.007772445678711,6.178557395935059,5.459159851074219,10.100130081176758,-1.6635342836380005,-5.4083170890808105,24.745620727539062,0
1745923233.9042876,2.9444570541381836,6.102457046508789,5.308719635009766,9.806852340698242,-1.552973985671997,-5.274366855621338,24.162487030029297,0
1745923233.9112866,2.8796238899230957,6.034873962402344,5.198752403259277,9.560470581054688,-1.4269447326660156,-5.184619426727295,23.673721313476562,0
1745923233.9197965,2.807924270629883,5.965582847595215,5.097018241882324,9.325387954711914,-1.2924652099609375,-5.114128589630127,23.195913314819336,0
1745923233.9383717,2.7346692085266113,5.8158111572265625,4.887944221496582,9.097654342651367,-1.4021912813186646,-5.0646562576293945,22.53607940673828,0
1745923233.9422023,2.661205768585205,5.736523628234863,4.7874956130981445,8.875211715698242,-1.2849763631820679,-5.011892318725586,22.060436248779297,0
1745923233.95277,2.591383934020996,5.665583610534668,4.694124221801758,8.657398223876953,-1.1520509719848633,-4.9510931968688965,21.608489990234375,0
1745923233.964266,2.534726142883301,5.613136291503906,4.614182472229004,8.459745407104492,-1.0121803283691406,-4.874582767486572,21.221790313720703,0
1745923233.9789019,2.4944376945495605,5.579107284545898,4.553965091705322,8.284727096557617,-0.8650730848312378,-4.785144329071045,20.9122371673584,0
1745923233.9899247,2.463747501373291,5.55391788482666,4.501105308532715,8.13066291809082,-0.731391966342926,-4.692436218261719,20.649433135986328,0
1745923233.997903,2.4385385513305664,5.533412933349609,4.455639839172363,7.990391731262207,-0.6032216548919678,-4.601613998413086,20.417984008789062,0
1745923234.0103757,2.429908275604248,5.519129753112793,4.423193454742432,7.882126808166504,-0.5110952258110046,-4.5166544914245605,20.254358291625977,0
1745923234.022418,2.429851531982422,5.515469551086426,4.403785705566406,7.803998947143555,-0.4370872378349304,-4.441585063934326,20.153106689453125,0
1745923234.0306606,2.4342141151428223,5.515469551086426,4.3994646072387695,7.743575096130371,-0.36629951000213623,-4.382704734802246,20.092723846435547,0
1745923234.0407677,2.4343276023864746,5.518333435058594,4.392796516418457,7.694828033447266,-0.3046230375766754,-4.33298397064209,20.040285110473633,0
1745923234.0521832,2.434896945953369,5.522355079650879,4.387990951538086,7.648650169372559,-0.24255624413490295,-4.284667015075684,19.993892669677734,0
1745923234.0636225,2.4394869804382324,5.5490617752075195,4.3912506103515625,7.607328414916992,-0.1492009162902832,-4.21324348449707,19.98712730407715,0
1745923234.0752714,2.4415359497070312,5.5717668533325195,4.399818420410156,7.56610107421875,-0.05052494257688522,-4.154563903808594,19.97922134399414,0
1745923234.0939934,2.442427158355713,5.595742225646973,4.415817737579346,7.524684906005859,0.06229482218623161,-4.101823329925537,19.97867202758789,0
1745923234.1096091,2.4465622901916504,5.6219940185546875,4.434331893920898,7.49067497253418,0.16677846014499664,-4.050577640533447,19.993562698364258,0
1745923234.1106598,2.453068256378174,5.644737243652344,4.451132297515869,7.462919235229492,0.25168564915657043,-4.0046844482421875,20.011856079101562,0
1745923234.1192842,2.462552547454834,5.66981315612793,4.473483085632324,7.444724082946777,0.3295946717262268,-3.96510648727417,20.050573348999023,0
1745923234.129601,2.4712400436401367,5.693143844604492,4.499242782592773,7.433444023132324,0.40083807706832886,-3.9376068115234375,20.097070693969727,0
1745923234.1411226,2.478713035583496,5.724782943725586,4.530720233917236,7.427511215209961,0.48506736755371094,-3.9108469486236572,20.161727905273438,0
1745923234.1510766,2.4922375679016113,5.757654190063477,4.56603479385376,7.428587913513184,0.5571954250335693,-3.8844780921936035,20.24451446533203,0
1745923234.172544,2.51509428024292,5.795780181884766,4.606769561767578,7.437714576721191,0.6186459064483643,-3.8518505096435547,20.355358123779297,0
1745923234.17459,2.547548770904541,5.840563774108887,4.660988807678223,7.460991859436035,0.6730501055717468,-3.8230550289154053,20.510093688964844,0
1745923234.1844528,2.5900182723999023,5.8925933837890625,4.726998805999756,7.502257347106934,0.7128703594207764,-3.798765182495117,20.711868286132812,0
1745923234.1963105,2.6405491828918457,6.022905349731445,4.797497749328613,7.556729316711426,0.8301331996917725,-3.6876680850982666,21.017681121826172,0
1745923234.2066038,2.6989331245422363,6.100465774536133,4.877830505371094,7.623369216918945,0.8623158931732178,-3.6495606899261475,21.30059814453125,0
1745923234.219061,2.7622108459472656,6.185765266418457,4.967569351196289,7.78593635559082,0.7808337211608887,-3.6825191974639893,21.701480865478516,0
1745923234.2300172,2.820784568786621,6.269414901733398,5.0572710037231445,7.862288475036621,0.8187804818153381,-3.653677463531494,22.00975799560547,0
1745923234.2393851,2.8724918365478516,6.348929405212402,5.142539978027344,7.934067726135254,0.8600524663925171,-3.630765676498413,22.29802894592285,0
1745923234.2503226,2.927215099334717,6.427456855773926,5.224307060241699,8.018336296081543,0.875058114528656,-3.6131463050842285,22.597314834594727,0
1745923234.2619514,2.9840621948242188,6.500617027282715,5.314680099487305,8.11758804321289,0.8719360828399658,-3.617382764816284,22.916946411132812,0
1745923234.2742617,3.040226936340332,6.571557998657227,5.410862922668457,8.22326374053955,0.8659607768058777,-3.6337220668792725,23.24591064453125,0
1745923234.2830029,3.096259117126465,6.641152381896973,5.508909225463867,8.332453727722168,0.856607973575592,-3.655108690261841,23.578773498535156,0
1745923234.2958994,3.1503372192382812,6.711050033569336,5.608445167541504,8.441757202148438,0.8517719507217407,-3.678764820098877,23.911590576171875,0
1745923234.3053179,3.204434394836426,6.784418106079102,5.707069396972656,8.556673049926758,0.8432352542877197,-3.701570749282837,24.252593994140625,0
1745923234.3165972,3.2694759368896484,6.862852096557617,5.814428329467773,8.682868003845215,0.8241385221481323,-3.721710681915283,24.629623413085938,0
1745923234.327462,3.33798885345459,7.017953872680664,5.9303178787231445,8.820059776306152,0.8813018798828125,-3.6756932735443115,25.106319427490234,0
1745923234.34235,3.399862766265869,7.083792686462402,6.046952247619629,8.961993217468262,0.8445146679878235,-3.727790355682373,25.492603302001953,0
1745923234.3507884,3.455230712890625,7.142916679382324,6.157794952392578,9.098108291625977,0.8094063401222229,-3.7832705974578857,25.85405158996582,0
1745923234.3593442,3.501152515411377,7.198777198791504,6.259286880493164,9.216858863830566,0.7916183471679688,-3.831763505935669,26.176074981689453,0
1745923234.3726573,3.5375523567199707,7.251717567443848,6.348001480102539,9.310480117797852,0.7958044409751892,-3.8662431240081787,26.447751998901367,0
1745923234.381772,3.570803642272949,7.296387672424316,6.418183326721191,9.386340141296387,0.7951480746269226,-3.887413263320923,26.671714782714844,0
1745923234.3930118,3.6072793006896973,7.34035587310791,6.480374336242676,9.466962814331055,0.7771593928337097,-3.9038424491882324,26.89497184753418,0
1745923234.411083,3.6551361083984375,7.385139465332031,6.5442609786987305,9.568406105041504,0.7278780341148376,-3.922971487045288,27.152942657470703,0
1745923234.4151855,3.7124385833740234,7.433830261230469,6.623495101928711,9.697870254516602,0.6595567464828491,-3.9565486907958984,27.467634201049805,0
1745923234.4257035,3.7785239219665527,7.488402366638184,6.720703125,9.855901718139648,0.5779088735580444,-4.004637718200684,27.843530654907227,0
1745923234.439292,3.849635124206543,7.5554351806640625,6.840858459472656,10.024798393249512,0.5168626308441162,-4.0562214851379395,28.270729064941406,0
1745923234.4487014,3.933474540710449,7.631763458251953,6.973156929016113,10.212437629699707,0.44702112674713135,-4.105185031890869,28.750831604003906,0
1745923234.4621637,4.034878253936768,7.834362030029297,7.324215888977051,10.437335968017578,0.6485887169837952,-4.17601203918457,29.63079071044922,0
1745923234.4716675,4.147700309753418,7.961296081542969,7.550389289855957,10.703084945678711,0.6094762086868286,-4.2497878074646,30.362470626831055,0
1745923234.4820127,4.272207260131836,8.099403381347656,7.804035186767578,11.00830364227295,0.5593254566192627,-4.337337493896484,31.183948516845703,0
1745923234.492016,4.397738456726074,8.244319915771484,8.073102951049805,11.336102485656738,0.5098174810409546,-4.433837890625,32.05126190185547,0
1745923234.5057805,4.510617733001709,8.387889862060547,8.340551376342773,11.660460472106934,0.47435885667800903,-4.533578395843506,32.89952087402344,0
1745923234.5140796,4.602537631988525,8.521198272705078,8.583337783813477,11.953927040100098,0.45589807629585266,-4.625060081481934,33.6609992980957,0
1745923234.5242276,4.673819541931152,8.641911506652832,8.779709815979004,12.190993309020996,0.45471736788749695,-4.688571929931641,34.286434173583984,0
1745923234.5400796,4.726228713989258,8.750541687011719,8.930989265441895,12.36230754852295,0.47753289341926575,-4.7209296226501465,34.77006912231445,0
1745923234.5471554,4.756767272949219,8.84026050567627,9.03659725189209,12.477469444274902,0.5124694108963013,-4.735193252563477,35.1110954284668,0
1745923234.5581672,4.769817352294922,8.905625343322754,9.091599464416504,12.54195499420166,0.5435639023780823,-4.733080863952637,35.308998107910156,0
1745923234.5723062,4.769381046295166,8.945287704467773,9.104581832885742,12.552742958068848,0.5760732889175415,-4.7154765129089355,35.37199401855469,0
1745923234.5798454,4.77177095413208,8.974706649780273,9.109424591064453,12.548285484313965,0.6042811274528503,-4.692549705505371,35.4041862487793,0
1745923234.590628,4.781236171722412,9.027647018432617,9.124977111816406,12.55486011505127,0.6442270278930664,-4.657536506652832,35.48871994018555,0
1745923234.6080632,4.7995405197143555,9.074726104736328,9.148259162902832,12.564438819885254,0.675869345664978,-4.625487804412842,35.58696365356445,0
1745923234.613192,4.829680919647217,9.13899040222168,9.188453674316406,12.581425666809082,0.7179211974143982,-4.5839948654174805,35.73855209350586,0
1745923234.625593,4.865663528442383,9.203349113464355,9.24047565460205,12.615662574768066,0.750169038772583,-4.5519537925720215,35.92515182495117,0
1745923234.640501,4.901171684265137,9.271064758300781,9.306428909301758,12.653090476989746,0.7929446697235107,-4.526016712188721,36.13175582885742,0
1745923234.6473026,4.939600944519043,9.340127944946289,9.387134552001953,12.708584785461426,0.8306193351745605,-4.512268543243408,36.37544631958008,0
1745923234.6628234,4.985257625579834,9.41084098815918,9.483802795410156,12.789338111877441,0.8552497625350952,-4.511079788208008,36.66923904418945,0
1745923234.670257,5.042693138122559,9.480359077453613,9.598072052001953,12.903496742248535,0.8562607169151306,-4.525335788726807,37.024620056152344,0
1745923234.6875248,5.108132839202881,9.556896209716797,9.727632522583008,13.045866966247559,0.8455145955085754,-4.5481977462768555,37.43852996826172,0
1745923234.6896894,5.185750484466553,9.635538101196289,9.866338729858398,13.20588207244873,0.820374071598053,-4.57253885269165,37.89350891113281,0
1745923234.705506,5.276095867156982,9.73052978515625,10.022088050842285,13.384509086608887,0.7959849238395691,-4.5921525955200195,38.41322326660156,0
1745923234.7123802,5.374919891357422,9.83933162689209,10.201006889343262,13.587773323059082,0.7736346125602722,-4.616694927215576,39.00303268432617,0
1745923234.7229471,5.486547470092773,10.073057174682617,10.394510269165039,13.822781562805176,0.8153136968612671,-4.570780277252197,39.77689743041992,0
1745923234.7438402,5.594836235046387,10.183072090148926,10.588665962219238,14.07551097869873,0.7625458240509033,-4.614293098449707,40.44208526611328,0
1745923234.74696,5.687344074249268,10.2756929397583,10.772222518920898,14.330527305603027,0.7023181319236755,-4.673816204071045,41.06578826904297,0
1745923234.7561321,5.765796184539795,10.344585418701172,10.929648399353027,14.5679349899292,0.6329103708267212,-4.737823963165283,41.607967376708984,0
1745923234.773395,5.833019256591797,10.39762020111084,11.058855056762695,14.786295890808105,0.5571001768112183,-4.798595428466797,42.07579040527344,0
1745923234.7795277,5.8776702880859375,10.4337739944458,11.154182434082031,14.970723152160645,0.48797234892845154,-4.8562774658203125,42.43634796142578,0
1745923234.788584,5.910428047180176,10.464274406433105,11.219986915588379,15.102927207946777,0.4399629831314087,-4.892836093902588,42.69761657714844,0
1745923234.8075464,5.933474540710449,10.4978666305542,11.265024185180664,15.200383186340332,0.41058823466300964,-4.912153244018555,42.89674758911133,0
1745923234.8117495,5.944134712219238,10.51785945892334,11.2844877243042,15.263850212097168,0.3869336247444153,-4.924705505371094,43.01033401489258,0
1745923234.8223662,5.949407577514648,10.523663520812988,11.283445358276367,15.300938606262207,0.3620593547821045,-4.931493759155273,43.057456970214844,0
1745923234.8408756,5.9598212242126465,10.521235466003418,11.276031494140625,15.334967613220215,0.32649701833724976,-4.9366135597229,43.09205627441406,0
1745923234.8449004,5.976987361907959,10.521008491516113,11.279515266418457,15.389365196228027,0.2816234827041626,-4.947973728179932,43.16687774658203,0
1745923234.8545468,5.986243724822998,10.492670059204102,11.28441333770752,15.458914756774902,0.21502672135829926,-4.987077713012695,43.22224426269531,0
1745923234.8715816,5.9749579429626465,10.45456314086914,11.263962745666504,15.513575553894043,0.149044468998909,-5.029463768005371,43.207061767578125,0
1745923234.878372,5.9449310302734375,10.409095764160156,11.215479850769043,15.531147956848145,0.0964708998799324,-5.063603401184082,43.10065460205078,0
1745923234.8902748,5.896334648132324,10.354278564453125,11.134233474731445,15.503939628601074,0.05760613828897476,-5.086148262023926,42.88878631591797,0
1745923234.9036734,5.830667018890381,10.293011665344238,11.021026611328125,15.420048713684082,0.04165460169315338,-5.090251922607422,42.564754486083984,0
1745923234.9137397,5.759138584136963,10.228785514831543,10.889062881469727,15.292946815490723,0.04366437718272209,-5.076503276824951,42.1699333190918,0
1745923234.921066,5.685561180114746,10.17093276977539,10.750431060791016,15.161744117736816,0.0496458001434803,-5.055685997009277,41.76866912841797,0
1745923234.932139,5.595652103424072,10.099574089050293,10.59559440612793,14.821911811828613,0.18906280398368835,-4.966050148010254,41.11273193359375,0
1745923234.9456096,5.485295295715332,10.011031150817871,10.410324096679688,14.573622703552246,0.25069665908813477,-4.921904563903809,40.48027420043945,0
1745923234.953486,5.345576286315918,9.917328834533691,10.194134712219238,14.241251945495605,0.3700357973575592,-4.852150917053223,39.69829177856445,0
1745923234.971147,5.171031475067139,9.810519218444824,9.91860294342041,13.806437492370605,0.5437394976615906,-4.7437214851379395,38.70659255981445,0
1745923234.976335,4.967597961425781,9.684324264526367,9.206277847290039,13.275015830993652,0.48860958218574524,-4.427754878997803,37.133216857910156,0
1745923234.9911945,4.7410807609558105,9.430530548095703,8.797237396240234,12.655169486999512,0.653562068939209,-4.291955947875977,35.624019622802734,0
1745923235.0048368,4.494001865386963,9.298891067504883,8.36396312713623,11.954304695129395,0.9969550967216492,-4.017244815826416,34.11116027832031,0
1745923235.0088568,4.2252421379089355,9.16416072845459,7.8968658447265625,11.173970222473145,1.4334717988967896,-3.6755764484405518,32.46023941040039,0
1745923235.0203657,3.9321846961975098,9.023076057434082,7.396465301513672,10.314579963684082,1.9838616847991943,-3.256715774536133,30.666305541992188,0
1745923235.0329177,3.5962400436401367,8.846159934997559,6.83061408996582,9.357337951660156,2.6632394790649414,-2.747314929962158,28.630352020263672,0
1745923235.043224,3.22017765045166,8.600617408752441,6.196666717529297,8.324726104736328,3.4570648670196533,-2.1529173851013184,26.342187881469727,0
1745923235.0527565,2.8237624168395996,8.279315948486328,5.517998695373535,7.2666826248168945,4.345001697540283,-1.478315830230713,23.887760162353516,0
1745923235.063306,2.4312357902526855,7.877647399902344,4.820072174072266,6.245521545410156,5.267353534698486,-0.7434526681900024,21.37447738647461,0
1745923235.074813,2.07053804397583,7.4103288650512695,4.1488542556762695,5.337895393371582,6.127337455749512,-0.00651254877448082,18.96761703491211,0
1745923235.0853407,1.7732504606246948,6.893902778625488,3.552903413772583,4.612958908081055,6.754386901855469,0.6253851056098938,16.83301544189453,0
1745923235.0962021,1.5423322916030884,6.4082231521606445,3.1212880611419678,4.112146377563477,7.145745277404785,0.9918035268783569,15.183989524841309,0
1745923235.1070704,1.3007920980453491,5.364293098449707,2.740614175796509,3.733448028564453,6.543702125549316,0.3053082525730133,13.139147758483887,0
1745923235.118949,1.0245591402053833,4.671083450317383,2.2997231483459473,3.3294878005981445,6.469776153564453,0.12318587303161621,11.324853897094727,0
1745923235.1403146,0.7244075536727905,3.900559902191162,1.8090640306472778,2.8756656646728516,6.344719409942627,-0.13480588793754578,9.309697151184082,0
1745923235.1435368,0.3981746435165405,3.0509963035583496,1.2569024562835693,2.3534460067749023,6.172626495361328,-0.47945547103881836,7.0595197677612305,0
1745923235.1505747,0.0871351957321167,2.189842700958252,0.7047595977783203,1.8119921684265137,5.81453275680542,-1.0503822565078735,4.793729782104492,0
1745923235.1622288,0.1676638126373291,1.4124341011047363,0.20983511209487915,1.2911896705627441,1.485055685043335,0.5389389395713806,3.081122636795044,0
1745923235.175801,0.33642327785491943,0.809398889541626,0.1684918999671936,0.840087890625,-2.5813987255096436,1.3377684354782104,2.154402017593384,0
1745923235.1859796,0.43264859914779663,0.415942907333374,0.38851845264434814,0.4941520690917969,-1.9786148071289062,-0.4133743643760681,1.731261968612671,0
1745923235.1954875,0.43316078186035156,0.26880717277526855,0.42249178886413574,0.3487415313720703,-1.7220280170440674,-0.9873550534248352,1.4732012748718262,0
1745923235.2064948,0.4076675772666931,0.2775704860687256,0.39162886142730713,0.3555622100830078,-1.8380333185195923,-0.9082565903663635,1.4324290752410889,0
1745923235.2190049,0.40216684341430664,0.26685333251953125,0.3865441083908081,0.3388032913208008,-1.758528709411621,-0.848321259021759,1.3943675756454468,0
1745923235.2380552,0.3891167640686035,0.26366686820983887,0.3707493543624878,0.33751821517944336,-1.8971550464630127,-0.8560755252838135,1.3610512018203735,0
1745923235.2400687,0.3828003406524658,0.2560415267944336,0.3649754524230957,0.3270697593688965,-1.8693451881408691,-0.839492917060852,1.3308870792388916,0
1745923235.2510855,0.37614256143569946,0.2561933994293213,0.36072874069213867,0.32330989837646484,-1.7554646730422974,-0.8248080015182495,1.3163745403289795,0
1745923235.2613213,0.3721023201942444,0.2508821487426758,0.3548988103866577,0.3197197914123535,-1.8566170930862427,-0.8356305360794067,1.2976031303405762,0
1745923235.2751348,0.36459094285964966,0.25147032737731934,0.34806323051452637,0.3146185874938965,-1.7446250915527344,-0.765620231628418,1.278743028640747,0
1745923235.2875166,0.36056971549987793,0.247847318649292,0.34210288524627686,0.3107638359069824,-1.806678056716919,-0.740074098110199,1.2612837553024292,0
1745923235.2946403,0.3583124876022339,0.24761962890625,0.34024035930633545,0.30604028701782227,-1.7104105949401855,-0.6766574382781982,1.2522127628326416,0
1745923235.3062303,0.35423433780670166,0.24634885787963867,0.33476436138153076,0.30252599716186523,-1.7110949754714966,-0.6227214336395264,1.2378735542297363,0
1745923235.3196979,0.34996652603149414,0.2442624568939209,0.3361612558364868,0.3006935119628906,-1.5974681377410889,-0.7271166443824768,1.2310837507247925,0
1745923235.3307276,0.34640049934387207,0.2428586483001709,0.3339262008666992,0.3000321388244629,-1.5942692756652832,-0.7673885226249695,1.223217487335205,0
1745923235.3399434,0.3435363173484802,0.24026012420654297,0.3306480646133423,0.2969331741333008,-1.6078524589538574,-0.7590373158454895,1.2113776206970215,0
1745923235.349579,0.34243619441986084,0.24139809608459473,0.32573091983795166,0.2956109046936035,-1.6476483345031738,-0.6535627841949463,1.2051761150360107,0
1745923235.360615,0.3390219211578369,0.23944449424743652,0.3219870328903198,0.29215288162231445,-1.6374318599700928,-0.6281565427780151,1.1926063299179077,0
1745923235.375886,0.33775103092193604,0.2409050464630127,0.3184295892715454,0.28880882263183594,-1.5872458219528198,-0.5061403512954712,1.18589448928833,0
1745923235.3830392,0.33520931005477905,0.23805975914001465,0.31677186489105225,0.28835535049438477,-1.6331731081008911,-0.5677386522293091,1.178396224975586,0
1745923235.3932877,0.3278875946998596,0.23781323432922363,0.3165297508239746,0.28642797470092773,-1.4368888139724731,-0.6694811582565308,1.1686584949493408,0
1745923235.4050434,0.3269392251968384,0.2349870204925537,0.3150210380554199,0.2865791320800781,-1.5283609628677368,-0.7160580158233643,1.1635264158248901,0
1745923235.4159946,0.32582008838653564,0.23432302474975586,0.31286048889160156,0.2835373878479004,-1.5052392482757568,-0.6582992076873779,1.1565409898757935,0
1745923235.426882,0.3256683349609375,0.23312807083129883,0.3113517761230469,0.28111886978149414,-1.5153790712356567,-0.6142441034317017,1.1512670516967773,0
1745923235.43862,0.32056593894958496,0.2323315143585205,0.30937743186950684,0.2797393798828125,-1.4366706609725952,-0.6660219430923462,1.1420142650604248,0
1745923235.449889,0.3194657564163208,0.23297643661499023,0.3068070411682129,0.27741575241088867,-1.406522512435913,-0.5871497988700867,1.1366649866104126,0
1745923235.45985,0.32170403003692627,0.23261594772338867,0.3041994571685791,0.2777743339538574,-1.5441102981567383,-0.511073887348175,1.1362937688827515,0
1745923235.473643,0.3192760944366455,0.2311553955078125,0.30226242542266846,0.27573394775390625,-1.528305172920227,-0.5129814147949219,1.1284278631210327,0
1745923235.483217,0.3169809579849243,0.22789287567138672,0.3023555278778076,0.27556371688842773,-1.5535324811935425,-0.6180601119995117,1.1227930784225464,0
1745923235.4944565,0.31637394428253174,0.22595810890197754,0.2988910675048828,0.2757906913757324,-1.6873855590820312,-0.6081784963607788,1.1170138120651245,0
1745923235.506469,0.3124285936355591,0.22700142860412598,0.29786670207977295,0.2769808769226074,-1.6218198537826538,-0.6674896478652954,1.1142776012420654,0
1745923235.5147963,0.3120681643486023,0.22360610961914062,0.29579925537109375,0.2757530212402344,-1.7301273345947266,-0.680473268032074,1.1072266101837158,0
1745923235.5258906,0.3118974566459656,0.22533226013183594,0.2962275743484497,0.2719550132751465,-1.5778672695159912,-0.5880252718925476,1.105412244796753,0
1745923235.540374,0.3107404112815857,0.22533226013183594,0.2949424982070923,0.26972532272338867,-1.5311033725738525,-0.5455401539802551,1.1007404327392578,0
1745923235.5477226,0.3086159825325012,0.22411823272705078,0.2926514148712158,0.2685728073120117,-1.5464353561401367,-0.5469039082527161,1.0939583778381348,0
1745923235.5576918,0.3059035539627075,0.22167134284973145,0.29144084453582764,0.27097272872924805,-1.6379940509796143,-0.6712110042572021,1.0899884700775146,0
1745923235.5709343,0.3045947551727295,0.220628023147583,0.29043495655059814,0.27121829986572266,-1.6680854558944702,-0.703889012336731,1.0868760347366333,0
1745923235.5811346,0.30487924814224243,0.21994519233703613,0.28950369358062744,0.26866769790649414,-1.6572046279907227,-0.6466192603111267,1.082995891571045,0
1745923235.5916414,0.3035704493522644,0.2217092514038086,0.28685879707336426,0.2656254768371582,-1.5750949382781982,-0.5300752520561218,1.0777640342712402,0
1745923235.6076918,0.30269795656204224,0.2190537452697754,0.2853128910064697,0.26288604736328125,-1.6020238399505615,-0.5190818905830383,1.0699505805969238,0
1745923235.6139686,0.3018064498901367,0.21941423416137695,0.28570401668548584,0.2641329765319824,-1.590010404586792,-0.561073899269104,1.071057677268982,0
1745923235.624719,0.3014081120491028,0.2193002700805664,0.2846423387527466,0.26358509063720703,-1.599176049232483,-0.540631115436554,1.0689358711242676,0
1745923235.6388764,0.30118048191070557,0.21692919731140137,0.28304052352905273,0.26305580139160156,-1.6908979415893555,-0.5522610545158386,1.0642060041427612,0
1745923235.646086,0.29992860555648804,0.21647405624389648,0.28419530391693115,0.25812435150146484,-1.517622470855713,-0.5140695571899414,1.0587222576141357,0
1745923235.6575687,0.2999475598335266,0.21541190147399902,0.2846423387527466,0.25891780853271484,-1.555086374282837,-0.5592628717422485,1.0589196681976318,0
1745923235.6732397,0.29920780658721924,0.21463418006896973,0.2847355604171753,0.25733089447021484,-1.5159751176834106,-0.5613307356834412,1.055908441543579,0
1745923235.6803923,0.29763346910476685,0.21563935279846191,0.2815132141113281,0.25542259216308594,-1.4904637336730957,-0.47316569089889526,1.050208568572998,0
1745923235.6912234,0.297311007976532,0.21425485610961914,0.2799673080444336,0.2580299377441406,-1.6305124759674072,-0.5288476347923279,1.0495631694793701,0
1745923235.7067645,0.29564177989959717,0.21423578262329102,0.2793712615966797,0.2549881935119629,-1.5290035009384155,-0.492340087890625,1.0442370176315308,0
1745923235.7140274,0.294295072555542,0.2143876552581787,0.28032124042510986,0.2530040740966797,-1.4131628274917603,-0.49663180112838745,1.0420080423355103,0
1745923235.723293,0.29522448778152466,0.21419787406921387,0.278719425201416,0.2532496452331543,-1.493762493133545,-0.4546618163585663,1.041391372680664,0
1745923235.7373695,0.2924931049346924,0.21611356735229492,0.27793705463409424,0.2542886734008789,-1.4185495376586914,-0.47654181718826294,1.0408324003219604,0
1745923235.7453747,0.2923223376274109,0.21582913398742676,0.27782535552978516,0.2530984878540039,-1.394949197769165,-0.46023592352867126,1.0390753746032715,0
1745923235.7569234,0.2899513244628906,0.21393227577209473,0.2762794494628906,0.25281524658203125,-1.4245562553405762,-0.5125306248664856,1.0329782962799072,0
1745923235.7703972,0.2883959412574768,0.21323060989379883,0.27646565437316895,0.25067996978759766,-1.343961477279663,-0.520912766456604,1.0287721157073975,0
1745923235.7785845,0.28976166248321533,0.21326851844787598,0.27711760997772217,0.2528529167175293,-1.4156782627105713,-0.5476736426353455,1.0330007076263428,0
1745923235.7897348,0.29023587703704834,0.21135258674621582,0.27588820457458496,0.2508687973022461,-1.4666168689727783,-0.5139705538749695,1.0283454656600952,0
1745923235.805105,0.2849627137184143,0.2108595371246338,0.27460312843322754,0.24979209899902344,-1.3528293371200562,-0.5881417989730835,1.0202174186706543,0
1745923235.8117597,0.28572148084640503,0.21030950546264648,0.273895263671875,0.24909305572509766,-1.390624761581421,-0.5555379986763,1.019019365310669,0
1745923235.822834,0.28283828496932983,0.2108783721923828,0.27337372303009033,0.2517380714416504,-1.383038878440857,-0.6471138000488281,1.0188283920288086,0
1745923235.838885,0.28505754470825195,0.20987319946289062,0.2690526247024536,0.25232410430908203,-1.6104998588562012,-0.5464543700218201,1.0163074731826782,0
1745923235.844478,0.28583526611328125,0.21262359619140625,0.268810510635376,0.24986743927001953,-1.4939197301864624,-0.41744711995124817,1.017136812210083,0
1745923235.8555882,0.2817191481590271,0.214691162109375,0.2693878412246704,0.24705219268798828,-1.2355087995529175,-0.4152876138687134,1.012850284576416,0
1745923235.8714561,0.27951890230178833,0.2143876552581787,0.2703191041946411,0.24744939804077148,-1.16966712474823,-0.4953179657459259,1.0116751194000244,0
1745923235.8770638,0.28132086992263794,0.21262359619140625,0.2710827589035034,0.24631547927856445,-1.2162442207336426,-0.48700523376464844,1.0113427639007568,0
1745923235.8891308,0.28331249952316284,0.21232008934020996,0.26773011684417725,0.2452383041381836,-1.3464361429214478,-0.36094799637794495,1.0086009502410889,0
1745923235.9066713,0.2812259793281555,0.21440649032592773,0.26717138290405273,0.2456355094909668,-1.257330298423767,-0.35764461755752563,1.008439302444458,0
1745923235.9108603,0.28113114833831787,0.2117319107055664,0.26972317695617676,0.2461833953857422,-1.2729018926620483,-0.47970694303512573,1.0087696313858032,0
1745923235.9217298,0.27805835008621216,0.21099233627319336,0.26795363426208496,0.24701452255249023,-1.2863835096359253,-0.5420883297920227,1.004018783569336,0
1745923235.9325323,0.27564936876296997,0.21139049530029297,0.26614701747894287,0.24669361114501953,0.0,0.0,0.9998804926872253,0
1745923235.9440935,0.27813422679901123,0.21237683296203613,0.2658489942550659,0.24503087997436523,-1.25655198097229,-0.4271509647369385,1.0013909339904785,0
1745923235.95535,0.2771857976913452,0.212813138961792,0.26359522342681885,0.24289560317993164,0.0,0.0,0.9964897632598877,0
1745923235.970391,0.2776600122451782,0.20920920372009277,0.2659792900085449,0.24272537231445312,0.0,0.0,0.995573878288269,0
1745923235.976195,0.27769792079925537,0.20710372924804688,0.2661283016204834,0.24442625045776367,0.0,0.0,0.9953562021255493,0
1745923235.9887857,0.27458715438842773,0.2074451446533203,0.2625335454940796,0.24376487731933594,0.0,0.0,0.9883307218551636,0
1745923235.9982004,0.2738094925880432,0.20865917205810547,0.2621610164642334,0.24113845825195312,0.0,0.0,0.9857681393623352,0
1745923236.0090013,0.2748526930809021,0.2094557285308838,0.2617698907852173,0.24011802673339844,0.0,0.0,0.9861963391304016,0
1745923236.0205166,0.27456820011138916,0.20801424980163574,0.2586221694946289,0.24053382873535156,0.0,0.0,0.9817384481430054,0
1745923236.0314684,0.27132463455200195,0.20856428146362305,0.2595348358154297,0.2414407730102539,0.0,0.0,0.9808645248413086,0
1745923236.0533578,0.2716660499572754,0.2078244686126709,0.26042890548706055,0.23989152908325195,0.0,0.0,0.9798109531402588,0
1745923236.0543709,0.2735249400138855,0.20886778831481934,0.2599445581436157,0.24051475524902344,0.0,0.0,0.982852041721344,0
1745923236.0848665,0.27289897203445435,0.20972132682800293,0.258733868598938,0.2389087677001953,0.0,0.0,0.9802629351615906,0
1745923236.0848665,0.27043312788009644,0.20919036865234375,0.25940442085266113,0.23815298080444336,0.0,0.0,0.9771808981895447,0
1745923236.098015,0.26832765340805054,0.2082986831665039,0.2586780786514282,0.23783206939697266,0.0,0.0,0.9731364846229553,0
1745923236.1047473,0.26857423782348633,0.20801424980163574,0.2572065591812134,0.23994827270507812,0.0,0.0,0.9737433195114136,0
1745923236.1083238,0.2672654390335083,0.20674347877502441,0.2559213638305664,0.2421588897705078,0.0,0.0,0.9720891714096069,0
1745923236.1194916,0.267075777053833,0.2057192325592041,0.25359320640563965,0.2401747703552246,0.0,0.0,0.9665629863739014,0
1745923236.1323502,0.269257128238678,0.20518803596496582,0.25377941131591797,0.24085521697998047,0.0,0.0,0.9690797924995422,0
1745923236.1438084,0.26904845237731934,0.20226693153381348,0.2561821937561035,0.23875761032104492,0.0,0.0,0.9662551879882812,0
1745923236.1525152,0.2686311602592468,0.20133757591247559,0.2540774345397949,0.23735952377319336,0.0,0.0,0.9614056944847107,0
1745923236.1633818,0.26753103733062744,0.20124268531799316,0.25582826137542725,0.2397780418395996,0.0,0.0,0.9643800258636475,0
1745923236.1738286,0.26679128408432007,0.20097708702087402,0.25506460666656494,0.23766183853149414,0.0,0.0,0.9604948163032532,0
1745923236.185433,0.26673436164855957,0.2030634880065918,0.25392842292785645,0.2362828254699707,0.0,0.0,0.9600090980529785,0
1745923236.1961396,0.26421159505844116,0.20293068885803223,0.252773642539978,0.23626375198364258,0.0,0.0,0.956179678440094,0
1745923236.2081747,0.26276999711990356,0.19959235191345215,0.2532765865325928,0.2356400489807129,0.0,0.0,0.9512789845466614,0
1745923236.2184277,0.26127153635025024,0.19826459884643555,0.2537236213684082,0.23496007919311523,0.0,0.0,0.9482198357582092,0
1745923236.2300022,0.26151812076568604,0.19864392280578613,0.2540402412414551,0.23346757888793945,0.0,0.0,0.9476698637008667,0
1745923236.2432404,0.2603800296783447,0.19839739799499512,0.25377941131591797,0.2338261604309082,0.0,0.0,0.946382999420166,0
1745923236.252073,0.26168882846832275,0.1979231834411621,0.25344419479370117,0.23560237884521484,0.0,0.0,0.9486585855484009,0
1745923236.2637596,0.2613094449043274,0.19708871841430664,0.2534627914428711,0.23499774932861328,0.0,0.0,0.9468587040901184,0
1745923236.2741673,0.262751042842865,0.19621610641479492,0.24904847145080566,0.2332782745361328,0.0,0.0,0.9412938952445984,0
1745923236.2851412,0.262390673160553,0.19498324394226074,0.2496631145477295,0.23403406143188477,0.0,0.0,0.941071093082428,0
1745923236.2980528,0.25886255502700806,0.19636774063110352,0.25094830989837646,0.2311244010925293,0.0,0.0,0.9373030066490173,0
1745923236.3082962,0.25933676958084106,0.19562816619873047,0.24837791919708252,0.23182344436645508,0.0,0.0,0.9351662993431091,0
1745923236.31733,0.2617267370223999,0.19595050811767578,0.2498307228088379,0.23195600509643555,0.0,0.0,0.9394639730453491,0
1745923236.3283405,0.2591281533241272,0.1950969696044922,0.2510228157043457,0.2308788299560547,0.0,0.0,0.9361267685890198,0
1745923236.3392806,0.2588815689086914,0.19227075576782227,0.24780058860778809,0.2314457893371582,0.0,0.0,0.93039870262146,0
1745923236.350559,0.2596781849861145,0.1923844814300537,0.24886226654052734,0.2304821014404297,0.0,0.0,0.9314070343971252,0
1745923236.3722522,0.25933676958084106,0.19202423095703125,0.2476329803466797,0.230255126953125,0.0,0.0,0.929249107837677,0
1745923236.3745596,0.2600386142730713,0.19388294219970703,0.24850833415985107,0.22976398468017578,0.0,0.0,0.9321938753128052,0
1745923236.3824964,0.2583693861961365,0.19538140296936035,0.24774467945098877,0.22745895385742188,0.0,0.0,0.9289544224739075,0
1745923236.3957283,0.2590901851654053,0.19365549087524414,0.24794960021972656,0.22910261154174805,0.0,0.0,0.929797887802124,0
1745923236.4079938,0.25759172439575195,0.1912086009979248,0.249383807182312,0.22855472564697266,0.0,0.0,0.9267388582229614,0
1745923236.415376,0.2570037245750427,0.1940915584564209,0.24860143661499023,0.22793149948120117,0.0,0.0,0.927628219127655,0
1745923236.4292078,0.2564725875854492,0.19422435760498047,0.2460869550704956,0.2281203269958496,0.0,0.0,0.9249042272567749,0
1745923236.4417477,0.25463271141052246,0.19327592849731445,0.24634778499603271,0.22770452499389648,0.0,0.0,0.9219609498977661,0
1745923236.448872,0.2536463141441345,0.19321918487548828,0.24409401416778564,0.22681665420532227,0.0,0.0,0.9177761673927307,0
1745923236.4598868,0.25531554222106934,0.19365549087524414,0.244559645652771,0.22980165481567383,0.0,0.0,0.9233323335647583,0
1745923236.4710224,0.2569847106933594,0.19210004806518555,0.24601244926452637,0.2305765151977539,0.0,0.0,0.9256737232208252,0
1745923236.4831314,0.25670021772384644,0.19103789329528809,0.2442244291305542,0.22658967971801758,0.0,0.0,0.9185522198677063,0
1745923236.4935312,0.255410373210907,0.18921685218811035,0.2430323362350464,0.22774219512939453,0.0,0.0,0.9154017567634583,0
1745923236.5056522,0.2553914189338684,0.1905825138092041,0.2436283826828003,0.23014211654663086,0.0,0.0,0.9197444319725037,0
1745923236.5148673,0.25529658794403076,0.19204306602478027,0.24230599403381348,0.22607994079589844,0.0,0.0,0.915725588798523,0
1745923236.5255785,0.25463271141052246,0.19312429428100586,0.24374020099639893,0.22373676300048828,0.0,0.0,0.9152339696884155,0
1745923236.5390105,0.25529658794403076,0.19173955917358398,0.24312543869018555,0.2236800193786621,0.0,0.0,0.9138416051864624,0
1745923236.5493934,0.25542932748794556,0.19048762321472168,0.24206387996673584,0.22532415390014648,0.0,0.0,0.9133049845695496,0
1745923236.558869,0.25207197666168213,0.18957734107971191,0.2434607744216919,0.22583389282226562,0.0,0.0,0.9109439849853516,0
1745923236.5773458,0.25324803590774536,0.18904614448547363,0.2410207986831665,0.22587203979492188,0.0,0.0,0.9091870188713074,0
1745923236.5821476,0.25525861978530884,0.19149303436279297,0.24109530448913574,0.22538042068481445,0.0,0.0,0.913227379322052,0
1745923236.591584,0.255410373210907,0.19141721725463867,0.24010813236236572,0.2247004508972168,0.0,0.0,0.9116361737251282,0
1745923236.6040957,0.2537601590156555,0.19232773780822754,0.24070417881011963,0.22432231903076172,0.0,0.0,0.9111143946647644,0
1745923236.6142552,0.2503458857536316,0.19118952751159668,0.24115121364593506,0.22585296630859375,0.0,0.0,0.9085395932197571,0
1745923236.6260033,0.24888533353805542,0.18993759155273438,0.2395493984222412,0.22504043579101562,0.0,0.0,0.9034127593040466,0
1745923236.6387749,0.2493215799331665,0.19107580184936523,0.23893463611602783,0.22403907775878906,0.0,0.0,0.9033710956573486,0
1745923236.6465862,0.2508201003074646,0.19230866432189941,0.23867392539978027,0.22300004959106445,0.0,0.0,0.9048027396202087,0
1745923236.6583743,0.2504028081893921,0.19249844551086426,0.23880434036254883,0.22286748886108398,0.0,0.0,0.9045730829238892,0
1745923236.6717584,0.2507631778717041,0.18866682052612305,0.23753774166107178,0.22298097610473633,0.0,0.0,0.8999487161636353,0
1745923236.679604,0.2507821321487427,0.1892547607421875,0.2368299961090088,0.22077035903930664,0.0,0.0,0.8976372480392456,0
1745923236.6904783,0.24880945682525635,0.1868269443511963,0.23643887042999268,0.2212047576904297,0.0,0.0,0.893280029296875,0
1745923236.7063906,0.24761444330215454,0.18578362464904785,0.23619675636291504,0.22394466400146484,0.0,0.0,0.8935394883155823,0
1745923236.7125115,0.245888352394104,0.18724417686462402,0.2358614206314087,0.22309446334838867,0.0,0.0,0.8920884132385254,0
1745923236.7238827,0.24609702825546265,0.1883254051208496,0.23677408695220947,0.22086477279663086,0.0,0.0,0.8920612931251526,0
1745923236.738372,0.24854391813278198,0.18843913078308105,0.23675549030303955,0.2216019630432129,0.0,0.0,0.8953405022621155,0
1745923236.749112,0.25030791759490967,0.18570780754089355,0.23519086837768555,0.2225651741027832,0.0,0.0,0.893771767616272,0
1745923236.759738,0.2487715482711792,0.18620085716247559,0.23442721366882324,0.22230100631713867,0.0,0.0,0.8917006254196167,0
1745923236.7709825,0.24731099605560303,0.18718719482421875,0.2347625494003296,0.21984481811523438,0.0,0.0,0.8891055583953857,0
1745923236.7783682,0.24706441164016724,0.1872251033782959,0.23427820205688477,0.21861648559570312,0.0,0.0,0.887184202671051,0
1745923236.7900147,0.2466091513633728,0.18906521797180176,0.23411059379577637,0.2197122573852539,0.0,0.0,0.8894972205162048,0
1745923236.8071578,0.2459452748298645,0.1904308795928955,0.23563790321350098,0.21984481811523438,0.0,0.0,0.8918588757514954,0
1745923236.8136437,0.24554693698883057,0.18967199325561523,0.2362898588180542,0.21905088424682617,0.0,0.0,0.8905596733093262,0
1745923236.8234313,0.2449778914451599,0.18834424018859863,0.23519086837768555,0.21950435638427734,0.0,0.0,0.8880173563957214,0
1745923236.838917,0.2471402883529663,0.18546104431152344,0.23440861701965332,0.21967458724975586,0.0,0.0,0.8866845369338989,0
1745923236.8451076,0.24759548902511597,0.1858973503112793,0.23457622528076172,0.21823835372924805,0.0,0.0,0.886307418346405,0
1745923236.8560944,0.24586939811706543,0.18830633163452148,0.23319792747497559,0.2176527976989746,0.0,0.0,0.8850264549255371,0
1745923236.8706386,0.24566078186035156,0.19022226333618164,0.2318941354751587,0.22211170196533203,0.0,0.0,0.8898888826370239,0
1745923236.8772953,0.24397259950637817,0.1887805461883545,0.23284411430358887,0.22075128555297852,0.0,0.0,0.8863485455513,0
1745923236.8881645,0.24306213855743408,0.18997550010681152,0.2346135377883911,0.21761512756347656,0.0,0.0,0.8852663040161133,0
1745923236.9040203,0.2427017092704773,0.19031691551208496,0.234222412109375,0.2167649269104004,0.0,0.0,0.8840059638023376,0
1745923236.9113016,0.24126017093658447,0.18743395805358887,0.23243427276611328,0.21663236618041992,0.0,0.0,0.8777607679367065,0
1745923236.9216297,0.24218958616256714,0.18879961967468262,0.23263919353485107,0.21846532821655273,0.0,0.0,0.8820937275886536,0
1745923236.9324374,0.2437070608139038,0.1904308795928955,0.23174512386322021,0.21878671646118164,0.0,0.0,0.8846697807312012,0
1745923236.9477324,0.24277758598327637,0.18728208541870117,0.22898852825164795,0.21746397018432617,0.0,0.0,0.8765121698379517,0
1745923236.9543326,0.24239826202392578,0.18819260597229004,0.2301619052886963,0.21540451049804688,0.0,0.0,0.876157283782959,0
1745923236.9718225,0.24283450841903687,0.186049222946167,0.23174512386322021,0.21568775177001953,0.0,0.0,0.8763166069984436,0
1745923236.9772542,0.2439536452293396,0.1887805461883545,0.23083245754241943,0.2149510383605957,0.0,0.0,0.8785176873207092,0
1745923236.9882715,0.24514859914779663,0.1892547607421875,0.22951006889343262,0.21538543701171875,0.0,0.0,0.8792988657951355,0
1745923237.0045247,0.24382084608078003,0.18716835975646973,0.22887670993804932,0.21769046783447266,0.0,0.0,0.8775563836097717,0
1745923237.0094824,0.24253100156784058,0.18720626831054688,0.22867190837860107,0.21670818328857422,0.0,0.0,0.8751173615455627,0
1745923237.0214477,0.24306213855743408,0.18640947341918945,0.22751712799072266,0.21580123901367188,0.0,0.0,0.8727899789810181,0
1745923237.0385046,0.24247407913208008,0.18585944175720215,0.22785234451293945,0.21595239639282227,0.0,0.0,0.872138261795044,0
1745923237.0422184,0.23960989713668823,0.18656134605407715,0.22882091999053955,0.21428966522216797,0.0,0.0,0.8692818284034729,0
1745923237.0534456,0.2407100796699524,0.1863715648651123,0.22822487354278564,0.21476221084594727,0.0,0.0,0.8700687289237976,0
1745923237.0708547,0.24044454097747803,0.18849611282348633,0.22973358631134033,0.21642494201660156,0.0,0.0,0.8750991821289062,0
1745923237.075316,0.23934435844421387,0.1858973503112793,0.22952866554260254,0.21262693405151367,0.0,0.0,0.8673973083496094,0
1745923237.0889773,0.23892706632614136,0.18475937843322754,0.226418137550354,0.21472406387329102,0.0,0.0,0.8648286461830139,0
1745923237.0982223,0.23852872848510742,0.1868457794189453,0.22652995586395264,0.21551799774169922,0.0,0.0,0.8674224615097046,0
1745923237.1093361,0.23784589767456055,0.18923592567443848,0.2260456085205078,0.21274042129516602,0.0,0.0,0.8658678531646729,0
1745923237.1210732,0.23862355947494507,0.1876993179321289,0.22857880592346191,0.21313714981079102,0.0,0.0,0.8680388331413269,0
1745923237.13175,0.238661527633667,0.18838214874267578,0.2302178144454956,0.2153477668762207,0.0,0.0,0.8726092576980591,0
1745923237.1425707,0.2403496503829956,0.18639063835144043,0.2273494005203247,0.2142329216003418,0.0,0.0,0.8683226108551025,0
1745923237.1524417,0.23959094285964966,0.18430399894714355,0.22731220722198486,0.2112288475036621,0.0,0.0,0.8624359965324402,0
1745923237.164872,0.23644226789474487,0.18299531936645508,0.22680926322937012,0.2109832763671875,0.0,0.0,0.8572301268577576,0
1745923237.175134,0.23850977420806885,0.1843421459197998,0.22487223148345947,0.2111530303955078,0.0,0.0,0.8588771820068359,0
1745923237.1861398,0.23680263757705688,0.18635272979736328,0.22381055355072021,0.2121734619140625,0.0,0.0,0.8591393828392029,0
1745923237.2121742,0.2375802993774414,0.18623876571655273,0.22507715225219727,0.21342039108276367,0.0,0.0,0.8623166084289551,0
1745923237.2132113,0.23752343654632568,0.1856698989868164,0.22530066967010498,0.21349620819091797,0.0,0.0,0.861990213394165,0
1745923237.226774,0.23957198858261108,0.1869215965270996,0.22638094425201416,0.21277809143066406,0.0,0.0,0.8656526207923889,0
1745923237.2305646,0.23839592933654785,0.18578362464904785,0.22552406787872314,0.21236228942871094,0.0,0.0,0.8620659112930298,0
1745923237.2406883,0.23574042320251465,0.18451285362243652,0.22377324104309082,0.21102094650268555,0.0,0.0,0.8550474643707275,0
1745923237.2531264,0.23718202114105225,0.18354535102844238,0.22610151767730713,0.21164464950561523,0.0,0.0,0.858473539352417,0
1745923237.2629578,0.2358352541923523,0.1835644245147705,0.22470462322235107,0.21309947967529297,0.0,0.0,0.8572037816047668,0
1745923237.2743905,0.23587322235107422,0.18288159370422363,0.22241365909576416,0.20920705795288086,0.0,0.0,0.8503755331039429,0
1745923237.2852688,0.23623359203338623,0.18255901336669922,0.2241830825805664,0.2086024284362793,0.0,0.0,0.8515781164169312,0
1745923237.296856,0.2355886697769165,0.1841144561767578,0.22306549549102783,0.2124004364013672,0.0,0.0,0.8551690578460693,0
1745923237.307131,0.2360249161720276,0.18572664260864258,0.22537505626678467,0.21238136291503906,0.0,0.0,0.8595079779624939,0
1745923237.3217616,0.23663192987442017,0.18538522720336914,0.2269582748413086,0.2140064239501953,0.0,0.0,0.8629818558692932,0
1745923237.3321133,0.2353420853614807,0.18172454833984375,0.22587800025939941,0.2144784927368164,0.0,0.0,0.8574231266975403,0
1745923237.3432584,0.23369187116622925,0.1806621551513672,0.22278618812561035,0.2135906219482422,0.0,0.0,0.850730836391449,0
1745923237.3518994,0.2330089807510376,0.1797327995300293,0.22077453136444092,0.2141575813293457,0.0,0.0,0.8476738929748535,0
1745923237.3613598,0.23297107219696045,0.18016910552978516,0.22140777111053467,0.2107563018798828,0.0,0.0,0.8453042507171631,0
1745923237.3778298,0.23314177989959717,0.18202781677246094,0.22371745109558105,0.20962285995483398,0.0,0.0,0.8485099077224731,0
1745923237.385543,0.23350220918655396,0.18159174919128418,0.22153818607330322,0.21126651763916016,0.0,0.0,0.8478986620903015,0
1745923237.395383,0.23299002647399902,0.1807570457458496,0.2217245101928711,0.21253252029418945,0.0,0.0,0.8480041027069092,0
1745923237.406332,0.23336941003799438,0.17721009254455566,0.22137057781219482,0.21143674850463867,0.0,0.0,0.8433868288993835,0
1745923237.419099,0.2328762412071228,0.17912578582763672,0.2220783233642578,0.20973634719848633,0.0,0.0,0.8438166975975037,0
1745923237.4296794,0.22904467582702637,0.18178129196166992,0.22252535820007324,0.2095661163330078,0.0,0.0,0.8429174423217773,0
1745923237.44142,0.22828596830368042,0.18381094932556152,0.2236243486404419,0.2112288475036621,0.0,0.0,0.846950113773346,0
1745923237.449803,0.23042935132980347,0.18170547485351562,0.22187352180480957,0.20937728881835938,0.0,0.0,0.843385636806488,0
1745923237.462237,0.23164331912994385,0.17948627471923828,0.21997368335723877,0.2089238166809082,0.0,0.0,0.8400270938873291,0
1745923237.4780226,0.2335970401763916,0.18102264404296875,0.22099804878234863,0.21092653274536133,0.0,0.0,0.8465442657470703,0
1745923237.4823956,0.23175710439682007,0.17977070808410645,0.22220873832702637,0.21041631698608398,0.0,0.0,0.8441528677940369,0
1745923237.4938583,0.2324020266532898,0.17827224731445312,0.22073733806610107,0.20865917205810547,0.0,0.0,0.8400707840919495,0
1745923237.5076904,0.23238307237625122,0.17368197441101074,0.2198246717453003,0.2086024284362793,0.0,0.0,0.8344921469688416,0
1745923237.5159054,0.2314915657043457,0.17538905143737793,0.21986186504364014,0.21028423309326172,0.0,0.0,0.8370267152786255,0
1745923237.5269074,0.23020172119140625,0.17990350723266602,0.22088634967803955,0.20862150192260742,0.0,0.0,0.8396130800247192,0
1745923237.5384545,0.23156744241714478,0.1770772933959961,0.2216871976852417,0.20843219757080078,0.0,0.0,0.8387641310691833,0
1745923237.550087,0.2330089807510376,0.1765460968017578,0.2205510139465332,0.20831918716430664,0.0,0.0,0.8384252786636353,0
1745923237.5599666,0.23266756534576416,0.17631840705871582,0.2205883264541626,0.2079787254333496,0.0,0.0,0.8375530242919922,0
1745923237.5738218,0.23170018196105957,0.1773238182067871,0.2207186222076416,0.20714759826660156,0.0,0.0,0.8368902206420898,0
1745923237.5818262,0.23160535097122192,0.18009328842163086,0.22002947330474854,0.2072610855102539,0.0,0.0,0.8389891982078552,0
1745923237.5924616,0.23206061124801636,0.1810605525970459,0.21812963485717773,0.20873451232910156,0.0,0.0,0.8399853110313416,0
1745923237.6072986,0.2312639355659485,0.1815347671508789,0.219061017036438,0.20794105529785156,0.0,0.0,0.8398007750511169,0
1745923237.6154978,0.22754621505737305,0.18085193634033203,0.21893060207366943,0.20505046844482422,0.0,0.0,0.8323792219161987,0
1745923237.6274738,0.22659778594970703,0.17857575416564941,0.21960115432739258,0.20593833923339844,0.0,0.0,0.8307130336761475,0
1745923237.6387136,0.22610461711883545,0.17783594131469727,0.219061017036438,0.207733154296875,0.0,0.0,0.8307347297668457,0
1745923237.647681,0.22578215599060059,0.1805863380432129,0.21859538555145264,0.2063918113708496,0.0,0.0,0.8313556909561157,0
1745923237.6591141,0.22900670766830444,0.17984652519226074,0.21943354606628418,0.20631647109985352,0.0,0.0,0.8346032500267029,0
1745923237.6717186,0.22999310493469238,0.1772289276123047,0.21822285652160645,0.20499372482299805,0.0,0.0,0.8304386138916016,0
1745923237.680658,0.22635120153427124,0.17899298667907715,0.2166210412979126,0.20342540740966797,0.0,0.0,0.825390636920929,0
1745923237.6914806,0.22766000032424927,0.1809847354888916,0.21626710891723633,0.20346307754516602,0.0,0.0,0.8283749222755432,0
1745923237.7042158,0.22729957103729248,0.18181920051574707,0.21770131587982178,0.20427560806274414,0.0,0.0,0.8310956954956055,0
1745923237.713632,0.22864633798599243,0.18257808685302734,0.2194148302078247,0.20557928085327148,0.0,0.0,0.836218535900116,0
1745923237.7241912,0.22748929262161255,0.18140196800231934,0.2171238660812378,0.205352783203125,0.0,0.0,0.8313679099082947,0
1745923237.741102,0.22784966230392456,0.18009328842163086,0.21460938453674316,0.20425701141357422,0.0,0.0,0.8268093466758728,0
1745923237.747995,0.22747033834457397,0.17851877212524414,0.21600639820098877,0.20174407958984375,0.0,0.0,0.8237395882606506,0
1745923237.757336,0.22659778594970703,0.17774105072021484,0.2182786464691162,0.20348215103149414,0.0,0.0,0.8260996341705322,0
1745923237.77126,0.22629427909851074,0.17702031135559082,0.21667683124542236,0.20506906509399414,0.0,0.0,0.8250604867935181,0
1745923237.781134,0.22544074058532715,0.17696332931518555,0.21691906452178955,0.2043132781982422,0.0,0.0,0.8236364126205444,0
1745923237.7901533,0.22502344846725464,0.17838597297668457,0.2177572250366211,0.20395469665527344,0.0,0.0,0.8251213431358337,0
1745923237.8047543,0.22293692827224731,0.1791067123413086,0.21574556827545166,0.20387887954711914,0.0,0.0,0.8216680884361267,0
1745923237.81279,0.22443538904190063,0.17904996871948242,0.21576416492462158,0.20450258255004883,0.0,0.0,0.8237521052360535,0
1745923237.8243015,0.22443538904190063,0.17899298667907715,0.2153916358947754,0.2051072120666504,0.0,0.0,0.8239272236824036,0
1745923237.8398588,0.2255924940109253,0.17836713790893555,0.21477699279785156,0.20518255233764648,0.0,0.0,0.8239191770553589,0
1745923237.845532,0.22722375392913818,0.1780257225036621,0.2154475450515747,0.2043323516845703,0.0,0.0,0.8250293731689453,0
1745923237.8572586,0.22631323337554932,0.17823433876037598,0.21444177627563477,0.2015361785888672,0.0,0.0,0.8205255270004272,0
1745923237.8744218,0.22671157121658325,0.17736172676086426,0.21410655975341797,0.20117712020874023,0.0,0.0,0.8193569779396057,0
1745923237.8810732,0.22949987649917603,0.17874646186828613,0.2141437530517578,0.20200824737548828,0.0,0.0,0.8243983387947083,0
1745923237.889915,0.22604769468307495,0.17956209182739258,0.2154475450515747,0.20476675033569336,0.0,0.0,0.8258240818977356,0
1745923237.9043846,0.2239043116569519,0.17683076858520508,0.2141810655593872,0.20299100875854492,0.0,0.0,0.8179071545600891,0
1745923237.9121902,0.2240939736366272,0.17734289169311523,0.21347320079803467,0.20180034637451172,0.0,0.0,0.8167104125022888,0
1745923237.9230056,0.22650295495986938,0.17878437042236328,0.21382713317871094,0.20278310775756836,0.0,0.0,0.821897566318512,0
1745923237.9393878,0.22470098733901978,0.18151569366455078,0.21453487873077393,0.2024993896484375,0.0,0.0,0.823250949382782,0
1745923237.9455721,0.22591495513916016,0.18134498596191406,0.21377122402191162,0.20125246047973633,0.0,0.0,0.8222836256027222,0
1745923237.9568584,0.22648394107818604,0.18001723289489746,0.21220672130584717,0.2022538185119629,0.0,0.0,0.8209617137908936,0
1745923237.9712832,0.2239612340927124,0.1780257225036621,0.21287715435028076,0.20338773727416992,0.0,0.0,0.8182518482208252,0
1745923237.9784198,0.22265243530273438,0.17730474472045898,0.21330559253692627,0.1991744041442871,0.0,0.0,0.8124371767044067,0
1745923237.9896922,0.22489064931869507,0.17671680450439453,0.21496331691741943,0.1993255615234375,0.0,0.0,0.8158963322639465,0
1745923238.0042758,0.225288987159729,0.17387151718139648,0.21399474143981934,0.20062923431396484,0.0,0.0,0.8137844800949097,0
1745923238.0109923,0.2241508960723877,0.17394757270812988,0.21101462841033936,0.20053482055664062,0.0,0.0,0.8096479177474976,0
1745923238.0216908,0.22225409746170044,0.17609095573425293,0.21000880002975464,0.20132827758789062,0.0,0.0,0.8096821308135986,0
1745923238.03753,0.22244375944137573,0.17753243446350098,0.21209490299224854,0.20078039169311523,0.0,0.0,0.8128514885902405,0
1745923238.0450516,0.2233731746673584,0.17671680450439453,0.2120577096939087,0.1998920440673828,0.0,0.0,0.8120397329330444,0
1745923238.0542774,0.2221023440361023,0.17514252662658691,0.2143486738204956,0.2024240493774414,0.0,0.0,0.8140175938606262,0
1745923238.0660422,0.2234300971031189,0.17491483688354492,0.21276545524597168,0.20108270645141602,0.0,0.0,0.8121930956840515,0
1745923238.078071,0.22098320722579956,0.1756734848022461,0.21054893732070923,0.19666147232055664,0.0,0.0,0.8038671016693115,0
1745923238.0880642,0.21417367458343506,0.17322659492492676,0.21123814582824707,0.1983051300048828,0.0,0.0,0.7969435453414917,0
1745923238.0982208,0.15986788272857666,0.17163348197937012,0.21272826194763184,0.21995782852172852,0.0,0.0,0.7641874551773071,0
1745923238.1089933,0.035323143005371094,0.18214178085327148,0.24018263816833496,0.3016948699951172,0.0,0.0,0.7593424320220947,0
1745923238.1245043,0.0829242467880249,0.21558260917663574,0.2620307207107544,0.4008140563964844,0.0,0.0,0.9613516330718994,0
1745923238.13131,0.2000335454940796,0.22988462448120117,0.27590692043304443,0.49793100357055664,-4.47004508972168,-5.999815464019775,1.2037560939788818,0
1745923238.1446743,0.2935084104537964,0.24069643020629883,0.2886096239089966,0.6035499572753906,-7.219098091125488,-5.270076751708984,1.4263644218444824,0
1745923238.1536303,0.35693788528442383,0.24615907669067383,0.30030667781829834,0.6825284957885742,-8.70404052734375,-5.0282745361328125,1.5859321355819702,0
1745923238.173415,0.4111487865447998,0.25156521797180176,0.3102155923843384,0.7393813133239746,-9.627328872680664,-4.744781494140625,1.7123109102249146,0
1745923238.1764927,0.46847057342529297,0.2562122344970703,0.3180011510848999,0.7944769859313965,-10.496933937072754,-4.432764530181885,1.8371609449386597,0
1745923238.188167,0.53819739818573,0.2605750560760498,0.32852470874786377,0.8577160835266113,-11.380671501159668,-4.0991339683532715,1.9850132465362549,0
1745923238.197464,0.6181480884552002,0.2702486515045166,0.33916008472442627,0.9315361976623535,-12.193878173828125,-3.71836256980896,2.159092903137207,0
1745923238.2081864,0.709953784942627,0.28384876251220703,0.35024237632751465,1.011308193206787,-12.924084663391113,-3.27878999710083,2.3553531169891357,0
1745923238.219892,0.8211071491241455,0.29906129837036133,0.3653665781021118,1.1042680740356445,-13.632898330688477,-2.8337249755859375,2.5898032188415527,0
1745923238.230774,0.9609590768814087,0.31702423095703125,0.3860597610473633,1.2165570259094238,-14.331769943237305,-2.366626262664795,2.8805999755859375,0
1745923238.2422817,1.1524423360824585,0.34158778190612793,0.4120427370071411,1.356356143951416,-15.063838958740234,-1.7660902738571167,3.2624289989471436,0
1745923238.2523055,1.4042633771896362,0.4118838310241699,0.44432127475738525,1.5410666465759277,-15.387338638305664,-0.9348999261856079,3.801535129547119,0
1745923238.2666285,1.7237435579299927,0.4653170108795166,0.48516762256622314,1.772200584411621,-16.029237747192383,-0.32260844111442566,4.4464287757873535,0
1745923238.276011,2.107487678527832,0.5397100448608398,0.5252503156661987,2.0614914894104004,-16.605566024780273,0.24256522953510284,5.2339396476745605,0
1745923238.284547,2.499274730682373,0.6196417808532715,0.5652585029602051,2.3893074989318848,-17.07473373413086,0.5682671666145325,6.073482513427734,0
1745923238.29696,2.861471176147461,0.6895961761474609,0.6006475687026978,2.709660530090332,-17.469511032104492,0.7368707656860352,6.861375331878662,0
1745923238.3096588,3.201209545135498,0.7498011589050293,0.6288470029830933,2.994359016418457,-17.80695915222168,0.9088590741157532,7.574216842651367,0
1745923238.3195717,3.5315017700195312,0.8013565540313721,0.6457219123840332,3.2514352798461914,-18.15355682373047,1.1117500066757202,8.23001480102539,0
1745923238.328858,3.8800411224365234,0.8428966999053955,0.6513655185699463,3.489673614501953,-18.5596923828125,1.3785992860794067,8.86397647857666,0
1745923238.3402529,4.258702278137207,0.8758633136749268,0.6518311500549316,3.724057197570801,-19.004539489746094,1.67523193359375,9.510454177856445,0
1745923238.3521519,4.641270160675049,0.9045810699462891,0.6497077941894531,3.9623336791992188,-19.431276321411133,1.9305191040039062,10.157892227172852,0
1745923238.3723187,5.003144264221191,0.941246509552002,0.6507881879806519,4.2103776931762695,-19.749248504638672,2.105187177658081,10.805557250976562,0
1745923238.3728368,5.3521199226379395,0.9793343544006348,0.6520546674728394,4.451790809631348,-20.01089859008789,2.254403591156006,11.43529987335205,0
1745923238.3843346,5.689411640167236,1.0405826568603516,0.6509557962417603,4.6812238693237305,-20.14684295654297,2.4335670471191406,12.062173843383789,0
1745923238.3958323,6.010162830352783,1.0735301971435547,0.6498010158538818,4.909674644470215,-20.36690330505371,2.5316882133483887,12.643168449401855,0
1745923238.4101186,6.314525127410889,1.103177547454834,0.6515145301818848,5.140336990356445,-20.561237335205078,2.5847105979919434,13.209554672241211,0
1745923238.4169009,6.6139750480651855,1.1294293403625488,0.6517008543014526,5.366823196411133,-20.75223159790039,2.6320788860321045,13.76192855834961,0
1745923238.4290028,6.8946661949157715,1.153860092163086,0.6508439779281616,5.5740556716918945,-20.919469833374023,2.683039665222168,14.273426055908203,0
1745923238.439048,7.145899295806885,1.1799983978271484,0.651291012763977,5.762469291687012,-21.042430877685547,2.7242748737335205,14.739657402038574,0
1745923238.452697,7.379795551300049,1.2012238502502441,0.6512538194656372,5.936731338500977,-21.161134719848633,2.7591607570648193,15.169004440307617,0
1745923238.4607427,7.596411228179932,1.2180485725402832,0.651309609413147,6.086129188537598,-21.26873016357422,2.8046376705169678,15.551898956298828,0
1745923238.4749007,7.786813259124756,1.232654094696045,0.6519429683685303,6.212645530700684,-21.355762481689453,2.8489227294921875,15.884056091308594,0
1745923238.4830973,7.956236362457275,1.2467470169067383,0.6529115438461304,6.317111968994141,-21.422317504882812,2.899409055709839,16.17300796508789,0
1745923238.495533,8.107924461364746,1.2616562843322754,0.6527811288833618,6.403629302978516,-21.47323989868164,2.9573004245758057,16.42599105834961,0
1745923238.5054924,8.24904727935791,1.2689776420593262,0.649484395980835,6.541576385498047,-21.57033348083496,2.924530506134033,16.70908546447754,0
1745923238.5163918,8.384024620056152,1.2806811332702637,0.6514959335327148,6.598542213439941,-21.60310173034668,2.997858762741089,16.914743423461914,0
1745923238.5270014,8.520974159240723,1.2874908447265625,0.6526135206222534,6.656169891357422,-21.652843475341797,3.0666909217834473,17.11724853515625,0
1745923238.539783,8.634688377380371,1.2891030311584473,0.6533584594726562,6.705314636230469,-21.705883026123047,3.116887092590332,17.2824649810791,0
1745923238.5495303,8.713671684265137,1.2906017303466797,0.652855634689331,6.738114356994629,-21.74348258972168,3.15484881401062,17.395244598388672,0
1745923238.5609207,8.76353931427002,1.2945656776428223,0.6520733833312988,6.763017654418945,-21.761199951171875,3.176482677459717,17.473196029663086,0
1745923238.5744362,8.784896850585938,1.2928776741027832,0.6538800001144409,6.774523735046387,-21.77257537841797,3.1781222820281982,17.50617790222168,0
1745923238.5857222,8.805288314819336,1.2872633934020996,0.6518498659133911,6.783631324768066,-21.804759979248047,3.1833856105804443,17.528034210205078,0
1745923238.593722,8.861186981201172,1.287187099456787,0.6500245332717896,6.8167524337768555,-21.841445922851562,3.1968817710876465,17.615150451660156,0
1745923238.606303,8.932317733764648,1.2907910346984863,0.6508998870849609,6.869940757751465,-21.872011184692383,3.198139190673828,17.74394989013672,0
1745923238.6149483,9.007962226867676,1.297297477722168,0.651868462562561,6.926301956176758,-21.896398544311523,3.202342987060547,17.88343048095703,0
1745923238.6280954,9.081521034240723,1.298511028289795,0.6520733833312988,6.973972320556641,-21.933563232421875,3.2118990421295166,18.00607681274414,0
1745923238.6383798,9.149711608886719,1.2978472709655762,0.6499313116073608,7.021038055419922,-21.97988510131836,3.21816349029541,18.118528366088867,0
1745923238.6479642,9.223079681396484,1.3061175346374512,0.6522409915924072,7.070050239562988,-21.99127960205078,3.2296018600463867,18.251487731933594,0
1745923238.6584532,9.318774223327637,1.3097405433654785,0.651309609413147,7.122764587402344,-22.032426834106445,3.2573275566101074,18.402589797973633,0
1745923238.6746752,9.425451278686523,1.3128700256347656,0.6527066230773926,7.1855316162109375,-22.074668884277344,3.278419017791748,18.57655906677246,0
1745923238.6818001,9.523383140563965,1.321462631225586,0.6509371995925903,7.254194259643555,-22.10909080505371,3.2924842834472656,18.749977111816406,0
1745923238.6966772,9.611641883850098,1.32948637008667,0.6520174741744995,7.316960334777832,-22.132015228271484,3.300623893737793,18.910106658935547,0
1745923238.7135425,9.689430236816406,1.3314967155456543,0.6540104150772095,7.366804122924805,-22.16080665588379,3.308645009994507,19.0417423248291,0
1745923238.7229173,9.754035949707031,1.3388752937316895,0.6536751985549927,7.417081832885742,-22.17737579345703,3.3117475509643555,19.163667678833008,0
1745923238.7263749,9.810029983520508,1.3451728820800781,0.6526507139205933,7.469324111938477,-22.19634246826172,3.3043105602264404,19.277177810668945,0
1745923238.7387588,9.868926048278809,1.3470697402954102,0.653283953666687,7.522322654724121,-22.223283767700195,3.2925682067871094,19.3916015625,0
1745923238.7464595,9.922757148742676,1.3517169952392578,0.6506204605102539,7.577815055847168,-22.25055503845215,3.279859781265259,19.502910614013672,0
1745923238.7608032,9.96877384185791,1.3570847511291504,0.6493353843688965,7.635461807250977,-22.27048683166504,3.25650954246521,19.61065673828125,0
1745923238.7709446,10.012495994567871,1.3707609176635742,0.6509184837341309,7.6920881271362305,-22.260744094848633,3.2365612983703613,19.72626495361328,0
1745923238.7811592,10.055932998657227,1.378063678741455,0.6506391763687134,7.752266883850098,-22.272930145263672,3.2088117599487305,19.836902618408203,0
1745923238.7920249,10.092085838317871,1.3880219459533691,0.6506577730178833,7.8104047775268555,-22.274856567382812,3.1793501377105713,19.94116973876953,0
1745923238.8074238,10.123080253601074,1.3940157890319824,0.650192141532898,7.861305236816406,-22.28438949584961,3.1513726711273193,20.028593063354492,0
1745923238.8132777,10.154169082641602,1.3975248336791992,0.6504342555999756,7.912395477294922,-22.298362731933594,3.120438814163208,20.114524841308594,0
1745923238.824521,10.184991836547852,1.400503158569336,0.6517194509506226,7.959385871887207,-22.30971336364746,3.0927083492279053,20.19659996032715,0
1745923238.8373713,10.209935188293457,1.4027600288391113,0.6527066230773926,8.006338119506836,-22.32184410095215,3.0597612857818604,20.271739959716797,0
1745923238.8454654,10.233227729797363,1.4042205810546875,0.6524831056594849,8.051570892333984,-22.337907791137695,3.0283546447753906,20.341503143310547,0
1745923238.8588798,10.269646644592285,1.403632640838623,0.6529673337936401,8.097295761108398,-22.36094093322754,3.0055181980133057,20.423542022705078,0
1745923238.8707857,10.322890281677246,1.4066863059997559,0.6543643474578857,8.1480073928833,-22.37857437133789,2.9939334392547607,20.53194808959961,0
1745923238.8797076,10.392352104187012,1.4132304191589355,0.6522409915924072,8.211833000183105,-22.404048919677734,2.9885199069976807,20.669654846191406,0
1745923238.8914223,10.468338012695312,1.4243836402893066,0.6512352228164673,8.272880554199219,-22.41631507873535,2.994725227355957,20.816837310791016,0
1745923238.9095502,10.53315258026123,1.430150032043457,0.653451681137085,8.31476879119873,-22.425552368164062,3.00488018989563,20.931522369384766,0
1745923238.9128225,10.597814559936523,1.4284429550170898,0.6516449451446533,8.340956687927246,-22.45807456970215,3.0309338569641113,21.01885986328125,0
1745923238.9226837,10.676987648010254,1.4317245483398438,0.6480501890182495,8.375457763671875,-22.488632202148438,3.0659003257751465,21.132221221923828,0
1745923238.9395883,10.771790504455566,1.4387993812561035,0.6471375226974487,8.429740905761719,-22.512617111206055,3.0913937091827393,21.28746795654297,0
1745923238.9457488,10.88339900970459,1.4472403526306152,0.6481804847717285,8.501275062561035,-22.53710174560547,3.110081195831299,21.48009490966797,0
1745923238.956081,11.007184982299805,1.455434799194336,0.6492049694061279,8.578457832336426,-22.566240310668945,3.1320056915283203,21.690282821655273,0
1745923238.9717207,11.145785331726074,1.461106300354004,0.6517939567565918,8.666712760925293,-22.603408813476562,3.1495933532714844,21.925399780273438,0
1745923238.9778173,11.297758102416992,1.469869613647461,0.6531722545623779,8.77206802368164,-22.642860412597656,3.162733554840088,22.192867279052734,0
1745923238.9888742,11.459593772888184,1.48054838180542,0.6519429683685303,8.894427299499512,-22.68928337097168,3.169420003890991,22.48651123046875,0
1745923239.00658,11.61915397644043,1.490468978881836,0.6526880264282227,9.021151542663574,-22.732282638549805,3.1668341159820557,22.783462524414062,0
1745923239.0142217,11.757601737976074,1.5027790069580078,0.6510117053985596,9.14090347290039,-22.76788330078125,3.1596758365631104,23.052295684814453,0
1745923239.0226243,11.881160736083984,1.5119218826293945,0.6508253812789917,9.249602317810059,-22.800535202026367,3.148763418197632,23.29351043701172,0
1745923239.0337029,11.988994598388672,1.5312690734863281,0.6512165069580078,9.347116470336914,-22.803295135498047,3.144768714904785,23.518596649169922,0
1745923239.0457873,12.081425666809082,1.5395584106445312,0.6530418395996094,9.438186645507812,-22.821840286254883,3.126020669937134,23.71221160888672,0
1745923239.054714,12.173857688903809,1.547828197479248,0.6522595882415771,9.522624969482422,-22.844242095947266,3.1168830394744873,23.896570205688477,0
1745923239.0737057,12.271126747131348,1.5544862747192383,0.6514586210250854,9.606269836425781,-22.870607376098633,3.111095428466797,24.083341598510742,0
1745923239.0766664,12.374503135681152,1.5614666938781738,0.6505273580551147,9.697360038757324,-22.899011611938477,3.1028740406036377,24.283857345581055,0
1745923239.088447,12.474408149719238,1.5748958587646484,0.651868462562561,9.79525089263916,-22.909509658813477,3.0880372524261475,24.496423721313477,0
1745923239.1068678,12.56319808959961,1.5895204544067383,0.652855634689331,9.890006065368652,-22.915163040161133,3.0696582794189453,24.695579528808594,0
1745923239.1104317,12.6339111328125,1.6000285148620605,0.652296781539917,9.972555160522461,-22.926132202148438,3.0488548278808594,24.85879135131836,0
1745923239.1212945,12.683854103088379,1.6093802452087402,0.6530232429504395,10.046167373657227,-22.930681228637695,3.019911766052246,24.99242401123047,0
1745923239.1372,12.722245216369629,1.6142926216125488,0.6513655185699463,10.11242961883545,-22.94521141052246,2.989108085632324,25.10033416748047,0
1745923239.142821,12.745880126953125,1.621387004852295,0.649894118309021,10.171229362487793,-22.950382232666016,2.956482410430908,25.188390731811523,0
1745923239.153474,12.7549467086792,1.625654697418213,0.6538428068161011,10.215290069580078,-22.944429397583008,2.9204604625701904,25.24973487854004,0
1745923239.1660686,12.743432998657227,1.624250888824463,0.6542339324951172,10.23871898651123,-22.948854446411133,2.888658285140991,25.260635375976562,0
1745923239.1757426,12.696524620056152,1.6198506355285645,0.6515145301818848,10.240817070007324,-22.954267501831055,2.852384328842163,25.20870590209961,0
1745923239.1873412,12.618565559387207,1.610537052154541,0.6517194509506226,10.217482566833496,-22.952392578125,2.811262845993042,25.098304748535156,0
1745923239.1982327,12.525527000427246,1.5973730087280273,0.6509743928909302,10.167488098144531,-22.951862335205078,2.7822532653808594,24.941362380981445,0
1745923239.2112725,12.423307418823242,1.5842094421386719,0.6500990390777588,10.097654342651367,-22.94567108154297,2.7652711868286133,24.75527000427246,0
1745923239.2202194,12.316156387329102,1.574061393737793,0.651309609413147,9.952130317687988,-22.912120819091797,2.817967414855957,24.4936580657959,0
1745923239.2304804,12.19823169708252,1.5634961128234863,0.6512165069580078,9.868976593017578,-22.892333984375,2.8034121990203857,24.28192138671875,0
1745923239.2420006,12.078808784484863,1.5491371154785156,0.651291012763977,9.786748886108398,-22.879745483398438,2.7835147380828857,24.06598663330078,0
1745923239.2525194,11.964544296264648,1.536238670349121,0.6497637033462524,9.712759017944336,-22.87010955810547,2.761707067489624,23.863306045532227,0
1745923239.2650092,11.856217384338379,1.5293536186218262,0.6504714488983154,9.641602516174316,-22.84449577331543,2.7436606884002686,23.677644729614258,0
1745923239.274179,11.763482093811035,1.5178589820861816,0.6498568058013916,9.577003479003906,-22.836179733276367,2.7285842895507812,23.508201599121094,0
1745923239.2862508,11.680098533630371,1.5067434310913086,0.6510488986968994,9.525364875793457,-22.827930450439453,2.705915689468384,23.36325454711914,0
1745923239.297332,11.608550071716309,1.4993648529052734,0.649614691734314,9.488389015197754,-22.823055267333984,2.682971715927124,23.24591827392578,0
1745923239.3315585,11.559460639953613,1.4921760559082031,0.6508626937866211,9.45949935913086,-22.81865882873535,2.6667287349700928,23.161998748779297,0
1745923239.3315585,11.535504341125488,1.4837732315063477,0.6539359092712402,9.441965103149414,-22.82107925415039,2.655869483947754,23.11517906188965,0
1745923239.3315585,11.525185585021973,1.4823312759399414,0.651160717010498,9.436958312988281,-22.826919555664062,2.654499053955078,23.09563636779785,0
1745923239.3405275,11.51993179321289,1.4858593940734863,0.6502293348312378,9.439867973327637,-22.820682525634766,2.651102304458618,23.095888137817383,0
1745923239.3532877,11.521410942077637,1.485517978668213,0.6516821384429932,9.444157600402832,-22.819530487060547,2.6461284160614014,23.102767944335938,0
1745923239.3628736,11.525469779968262,1.4847402572631836,0.6520360708236694,9.447558403015137,-22.822134017944336,2.6448919773101807,23.109804153442383,0
1745923239.374329,11.52820110321045,1.4846835136413574,0.6524457931518555,9.450826644897461,-22.82270050048828,2.6432526111602783,23.11615753173828,0
1745923239.3927872,11.549635887145996,1.4862008094787598,0.6514028310775757,9.470968246459961,-22.830955505371094,2.641948699951172,23.158206939697266,0
1745923239.4057634,11.592181205749512,1.4887046813964844,0.6514959335327148,9.509116172790527,-22.843225479125977,2.638631582260132,23.241497039794922,0
1745923239.4067683,11.63637638092041,1.495476245880127,0.6519615650177002,9.553082466125488,-22.84693717956543,2.633726119995117,23.336896896362305,0
1745923239.41833,11.677556991577148,1.5067243576049805,0.6520919799804688,9.596199989318848,-22.840782165527344,2.631199598312378,23.432573318481445,0
1745923239.4297464,11.719874382019043,1.5070281028747559,0.6511420011520386,9.634781837463379,-22.85993194580078,2.6266744136810303,23.51282501220703,0
1745923239.4407656,11.771297454833984,1.509911060333252,0.6506204605102539,9.676424980163574,-22.87510871887207,2.6277849674224854,23.608253479003906,0
1745923239.4514363,11.828296661376953,1.5197935104370117,0.6500245332717896,9.729007720947266,-22.878862380981445,2.6278035640716553,23.727123260498047,0
1745923239.4618344,11.892598152160645,1.5248770713806152,0.6503225564956665,9.782591819763184,-22.892696380615234,2.6278717517852783,23.85038948059082,0
1745923239.4757323,11.955629348754883,1.5260529518127441,0.6508998870849609,9.829506874084473,-22.91240882873535,2.630270481109619,23.96208953857422,0
1745923239.4846091,12.016308784484863,1.532179832458496,0.6499127149581909,9.87540054321289,-22.924057006835938,2.6371686458587646,24.073802947998047,0
1745923239.4947033,12.07668399810791,1.5384583473205566,0.6505273580551147,9.921672821044922,-22.93192481994629,2.6419520378112793,24.18734359741211,0
1745923239.50821,12.146980285644531,1.5434656143188477,0.6479942798614502,9.967567443847656,-22.950971603393555,2.6566507816314697,24.306007385253906,0
1745923239.519713,12.22888469696045,1.5464439392089844,0.650192141532898,10.022133827209473,-22.968366622924805,2.6654114723205566,24.447654724121094,0
1745923239.5299501,12.307563781738281,1.5559277534484863,0.6524271965026855,10.08013916015625,-22.972043991088867,2.673168420791626,24.596057891845703,0
1745923239.5390642,12.386168479919434,1.5665497779846191,0.6500058174133301,10.138673782348633,-22.983016967773438,2.685573101043701,24.741397857666016,0
1745923239.5500917,12.467731475830078,1.5743646621704102,0.6466531753540039,10.193751335144043,-23.001428604125977,2.702120780944824,24.88249969482422,0
1745923239.5606802,12.547018051147461,1.584493637084961,0.6480873823165894,10.254533767700195,-23.005834579467773,2.7085700035095215,25.034133911132812,0
1745923239.5760972,12.641688346862793,1.5912275314331055,0.6490931510925293,10.323516845703125,-23.022602081298828,2.716325521469116,25.20552635192871,0
1745923239.583599,12.749123573303223,1.5964818000793457,0.6482549905776978,10.401021003723145,-23.04997444152832,2.725861072540283,25.394882202148438,0
1745923239.5942454,12.861927032470703,1.6078248023986816,0.6493539810180664,10.488142967224121,-23.063819885253906,2.7327160835266113,25.607248306274414,0
1745923239.6061575,12.9746732711792,1.6191487312316895,0.6503411531448364,10.579100608825684,-23.078411102294922,2.7359824180603027,25.823265075683594,0
1745923239.6154163,13.084233283996582,1.6293153762817383,0.6493725776672363,10.667657852172852,-23.097824096679688,2.740119218826294,26.03057861328125,0
1745923239.62697,13.19538688659668,1.6423654556274414,0.6490000486373901,10.753399848937988,-23.10991859436035,2.7493133544921875,26.24015235900879,0
1745923239.6404548,13.300868034362793,1.6527981758117676,0.6502293348312378,10.838500022888184,-23.122621536254883,2.7517809867858887,26.44239616394043,0
1745923239.6485367,13.401437759399414,1.6610493659973145,0.6516076326370239,10.920445442199707,-23.137563705444336,2.7520320415496826,26.634540557861328,0
1745923239.6599038,13.506767272949219,1.670457363128662,0.6517194509506226,10.999405860900879,-23.152816772460938,2.7600691318511963,26.828350067138672,0
1745923239.6739852,13.61376667022705,1.6787467002868652,0.6529673337936401,11.07947826385498,-23.168317794799805,2.7663838863372803,27.024959564208984,0
1745923239.6820378,13.723725318908691,1.6878890991210938,0.6523526906967163,11.161744117736816,-23.186403274536133,2.774872303009033,27.225711822509766,0
1745923239.693032,13.836945533752441,1.709019660949707,0.6525576114654541,11.244595527648926,-23.181001663208008,2.7921409606933594,27.443119049072266,0
1745923239.7055717,13.944646835327148,1.7174792289733887,0.6536378860473633,11.32433032989502,-23.19601821899414,2.799097776412964,27.640094757080078,0
1745923239.7147813,14.052196502685547,1.7280068397521973,0.652594804763794,11.399264335632324,-23.21006965637207,2.8131303787231445,27.832061767578125,0
1745923239.7268832,14.17281436920166,1.7353854179382324,0.6519243717193604,11.478583335876465,-23.231971740722656,2.829357385635376,28.038707733154297,0
1745923239.7377477,14.307336807250977,1.7483024597167969,0.6543456315994263,11.566214561462402,-23.241640090942383,2.8482139110565186,28.276199340820312,0
1745923239.7482986,14.468679428100586,1.7607455253601074,0.6523712873458862,11.668810844421387,-23.266841888427734,2.8746538162231445,28.55060577392578,0
1745923239.7579725,14.636377334594727,1.7725439071655273,0.6516635417938232,11.78113842010498,-23.29308319091797,2.8950586318969727,28.841720581054688,0
1745923239.7729685,14.791593551635742,1.78548002243042,0.6512165069580078,11.892010688781738,-23.31409454345703,2.908994197845459,29.12030029296875,0
1745923239.780739,14.939582824707031,1.79972505569458,0.6493725776672363,11.996268272399902,-23.332664489746094,2.9255447387695312,29.38494873046875,0
1745923239.7931325,15.070993423461914,1.814824104309082,0.6499500274658203,12.08630084991455,-23.34038543701172,2.9417564868927,29.6220703125,0
1745923239.8048797,15.18641471862793,1.8310604095458984,0.6503783464431763,12.167223930358887,-23.342374801635742,2.956162214279175,29.835079193115234,0
1745923239.8142962,15.291440963745117,1.841341495513916,0.651309609413147,12.237908363342285,-23.350461959838867,2.968317747116089,30.02199935913086,0
1745923239.828017,15.381729125976562,1.8512048721313477,0.6484785079956055,12.292040824890137,-23.360748291015625,2.9874167442321777,30.17345428466797,0
1745923239.8389692,15.455022811889648,1.8587160110473633,0.6504528522491455,12.334759712219238,-23.362430572509766,3.000072956085205,30.298954010009766,0
1745923239.8461883,15.51107406616211,1.8622064590454102,0.6514214277267456,12.368977546691895,-23.368671417236328,3.007549524307251,30.3936767578125,0
1745923239.8575616,15.548137664794922,1.8632116317749023,0.649614691734314,12.391348838806152,-23.379060745239258,3.01383113861084,30.452312469482422,0
1745923239.8722084,15.551513671875,1.8641600608825684,0.651160717010498,12.398451805114746,-23.376445770263672,3.00956654548645,30.465286254882812,0
1745923239.8804667,15.50993537902832,1.8649945259094238,0.6510117053985596,12.388382911682129,-23.367433547973633,2.9935314655303955,30.414325714111328,0
1745923239.891973,15.425565719604492,1.8580331802368164,0.6512538194656372,12.351557731628418,-23.36029052734375,2.968214273452759,30.28641128540039,0
1745923239.9057293,15.306730270385742,1.8433709144592285,0.6502852439880371,12.286126136779785,-23.35856056213379,2.941101551055908,30.08651351928711,0
1745923239.9173782,15.179529190063477,1.8296380043029785,0.648906946182251,12.197625160217285,-23.351022720336914,2.9279279708862305,29.855697631835938,0
1745923239.9243877,15.070537567138672,1.8160948753356934,0.6502293348312378,12.027085304260254,-23.328290939331055,2.9899826049804688,29.563945770263672,0
1745923239.9385498,14.981691360473633,1.8073883056640625,0.6525390148162842,11.96448802947998,-23.315399169921875,2.9794187545776367,29.406105041503906,0
1745923239.944846,14.889278411865234,1.8023619651794434,0.6532281637191772,11.90461254119873,-23.29861831665039,2.967909336090088,29.249481201171875,0
1745923239.9567068,14.778789520263672,1.7882113456726074,0.6522222757339478,11.831265449523926,-23.29562759399414,2.951887607574463,29.050487518310547,0
1745923239.973834,14.649218559265137,1.7744216918945312,0.6530232429504395,11.74085521697998,-23.2828369140625,2.93658185005188,28.817520141601562,0
1745923239.9792013,14.506540298461914,1.7600817680358887,0.6515331268310547,11.643908500671387,-23.271682739257812,2.9197747707366943,28.56206512451172,0
1745923239.989663,14.358929634094238,1.7486438751220703,0.6509557962417603,11.54760456085205,-23.252704620361328,2.900053024291992,28.306133270263672,0
1745923240.0045025,14.215644836425781,1.7389512062072754,0.6515331268310547,11.456381797790527,-23.22968292236328,2.8785839080810547,28.062511444091797,0
1745923240.0115383,14.065189361572266,1.729599952697754,0.6525390148162842,11.355618476867676,-23.201953887939453,2.8601019382476807,27.802947998046875,0
1745923240.0235026,13.906501770019531,1.7214627265930176,0.6511048078536987,11.249415397644043,-23.1735897064209,2.843466281890869,27.528484344482422,0
1745923240.0377076,13.740511894226074,1.7092280387878418,0.6514773368835449,11.135878562927246,-23.146345138549805,2.8237247467041016,27.23709487915039,0
1745923240.0443766,13.567333221435547,1.694793701171875,0.6509743928909302,11.017827033996582,-23.122224807739258,2.8019769191741943,26.930927276611328,0
1745923240.056596,13.389791488647461,1.679429531097412,0.6513655185699463,10.897223472595215,-23.096345901489258,2.7775871753692627,26.617809295654297,0
1745923240.0724735,13.20181655883789,1.6663222312927246,0.6511979103088379,10.767589569091797,-23.062902450561523,2.755605459213257,26.28692626953125,0
1745923240.0770955,13.009138107299805,1.6364474296569824,0.6515145301818848,10.62673282623291,-23.057605743408203,2.727764368057251,25.923831939697266,0
1745923240.0909173,12.827404975891113,1.6208934783935547,0.6502293348312378,10.492300033569336,-23.030139923095703,2.712735652923584,25.59082794189453,0
1745923240.1060731,12.655496597290039,1.6087918281555176,0.6503783464431763,10.37430477142334,-22.997283935546875,2.6901726722717285,25.288970947265625,0
1745923240.1110778,12.501816749572754,1.6012425422668457,0.651887059211731,10.2691011428833,-22.95783805847168,2.6703715324401855,25.0240478515625,0
1745923240.1214275,12.36325454711914,1.590620517730713,0.6508253812789917,10.167619705200195,-22.933015823364258,2.6579670906066895,24.772319793701172,0
1745923240.1402051,12.237894058227539,1.5757684707641602,0.6497637033462524,10.072033882141113,-22.920421600341797,2.646339178085327,24.53546142578125,0
1745923240.1442468,12.122662544250488,1.5690727233886719,0.6512538194656372,9.988142967224121,-22.889747619628906,2.634448528289795,24.331130981445312,0
1745923240.1551192,12.017617225646973,1.5647101402282715,0.6534143686294556,9.908597946166992,-22.855318069458008,2.6269757747650146,24.14434051513672,0
1745923240.1716824,11.919381141662598,1.5571417808532715,0.6532094478607178,9.829014778137207,-22.83363151550293,2.6245217323303223,23.95874786376953,0
1745923240.17815,11.823762893676758,1.5517168045043945,0.652296781539917,9.755818367004395,-22.810508728027344,2.6200685501098633,23.78359603881836,0
1745923240.187885,11.734537124633789,1.5461969375610352,0.6521105766296387,9.68736457824707,-22.78814125061035,2.6149821281433105,23.620208740234375,0
1745923240.204162,11.647700309753418,1.5387425422668457,0.6525390148162842,9.619590759277344,-22.76900291442871,2.6088790893554688,23.458572387695312,0
1745923240.2088084,11.557450294494629,1.5278549194335938,0.6534329652786255,9.548680305480957,-22.754587173461914,2.5999889373779297,23.287418365478516,0
1745923240.2237284,11.462173461914062,1.5184845924377441,0.6548299789428711,9.473896980285645,-22.733497619628906,2.591611385345459,23.109384536743164,0
1745923240.2314146,11.36018180847168,1.508469581604004,0.6529859304428101,9.397941589355469,-22.718860626220703,2.5817320346832275,22.919578552246094,0
1745923240.244451,11.266877174377441,1.4967093467712402,0.6508626937866211,9.32387638092041,-22.710954666137695,2.5756421089172363,22.738325119018555,0
1745923240.2536612,11.182753562927246,1.4876046180725098,0.6502666473388672,9.25931453704834,-22.697912216186523,2.56760311126709,22.579940795898438,0
1745923240.2644563,11.114639282226562,1.4806623458862305,0.6507322788238525,9.204444885253906,-22.683494567871094,2.5630910396575928,22.450477600097656,0
1745923240.275853,11.059347152709961,1.4768304824829102,0.6513283252716064,9.161347389221191,-22.66742706298828,2.559126615524292,22.348854064941406,0
1745923240.2864544,11.009271621704102,1.4757494926452637,0.650192141532898,9.12656307220459,-22.652143478393555,2.5547642707824707,22.261775970458984,0
1745923240.2995903,10.964639663696289,1.472506046295166,0.6534143686294556,9.090267181396484,-22.632680892944336,2.5500729084014893,22.180828094482422,0
1745923240.308565,10.925641059875488,1.4676690101623535,0.6550534963607788,9.060149192810059,-22.623226165771484,2.5438287258148193,22.10851287841797,0
1745923240.3197794,10.88442325592041,1.4638943672180176,0.6530232429504395,9.03350830078125,-22.620004653930664,2.536778211593628,22.034849166870117,0
1745923240.3309343,10.84182071685791,1.4630789756774902,0.6524831056594849,9.005582809448242,-22.605854034423828,2.530783176422119,21.96296501159668,0
1745923240.3422034,10.80805778503418,1.4522099494934082,0.6509929895401001,8.975937843322754,-22.61880111694336,2.5265936851501465,21.88719940185547,0
1745923240.3526487,10.780477523803711,1.4491753578186035,0.6510488986968994,8.950770378112793,-22.612707138061523,2.527750015258789,21.831470489501953,0
1745923240.363145,10.759897232055664,1.445969581604004,0.6540663242340088,8.935144424438477,-22.60419273376465,2.5212013721466064,21.79507827758789,0
1745923240.376075,10.752309799194336,1.4449830055236816,0.6542525291442871,8.926623344421387,-22.602062225341797,2.522928237915039,21.778167724609375,0
1745923240.3864625,10.750052452087402,1.4458365440368652,0.6520174741744995,8.925338745117188,-22.60439682006836,2.525538921356201,21.773244857788086,0
1745923240.405956,10.741270065307617,1.4493837356567383,0.6502666473388672,8.925905227661133,-22.598180770874023,2.52237606048584,21.766826629638672,0
1745923240.4079895,10.725204467773438,1.4502754211425781,0.651589035987854,8.919689178466797,-22.58749771118164,2.5147762298583984,21.74675750732422,0
1745923240.4212198,10.709062576293945,1.4455900192260742,0.6506391763687134,8.904328346252441,-22.5927734375,2.5147087574005127,21.70962142944336,0
1745923240.4306395,10.689620018005371,1.4402031898498535,0.6492980718612671,8.884602546691895,-22.598711013793945,2.516390562057495,21.66372299194336,0
1745923240.4407783,10.673497200012207,1.4420242309570312,0.6481432914733887,8.872623443603516,-22.59013557434082,2.518446683883667,21.636287689208984,0
1745923240.4511907,10.657090187072754,1.440999984741211,0.6506391763687134,8.858905792236328,-22.579147338867188,2.515751600265503,21.607635498046875,0
1745923240.4646826,10.640796661376953,1.4399757385253906,0.6511979103088379,8.842279434204102,-22.57196807861328,2.5184285640716553,21.574249267578125,0
1745923240.4771535,10.624977111816406,1.4365234375,0.6521850824356079,8.829751968383789,-22.57061195373535,2.514492988586426,21.543437957763672,0
1745923240.484254,10.609631538391113,1.4328055381774902,0.6520174741744995,8.818094253540039,-22.57293128967285,2.511037588119507,21.512548446655273,0
1745923240.494974,10.598876953125,1.429182529449463,0.6514028310775757,8.804093360900879,-22.57665252685547,2.5146596431732178,21.48355484008789,0
1745923240.5083807,10.594931602478027,1.4284052848815918,0.6519429683685303,8.792984008789062,-22.573408126831055,2.5221691131591797,21.468263626098633,0
1745923240.5188365,10.603789329528809,1.4289741516113281,0.6514400243759155,8.788694381713867,-22.57440948486328,2.535531997680664,21.472896575927734,0
1745923240.5295737,10.617654800415039,1.4328627586364746,0.6514959335327148,8.795912742614746,-22.57044792175293,2.5428171157836914,21.497926712036133,0
1745923240.540663,10.63330364227295,1.4342851638793945,0.6517753601074219,8.805756568908691,-22.57288360595703,2.5463826656341553,21.52511978149414,0
1745923240.55366,10.647890090942383,1.43510103225708,0.651309609413147,8.81191635131836,-22.577285766601562,2.5533506870269775,21.54621696472168,0
1745923240.56142,10.655287742614746,1.4347023963928223,0.6492608785629272,8.817489624023438,-22.586292266845703,2.555490732192993,21.556739807128906,0
1745923240.5729988,10.647492408752441,1.4373011589050293,0.6489628553390503,8.817092895507812,-22.578828811645508,2.5518009662628174,21.55084991455078,0
1745923240.5835083,10.638443946838379,1.4376802444458008,0.654140830039978,8.808023452758789,-22.561222076416016,2.5486316680908203,21.538288116455078,0
1745923240.5940201,10.633740425109863,1.4356889724731445,0.6557984352111816,8.79587459564209,-22.55774688720703,2.554370641708374,21.521102905273438,0
1745923240.6080918,10.636301040649414,1.4387993812561035,0.649484395980835,8.787825584411621,-22.563888549804688,2.5749597549438477,21.512409210205078,0
1745923240.6161668,10.647435188293457,1.4409241676330566,0.6465414762496948,8.788996696472168,-22.56891632080078,2.5882508754730225,21.52389907836914,0
1745923240.6281252,10.659612655639648,1.4423274993896484,0.6477893590927124,8.793323516845703,-22.56685447692871,2.5937540531158447,21.543052673339844,0
1745923240.6404316,10.669931411743164,1.4432191848754883,0.6484785079956055,8.800957679748535,-22.567670822143555,2.5942156314849854,21.56258773803711,0
1745923240.64984,10.677480697631836,1.4425363540649414,0.6505646705627441,8.804206848144531,-22.56709861755371,2.5942394733428955,21.57478904724121,0
1745923240.6598299,10.69066333770752,1.4450020790100098,0.6523900032043457,8.808816909790039,-22.5615291595459,2.6005454063415527,21.596872329711914,0
1745923240.6712937,10.704358100891113,1.445779800415039,0.6514959335327148,8.814032554626465,-22.566560745239258,2.6081454753875732,21.615665435791016,0
1745923240.6823301,10.713274002075195,1.4472403526306152,0.6485717296600342,8.815430641174316,-22.572574615478516,2.6186368465423584,21.6245174407959,0
1745923240.6939971,10.71052360534668,1.4468231201171875,0.6489628553390503,8.80624771118164,-22.56964111328125,2.6255505084991455,21.61255645751953,0
1745923240.7061412,10.697681427001953,1.445969581604004,0.6504901647567749,8.797367095947266,-22.562597274780273,2.6219420433044434,21.591506958007812,0
1745923240.7163117,10.685124397277832,1.4470505714416504,0.6540476083755493,8.785974502563477,-22.545690536499023,2.620744466781616,21.57219696044922,0
1745923240.7266078,10.67383861541748,1.4480371475219727,0.6532281637191772,8.77569580078125,-22.539838790893555,2.6241250038146973,21.550800323486328,0
1745923240.7396302,10.661623001098633,1.448568344116211,0.6481804847717285,8.768590927124023,-22.545543670654297,2.6274876594543457,21.526962280273438,0
1745923240.7498183,10.648687362670898,1.4479799270629883,0.6498755216598511,8.76073169708252,-22.537668228149414,2.622706174850464,21.507274627685547,0
1745923240.7613654,10.638236045837402,1.444793701171875,0.6530418395996094,8.752153396606445,-22.532875061035156,2.616992712020874,21.488224029541016,0
1745923240.7736604,10.632146835327148,1.4423465728759766,0.6524085998535156,8.744047164916992,-22.536510467529297,2.6192970275878906,21.470949172973633,0
1745923240.78413,10.629244804382324,1.4409618377685547,0.6482737064361572,8.739361763000488,-22.547578811645508,2.625333786010742,21.457841873168945,0
1745923240.7923853,10.631918907165527,1.4416069984436035,0.6475658416748047,8.74185562133789,-22.549041748046875,2.6262097358703613,21.462947845458984,0
1745923240.8080018,10.638501167297363,1.441948413848877,0.6489628553390503,8.745691299438477,-22.547590255737305,2.6263766288757324,21.47510528564453,0
1745923240.8148675,10.645367622375488,1.4407153129577637,0.6492049694061279,8.749621391296387,-22.552663803100586,2.626605272293091,21.484909057617188,0
1745923240.8266501,10.650981903076172,1.442214012145996,0.6492608785629272,8.75651741027832,-22.55217742919922,2.62504506111145,21.498973846435547,0
1745923240.841178,10.649730682373047,1.4422516822814941,0.6491304636001587,8.762053489685059,-22.553483963012695,2.618067979812622,21.50316619873047,0
1745923240.8486743,10.64278793334961,1.4432950019836426,0.6478266716003418,8.762828826904297,-22.55253028869629,2.6136038303375244,21.49673843383789,0
1745923240.8589263,10.646221160888672,1.4471077919006348,0.6491676568984985,8.763357162475586,-22.541419982910156,2.617746353149414,21.5058536529541,0
1745923240.8756757,10.658512115478516,1.4476008415222168,0.6499313116073608,8.775601387023926,-22.544689178466797,2.614393711090088,21.531646728515625,0
1745923240.8812838,10.679206848144531,1.451697826385498,0.6499500274658203,8.8001070022583,-22.54647445678711,2.6086792945861816,21.580963134765625,0
1745923240.8914359,10.70746898651123,1.4584126472473145,0.6510488986968994,8.826804161071777,-22.542078018188477,2.608081102371216,21.643733978271484,0
1745923240.9051197,10.741327285766602,1.4602713584899902,0.6510862112045288,8.853879928588867,-22.552980422973633,2.608855724334717,21.706565856933594,0
1745923240.913533,10.767333030700684,1.460916519165039,0.6532094478607178,8.88150405883789,-22.55997657775879,2.5991063117980957,21.762962341308594,0
1745923240.9243932,10.786110877990723,1.4660758972167969,0.6516263484954834,8.907577514648438,-22.5628719329834,2.5928030014038086,21.811389923095703,0
1745923240.9387014,10.801740646362305,1.4681053161621094,0.6509557962417603,8.927643775939941,-22.568613052368164,2.5867362022399902,21.848445892333984,0
1745923240.9459305,10.8157958984375,1.4675931930541992,0.6522781848907471,8.944194793701172,-22.5743350982666,2.578866481781006,21.87986183166504,0
1745923240.9568608,10.836870193481445,1.4702677726745605,0.6496332883834839,8.963788032531738,-22.584333419799805,2.5805935859680176,21.92055892944336,0
1745923240.9748926,10.86621379852295,1.4753131866455078,0.6501362323760986,8.989541053771973,-22.58513832092285,2.5812437534332275,21.981204986572266,0
1745923240.979475,10.89254093170166,1.4804158210754395,0.6499313116073608,9.016125679016113,-22.586898803710938,2.5792858600616455,22.039012908935547,0
1745923240.9896388,10.910238265991211,1.4836783409118652,0.6486834287643433,9.035605430603027,-22.591394424438477,2.577301502227783,22.078205108642578,0
1745923241.0076861,10.923023223876953,1.4889512062072754,0.6502852439880371,9.048358917236328,-22.581912994384766,2.577038526535034,22.110618591308594,0
1745923241.01451,10.93808364868164,1.4890270233154297,0.6493911743164062,9.058789253234863,-22.59002113342285,2.579479694366455,22.135292053222656,0
1745923241.0228353,10.963652610778809,1.4909429550170898,0.6490745544433594,9.072771072387695,-22.59602165222168,2.5877797603607178,22.176441192626953,0
1745923241.0385897,10.988937377929688,1.4949641227722168,0.6516449451446533,9.091948509216309,-22.59183120727539,2.588977336883545,22.227495193481445,0
1745923241.0461686,11.015891075134277,1.5000667572021484,0.6517753601074219,9.112090110778809,-22.59137725830078,2.594003438949585,22.279823303222656,0
1745923241.057895,11.051569938659668,1.5043153762817383,0.6507881879806519,9.131739616394043,-22.59738540649414,2.6071908473968506,22.33841323852539,0
1745923241.072345,11.091365814208984,1.506098747253418,0.6496520042419434,9.155811309814453,-22.611328125,2.6171586513519287,22.40292739868164,0
1745923241.0852268,11.134764671325684,1.5117130279541016,0.6519615650177002,9.18577766418457,-22.611072540283203,2.6233296394348145,22.484216690063477,0
1745923241.0896697,11.175128936767578,1.5190725326538086,0.6537123918533325,9.211057662963867,-22.6063175201416,2.633899688720703,22.558971405029297,0
1745923241.1053557,11.212420463562012,1.5194711685180664,0.6531722545623779,9.23237133026123,-22.620607376098633,2.6427974700927734,22.617435455322266,0
1745923241.1115904,11.243319511413574,1.5233783721923828,0.651291012763977,9.253570556640625,-22.628448486328125,2.6508352756500244,22.671558380126953,0
1745923241.1218023,11.267446517944336,1.5284428596496582,0.6514773368835449,9.274410247802734,-22.627376556396484,2.652522325515747,22.721776962280273,0
1745923241.1395905,11.288615226745605,1.5271720886230469,0.6530046463012695,9.286635398864746,-22.634689331054688,2.6542718410491943,22.755428314208984,0
1745923241.1436555,11.308171272277832,1.5274567604064941,0.6527997255325317,9.297405242919922,-22.641653060913086,2.6592793464660645,22.78583335876465,0
1745923241.157058,11.319798469543457,1.5320281982421875,0.6503970623016357,9.309515953063965,-22.64241600036621,2.662233591079712,22.81174087524414,0
1745923241.1663892,11.330345153808594,1.5353665351867676,0.6521850824356079,9.318340301513672,-22.63559341430664,2.662386655807495,22.83623695373535,0
1745923241.1775498,11.339810371398926,1.5367889404296875,0.6538985967636108,9.322345733642578,-22.631805419921875,2.6652026176452637,22.85284423828125,0
1745923241.190624,11.345064163208008,1.537376880645752,0.6524645090103149,9.323497772216797,-22.63518714904785,2.6701793670654297,22.858402252197266,0
1745923241.1987786,11.353106498718262,1.53739595413208,0.6491676568984985,9.325538635253906,-22.64480972290039,2.6779427528381348,22.865209579467773,0
1745923241.2120898,11.3576021194458,1.5365800857543945,0.6481432914733887,9.326974868774414,-22.6502742767334,2.680464029312134,22.869300842285156,0
1745923241.2213502,11.360162734985352,1.5342473983764648,0.6492794752120972,9.324745178222656,-22.652999877929688,2.681779146194458,22.86843490600586,0
1745923241.240526,11.356141090393066,1.5329194068908691,0.6489255428314209,9.324764251708984,-22.65578842163086,2.677839994430542,22.862751007080078,0
1745923241.2439532,11.351608276367188,1.5311555862426758,0.6495589017868042,9.323177337646484,-22.65686798095703,2.6737799644470215,22.855499267578125,0
1745923241.2574797,11.351096153259277,1.530738353729248,0.6522222757339478,9.315430641174316,-22.649953842163086,2.678300619125366,22.8494873046875,0
1745923241.2661543,11.35172176361084,1.5358028411865234,0.6513469219207764,9.316545486450195,-22.641077041625977,2.682614326477051,22.855417251586914,0
1745923241.2766306,11.354226112365723,1.535252571105957,0.6516449451446533,9.323139190673828,-22.643768310546875,2.677042245864868,22.864261627197266,0
1745923241.2869592,11.357317924499512,1.5315537452697754,0.6510674953460693,9.32846736907959,-22.655210494995117,2.6716365814208984,22.868408203125,0
1745923241.2982144,11.355724334716797,1.5321226119995117,0.6533212661743164,9.331490516662598,-22.649295806884766,2.6653544902801514,22.872657775878906,0
1745923241.3112125,11.354623794555664,1.535233497619629,0.6527066230773926,9.33349323272705,-22.643980026245117,2.6655290126800537,22.876056671142578,0
1745923241.3241024,11.353486061096191,1.5324454307556152,0.651887059211731,9.335174560546875,-22.6520938873291,2.6614906787872314,22.87299346923828,0
1745923241.3317215,11.35120964050293,1.529372215270996,0.651309609413147,9.3342866897583,-22.659442901611328,2.6587166786193848,22.866178512573242,0
1745923241.342085,11.353599548339844,1.5290307998657227,0.6516263484954834,9.333304405212402,-22.659826278686523,2.661048173904419,22.86756134033203,0
1745923241.353476,11.35631275177002,1.5293912887573242,0.6517194509506226,9.336913108825684,-22.660297393798828,2.659684181213379,22.87433624267578,0
1745923241.3662236,11.359498977661133,1.5289549827575684,0.6510862112045288,9.341107368469238,-22.664384841918945,2.6582067012786865,22.880647659301758,0
1745923241.3762078,11.362894058227539,1.5240235328674316,0.6504714488983154,9.348193168640137,-22.679105758666992,2.6502842903137207,22.885581970214844,0
1745923241.38587,11.362211227416992,1.5287466049194336,0.6511048078536987,9.353710174560547,-22.66837501525879,2.647169828414917,22.89577293395996,0
1745923241.3970256,11.36107349395752,1.5287842750549316,0.6535261869430542,9.354145050048828,-22.662769317626953,2.643338680267334,22.89752960205078,0
1745923241.4083428,11.363141059875488,1.5291447639465332,0.6510488986968994,9.359076499938965,-22.669082641601562,2.642751693725586,22.90241241455078,0
1745923241.4195082,11.362324714660645,1.5316104888916016,0.6511979103088379,9.361909866333008,-22.663768768310547,2.6409947872161865,22.90704345703125,0
1745923241.4302046,11.364904403686523,1.5308327674865723,0.651868462562561,9.3652925491333,-22.665395736694336,2.6382555961608887,22.912899017333984,0
1745923241.4409182,11.369589805603027,1.532426357269287,0.6525202989578247,9.369902610778809,-22.662595748901367,2.637859582901001,22.9244384765625,0
1745923241.4517756,11.371979713439941,1.5334506034851074,0.6514773368835449,9.371943473815918,-22.663665771484375,2.6395649909973145,22.928852081298828,0
1745923241.4656126,11.372549057006836,1.5367698669433594,0.6511420011520386,9.375760078430176,-22.658096313476562,2.639089822769165,22.936222076416016,0
1745923241.474884,11.371126174926758,1.537869930267334,0.6516821384429932,9.375760078430176,-22.654144287109375,2.638275623321533,22.936439514160156,0
1745923241.4863496,11.374009132385254,1.534797191619873,0.6515145301818848,9.375571250915527,-22.661928176879883,2.6384899616241455,22.935890197753906,0
1745923241.4960845,11.37698745727539,1.5347213745117188,0.6504342555999756,9.38341236114502,-22.666994094848633,2.633847713470459,22.945556640625,0
1745923241.5080886,11.385029792785645,1.5397100448608398,0.6522595882415771,9.393387794494629,-22.656150817871094,2.6321253776550293,22.970386505126953,0
1745923241.5190334,11.391270637512207,1.5412087440490723,0.6527811288833618,9.400190353393555,-22.65473175048828,2.6307802200317383,22.985450744628906,0
1745923241.5286481,11.392143249511719,1.5417585372924805,0.650303840637207,9.403080940246582,-22.659852981567383,2.6314918994903564,22.987285614013672,0
1745923241.5394912,11.390113830566406,1.5437312126159668,0.6477521657943726,9.40468692779541,-22.66103172302246,2.6324193477630615,22.986284255981445,0
1745923241.5537431,11.387287139892578,1.540431022644043,0.6491490602493286,9.403326988220215,-22.664257049560547,2.627483606338501,22.980194091796875,0
1745923241.5624356,11.392237663269043,1.53739595413208,0.6518125534057617,9.40481948852539,-22.666566848754883,2.6247429847717285,22.98626708984375,0
1745923241.5744867,11.40189266204834,1.5376992225646973,0.6526135206222534,9.414209365844727,-22.668548583984375,2.622231960296631,23.00641632080078,0
1745923241.5852177,11.411376953125,1.541398048400879,0.6530604362487793,9.425905227661133,-22.664335250854492,2.6202964782714844,23.031740188598633,0
1745923241.5982063,11.422568321228027,1.543067455291748,0.6536006927490234,9.43572998046875,-22.664344787597656,2.6199300289154053,23.05496597290039,0
1745923241.6078897,11.435068130493164,1.5405068397521973,0.6506763696670532,9.446934700012207,-22.681869506835938,2.619370698928833,23.073184967041016,0
1745923241.6176713,11.446392059326172,1.5416069030761719,0.6474727392196655,9.460972785949707,-22.692323684692383,2.6181793212890625,23.09644317626953,0
1745923241.6282575,11.45295524597168,1.5430865287780762,0.6485717296600342,9.472177505493164,-22.69074821472168,2.612004041671753,23.116790771484375,0
1745923241.640971,11.462457656860352,1.5436177253723145,0.6504528522491455,9.482002258300781,-22.689899444580078,2.608031749725342,23.138530731201172,0
1745923241.6501594,11.483095169067383,1.5455713272094727,0.6486648321151733,9.495908737182617,-22.697450637817383,2.6136162281036377,23.173240661621094,0
1745923241.6630356,11.509613037109375,1.5502371788024902,0.6505646705627441,9.518014907836914,-22.69422149658203,2.613896131515503,23.228429794311523,0
1745923241.6748083,11.540360450744629,1.5524754524230957,0.6484040021896362,9.542256355285645,-22.706581115722656,2.617548942565918,23.283496856689453,0
1745923241.6871095,11.572510719299316,1.557502269744873,0.6480501890182495,9.568236351013184,-22.70961570739746,2.620896816253662,23.346298217773438,0
1745923241.6942384,11.605743408203125,1.5625286102294922,0.6492980718612671,9.596142768859863,-22.709840774536133,2.6215176582336426,23.413711547851562,0
1745923241.7060363,11.638577461242676,1.5639700889587402,0.6498196125030518,9.624938011169434,-22.7194881439209,2.618851900100708,23.477304458618164,0
1745923241.7210004,11.66511344909668,1.5657720565795898,0.6477893590927124,9.650161743164062,-22.73159408569336,2.617708444595337,23.52883529663086,0
1745923241.7307405,11.688425064086914,1.566037654876709,0.6465414762496948,9.668356895446777,-22.742984771728516,2.619114398956299,23.56936264038086,0
1745923241.7398784,11.711225509643555,1.563420295715332,0.647212028503418,9.68313217163086,-22.75554084777832,2.619375467300415,23.604990005493164,0
1745923241.7493005,11.73068618774414,1.5630979537963867,0.64803147315979,9.700855255126953,-22.76272201538086,2.6157302856445312,23.642669677734375,0
1745923241.7602034,11.74904727935791,1.5676121711730957,0.6472306251525879,9.716575622558594,-22.762296676635742,2.6186113357543945,23.680465698242188,0
1745923241.7739975,11.773079872131348,1.5727524757385254,0.6463179588317871,9.733636856079102,-22.762327194213867,2.625136375427246,23.725788116455078,0
1745923241.7816808,11.795196533203125,1.5751614570617676,0.6455729007720947,9.753418922424316,-22.76800537109375,2.6251742839813232,23.76934814453125,0
1745923241.791899,11.80652141571045,1.5747060775756836,0.6472492218017578,9.76925277709961,-22.771373748779297,2.6161837577819824,23.7977294921875,0
1745923241.8057575,11.812040328979492,1.5724868774414062,0.6474913358688354,9.777698516845703,-22.778654098510742,2.610114097595215,23.809717178344727,0
1745923241.814695,11.814468383789062,1.5763373374938965,0.6466718912124634,9.781930923461914,-22.773651123046875,2.611578941345215,23.819408416748047,0
1745923241.8261347,11.809479713439941,1.5777411460876465,0.6475658416748047,9.783782005310059,-22.768064498901367,2.6060895919799805,23.81856918334961,0
1745923241.8416684,11.800849914550781,1.572923183441162,0.6476962566375732,9.776923179626465,-22.774660110473633,2.602370262145996,23.79839324951172,0
1745923241.8473225,11.787894248962402,1.5738716125488281,0.6454612016677856,9.766701698303223,-22.77231216430664,2.60544490814209,23.773929595947266,0
1745923241.86207,11.769229888916016,1.5769824981689453,0.6447906494140625,9.7544584274292,-22.76029396057129,2.606234073638916,23.745460510253906,0
1745923241.874592,11.752670288085938,1.5742130279541016,0.6469885110855103,9.7423095703125,-22.755172729492188,2.601147174835205,23.716182708740234,0
1745923241.8809226,11.739544868469238,1.574326992034912,0.6461130380630493,9.730632781982422,-22.751314163208008,2.6035468578338623,23.690616607666016,0
1745923241.8915827,11.716403007507324,1.5697178840637207,0.6441200971603394,9.715025901794434,-22.756881713867188,2.5995256900787354,23.645267486572266,0
1745923241.9103746,11.698118209838867,1.5696415901184082,0.6464855670928955,9.69647216796875,-22.7437801361084,2.601396322250366,23.6107177734375,0
1745923241.9138834,11.68258285522461,1.5624151229858398,0.6465041637420654,9.680657386779785,-22.752304077148438,2.5994462966918945,23.572158813476562,0
1745923241.9250398,11.665037155151367,1.5603094100952148,0.6464855670928955,9.667733192443848,-22.750093460083008,2.5970609188079834,23.539566040039062,0
1745923241.9409993,11.641042709350586,1.557786464691162,0.6467463970184326,9.654488563537598,-22.746660232543945,2.5893325805664062,23.500064849853516,0
1745923241.9485521,11.624673843383789,1.556288242340088,0.6478080749511719,9.638825416564941,-22.740434646606445,2.5899922847747803,23.467594146728516,0
1745923241.9581196,11.610940933227539,1.5556621551513672,0.6460572481155396,9.62359619140625,-22.73908042907715,2.5958046913146973,23.436256408691406,0
1745923241.972568,11.589981079101562,1.5534238815307617,0.6461317539215088,9.610502243041992,-22.736112594604492,2.5906877517700195,23.400039672851562,0
1745923241.9802916,11.568793296813965,1.5535378456115723,0.6469699144363403,9.594650268554688,-22.7257022857666,2.589242696762085,23.36395263671875,0
1745923241.9945602,11.554264068603516,1.55253267288208,0.6487579345703125,9.577645301818848,-22.716873168945312,2.5923686027526855,23.33319854736328,0
1745923242.0054336,11.544760704040527,1.551375389099121,0.6481432914733887,9.566308975219727,-22.71600341796875,2.59604549407959,23.310588836669922,0
1745923242.0128143,11.529794692993164,1.551072120666504,0.645926833152771,9.557466506958008,-22.71609115600586,2.595184564590454,23.284259796142578,0
1745923242.023999,11.508550643920898,1.551375389099121,0.6461130380630493,9.545487403869629,-22.707473754882812,2.5905754566192627,23.25152587890625,0
1745923242.043242,11.483133316040039,1.548283576965332,0.6464669704437256,9.529351234436035,-22.7039794921875,2.584003210067749,23.20723533630371,0
1745923242.0473626,11.454358100891113,1.5416259765625,0.6475845575332642,9.505544662475586,-22.704084396362305,2.578930139541626,23.149112701416016,0
1745923242.056988,11.425071716308594,1.535935401916504,0.6486648321151733,9.478941917419434,-22.70138931274414,2.5770890712738037,23.088613510131836,0
1745923242.0729647,11.39726448059082,1.5351009368896484,0.648906946182251,9.429438591003418,-22.684890747070312,2.6046314239501953,23.010711669921875,0
1745923242.0796225,11.37148666381836,1.5330710411071777,0.6458709239959717,9.404630661010742,-22.684364318847656,2.6109793186187744,22.955059051513672,0
1745923242.0902398,11.347586631774902,1.528386116027832,0.6493539810180664,9.379349708557129,-22.675609588623047,2.610499620437622,22.90467643737793,0
1745923242.106163,11.325053215026855,1.5261096954345703,0.652576208114624,9.358622550964355,-22.663436889648438,2.608621120452881,22.862361907958984,0
1745923242.1143663,11.30206298828125,1.525787353515625,0.6533957719802856,9.342713356018066,-22.653236389160156,2.60544490814209,22.823959350585938,0
1745923242.1234193,11.284783363342285,1.5221457481384277,0.6525202989578247,9.322534561157227,-22.65449333190918,2.610367774963379,22.781982421875,0
1745923242.139701,11.270766258239746,1.5179533958435059,0.652166485786438,9.30532169342041,-22.65727424621582,2.613879680633545,22.74620819091797,0
1745923242.1444795,11.257393836975098,1.5167584419250488,0.6509184837341309,9.296365737915039,-22.657472610473633,2.612696886062622,22.721437454223633,0
1745923242.156288,11.244817733764648,1.5152978897094727,0.6529673337936401,9.282364845275879,-22.64990234375,2.613759756088257,22.69544792175293,0
1745923242.1744976,11.227177619934082,1.510404109954834,0.6509371995925903,9.266362190246582,-22.657440185546875,2.614267587661743,22.65488052368164,0
1745923242.179747,11.206653594970703,1.5117888450622559,0.6506204605102539,9.25207805633545,-22.646827697753906,2.6139543056488037,22.62114143371582,0
1745923242.1888952,11.184650421142578,1.50801420211792,0.6497822999954224,9.235034942626953,-22.64791488647461,2.611664295196533,22.577482223510742,0
1745923242.1998773,11.160940170288086,1.5049796104431152,0.6519801616668701,9.217633247375488,-22.640031814575195,2.605771064758301,22.535533905029297,0
1745923242.2103987,11.142598152160645,1.501906394958496,0.6525576114654541,9.201346397399902,-22.63739776611328,2.6047449111938477,22.498409271240234,0
1745923242.2214878,11.122169494628906,1.4996495246887207,0.6530046463012695,9.186419486999512,-22.633039474487305,2.6013824939727783,22.46124267578125,0
1745923242.2411845,11.09862995147705,1.4986820220947266,0.6513655185699463,9.167411804199219,-22.628738403320312,2.6030068397521973,22.416088104248047,0
1745923242.2441869,11.073554039001465,1.500654697418213,0.6506577730178833,9.148423194885254,-22.615297317504883,2.6047887802124023,22.373291015625,0
1745923242.254703,11.049160957336426,1.4979424476623535,0.6514400243759155,9.132967948913574,-22.610061645507812,2.597970962524414,22.331512451171875,0
1745923242.2655656,11.028883934020996,1.496140480041504,0.6519056558609009,9.11745548248291,-22.60444450378418,2.595672369003296,22.29438591003418,0
1745923242.2772386,11.00826644897461,1.49479341506958,0.6512165069580078,9.106629371643066,-22.601451873779297,2.5897185802459717,22.260906219482422,0
1745923242.287362,10.979111671447754,1.4934659004211426,0.6514214277267456,9.09414005279541,-22.593889236450195,2.5775039196014404,22.2181396484375,0
1745923242.2987661,10.94990062713623,1.490962028503418,0.6498755216598511,9.080460548400879,-22.59267234802246,2.5673420429229736,22.171199798583984,0
1745923242.310629,10.917882919311523,1.4865803718566895,0.6509743928909302,9.067801475524902,-22.589262008666992,2.5493297576904297,22.12323760986328,0
1745923242.3209338,10.89045524597168,1.4835834503173828,0.6515518426895142,9.0563325881958,-22.58527374267578,2.5355231761932373,22.081924438476562,0
1745923242.332562,10.867598533630371,1.4771718978881836,0.6514028310775757,9.053384780883789,-22.5939884185791,2.514320135116577,22.049556732177734,0
1745923242.343942,10.847396850585938,1.475369930267334,0.6513283252716064,9.051892280578613,-22.592971801757812,2.4975264072418213,22.02598762512207,0
1745923242.353667,10.83411979675293,1.474592685699463,0.6530977487564087,9.053045272827148,-22.587718963623047,2.4825937747955322,22.014854431152344,0
1745923242.3653631,10.82552719116211,1.4746112823486328,0.6515518426895142,9.060224533081055,-22.590877532958984,2.4693715572357178,22.01191520690918,0
1745923242.3761082,10.812135696411133,1.4738717079162598,0.6502107381820679,9.067461013793945,-22.59415054321289,2.451183319091797,22.003677368164062,0
1745923242.389666,10.800090789794922,1.4728283882141113,0.6496706008911133,9.07709789276123,-22.597198486328125,2.430450677871704,21.99968719482422,0
1745923242.4070337,10.792200088500977,1.4700403213500977,0.650303840637207,9.092137336730957,-22.603910446166992,2.4047513008117676,22.004680633544922,0
1745923242.411738,10.790986061096191,1.4716525077819824,0.647621750831604,9.106893539428711,-22.60968589782715,2.392251491546631,22.017154693603516,0
1745923242.4204154,10.797662734985352,1.475123405456543,0.6474541425704956,9.129548072814941,-22.609275817871094,2.376959800720215,22.049789428710938,0
1745923242.4305363,10.801740646362305,1.4756169319152832,0.648329496383667,9.148442268371582,-22.61174774169922,2.359879732131958,22.074129104614258,0
1745923242.4417908,10.80295467376709,1.474194049835205,0.6467463970184326,9.1566801071167,-22.620941162109375,2.35266375541687,22.080575942993164,0
1745923242.4524038,10.802841186523438,1.4773616790771484,0.6440269947052002,9.16215991973877,-22.621219635009766,2.3523237705230713,22.086389541625977,0
1745923242.4633446,10.802764892578125,1.4790310859680176,0.6457219123840332,9.165183067321777,-22.614234924316406,2.348680257797241,22.092700958251953,0
1745923242.4752517,10.811205863952637,1.4780068397521973,0.6464669704437256,9.160346031188965,-22.615747451782227,2.3592658042907715,22.096027374267578,0
1745923242.4857774,10.82182788848877,1.4756736755371094,0.6473051309585571,9.155754089355469,-22.620641708374023,2.3702239990234375,22.100561141967773,0
1745923242.497689,10.829282760620117,1.4749717712402344,0.6469699144363403,9.152863502502441,-22.624130249023438,2.379326581954956,22.104087829589844,0
1745923242.508498,10.830477714538574,1.4773426055908203,0.6505273580551147,9.145362854003906,-22.609018325805664,2.3865015506744385,22.103710174560547,0
1745923242.518646,10.823534965515137,1.4761857986450195,0.6493911743164062,9.130171775817871,-22.608867645263672,2.3969669342041016,22.07928466796875,0
1745923242.5296342,10.804244995117188,1.47349214553833,0.6476590633392334,9.109577178955078,-22.609275817871094,2.402113437652588,22.03497314453125,0
1745923242.5473647,10.779510498046875,1.471804141998291,0.648627519607544,9.08185863494873,-22.59807014465332,2.4082374572753906,21.981800079345703,0
1745923242.5527256,10.757393836975098,1.4662466049194336,0.648888349533081,9.052477836608887,-22.59760284423828,2.415860176086426,21.925006866455078,0
1745923242.56238,10.730003356933594,1.4669294357299805,0.6481059789657593,9.02330493927002,-22.583860397338867,2.425239324569702,21.868343353271484,0
1745923242.5741603,10.703049659729004,1.4627375602722168,0.6495401859283447,8.992242813110352,-22.575851440429688,2.4305360317230225,21.80756950378418,0
1745923242.5843995,10.675773620605469,1.4586782455444336,0.6522781848907471,8.962258338928223,-22.564638137817383,2.4331350326538086,21.74898910522461,0
1745923242.595134,10.633796691894531,1.4544672966003418,0.6510674953460693,8.927549362182617,-22.558053970336914,2.432403326034546,21.666881561279297,0
1745923242.6070817,10.58089542388916,1.4488716125488281,0.6514400243759155,8.886491775512695,-22.546594619750977,2.426246166229248,21.567699432373047,0
1745923242.618515,10.530610084533691,1.4426689147949219,0.6513283252716064,8.841070175170898,-22.537147521972656,2.42706036567688,21.46567726135254,0
1745923242.6303654,10.49045467376709,1.4406585693359375,0.6494284868240356,8.795137405395508,-22.52438735961914,2.4428462982177734,21.37567901611328,0
1745923242.642279,10.457696914672852,1.4409618377685547,0.6487020254135132,8.758898735046387,-22.507659912109375,2.455251455307007,21.306259155273438,0
1745923242.6504314,10.429680824279785,1.4369029998779297,0.6479569673538208,8.729574203491211,-22.504261016845703,2.460451364517212,21.24411392211914,0
1745923242.6608033,10.394949913024902,1.434417724609375,0.6497822999954224,8.698040008544922,-22.48863983154297,2.460782527923584,21.177188873291016,0
1745923242.6742077,10.349218368530273,1.4335074424743652,0.6507508754730225,8.661611557006836,-22.467029571533203,2.459228038787842,21.095088958740234,0
1745923242.684426,10.294153213500977,1.427286148071289,0.6514400243759155,8.618230819702148,-22.454383850097656,2.4528071880340576,20.99110984802246,0
1745923242.6964438,10.230875968933105,1.4168343544006348,0.6525017023086548,8.568065643310547,-22.44693946838379,2.4424633979797363,20.86827850341797,0
1745923242.7081738,10.162230491638184,1.410006046295166,0.6521105766296387,8.513574600219727,-22.43152618408203,2.436964273452759,20.73792266845703,0
1745923242.7245293,10.090303421020508,1.4020013809204102,0.6529301404953003,8.45742130279541,-22.41449737548828,2.427891492843628,20.602657318115234,0
1745923242.7275982,10.01031494140625,1.3975439071655273,0.6516635417938232,8.397053718566895,-22.390277862548828,2.421811103820801,20.45657730102539,0
1745923242.7403579,9.920614242553711,1.3917584419250488,0.649484395980835,8.334948539733887,-22.36809730529785,2.4085917472839355,20.29680633544922,0
1745923242.7491996,9.81537914276123,1.3823504447937012,0.6506949663162231,8.267608642578125,-22.340312957763672,2.379591464996338,20.116031646728516,0
1745923242.7612696,9.694836616516113,1.373530387878418,0.6503225564956665,8.191993713378906,-22.307790756225586,2.3478379249572754,19.910682678222656,0
1745923242.7743416,9.572188377380371,1.3632874488830566,0.6504528522491455,8.107441902160645,-22.27373504638672,2.322061538696289,19.693370819091797,0
1745923242.7836657,9.453827857971191,1.352229118347168,0.6499500274658203,7.937997817993164,-22.218727111816406,2.4017882347106934,19.394004821777344,0
1745923242.796332,9.341422080993652,1.3437504768371582,0.6494284868240356,7.864876747131348,-22.1864013671875,2.3744513988494873,19.199478149414062,0
1745923242.8064585,9.23905086517334,1.3368840217590332,0.6515145301818848,7.800975799560547,-22.148212432861328,2.3434600830078125,19.028425216674805,0
1745923242.8154032,9.148895263671875,1.3274946212768555,0.6499127149581909,7.742517471313477,-22.131332397460938,2.3193368911743164,18.868820190429688,0
1745923242.8399382,9.062761306762695,1.3174033164978027,0.6503783464431763,7.688479423522949,-22.1131649017334,2.2900478839874268,18.719022750854492,0
1745923242.8421123,8.978372573852539,1.3106508255004883,0.6494470834732056,7.638768196105957,-22.091398239135742,2.2617440223693848,18.577239990234375,0
1745923242.851527,8.892465591430664,1.3040308952331543,0.6513841152191162,7.584957122802734,-22.059337615966797,2.2331483364105225,18.432838439941406,0
1745923242.8598068,8.806122779846191,1.2953624725341797,0.6503970623016357,7.528652191162109,-22.03942108154297,2.208422899246216,18.280534744262695,0
1745923242.875088,8.719381332397461,1.2879080772399902,0.6511420011520386,7.473727226257324,-22.01136589050293,2.180150032043457,18.132160186767578,0
1745923242.880846,8.638102531433105,1.2834315299987793,0.650173544883728,7.419651031494141,-21.98145294189453,2.161365270614624,17.991357803344727,0
1745923242.9079936,8.574597358703613,1.275047779083252,0.6481432914733887,7.378461837768555,-21.975317001342773,2.1416032314300537,17.876251220703125,0
1745923242.909018,8.537059783935547,1.271045207977295,0.6489628553390503,7.355599403381348,-21.963821411132812,2.1262624263763428,17.812667846679688,0
1745923242.9143183,8.51587200164795,1.265601634979248,0.6484413146972656,7.3448486328125,-21.969743728637695,2.11264967918396,17.774763107299805,0
1745923242.9265056,8.50325870513916,1.2613906860351562,0.6491118669509888,7.338122367858887,-21.9731388092041,2.1026341915130615,17.75188446044922,0
1745923242.9409366,8.50839900970459,1.260878562927246,0.6504528522491455,7.346227645874023,-21.975303649902344,2.095273733139038,17.76595687866211,0
1745923242.9474125,8.539373397827148,1.2616181373596191,0.649484395980835,7.375646591186523,-21.996355056762695,2.092045307159424,17.826122283935547,0
1745923242.9605424,8.589753150939941,1.26698637008667,0.6491490602493286,7.419708251953125,-22.013944625854492,2.094519853591919,17.925596237182617,0
1745923242.9730895,8.654794692993164,1.2739286422729492,0.6485158205032349,7.481870651245117,-22.03864097595215,2.0911927223205566,18.05910873413086,0
1745923242.9802847,8.733854293823242,1.2821040153503418,0.6502107381820679,7.555785179138184,-22.06157875061035,2.0859029293060303,18.221954345703125,0
1745923242.9909103,8.819855690002441,1.294015884399414,0.652594804763794,7.637200355529785,-22.076711654663086,2.081411600112915,18.403667449951172,0
1745923243.0121534,8.90176010131836,1.3032341003417969,0.6517753601074219,7.712815284729004,-22.10430908203125,2.0812783241271973,18.569583892822266,0
1745923243.0134566,8.980875968933105,1.309626579284668,0.6489628553390503,7.781798362731934,-22.141366958618164,2.0861072540283203,18.721263885498047,0
1745923243.0289526,9.06515121459961,1.3142547607421875,0.6481618881225586,7.848438262939453,-22.17803955078125,2.09466552734375,18.876007080078125,0
1745923243.0404222,9.157355308532715,1.3193950653076172,0.647901177406311,7.91948127746582,-22.215089797973633,2.1054632663726807,19.044132232666016,0
1745923243.0468774,9.26353931427002,1.32948637008667,0.6478452682495117,7.996777534484863,-22.244070053100586,2.12689471244812,19.237648010253906,0
1745923243.057419,9.36919116973877,1.3388376235961914,0.6474727392196655,8.07286548614502,-22.27469253540039,2.14848256111145,19.428367614746094,0
1745923243.072433,9.462913513183594,1.3465576171875,0.6465973854064941,8.139694213867188,-22.30404281616211,2.168161630630493,19.595762252807617,0
1745923243.0793889,9.543128967285156,1.3511290550231934,0.6445671319961548,8.198078155517578,-22.337560653686523,2.1829092502593994,19.73690414428711,0
1745923243.0971234,9.604339599609375,1.3651084899902344,0.646206259727478,8.246182441711426,-22.329143524169922,2.1960837841033936,19.861835479736328,0
1745923243.1062167,9.653770446777344,1.3668155670166016,0.6458337306976318,8.281307220458984,-22.34981346130371,2.2038772106170654,19.94772720336914,0
1745923243.1121325,9.709935188293457,1.3676881790161133,0.6448651552200317,8.312010765075684,-22.37455177307129,2.2229504585266113,20.034500122070312,0
1745923243.1233902,9.776589393615723,1.3753700256347656,0.6431143283843994,8.35333251953125,-22.38987159729004,2.2466177940368652,20.148406982421875,0
1745923243.1343236,9.850564956665039,1.3802070617675781,0.6441200971603394,8.404044151306152,-22.409849166870117,2.2602152824401855,20.2789363861084,0
1745923243.1448076,9.932697296142578,1.3836402893066406,0.6445671319961548,8.456589698791504,-22.4371395111084,2.27837872505188,20.417495727539062,0
1745923243.1568215,10.011642456054688,1.3883824348449707,0.6446788311004639,8.509531021118164,-22.460926055908203,2.294520139694214,20.55423355102539,0
1745923243.1733217,10.071657180786133,1.3956279754638672,0.6430025100708008,8.558732032775879,-22.47659683227539,2.3018295764923096,20.66901969909668,0
1745923243.1794138,10.111831665039062,1.398397445678711,0.642369270324707,8.59740924835205,-22.492387771606445,2.297804594039917,20.75000762939453,0
1745923243.1891208,10.135674476623535,1.4006738662719727,0.6402273178100586,8.622084617614746,-22.504913330078125,2.2960500717163086,20.798660278320312,0
1745923243.201064,10.14599323272705,1.4025516510009766,0.6385695934295654,8.635972023010254,-22.510766983032227,2.293323040008545,20.82308578491211,0
1745923243.2124496,10.143338203430176,1.399611473083496,0.6406370401382446,8.637048721313477,-22.512466430664062,2.284778118133545,20.820636749267578,0
1745923243.222206,10.135618209838867,1.3964629173278809,0.6430584192276001,8.626392364501953,-22.509384155273438,2.2842180728912354,20.801532745361328,0
1745923243.2385008,10.128922462463379,1.3921947479248047,0.6438965797424316,8.61913776397705,-22.514034271240234,2.2815330028533936,20.78415298461914,0
1745923243.2445753,10.123383522033691,1.3903169631958008,0.6446788311004639,8.610407829284668,-22.512929916381836,2.2837579250335693,20.768787384033203,0
1745923243.255571,10.116744995117188,1.3873391151428223,0.6453307867050171,8.596577644348145,-22.513181686401367,2.2898731231689453,20.745990753173828,0
1745923243.266456,10.115530967712402,1.3849868774414062,0.6459827423095703,8.591382026672363,-22.515625,2.2917582988739014,20.737882614135742,0
1745923243.2769527,10.121164321899414,1.3823504447937012,0.6460199356079102,8.594291687011719,-22.524213790893555,2.2911527156829834,20.74382781982422,0
1745923243.288511,10.120234489440918,1.380662441253662,0.6457778215408325,8.598447799682617,-22.529767990112305,2.2843968868255615,20.745121002197266,0
1745923243.2991178,10.108417510986328,1.378519058227539,0.6449023485183716,8.606307983398438,-22.536075592041016,2.263956069946289,20.738147735595703,0
1745923243.3100588,10.08798885345459,1.3741559982299805,0.6440829038619995,8.610823631286621,-22.54452133178711,2.237384080886841,20.717052459716797,0
1745923243.3222964,10.0602388381958,1.3721647262573242,0.6392401456832886,8.608102798461914,-22.55318832397461,2.2188990116119385,20.679746627807617,0
1745923243.3406136,10.027442932128906,1.3710641860961914,0.6417732238769531,8.594612121582031,-22.537464141845703,2.2003777027130127,20.634891510009766,0
1745923243.3437154,9.997852325439453,1.3635907173156738,0.6445485353469849,8.581140518188477,-22.53757095336914,2.1785855293273926,20.58713150024414,0
1745923243.3556416,9.973649024963379,1.3571038246154785,0.6453307867050171,8.571637153625488,-22.542634963989258,2.1603124141693115,20.54772186279297,0
1745923243.3666625,9.948820114135742,1.355757236480713,0.6450327634811401,8.562151908874512,-22.537561416625977,2.1473159790039062,20.511760711669922,0
1745923243.375653,9.917996406555176,1.346311092376709,0.644362211227417,8.549134254455566,-22.55084800720215,2.1256933212280273,20.45780372619629,0
1745923243.386906,9.87366771697998,1.3434467315673828,0.6454983949661255,8.527745246887207,-22.537569046020508,2.1049797534942627,20.390357971191406,0
1745923243.3988676,9.821296691894531,1.3415122032165527,0.6453866958618164,8.497420310974121,-22.520416259765625,2.0890796184539795,20.30561637878418,0
1745923243.4098887,9.773137092590332,1.3353285789489746,0.6452748775482178,8.463939666748047,-22.514019012451172,2.076611042022705,20.217679977416992,0
1745923243.4206514,9.727385520935059,1.3309845924377441,0.6456847190856934,8.431951522827148,-22.50270652770996,2.065722942352295,20.13600730895996,0
1745923243.4315534,9.684972763061523,1.3244404792785645,0.645349383354187,8.402381896972656,-22.500303268432617,2.0538971424102783,20.057144165039062,0
1745923243.4423006,9.651361465454102,1.3179726600646973,0.6466718912124634,8.37475872039795,-22.496450424194336,2.0462427139282227,19.990764617919922,0
1745923243.4528518,9.62391471862793,1.312225341796875,0.6484227180480957,8.351347923278809,-22.492538452148438,2.0397238731384277,19.935909271240234,0
1745923243.465884,9.597643852233887,1.3102145195007324,0.6481618881225586,8.330904960632324,-22.485368728637695,2.03674578666687,19.886924743652344,0
1745923243.4758527,9.566460609436035,1.3094749450683594,0.6487579345703125,8.312671661376953,-22.471994400024414,2.026711940765381,19.837364196777344,0
1745923243.4866452,9.525279998779297,1.3006925582885742,0.6472865343093872,8.288846015930176,-22.479999542236328,2.0082194805145264,19.762104034423828,0
1745923243.4973948,9.476570129394531,1.2971267700195312,0.6467463970184326,8.225814819335938,-22.459152221679688,2.032134771347046,19.646259307861328,0
1745923243.5082195,9.43114185333252,1.2940349578857422,0.6498568058013916,8.195469856262207,-22.437652587890625,2.0171611309051514,19.57050323486328,0
1745923243.519258,9.392996788024902,1.2930865287780762,0.651160717010498,8.17032241821289,-22.41868782043457,2.007251024246216,19.507566452026367,0
1745923243.5301068,9.361869812011719,1.2917394638061523,0.6503411531448364,8.149406433105469,-22.40937042236328,2.001253366470337,19.453357696533203,0
1745923243.5428317,9.334403991699219,1.2924795150756836,0.6500245332717896,8.129982948303223,-22.39476203918457,1.9984859228134155,19.406890869140625,0
1745923243.552094,9.300451278686523,1.2915120124816895,0.648199200630188,8.100960731506348,-22.383790969848633,2.000859260559082,19.341121673583984,0
1745923243.563624,9.249464988708496,1.2827868461608887,0.6484599113464355,8.059582710266113,-22.378992080688477,1.9910502433776855,19.24029541015625,0
1745923243.5750556,9.192048072814941,1.2794103622436523,0.6500245332717896,8.009172439575195,-22.35208511352539,1.9893460273742676,19.13065528869629,0
1745923243.5852714,9.134100914001465,1.2784428596496582,0.6506577730178833,7.958705902099609,-22.320777893066406,1.9906938076019287,19.021907806396484,0
1745923243.596003,9.068148612976074,1.2740044593811035,0.649894118309021,7.904120445251465,-22.298402786254883,1.9872244596481323,18.896167755126953,0
1745923243.607489,8.983683586120605,1.2654118537902832,0.6490000486373901,7.835439682006836,-22.27726173400879,1.978151798248291,18.733535766601562,0
1745923243.618379,8.841517448425293,1.2540879249572754,0.6509929895401001,7.7234907150268555,-22.22393035888672,1.9568697214126587,18.470088958740234,0
1745923243.6289415,8.631976127624512,1.231553554534912,0.6519243717193604,7.55051326751709,-22.16168785095215,1.9308640956878662,18.065967559814453,0
1745923243.6415017,8.372549057006836,1.2033863067626953,0.6507881879806519,7.338802337646484,-22.088775634765625,1.896512508392334,17.56552505493164,0
1745923243.650961,8.059934616088867,1.179182529449463,0.6503783464431763,7.097919464111328,-21.968746185302734,1.8429642915725708,16.987415313720703,0
1745923243.6621535,7.692636966705322,1.147468090057373,0.6487393379211426,6.813068389892578,-21.82970428466797,1.7755120992660522,16.301912307739258,0
1745923243.674209,7.293679714202881,1.1068005561828613,0.6491118669509888,6.490221977233887,-21.67230987548828,1.7042723894119263,15.539813995361328,0
1745923243.6851223,6.887116432189941,1.0623202323913574,0.6496332883834839,6.15694522857666,-21.50303077697754,1.6264567375183105,14.756014823913574,0
1745923243.6958542,6.518660545349121,1.0265274047851562,0.6502293348312378,5.849647521972656,-21.31449317932129,1.562935471534729,14.045064926147461,0
1745923243.7063,6.238311290740967,0.9939589500427246,0.6506949663162231,5.5935163497924805,-21.16582489013672,1.5396630764007568,13.476481437683105,0
1745923243.7182899,6.0637288093566895,0.9684278964996338,0.6499127149581909,5.400568008422852,-21.07271957397461,1.5757676362991333,13.082637786865234,0
1745923243.7281036,5.963766574859619,0.9556243419647217,0.6503411531448364,5.274864196777344,-20.998294830322266,1.625422477722168,12.844595909118652,0
1745923243.7398758,5.916440963745117,0.9478094577789307,0.6520919799804688,5.193449020385742,-20.95075225830078,1.6831821203231812,12.70979118347168,0
1745923243.7506154,5.9228901863098145,0.9398617744445801,0.651887059211731,5.1345930099487305,-20.953096389770508,1.7868051528930664,12.649231910705566,0
1745923243.7606673,5.96169900894165,0.9399945735931396,0.6492608785629272,5.102888107299805,-20.96669578552246,1.9077547788619995,12.65384292602539,0
1745923243.77471,6.023155689239502,0.9472973346710205,0.6503783464431763,5.101509094238281,-20.967500686645508,2.011413335800171,12.72234058380127,0
1745923243.7829425,6.1030497550964355,0.9512426853179932,0.649596095085144,5.113072395324707,-21.005598068237305,2.1162664890289307,12.816961288452148,0
1745923243.7953315,6.1932053565979,0.952172040939331,0.6505646705627441,5.131966590881348,-21.057405471801758,2.213797092437744,12.927907943725586,0
1745923243.806805,6.296771049499512,0.9604611396789551,0.6509929895401001,5.176028251647949,-21.103052139282227,2.295464038848877,13.084253311157227,0
1745923243.8164964,6.413614749908447,0.9738717079162598,0.6497451066970825,5.244482040405273,-21.15430450439453,2.3610243797302246,13.281713485717773,0
1745923243.8272645,6.535295486450195,0.9848160743713379,0.6492235660552979,5.325803756713867,-21.219318389892578,2.4043304920196533,13.495139122009277,0
1745923243.840798,6.643261909484863,0.9956660270690918,0.6516076326370239,5.410600662231445,-21.267175674438477,2.4166691303253174,13.701136589050293,0
1745923243.8501353,6.718167304992676,1.0095696449279785,0.6507694721221924,5.485970497131348,-21.293724060058594,2.409823417663574,13.864477157592773,0
1745923243.8598218,6.77023458480835,1.0195846557617188,0.6524271965026855,5.5472822189331055,-21.306943893432617,2.3869500160217285,13.98952865600586,0
1745923243.8749645,6.789184093475342,1.0322556495666504,0.6501362323760986,5.590021133422852,-21.299911499023438,2.3615336418151855,14.061596870422363,0
1745923243.8814003,6.773402214050293,1.0330710411071777,0.6500245332717896,5.60576057434082,-21.29742431640625,2.3157341480255127,14.06225872039795,0
1745923243.8930902,6.734631538391113,1.0314021110534668,0.6504901647567749,5.602321624755859,-21.281475067138672,2.2667813301086426,14.018845558166504,0
1745923243.9082043,6.680363655090332,1.02366304397583,0.649484395980835,5.581046104431152,-21.27597999572754,2.2206242084503174,13.93455696105957,0
1745923243.917103,6.6141839027404785,1.0129461288452148,0.6497637033462524,5.548737525939941,-21.265281677246094,2.1699702739715576,13.825631141662598,0
1745923243.9402306,6.53882360458374,1.0072174072265625,0.651291012763977,5.5068864822387695,-21.222780227661133,2.126727342605591,13.704218864440918,0
1745923243.9402306,6.471220970153809,1.0003890991210938,0.6514773368835449,5.458063125610352,-21.188756942749023,2.1061148643493652,13.58115005493164,0
1745923243.9494462,6.438045978546143,0.9908671379089355,0.6519801616668701,5.421295166015625,-21.186328887939453,2.1084277629852295,13.502188682556152,0
1745923243.9592013,6.43463134765625,0.9895772933959961,0.6515331268310547,5.415098190307617,-21.187808990478516,2.113220691680908,13.490839958190918,0
1745923243.9751658,6.437590599060059,0.9980559349060059,0.6516076326370239,5.423581123352051,-21.162437438964844,2.1145706176757812,13.510835647583008,0
1745923243.9870648,6.440720558166504,0.9998579025268555,0.6517939567565918,5.429117202758789,-21.159589767456055,2.1116764545440674,13.521490097045898,0
1745923243.9922025,6.429168701171875,0.9971075057983398,0.6533771753311157,5.4257917404174805,-21.15630340576172,2.0946555137634277,13.50544548034668,0
1745923244.0061357,6.392218589782715,0.9997444152832031,0.6523340940475464,5.412395477294922,-21.1248779296875,2.0712296962738037,13.456692695617676,0
1745923244.0148516,6.329889297485352,0.9954195022583008,0.6509929895401001,5.383790016174316,-21.098915100097656,2.0285072326660156,13.360092163085938,0
1745923244.026732,6.253087520599365,0.9840574264526367,0.6491676568984985,5.336214065551758,-21.082971572875977,1.988049030303955,13.222526550292969,0
1745923244.0407393,6.1662702560424805,0.9735682010650635,0.6468766927719116,5.282195091247559,-21.056427001953125,1.945540428161621,13.068910598754883,0
1745923244.0466914,6.069286346435547,0.9718420505523682,0.6457778215408325,5.227231979370117,-20.985464096069336,1.8995064496994019,12.914137840270996,0
1745923244.0575519,5.968887805938721,0.9619216918945312,0.6474727392196655,5.165258407592773,-20.927703857421875,1.842474102973938,12.74354076385498,0
1745923244.0761857,5.8658342361450195,0.9477715492248535,0.6516449451446533,5.094688415527344,-20.86880874633789,1.784461259841919,12.55993938446045,0
1745923244.0799563,5.767161846160889,0.9391219615936279,0.6510674953460693,5.023739814758301,-20.807531356811523,1.74952232837677,12.381091117858887,0
1745923244.0905995,5.675697326660156,0.9315917491912842,0.6486834287643433,4.960160255432129,-20.755855560302734,1.7163660526275635,12.216133117675781,0
1745923244.1110463,5.595576286315918,0.9225249290466309,0.6496332883834839,4.896184921264648,-20.702136993408203,1.6924798488616943,12.063919067382812,0
1745923244.1137955,5.511281967163086,0.9128701686859131,0.6503597497940063,4.834003448486328,-20.648883819580078,1.6572656631469727,11.908515930175781,0
1745923244.124015,5.425564765930176,0.9025135040283203,0.6525390148162842,4.7708587646484375,-20.589614868164062,1.616672158241272,11.751476287841797,0
1745923244.1403697,5.341915130615234,0.8909239768981934,0.6520174741744995,4.709565162658691,-20.5477352142334,1.578033447265625,11.59442138671875,0
1745923244.1462297,5.26509428024292,0.8815157413482666,0.651589035987854,4.646553039550781,-20.498409271240234,1.556856393814087,11.444751739501953,0
1745923244.1609905,5.194248199462891,0.874042272567749,0.6519056558609009,4.59004020690918,-20.444625854492188,1.5342954397201538,11.310235977172852,0
1745923244.1748736,5.125014781951904,0.8689210414886475,0.6492980718612671,4.540744781494141,-20.398029327392578,1.5094579458236694,11.183979034423828,0
1745923244.1809793,5.062666416168213,0.8632116317749023,0.6492980718612671,4.491033554077148,-20.346019744873047,1.4907066822052002,11.06620979309082,0
1745923244.1897922,5.018508434295654,0.8578057289123535,0.6525576114654541,4.446291923522949,-20.293476104736328,1.4876099824905396,10.975163459777832,0
1745923244.2078445,4.983815670013428,0.8579764366149902,0.6520360708236694,4.415343284606934,-20.2486572265625,1.49073326587677,10.909172058105469,0
1745923244.2119594,4.948895454406738,0.8562502861022949,0.650601863861084,4.3710174560546875,-20.206008911132812,1.5197572708129883,10.826765060424805,0
1745923244.2224154,4.916440963745117,0.8518874645233154,0.6500990390777588,4.345869064331055,-20.18608856201172,1.5067939758300781,10.764296531677246,0
1745923244.2349162,4.88021183013916,0.8503890037536621,0.6499500274658203,4.318964004516602,-20.147403717041016,1.4949671030044556,10.699514389038086,0
1745923244.2452486,4.846277713775635,0.8472213745117188,0.6518125534057617,4.294098854064941,-20.109912872314453,1.475583791732788,10.639410018920898,0
1745923244.2553275,4.817825794219971,0.8435225486755371,0.6513283252716064,4.269876480102539,-20.08965301513672,1.4687399864196777,10.582552909851074,0
1745923244.272684,4.79075813293457,0.837794303894043,0.6501176357269287,4.246182441711426,-20.083206176757812,1.4610459804534912,10.524852752685547,0
1745923244.2780268,4.765739440917969,0.8370165824890137,0.6500058174133301,4.225096702575684,-20.05245590209961,1.4583823680877686,10.477858543395996,0
1745923244.2900672,4.740018367767334,0.8379650115966797,0.6519429683685303,4.201912879943848,-20.001903533935547,1.4577174186706543,10.431838989257812,0
1745923244.2995467,4.7143354415893555,0.8332798480987549,0.6506949663162231,4.175121307373047,-19.988901138305664,1.4612115621566772,10.373431205749512,0
1745923244.3100572,4.694779396057129,0.8293914794921875,0.6517380475997925,4.154110908508301,-19.970659255981445,1.4602835178375244,10.3300199508667,0
1745923244.3212657,4.6783528327941895,0.8258063793182373,0.6504342555999756,4.134612083435059,-19.965417861938477,1.4676896333694458,10.289205551147461,0
1745923244.3417144,4.667541027069092,0.8224489688873291,0.6487951278686523,4.117021560668945,-19.966537475585938,1.4828325510025024,10.255806922912598,0
1745923244.3469975,4.664828777313232,0.8221266269683838,0.6498755216598511,4.1055145263671875,-19.951831817626953,1.4999371767044067,10.242345809936523,0
1745923244.354209,4.662894248962402,0.8214437961578369,0.6495215892791748,4.099090576171875,-19.950115203857422,1.5098514556884766,10.232950210571289,0
1745923244.3659441,4.658133029937744,0.8228473663330078,0.652855634689331,4.090134620666504,-19.917098999023438,1.5158287286758423,10.223970413208008,0
1745923244.376521,4.638406276702881,0.8254079818725586,0.6517194509506226,4.070786476135254,-19.8793888092041,1.5282725095748901,10.186320304870605,0
1745923244.3876822,4.6179962158203125,0.8211212158203125,0.6513283252716064,4.048113822937012,-19.866975784301758,1.5320899486541748,10.138559341430664,0
1745923244.3993773,4.593887805938721,0.8160378932952881,0.6538428068161011,4.022191047668457,-19.838823318481445,1.528037190437317,10.085959434509277,0
1745923244.410699,4.5729660987854,0.8140461444854736,0.6526321172714233,4.0034284591674805,-19.821826934814453,1.528415322303772,10.043073654174805,0
1745923244.4205232,4.5566534996032715,0.8104043006896973,0.6503970623016357,3.983797073364258,-19.820537567138672,1.538820505142212,10.001252174377441,0
1745923244.4334533,4.535428047180176,0.8086972236633301,0.6501362323760986,3.9649972915649414,-19.79711151123047,1.5371456146240234,9.959259033203125,0
1745923244.4425983,4.504794597625732,0.8066105842590332,0.6507136821746826,3.939112663269043,-19.7575740814209,1.5304309129714966,9.90123176574707,0
1745923244.4545481,4.481748104095459,0.8071796894073486,0.6521105766296387,3.9132080078125,-19.707103729248047,1.5420558452606201,9.854246139526367,0
1745923244.4694464,4.475147247314453,0.8072175979614258,0.6530232429504395,3.8975257873535156,-19.683696746826172,1.562927484512329,9.832914352416992,0
1745923244.4801903,4.485959053039551,0.8083367347717285,0.6526507139205933,3.8952016830444336,-19.687252044677734,1.592671513557434,9.842147827148438,0
1745923244.4884236,4.507753849029541,0.8126046657562256,0.6499127149581909,3.905745506286621,-19.70708656311035,1.6260298490524292,9.876016616821289,0
1745923244.4978676,4.5341572761535645,0.8149945735931396,0.6484972238540649,3.9161558151245117,-19.733190536499023,1.6617708206176758,9.91380500793457,0
1745923244.509708,4.556596755981445,0.8165879249572754,0.6497822999954224,3.929098129272461,-19.748775482177734,1.6760735511779785,9.952064514160156,0
1745923244.520077,4.5782012939453125,0.8197934627532959,0.6514400243759155,3.942286491394043,-19.75426483154297,1.690362811088562,9.991722106933594,0
1745923244.530904,4.597738265991211,0.8261098861694336,0.6520733833312988,3.953585624694824,-19.74652862548828,1.7131422758102417,10.02950668334961,0
1745923244.5423012,4.626835823059082,0.8281583786010742,0.6514028310775757,3.968606948852539,-19.776138305664062,1.7404131889343262,10.075004577636719,0
1745923244.5553088,4.6615095138549805,0.8291826248168945,0.6521105766296387,3.992696762084961,-19.815654754638672,1.752610206604004,10.135499954223633,0
1745923244.5645146,4.704282283782959,0.8339626789093018,0.652855634689331,4.022984504699707,-19.848329544067383,1.7730907201766968,10.214085578918457,0
1745923244.5757663,4.76135778427124,0.8395962715148926,0.6510674953460693,4.060319900512695,-19.905120849609375,1.8115084171295166,10.312341690063477,0
1745923244.5862172,4.833512306213379,0.8448503017425537,0.6492794752120972,4.110068321228027,-19.98375129699707,1.8489986658096313,10.437710762023926,0
1745923244.6000438,4.921771049499512,0.8548846244812012,0.649596095085144,4.174308776855469,-20.05221939086914,1.8874250650405884,10.600561141967773,0
1745923244.6091034,5.0097832679748535,0.8663222789764404,0.651291012763977,4.243971824645996,-20.10997772216797,1.9122635126113892,10.771368026733398,0
1745923244.6184642,5.087514877319336,0.8755218982696533,0.6520546674728394,4.311443328857422,-20.17095947265625,1.9210397005081177,10.926534652709961,0
1745923244.6326058,5.1490092277526855,0.8825399875640869,0.6514773368835449,4.365103721618652,-20.224477767944336,1.9292255640029907,11.04813003540039,0
1745923244.642998,5.1868696212768555,0.8889892101287842,0.6525576114654541,4.405726432800293,-20.246675491333008,1.9192389249801636,11.134142875671387,0
1745923244.6542647,5.205249786376953,0.8939588069915771,0.6522781848907471,4.432367324829102,-20.257652282714844,1.9050530195236206,11.183854103088379,0
1745923244.6624632,5.2176361083984375,0.8963677883148193,0.6493539810180664,4.445989608764648,-20.277835845947266,1.908395767211914,11.20934772491455,0
1745923244.6760576,5.226361274719238,0.8965005874633789,0.6492794752120972,4.454662322998047,-20.28955078125,1.9059137105941772,11.22680377960205,0
1745923244.6838865,5.232753753662109,0.897240400314331,0.6540104150772095,4.460783958435059,-20.274639129638672,1.895918369293213,11.244789123535156,0
1745923244.695703,5.236414432525635,0.8977525234222412,0.6503970623016357,4.468247413635254,-20.295583724975586,1.895167350769043,11.252811431884766,0
1745923244.7105007,5.238842487335205,0.89532470703125,0.6495589017868042,4.472574234008789,-20.31421661376953,1.8880727291107178,11.25629997253418,0
1745923244.7181373,5.233815670013428,0.8971834182739258,0.6507508754730225,4.47132682800293,-20.29683494567871,1.8828045129776,11.253076553344727,0
1745923244.7284436,5.223535060882568,0.8970506191253662,0.6495215892791748,4.463580131530762,-20.290327072143555,1.8833667039871216,11.233687400817871,0
1745923244.7430096,5.208853721618652,0.8910946846008301,0.6509557962417603,4.452187538146973,-20.2918758392334,1.8684940338134766,11.203091621398926,0
1745923244.7532916,5.191573619842529,0.8887996673583984,0.6514959335327148,4.438847541809082,-20.278331756591797,1.8611719608306885,11.170717239379883,0
1745923244.762052,5.176115036010742,0.8867130279541016,0.6525202989578247,4.421238899230957,-20.260011672973633,1.865064024925232,11.136587142944336,0
1745923244.7773597,5.166554927825928,0.885385274887085,0.6519429683685303,4.407634735107422,-20.25214958190918,1.8754955530166626,11.111517906188965,0
1745923244.78346,5.1605610847473145,0.8863906860351562,0.6524831056594849,4.397242546081543,-20.233989715576172,1.8872090578079224,11.096677780151367,0
1745923244.7960649,5.151968479156494,0.8866751194000244,0.6553701162338257,4.3877763748168945,-20.207529067993164,1.8864678144454956,11.081790924072266,0
1745923244.8095553,5.138519763946533,0.8879079818725586,0.6519615650177002,4.37978458404541,-20.201906204223633,1.8889482021331787,11.058174133300781,0
1745923244.8171637,5.1267595291137695,0.8868269920349121,0.6498382091522217,4.370753288269043,-20.201210021972656,1.8898454904556274,11.034177780151367,0
1745923244.8269382,5.114696025848389,0.8833937644958496,0.6509371995925903,4.3578290939331055,-20.1937255859375,1.887532353401184,11.006855964660645,0
1745923244.8426797,5.104604721069336,0.8852524757385254,0.6503783464431763,4.341806411743164,-20.169458389282227,1.9077621698379517,10.98204231262207,0
1745923244.8491285,5.091915130615234,0.887300968170166,0.6507694721221924,4.330583572387695,-20.141653060913086,1.911864995956421,10.960569381713867,0
1745923244.8610065,5.0796427726745605,0.8841333389282227,0.6506763696670532,4.317716598510742,-20.137943267822266,1.9120677709579468,10.932168960571289,0
1745923244.8752158,5.068186283111572,0.8821227550506592,0.6489441394805908,4.301996231079102,-20.134870529174805,1.925168514251709,10.901248931884766,0
1745923244.8826613,5.060105800628662,0.881117582321167,0.6485158205032349,4.291472434997559,-20.127761840820312,1.932315707206726,10.881211280822754,0
1745923244.894537,5.051304340362549,0.8814589977264404,0.6526321172714233,4.2829694747924805,-20.095491409301758,1.92672860622406,10.868364334106445,0
1745923244.907426,5.038956165313721,0.8815348148345947,0.6543084383010864,4.275998115539551,-20.073650360107422,1.9163458347320557,10.850797653198242,0
1745923244.9151974,5.026740550994873,0.8810985088348389,0.6543270349502563,4.266077995300293,-20.059301376342773,1.915002465248108,10.828243255615234,0
1745923244.9262462,5.011641979217529,0.879694938659668,0.6537123918533325,4.239739418029785,-20.037784576416016,1.9430692195892334,10.784788131713867,0
1745923244.9396155,5.005060195922852,0.8793156147003174,0.6502107381820679,4.229839324951172,-20.04291343688965,1.9593087434768677,10.764425277709961,0
1745923244.9488492,5.006027698516846,0.8831090927124023,0.6513655185699463,4.227553367614746,-20.01986312866211,1.9701403379440308,10.76805591583252,0
1745923244.9596865,5.004737854003906,0.8831470012664795,0.6513655185699463,4.225795745849609,-20.017433166503906,1.9716780185699463,10.765046119689941,0
1745923244.974945,4.99751091003418,0.8796379566192627,0.6522409915924072,4.219371795654297,-20.019062042236328,1.9645293951034546,10.748761177062988,0
1745923244.9817433,4.990435600280762,0.8807950019836426,0.6511234045028687,4.210264205932617,-20.00684928894043,1.9759111404418945,10.73261833190918,0
1745923244.9925203,4.979756832122803,0.8826539516448975,0.6490559577941895,4.203046798706055,-19.994434356689453,1.9801610708236694,10.714513778686523,0
1745923245.0089736,4.973155975341797,0.8818950653076172,0.6502480506896973,4.199193000793457,-19.984670639038086,1.9727988243103027,10.704492568969727,0
1745923245.0179715,4.967275619506836,0.8821039199829102,0.6539359092712402,4.191993713378906,-19.957387924194336,1.9702515602111816,10.695308685302734,0
1745923245.025624,4.959707260131836,0.8832798004150391,0.6538428068161011,4.1904449462890625,-19.945667266845703,1.962397575378418,10.687274932861328,0
1745923245.040666,4.947302341461182,0.8835453987121582,0.6513841152191162,4.1890459060668945,-19.945104598999023,1.9490418434143066,10.67127799987793,0
1745923245.0482495,4.927252769470215,0.8852336406707764,0.6470444202423096,4.179561614990234,-19.934690475463867,1.9459835290908813,10.639092445373535,0
1745923245.0611863,4.902480602264404,0.8849680423736572,0.6487579345703125,4.164597511291504,-19.897911071777344,1.9296613931655884,10.600804328918457,0
1745923245.073917,4.876342296600342,0.878746509552002,0.6488696336746216,4.145570755004883,-19.890966415405273,1.9122767448425293,10.549529075622559,0
1745923245.0802603,4.8542633056640625,0.8777222633361816,0.6485717296600342,4.126940727233887,-19.86557388305664,1.9115808010101318,10.507497787475586,0
1745923245.091351,4.832621097564697,0.880643367767334,0.6496891975402832,4.111976623535156,-19.818693161010742,1.907752275466919,10.474929809570312,0
1745923245.1069152,4.813539028167725,0.8812692165374756,0.6504714488983154,4.09793758392334,-19.78629493713379,1.9030890464782715,10.443217277526855,0
1745923245.113121,4.7943243980407715,0.881610631942749,0.6503970623016357,4.0822553634643555,-19.757532119750977,1.9031329154968262,10.408587455749512,0
1745923245.1243508,4.768337726593018,0.8821039199829102,0.6508067846298218,4.064211845397949,-19.718360900878906,1.895128607749939,10.365460395812988,0
1745923245.140481,4.739828586578369,0.878291130065918,0.6499872207641602,4.049342155456543,-19.704967498779297,1.8700937032699585,10.317449569702148,0
1745923245.1458247,4.708910942077637,0.8733594417572021,0.6513841152191162,4.032506942749023,-19.68280792236328,1.8376843929290771,10.266161918640137,0
1745923245.157077,4.6819000244140625,0.8755598068237305,0.6518498659133911,4.014444351196289,-19.633705139160156,1.8304901123046875,10.223753929138184,0
1745923245.1679757,4.655420780181885,0.8780636787414551,0.6509929895401001,3.995795249938965,-19.588912963867188,1.8290886878967285,10.180273056030273,0
1745923245.1793215,4.624407768249512,0.8732266426086426,0.6504528522491455,3.9735002517700195,-19.56989288330078,1.8126912117004395,10.121587753295898,0
1745923245.1899707,4.594248294830322,0.8712918758392334,0.6491676568984985,3.9478225708007812,-19.5383358001709,1.8126202821731567,10.062530517578125,0
1745923245.207788,4.577385902404785,0.8700590133666992,0.6517753601074219,3.9254703521728516,-19.49871826171875,1.8229173421859741,10.024690628051758,0
1745923245.212875,4.580193042755127,0.8704574108123779,0.6499686241149902,3.9180831909179688,-19.501508712768555,1.8499969244003296,10.018701553344727,0
1745923245.22419,4.589544296264648,0.8729991912841797,0.6500617265701294,3.9208602905273438,-19.49930763244629,1.8661600351333618,10.033465385437012,0
1745923245.2347138,4.601873397827148,0.8771152496337891,0.6517194509506226,3.9268693923950195,-19.487539291381836,1.8800147771835327,10.057577133178711,0
1745923245.2452037,4.608246803283691,0.8771910667419434,0.651179313659668,3.930628776550293,-19.4982967376709,1.8849471807479858,10.067245483398438,0
1745923245.2564285,4.606634616851807,0.8771910667419434,0.6509743928909302,3.927946090698242,-19.495634078979492,1.8884519338607788,10.062746047973633,0
1745923245.2683697,4.596107006072998,0.8795242309570312,0.6506204605102539,3.9231090545654297,-19.473281860351562,1.8846906423568726,10.049360275268555,0
1745923245.2784941,4.580989837646484,0.8791828155517578,0.6515331268310547,3.9132843017578125,-19.449357986450195,1.8755589723587036,10.02499008178711,0
1745923245.2890627,4.57334566116333,0.8763184547424316,0.653861403465271,3.902986526489258,-19.436567306518555,1.873693585395813,10.006511688232422,0
1745923245.3006926,4.5708417892456055,0.8752562999725342,0.6506204605102539,3.8969783782958984,-19.44969940185547,1.888038992881775,9.993697166442871,0
1745923245.313069,4.570652008056641,0.8797516822814941,0.6522781848907471,3.894484519958496,-19.41819953918457,1.8981844186782837,9.997166633605957,0
1745923245.3223817,4.577632427215576,0.882805585861206,0.6522781848907471,3.89682674407959,-19.411725997924805,1.9119750261306763,10.009542465209961,0
1745923245.3328574,4.58042049407959,0.8840384483337402,0.6508067846298218,3.900341033935547,-19.41826057434082,1.9149644374847412,10.015606880187988,0
1745923245.343837,4.569836139678955,0.8845887184143066,0.6503225564956665,3.898016929626465,-19.40687370300293,1.9022537469863892,10.002763748168945,0
1745923245.3557518,4.554737567901611,0.8842473030090332,0.6500245332717896,3.89127254486084,-19.39110565185547,1.8888691663742065,9.980281829833984,0
1745923245.366693,4.540796279907227,0.8839437961578369,0.6503970623016357,3.8829965591430664,-19.371566772460938,1.8796961307525635,9.958133697509766,0
1745923245.377557,4.5305914878845215,0.8841903209686279,0.6492049694061279,3.876270294189453,-19.361377716064453,1.8787670135498047,9.94025707244873,0
1745923245.3886144,4.5298895835876465,0.887054443359375,0.6487020254135132,3.8697328567504883,-19.34382438659668,1.8991414308547974,9.935379028320312,0
1745923245.3991275,4.534271240234375,0.8879079818725586,0.6501362323760986,3.870960235595703,-19.337818145751953,1.9030693769454956,9.943275451660156,0
1745923245.4105036,4.5431671142578125,0.8870165348052979,0.648608922958374,3.875760078430176,-19.361236572265625,1.9108941555023193,9.95455265045166,0
1745923245.4212976,4.549597263336182,0.8876993656158447,0.6480687856674194,3.8772716522216797,-19.36744499206543,1.922290563583374,9.962636947631836,0
1745923245.4320972,4.548307418823242,0.8897290229797363,0.6490000486373901,3.8766860961914062,-19.35174560546875,1.922911286354065,9.963722229003906,0
1745923245.4479446,4.552859783172607,0.8895013332366943,0.6482549905776978,3.8733415603637695,-19.35741424560547,1.9405999183654785,9.963956832885742,0
1745923245.4545686,4.5583038330078125,0.8866751194000244,0.6496891975402832,3.8652172088623047,-19.36170768737793,1.9610185623168945,9.959884643554688,0
1745923245.4765475,4.56399393081665,0.8837161064147949,0.6498010158538818,3.857318878173828,-19.373334884643555,1.984201431274414,9.954830169677734,0
1745923245.4799998,4.569855213165283,0.8832228183746338,0.6507322788238525,3.85336971282959,-19.37291145324707,2.001420736312866,9.95718002319336,0
1745923245.487665,4.5694379806518555,0.8859543800354004,0.6525390148162842,3.8477773666381836,-19.34610939025879,2.0145819187164307,9.955708503723145,0
1745923245.498807,4.563804626464844,0.8852524757385254,0.6527625322341919,3.838632583618164,-19.335521697998047,2.0231375694274902,9.940452575683594,0
1745923245.5109253,4.550355911254883,0.8833367824554443,0.6511420011520386,3.823101043701172,-19.327072143554688,2.0335662364959717,9.907936096191406,0
1745923245.5203533,4.528448104858398,0.8817434310913086,0.6493539810180664,3.80690860748291,-19.30980110168457,2.030365467071533,9.866454124450684,0
1745923245.5312095,4.506027698516846,0.8790309429168701,0.650173544883728,3.7875423431396484,-19.281946182250977,2.025312662124634,9.822774887084961,0
1745923245.541961,4.48723030090332,0.8800551891326904,0.6499872207641602,3.768364906311035,-19.24406623840332,2.0364134311676025,9.785637855529785,0
1745923245.5537586,4.462286949157715,0.8776843547821045,0.6506204605102539,3.753476142883301,-19.216699600219727,2.0169577598571777,9.744068145751953,0
1745923245.5645375,4.439563274383545,0.8743457794189453,0.6514586210250854,3.735507011413574,-19.192026138305664,2.006603479385376,9.700874328613281,0
1745923245.5764449,4.4266839027404785,0.8621304035186768,0.6517939567565918,3.7184267044067383,-19.22275161743164,1.9971426725387573,9.659034729003906,0
1745923245.5863476,4.416839599609375,0.8644254207611084,0.6517380475997925,3.70578670501709,-19.19130516052246,2.012550115585327,9.638790130615234,0
1745923245.597182,4.403883934020996,0.866208553314209,0.6507508754730225,3.6975107192993164,-19.167957305908203,2.0126566886901855,9.618353843688965,0
1745923245.6108937,4.3914408683776855,0.8624527454376221,0.6506949663162231,3.693429946899414,-19.171483993530273,1.9905306100845337,9.598018646240234,0
1745923245.621706,4.382165431976318,0.8590006828308105,0.6522595882415771,3.6857213973999023,-19.165122985839844,1.9800177812576294,9.579147338867188,0
1745923245.630803,4.369058609008789,0.8578436374664307,0.6516635417938232,3.668564796447754,-19.14577865600586,1.9943313598632812,9.547130584716797,0
1745923245.6438835,4.353979110717773,0.8580710887908936,0.6514959335327148,3.659287452697754,-19.122835159301758,1.9874974489212036,9.522833824157715,0
1745923245.651762,4.345310688018799,0.8542206287384033,0.6521477699279785,3.64846134185791,-19.120485305786133,1.9870622158050537,9.500141143798828,0
1745923245.6637683,4.3414411544799805,0.8505408763885498,0.6509929895401001,3.643341064453125,-19.136083602905273,1.9871374368667603,9.486316680908203,0
1745923245.6768842,4.339734077453613,0.8529307842254639,0.6503225564956665,3.640544891357422,-19.123329162597656,1.996909260749817,9.483531951904297,0
1745923245.6881979,4.348193645477295,0.8542017936706543,0.6507508754730225,3.6393356323242188,-19.121673583984375,2.018279552459717,9.49248218536377,0
1745923245.6966193,4.364620208740234,0.8525514602661133,0.6500803232192993,3.644115447998047,-19.15296745300293,2.0378243923187256,9.511367797851562,0
1745923245.7090995,4.386775016784668,0.8575589656829834,0.648906946182251,3.6575498580932617,-19.167003631591797,2.062177896499634,9.550790786743164,0
1745923245.7183979,4.414165019989014,0.8605561256408691,0.6497822999954224,3.673647880554199,-19.1879940032959,2.081350088119507,9.598151206970215,0
1745923245.7283905,4.441497802734375,0.8606698513031006,0.648888349533081,3.686476707458496,-19.22853660583496,2.10664439201355,9.637533187866211,0
1745923245.741636,4.4688310623168945,0.8610682487487793,0.6497822999954224,3.7010440826416016,-19.26019859313965,2.1238629817962646,9.68072509765625,0
1745923245.7525942,4.492275714874268,0.8645014762878418,0.6505832672119141,3.718181610107422,-19.27608871459961,2.133378028869629,9.725542068481445,0
1745923245.7614243,4.519039630889893,0.864558219909668,0.650173544883728,3.7296314239501953,-19.31194305419922,2.1590473651885986,9.763402938842773,0
1745923245.77584,4.5490851402282715,0.8644065856933594,0.6503597497940063,3.7437267303466797,-19.350881576538086,2.1827523708343506,9.807578086853027,0
1745923245.784078,4.583929538726807,0.8641979694366455,0.6508998870849609,3.763395309448242,-19.3970947265625,2.20133376121521,9.862422943115234,0
1745923245.7947989,4.619343280792236,0.8682191371917725,0.6508439779281616,3.7856340408325195,-19.428138732910156,2.2241714000701904,9.924039840698242,0
1745923245.8092005,4.656008720397949,0.87235426902771,0.6487207412719727,3.807929039001465,-19.469194412231445,2.2539761066436768,9.985013008117676,0
1745923245.8188632,4.6916117668151855,0.8769066333770752,0.6484227180480957,3.8294124603271484,-19.497568130493164,2.279867172241211,10.046354293823242,0
1745923245.8283725,4.723573207855225,0.8806812763214111,0.6499872207641602,3.8535594940185547,-19.519678115844727,2.286834239959717,10.10780143737793,0
1745923245.8446574,4.757506847381592,0.8867130279541016,0.6495774984359741,3.875363349914551,-19.53988265991211,2.3113861083984375,10.169160842895508,0
1745923245.849909,4.786850929260254,0.8940727710723877,0.6476776599884033,3.895636558532715,-19.555553436279297,2.33658504486084,10.224237442016602,0
1745923245.8615935,4.804529190063477,0.8999338150024414,0.6506949663162231,3.9121313095092773,-19.542537689208984,2.33502459526062,10.267289161682129,0
1745923245.8758528,4.814107894897461,0.8974490165710449,0.6512724161148071,3.9207658767700195,-19.566335678100586,2.3269968032836914,10.283595085144043,0
1745923245.8830175,4.820083141326904,0.8950400352478027,0.6489255428314209,3.9246015548706055,-19.596363067626953,2.3300929069519043,10.288650512695312,0
1745923245.8937333,4.825469970703125,0.8949263095855713,0.6497265100479126,3.9285125732421875,-19.60077476501465,2.3289783000946045,10.298635482788086,0
1745923245.908296,4.838918209075928,0.8951728343963623,0.6498755216598511,3.9355220794677734,-19.615602493286133,2.3375725746154785,10.319488525390625,0
1745923245.9278507,4.866706848144531,0.8958747386932373,0.6500245332717896,3.94500732421875,-19.641860961914062,2.3672008514404297,10.357613563537598,0
1745923245.9409125,4.908076286315918,0.8980751037597656,0.7896559238433838,3.9629383087158203,-19.04884910583496,2.0953915119171143,10.558745384216309,0
1745923245.9419203,4.9508490562438965,0.9022290706634521,91.30754852294922,3.985687255859375,23.052255630493164,-18.56956672668457,101.14631652832031,0
1745923245.9491405,4.988102912902832,0.9061932563781738,0.6502852439880371,4.000216484069824,-19.73404884338379,2.477020740509033,10.544797897338867,0
1745923245.9601297,5.0159478187561035,0.9087162017822266,0.6495401859283447,4.007528305053711,-19.753490447998047,2.5156097412109375,10.581732749938965,0
1745923245.9746826,5.035921573638916,0.9108974933624268,0.6492608785629272,4.016674041748047,-19.76755714416504,2.5345511436462402,10.612754821777344,0
1745923245.982924,5.051797866821289,0.9074263572692871,0.6517939567565918,4.020716667175293,-19.78719711303711,2.5415406227111816,10.631734848022461,0
1745923246.0093756,5.056273937225342,0.9057190418243408,0.6497077941894531,4.016768455505371,-19.80466079711914,2.5597152709960938,10.628469467163086,0
1745923246.012477,5.05115270614624,0.9063451290130615,0.6480501890182495,4.006867408752441,-19.797706604003906,2.577563762664795,10.612415313720703,0
1745923246.0160627,5.043394565582275,0.9040689468383789,0.6480501890182495,3.9941329956054688,-19.792104721069336,2.588460683822632,10.58964729309082,0
1745923246.0256093,5.044551849365234,0.9021151065826416,0.6486462354660034,3.9847421646118164,-19.791854858398438,2.606682300567627,10.580055236816406,0
1745923246.042631,5.043565273284912,0.9027411937713623,0.652594804763794,3.9789981842041016,-19.76596450805664,2.610063076019287,10.577898979187012,0
1745923246.0477307,5.039184093475342,0.9015841484069824,0.653861403465271,3.968813896179199,-19.754112243652344,2.6203527450561523,10.563444137573242,0
1745923246.058539,5.0452728271484375,0.9001615047454834,0.6529301404953003,3.959254264831543,-19.762048721313477,2.651947498321533,10.557619094848633,0
1745923246.0749347,5.064070224761963,0.8964626789093018,0.6542153358459473,3.9564380645751953,-19.78540802001953,2.681579113006592,10.571186065673828,0
1745923246.0822868,5.084441661834717,0.8989665508270264,0.6534329652786255,3.957818031311035,-19.79450798034668,2.719794750213623,10.594658851623535,0
1745923246.09193,5.108664035797119,0.8984732627868652,0.6511234045028687,3.960935592651367,-19.828248977661133,2.758838176727295,10.619195938110352,0
1745923246.1083302,5.141365051269531,0.9030635356903076,0.6510862112045288,3.965696334838867,-19.836538314819336,2.8121166229248047,10.661211013793945,0
1745923246.1136253,5.169627666473389,0.9031205177307129,0.6516263484954834,3.976787567138672,-19.8638916015625,2.8343663215637207,10.701162338256836,0
1745923246.1268923,5.185162544250488,0.9009771347045898,0.654159426689148,3.983778953552246,-19.879241943359375,2.8358826637268066,10.724078178405762,0
1745923246.1427064,5.193394660949707,0.900047779083252,0.6540476083755493,3.982172966003418,-19.88890266418457,2.8520617485046387,10.729662895202637,0
1745923246.147139,5.195178031921387,0.8978095054626465,0.6488696336746216,3.9773168563842773,-19.91971206665039,2.873619318008423,10.719173431396484,0
1745923246.158049,5.190568447113037,0.896045446395874,0.6481246948242188,3.9735193252563477,-19.924592971801758,2.8729569911956787,10.708257675170898,0
1745923246.176718,5.189809799194336,0.8983974456787109,0.6503411531448364,3.9652814865112305,-19.89735221862793,2.889085292816162,10.703829765319824,0
1745923246.1807635,5.192086219787598,0.8994028568267822,0.6495589017868042,3.961956024169922,-19.89556121826172,2.903806209564209,10.703003883361816,0
1745923246.1910048,5.1946845054626465,0.8996872901916504,0.648627519607544,3.966188430786133,-19.903623580932617,2.901310443878174,10.709187507629395,0
1745923246.202695,5.1946845054626465,0.9016599655151367,0.6497077941894531,3.9671707153320312,-19.890716552734375,2.900041103363037,10.71322250366211,0
1745923246.2134404,5.191915512084961,0.9005978107452393,0.6498010158538818,3.9626550674438477,-19.889530181884766,2.903435707092285,10.70496940612793,0
1745923246.2237885,5.193622589111328,0.8991372585296631,0.6523340940475464,3.9540576934814453,-19.879505157470703,2.917402505874634,10.699151992797852,0
1745923246.2405672,5.20348596572876,0.9004650115966797,0.6526507139205933,3.953641891479492,-19.879316329956055,2.9365181922912598,10.710243225097656,0
1745923246.2459805,5.215777397155762,0.9025514125823975,0.6503225564956665,3.9565515518188477,-19.89190673828125,2.9594366550445557,10.725202560424805,0
1745923246.2580705,5.232298374176025,0.9062693119049072,0.6496891975402832,3.9607086181640625,-19.89375877380371,2.9855496883392334,10.748966217041016,0
1745923246.2692192,5.248440265655518,0.9105749130249023,0.647919774055481,3.9707040786743164,-19.902151107788086,3.00141978263855,10.777639389038086,0
1745923246.2796047,5.2621541023254395,0.9110870361328125,0.6492235660552979,3.984553337097168,-19.914756774902344,2.9914591312408447,10.807018280029297,0
1745923246.2901545,5.277328968048096,0.9123201370239258,0.6495215892791748,3.995342254638672,-19.927356719970703,2.99418044090271,10.834512710571289,0
1745923246.308556,5.287666320800781,0.91522216796875,0.6519988775253296,4.002786636352539,-19.916833877563477,2.9942104816436768,10.857673645019531,0
1745923246.3139246,5.299654483795166,0.9167017936706543,0.6524645090103149,4.009305000305176,-19.92201805114746,3.001098155975342,10.87812614440918,0
1745923246.3230493,5.315246105194092,0.9193382263183594,0.6515331268310547,4.010381698608398,-19.926876068115234,3.0308871269226074,10.896499633789062,0
1745923246.3339863,5.325811386108398,0.9233784675598145,0.6495215892791748,4.012101173400879,-19.92705535888672,3.055583953857422,10.910812377929688,0
1745923246.3458405,5.328087329864502,0.9216713905334473,0.6492421627044678,4.004184722900391,-19.931608200073242,3.0746026039123535,10.903185844421387,0
1745923246.3559422,5.322378158569336,0.9196987152099609,0.652166485786438,3.9968719482421875,-19.917776107788086,3.0716607570648193,10.891115188598633,0
1745923246.3676922,5.3168206214904785,0.9215764999389648,0.6525576114654541,3.9897871017456055,-19.898391723632812,3.080406427383423,10.880742073059082,0
1745923246.3794947,5.313595771789551,0.9207417964935303,0.6535447835922241,3.987746238708496,-19.893796920776367,3.076050043106079,10.875629425048828,0
1745923246.389293,5.3144683837890625,0.9240233898162842,0.6523712873458862,3.990713119506836,-19.887378692626953,3.0789248943328857,10.881576538085938,0
1745923246.399815,5.317370414733887,0.92728590965271,0.6514028310775757,3.991260528564453,-19.879859924316406,3.090003490447998,10.887319564819336,0
1745923246.413752,5.317863464355469,0.9307570457458496,0.6499500274658203,3.986952781677246,-19.86813735961914,3.109273910522461,10.885522842407227,0
1745923246.4220393,5.295955657958984,0.9330332279205322,0.6497265100479126,3.9711761474609375,-19.830835342407227,3.1124558448791504,10.849891662597656,0
1745923246.4338074,5.250432014465332,0.9289929866790771,0.6502480506896973,3.9431934356689453,-19.79071617126465,3.0916244983673096,10.772867202758789,0
1745923246.4441838,5.191061496734619,0.9244027137756348,0.6495401859283447,3.9032697677612305,-19.73804473876953,3.07601261138916,10.66827392578125,0
1745923246.4559865,5.108209133148193,0.9212160110473633,0.6510488986968994,3.8555431365966797,-19.643253326416016,3.035255193710327,10.536017417907715,0
1745923246.4771721,5.002860069274902,0.9145772457122803,0.6490931510925293,3.7966489791870117,-19.55031967163086,2.9822511672973633,10.363180160522461,0
1745923246.4792173,4.875166416168213,0.904334545135498,0.6506949663162231,3.7222061157226562,-19.422555923461914,2.909518241882324,10.1524019241333,0
1745923246.488516,4.735504150390625,0.8809468746185303,0.6514586210250854,3.639449119567871,-19.338287353515625,2.8096702098846436,9.90735912322998,0
1745923246.5103052,4.582014083862305,0.868598461151123,0.6511234045028687,3.548358917236328,-19.18097496032715,2.722639560699463,9.650094985961914,0
1745923246.5113134,4.410674571990967,0.8524186611175537,0.6507508754730225,3.4502792358398438,-19.010639190673828,2.606043815612793,9.364123344421387,0
1745923246.526756,4.2197794914245605,0.8374907970428467,0.6520546674728394,3.347078323364258,-18.789440155029297,2.4536094665527344,9.056403160095215,0
1745923246.534351,4.014013290405273,0.8249719142913818,0.6516635417938232,3.2378129959106445,-18.52621078491211,2.2844443321228027,8.728462219238281,0
1745923246.5463336,3.8037514686584473,0.8104422092437744,0.6521291732788086,3.123936653137207,-18.238203048706055,2.097752571105957,8.390259742736816,0
1745923246.5537126,3.5929393768310547,0.7901842594146729,0.6512538194656372,3.0078306198120117,-17.962888717651367,1.8906276226043701,8.042207717895508,0
1745923246.5652544,3.3989524841308594,0.774118185043335,0.6494470834732056,2.9032697677612305,-17.681354522705078,1.686227798461914,7.72578763961792,0
1745923246.5807135,3.229870319366455,0.7617509365081787,0.6481804847717285,2.812161922454834,-17.404651641845703,1.497169852256775,7.451963901519775,0
1745923246.5867624,3.0903029441833496,0.744300365447998,0.6453866958618164,2.7291407585144043,-17.205013275146484,1.3401883840560913,7.209130764007568,0
1745923246.6001227,2.9704813957214355,0.7321796417236328,0.6417546272277832,2.6542434692382812,-17.006420135498047,1.2202225923538208,6.998659133911133,0
1745923246.6105223,2.866933822631836,0.7192623615264893,0.6388490200042725,2.5906076431274414,-16.84123992919922,1.099165439605713,6.815652847290039,0
1745923246.6198795,2.7815966606140137,0.6987009048461914,0.6382529735565186,2.5351529121398926,-16.74770736694336,0.9685922861099243,6.653703212738037,0
1745923246.6315913,2.7089486122131348,0.687471866607666,0.635999321937561,2.4834389686584473,-16.625539779663086,0.8926879167556763,6.5158586502075195,0
1745923246.6434407,2.641573429107666,0.6806433200836182,0.6350307464599609,2.437129020690918,-16.477725982666016,0.8212209939956665,6.394376754760742,0
1745923246.6542552,2.5876851081848145,0.672335147857666,0.6303743124008179,2.3942012786865234,-16.391977310180664,0.7867387533187866,6.284595966339111,0
1745923246.6639347,2.54679012298584,0.6618268489837646,0.6264628171920776,2.35866117477417,-16.35207748413086,0.7577569484710693,6.1937408447265625,0
1745923246.6757388,2.516535758972168,0.6543533802032471,0.6259785890579224,2.3320765495300293,-16.301639556884766,0.7292473316192627,6.128944396972656,0
1745923246.687079,2.5027270317077637,0.6494596004486084,0.6263883113861084,2.3092522621154785,-16.263877868652344,0.7469770312309265,6.087827205657959,0
1745923246.697826,2.503485679626465,0.6476008892059326,0.6240042448043823,2.2952895164489746,-16.269287109375,0.8018684983253479,6.070380210876465,0
1745923246.710028,2.5209364891052246,0.6488525867462158,0.6204094886779785,2.288827896118164,-16.30755615234375,0.9000759720802307,6.079026222229004,0
1745923246.7187476,2.544760227203369,0.6503322124481201,0.6207634210586548,2.290036678314209,-16.342185974121094,0.9777672290802002,6.105892658233643,0
1745923246.729815,2.569380760192871,0.6497821807861328,0.6206516027450562,2.2963666915893555,-16.40576934814453,1.03403639793396,6.136181354522705,0
1745923246.7423575,2.595841407775879,0.6478662490844727,0.622532844543457,2.2999753952026367,-16.46255874633789,1.093894124031067,6.166215896606445,0
1745923246.7524788,2.625962734222412,0.6520583629608154,0.6236317157745361,2.307514190673828,-16.49464988708496,1.173165202140808,6.209167003631592,0
1745923246.7639856,2.6591758728027344,0.6525514125823975,0.6241718530654907,2.3162431716918945,-16.564477920532227,1.247182011604309,6.252142429351807,0
1745923246.7781112,2.7017407417297363,0.6542205810546875,0.625810980796814,2.3297715187072754,-16.642749786376953,1.332154631614685,6.311543941497803,0
1745923246.7852013,2.751664638519287,0.659531831741333,0.6270216703414917,2.3488926887512207,-16.719940185546875,1.4311513900756836,6.387110710144043,0
1745923246.7958777,2.8043394088745117,0.6626424789428711,0.627915620803833,2.3689393997192383,-16.819141387939453,1.5273690223693848,6.463836669921875,0
1745923246.8079832,2.858664035797119,0.6666827201843262,0.6311565637588501,2.3899121284484863,-16.89789581298828,1.6176550388336182,6.546415328979492,0
1745923246.8181717,2.91524600982666,0.669471025466919,0.6322182416915894,2.4147772789001465,-17.0081787109375,1.7027502059936523,6.631712436676025,0
1745923246.8300347,2.9721884727478027,0.674213171005249,0.6332799196243286,2.4445924758911133,-17.111148834228516,1.7755249738693237,6.724274158477783,0
1745923246.8424451,3.0252041816711426,0.6789741516113281,0.6363531351089478,2.470855236053467,-17.186002731323242,1.840502142906189,6.811386585235596,0
1745923246.852284,3.0796995162963867,0.6821038722991943,0.6372286081314087,2.494945526123047,-17.28302001953125,1.9179372787475586,6.893977642059326,0
1745923246.8621964,3.1454434394836426,0.6873390674591064,0.6343787908554077,2.5284829139709473,-17.419673919677734,2.0110135078430176,6.9956440925598145,0
1745923246.8767953,3.2185463905334473,0.6936933994293213,0.635440468788147,2.569030284881592,-17.541305541992188,2.0884861946105957,7.116710662841797,0
1745923246.8839562,3.2969608306884766,0.7109165191650391,0.6342670917510986,2.6157937049865723,-17.620981216430664,2.1926541328430176,7.257937908172607,0
1745923246.8952966,3.3794913291931152,0.7178208827972412,0.6347886323928833,2.6639552116394043,-17.75857925415039,2.267415761947632,7.396055698394775,0
1745923246.9119563,3.4617371559143066,0.7285377979278564,0.6392960548400879,2.710813045501709,-17.841537475585938,2.3398656845092773,7.540384292602539,0
1745923246.916553,3.545670986175537,0.7423086166381836,0.6390911340713501,2.7599759101867676,-17.936527252197266,2.4283926486968994,7.687046527862549,0
1745923246.9278233,3.6338915824890137,0.7510910034179688,0.640692949295044,2.809781551361084,-18.05292320251465,2.5045979022979736,7.8354573249816895,0
1745923246.9416435,3.723022937774658,0.7561743259429932,0.6411027908325195,2.8605127334594727,-18.19554328918457,2.572322130203247,7.980813026428223,0
1745923246.9508445,3.808910846710205,0.7699263095855713,0.6392401456832886,2.9156265258789062,-18.297983169555664,2.64373779296875,8.13370418548584,0
1745923246.9617789,3.8914408683776855,0.783355712890625,0.642257571220398,2.9683990478515625,-18.36451530456543,2.6971287727355957,8.285453796386719,0
1745923246.9753163,3.966554641723633,0.7889134883880615,0.6425555944442749,3.017637252807617,-18.474632263183594,2.733092784881592,8.415660858154297,0
1745923246.982944,4.027139186859131,0.792346715927124,0.6440269947052002,3.0613021850585938,-18.564380645751953,2.7446093559265137,8.52481460571289,0
1745923246.9946365,4.086528301239014,0.7992510795593262,0.6443436145782471,3.0985803604125977,-18.631118774414062,2.7814102172851562,8.628703117370605,0
1745923247.0088503,4.147643566131592,0.8060035705566406,0.6443995237350464,3.138315200805664,-18.70292854309082,2.814624309539795,8.73636245727539,0
1745923247.0149338,4.203599452972412,0.8218419551849365,0.6452748775482178,3.1764631271362305,-18.71358871459961,2.8571555614471436,8.847179412841797,0
1745923247.026926,4.2569379806518555,0.8268496990203857,0.6453307867050171,3.2125511169433594,-18.780010223388672,2.8791069984436035,8.941669464111328,0
1745923247.041743,4.309650421142578,0.8316106796264648,0.6466718912124634,3.2472219467163086,-18.837589263916016,2.8991994857788086,9.035154342651367,0
1745923247.0487475,4.364108085632324,0.8371872901916504,0.6473051309585571,3.2782459259033203,-18.89153289794922,2.935365915298462,9.126846313476562,0
1745923247.0593426,4.4155497550964355,0.8431811332702637,0.6474727392196655,3.3433942794799805,-18.975109100341797,2.878518581390381,9.249597549438477,0
1745923247.0758355,4.465378761291504,0.8472213745117188,0.6479756832122803,3.374795913696289,-19.030776977539062,2.901479959487915,9.335371971130371,0
1745923247.0830312,4.511831760406494,0.8523428440093994,0.6484227180480957,3.4043092727661133,-19.075321197509766,2.9245591163635254,9.416906356811523,0
1745923247.093799,4.55589485168457,0.8566296100616455,0.6486462354660034,3.4303836822509766,-19.118900299072266,2.9503469467163086,9.491554260253906,0
1745923247.1083853,4.59978723526001,0.8589627742767334,0.6464669704437256,3.4519224166870117,-19.178945541381836,2.98913311958313,9.55713939666748,0
1745923247.1145458,4.643242835998535,0.8589437007904053,0.6490000486373901,3.473613739013672,-19.22632598876953,3.0100393295288086,9.624800682067871,0
1745923247.125479,4.679851531982422,0.8648996353149414,0.6473796367645264,3.4975337982177734,-19.26000213623047,3.033808469772339,9.689664840698242,0
1745923247.1435423,4.715948104858398,0.8751804828643799,0.6478266716003418,3.517958641052246,-19.258668899536133,3.0677943229675293,9.756914138793945,0
1745923247.147659,4.756710529327393,0.8772289752960205,0.6501362323760986,3.539271354675293,-19.292943954467773,3.0880696773529053,9.823347091674805,0
1745923247.1584475,4.802822113037109,0.8816297054290771,0.6483854055404663,3.5685386657714844,-19.34657096862793,3.1125051975250244,9.901376724243164,0
1745923247.175254,4.855041027069092,0.8904118537902832,0.6477148532867432,3.6024723052978516,-19.382734298706055,3.141428232192993,9.99563980102539,0
1745923247.1804938,4.905704975128174,0.896519660949707,0.6506763696670532,3.6336669921875,-19.410062789916992,3.160193920135498,10.086567878723145,0
1745923247.1921494,4.949312686920166,0.9014513492584229,0.6512538194656372,3.6618194580078125,-19.445011138916016,3.177098512649536,10.163837432861328,0
1745923247.2084734,4.980515480041504,0.906914234161377,0.6495215892791748,3.686873435974121,-19.474777221679688,3.1858649253845215,10.223824501037598,0
1745923247.214287,5.001133918762207,0.9084506034851074,0.6500990390777588,3.702744483947754,-19.49530792236328,3.185558557510376,10.262428283691406,0
1745923247.225151,5.019172668457031,0.9113526344299316,0.6499500274658203,3.7145156860351562,-19.50723648071289,3.194490671157837,10.294990539550781,0
1745923247.2446873,5.039866924285889,0.9158291816711426,0.6493911743164062,3.7321062088012695,-19.520681381225586,3.1979832649230957,10.337193489074707,0
1745923247.2467139,5.066555023193359,0.9160757064819336,0.6484972238540649,3.753324508666992,-19.562763214111328,3.1967973709106445,10.384452819824219,0
1745923247.25775,5.098914623260498,0.9204385280609131,0.6504901647567749,3.781609535217285,-19.582796096801758,3.1892521381378174,10.451452255249023,0
1745923247.2688165,5.13353157043457,0.9305675029754639,0.6499872207641602,3.807645797729492,-19.587783813476562,3.206296443939209,10.521732330322266,0
1745923247.27909,5.166668891906738,0.9329953193664551,0.6500617265701294,3.829033851623535,-19.61988639831543,3.2170069217681885,10.578760147094727,0
1745923247.2904801,5.204225540161133,0.9329383373260498,0.6517566442489624,3.8469457626342773,-19.656259536743164,3.235062599182129,10.635866165161133,0
1745923247.308478,5.247435092926025,0.9364855289459229,0.6503597497940063,3.869222640991211,-19.69773292541504,3.265390157699585,10.703502655029297,0
1745923247.3125663,5.287438869476318,0.9395394325256348,0.6502666473388672,3.895977020263672,-19.736072540283203,3.2762184143066406,10.773221969604492,0
1745923247.3236878,5.325090408325195,0.9392926692962646,0.6504156589508057,3.9207658767700195,-19.784122467041016,3.2815310955047607,10.835564613342285,0
1745923247.334692,5.358929634094238,0.9432191848754883,0.6504528522491455,3.946141242980957,-19.811382293701172,3.2863106727600098,10.89874267578125,0
1745923247.3461032,5.3883490562438965,0.948340654373169,0.6510488986968994,3.9724044799804688,-19.828044891357422,3.282618999481201,10.960143089294434,0
1745923247.356566,5.415947914123535,0.9518306255340576,0.651160717010498,3.995889663696289,-19.85030174255371,3.280604124069214,11.014829635620117,0
1745923247.3674788,5.448800563812256,0.9542396068572998,0.650192141532898,4.015671730041504,-19.882829666137695,3.2957818508148193,11.068903923034668,0
1745923247.3792417,5.48569393157959,0.9550552368164062,0.6500803232192993,4.038307189941406,-19.923219680786133,3.3065993785858154,11.12913703918457,0
1745923247.3899856,5.530041217803955,0.95475172996521,0.6493725776672363,4.067291259765625,-19.980422973632812,3.3148107528686523,11.201456069946289,0
1745923247.40127,5.574616432189941,0.9661517143249512,0.651291012763977,4.1000165939331055,-19.978729248046875,3.3278801441192627,11.292076110839844,0
1745923247.4124649,5.613671779632568,0.969433069229126,0.6543643474578857,4.129586219787598,-20.00033187866211,3.3238368034362793,11.367055892944336,0
1745923247.4226782,5.645044803619385,0.9735302925109863,0.6503225564956665,4.155017852783203,-20.03987693786621,3.333176612854004,11.42391586303711,0
1745923247.4346356,5.676645755767822,0.9762234687805176,0.6491676568984985,4.177558898925781,-20.07098388671875,3.340622901916504,11.479595184326172,0
1745923247.444777,5.704794883728027,0.9791069030761719,0.6483854055404663,4.199589729309082,-20.09672737121582,3.343294143676758,11.531877517700195,0
1745923247.4553576,5.7346882820129395,0.9853663444519043,0.6492235660552979,4.217406272888184,-20.099809646606445,3.35919451713562,11.586684226989746,0
1745923247.4669807,5.766573905944824,0.9897289276123047,0.650881290435791,4.242215156555176,-20.113401412963867,3.3587429523468018,11.649398803710938,0
1745923247.4770916,5.800394058227539,0.9931621551513672,0.6513469219207764,4.272237777709961,-20.14035987854004,3.3514485359191895,11.717141151428223,0
1745923247.4889374,5.837609767913818,0.996178150177002,0.6508253812789917,4.301410675048828,-20.17444610595703,3.352494955062866,11.78602409362793,0
1745923247.4990814,5.872188568115234,0.9987959861755371,0.6516821384429932,4.326067924499512,-20.199438095092773,3.3554577827453613,11.848734855651855,0
1745923247.5120037,5.906938076019287,1.0012049674987793,0.6493539810180664,4.352633476257324,-20.239269256591797,3.360942840576172,11.910130500793457,0
1745923247.522471,5.9413652420043945,1.005396842956543,0.6514586210250854,4.377762794494629,-20.252500534057617,3.3624253273010254,11.975983619689941,0
1745923247.5324712,5.978618621826172,1.0103282928466797,0.6526693105697632,4.400265693664551,-20.266338348388672,3.376237154006958,12.041881561279297,0
1745923247.5444393,6.017124176025391,1.0188260078430176,0.6522036790847778,4.424280166625977,-20.274246215820312,3.397235631942749,12.112434387207031,0
1745923247.5542262,6.049502372741699,1.0224871635437012,0.6519243717193604,4.450695037841797,-20.298147201538086,3.396969795227051,12.174609184265137,0
1745923247.5649512,6.077556610107422,1.0227336883544922,0.6512724161148071,4.473783493041992,-20.331968307495117,3.392944812774658,12.225345611572266,0
1745923247.577646,6.103732585906982,1.0264701843261719,0.6522781848907471,4.489956855773926,-20.339752197265625,3.401714324951172,12.272438049316406,0
1745923247.5869324,6.124483585357666,1.030756950378418,0.652874231338501,4.504373550415039,-20.34246063232422,3.407747507095337,12.312488555908203,0
1745923247.5985801,6.142730712890625,1.031951904296875,0.6523526906967163,4.519129753112793,-20.36029624938965,3.4073092937469482,12.34616470336914,0
1745923247.6109283,6.1586833000183105,1.029372215270996,0.6505832672119141,4.531713485717773,-20.394922256469727,3.4049909114837646,12.370351791381836,0
1745923247.6219034,6.167522430419922,1.0302448272705078,0.6498755216598511,4.53981876373291,-20.404678344726562,3.4042108058929443,12.38746166229248,0
1745923247.631281,6.174255847930908,1.0326728820800781,0.6484785079956055,4.546960830688477,-20.409151077270508,3.4059040546417236,12.402368545532227,0
1745923247.6433408,6.1778788566589355,1.034512996673584,0.6482363939285278,4.553272247314453,-20.40899658203125,3.401715040206909,12.413900375366211,0
1745923247.653866,6.175773620605469,1.0353851318359375,0.6492608785629272,4.554594039916992,-20.401121139526367,3.395354747772217,12.415014266967773,0
1745923247.664585,6.173497200012207,1.0367889404296875,0.6489441394805908,4.556446075439453,-20.396625518798828,3.391101360321045,12.41567611694336,0
1745923247.677697,6.164202690124512,1.0368080139160156,0.6500058174133301,4.555841445922852,-20.38633918762207,3.37703800201416,12.406858444213867,0
1745923247.6872566,6.151152610778809,1.0345697402954102,0.6492980718612671,4.553234100341797,-20.388227462768555,3.3618125915527344,12.388254165649414,0
1745923247.6974618,6.132772445678711,1.0376992225646973,0.6510303020477295,4.548699378967285,-20.3551082611084,3.3455862998962402,12.370201110839844,0
1745923247.7113092,6.112969875335693,1.0384769439697266,0.6515704393386841,4.543825149536133,-20.33466911315918,3.326930046081543,12.346841812133789,0
1745923247.7191398,6.0876665115356445,1.0334506034851074,0.6521291732788086,4.538137435913086,-20.332910537719727,3.2935256958007812,12.311384201049805,0
1745923247.7317116,6.066403388977051,1.0304155349731445,0.6478080749511719,4.52957820892334,-20.343250274658203,3.2839670181274414,12.274205207824707,0
1745923247.7436593,6.0384063720703125,1.0291447639465332,0.646914005279541,4.51871395111084,-20.32748031616211,3.264922857284546,12.233179092407227,0
1745923247.7530413,6.0095744132995605,1.0287466049194336,0.6478825807571411,4.50701904296875,-20.29972267150879,3.2437539100646973,12.193222045898438,0
1745923247.764552,5.979737758636475,1.0261669158935547,0.6479569673538208,4.491997718811035,-20.2812442779541,3.226198434829712,12.145858764648438,0
1745923247.7764099,5.948459148406982,1.022221565246582,0.650303840637207,4.453925132751465,-20.243301391601562,3.2460274696350098,12.074909210205078,0
1745923247.7856588,5.916251182556152,1.0212349891662598,0.6499500274658203,4.434747695922852,-20.215526580810547,3.2363967895507812,12.022184371948242,0
1745923247.7969584,5.88303804397583,1.013495922088623,0.6512165069580078,4.412263870239258,-20.205368041992188,3.2185683250427246,11.960014343261719,0
1745923247.811128,5.847966194152832,1.0086779594421387,0.6523900032043457,4.393123626708984,-20.184627532958984,3.195533037185669,11.9021577835083,0
1745923247.818282,5.812798976898193,1.0066108703613281,0.6502852439880371,4.3737382888793945,-20.165597915649414,3.1834614276885986,11.843433380126953,0
1745923247.8295434,5.777727127075195,1.0017738342285156,0.6489255428314209,4.350517272949219,-20.15216636657715,3.17356276512146,11.77894401550293,0
1745923247.8430169,5.739582061767578,0.9976387023925781,0.6489814519882202,4.327201843261719,-20.127761840820312,3.157219409942627,11.713403701782227,0
1745923247.8512046,5.69938850402832,0.9952106475830078,0.6505832672119141,4.306682586669922,-20.09015464782715,3.1311724185943604,11.651865005493164,0
1745923247.8620446,5.666706562042236,0.9897670745849609,0.6541780233383179,4.290640830993652,-20.064599990844727,3.0983400344848633,11.601292610168457,0
1745923247.8761508,5.644912242889404,0.9869217872619629,0.6539173126220703,4.277868270874023,-20.053789138793945,3.0873568058013916,11.563619613647461,0
1745923247.8841522,5.622416019439697,0.988837718963623,0.650881290435791,4.267533302307129,-20.03582763671875,3.0833168029785156,11.529668807983398,0
1745923247.8954,5.594969272613525,0.9887046813964844,0.6498755216598511,4.25852108001709,-20.015321731567383,3.061312675476074,11.492071151733398,0
1745923247.909287,5.563387393951416,0.9866371154785156,0.6502666473388672,4.244198799133301,-19.99032974243164,3.037858247756958,11.444490432739258,0
1745923247.9175231,5.531217098236084,0.9836783409118652,0.6495589017868042,4.227439880371094,-19.971372604370117,3.019324779510498,11.391894340515137,0
1745923247.928172,5.5104660987854,0.982691764831543,0.6514028310775757,4.219806671142578,-19.94770050048828,2.9971675872802734,11.364367485046387,0
1745923247.9398975,5.507450103759766,0.9832987785339355,0.6518125534057617,4.223263740539551,-19.943721771240234,2.9851877689361572,11.365825653076172,0
1745923247.950094,5.50853157043457,0.9867129325866699,0.652576208114624,4.233939170837402,-19.9344482421875,2.9681971073150635,11.381759643554688,0
1745923247.9607067,5.510181427001953,0.9894824028015137,0.6518498659133911,4.2421770095825195,-19.932851791381836,2.95939040184021,11.39369010925293,0
1745923247.9767723,5.509346961975098,0.9877185821533203,0.6503225564956665,4.243443489074707,-19.947006225585938,2.9558238983154297,11.390830993652344,0
1745923247.9841816,5.502613544464111,0.9880409240722656,0.6494656801223755,4.243877410888672,-19.944801330566406,2.946552276611328,11.383996963500977,0
1745923247.9937856,5.492939472198486,0.9911704063415527,0.6513841152191162,4.247618675231934,-19.919342041015625,2.9242656230926514,11.383112907409668,0
1745923248.0094585,5.487818241119385,0.9925551414489746,0.6516821384429932,4.252285957336426,-19.911935806274414,2.9078989028930664,11.3843412399292,0
1745923248.01774,5.480705261230469,0.9949264526367188,0.6508439779281616,4.256782531738281,-19.903623580932617,2.8926782608032227,11.383258819580078,0
1745923248.0275662,5.476759910583496,0.9964437484741211,0.6487020254135132,4.260749816894531,-19.906269073486328,2.8849844932556152,11.38265609741211,0
1745923248.0425444,5.47402811050415,0.9987010955810547,0.648199200630188,4.264283180236816,-19.899456024169922,2.8778722286224365,11.385211944580078,0
1745923248.0487974,5.46964693069458,1.0005216598510742,0.6477148532867432,4.267646789550781,-19.893108367919922,2.867758274078369,11.385530471801758,0
1745923248.07539,5.464430332183838,1.000218391418457,0.6463924646377563,4.266116142272949,-19.895145416259766,2.8649463653564453,11.377157211303711,0
1745923248.07539,5.466668605804443,0.9984164237976074,0.6486648321151733,4.268856048583984,-19.896709442138672,2.8551321029663086,11.382606506347656,0
1745923248.0819793,5.470993518829346,0.998530387878418,0.6488696336746216,4.27490234375,-19.902746200561523,2.849113702774048,11.393295288085938,0
1745923248.0933304,5.478903293609619,1.0005407333374023,0.6492421627044678,4.280475616455078,-19.90230941772461,2.852466106414795,11.409161567687988,0
1745923248.1108468,5.486907482147217,1.0034241676330566,0.6504156589508057,4.2848405838012695,-19.894065856933594,2.8581979274749756,11.42558765411377,0
1745923248.115932,5.490701198577881,1.0034427642822266,0.6489814519882202,4.288959503173828,-19.90561294555664,2.8586440086364746,11.432085037231445,0
1745923248.1265967,5.49955940246582,1.0057001113891602,0.6475472450256348,4.292776107788086,-19.9111270904541,2.8712961673736572,11.44558334350586,0
1745923248.1433015,5.513254642486572,1.0061745643615723,0.6492980718612671,4.29442024230957,-19.912649154663086,2.8866350650787354,11.46314811706543,0
1745923248.148383,5.532317638397217,1.0049982070922852,0.6500245332717896,4.29901123046875,-19.931184768676758,2.9037840366363525,11.486351013183594,0
1745923248.159102,5.553466796875,1.0055861473083496,0.6471561193466187,4.310612678527832,-19.9636173248291,2.9198129177093506,11.51682186126709,0
1745923248.1764362,5.574578285217285,1.0050363540649414,0.6465973854064941,4.325311660766602,-19.99313735961914,2.922715663909912,11.551523208618164,0
1745923248.1826358,5.59515905380249,1.0041069984436035,0.6475845575332642,4.336799621582031,-20.01506233215332,2.927619457244873,11.583650588989258,0
1745923248.1929355,5.611016273498535,1.0095129013061523,0.6478825807571411,4.345189094543457,-20.00815200805664,2.9428091049194336,11.613600730895996,0
1745923248.2090142,5.626494407653809,1.0097594261169434,0.6493725776672363,4.353842735290527,-20.01755714416504,2.946337938308716,11.639469146728516,0
1745923248.2148726,5.643736362457275,1.0092473030090332,0.6485717296600342,4.360814094543457,-20.03953742980957,2.9595656394958496,11.662369728088379,0
1745923248.2256792,5.666346073150635,1.008469581604004,0.6496891975402832,4.370998382568359,-20.06045913696289,2.9700891971588135,11.695503234863281,0
1745923248.242783,5.6927690505981445,1.0158100128173828,0.6529487371444702,4.3842620849609375,-20.043916702270508,2.988196611404419,11.745790481567383,0
1745923248.247778,5.718280792236328,1.0213680267333984,0.6494284868240356,4.396524429321289,-20.06110954284668,3.0178871154785156,11.785601615905762,0
1745923248.2583914,5.736774921417236,1.0213866233825684,0.647342324256897,4.407275199890137,-20.08917808532715,3.028451442718506,11.81277847290039,0
1745923248.275674,5.755458354949951,1.0209317207336426,0.6480501890182495,4.417723655700684,-20.107608795166016,3.033477306365967,11.842164039611816,0
1745923248.2820103,5.777176856994629,1.0206279754638672,0.6493353843688965,4.4265851974487305,-20.12395668029785,3.0453431606292725,11.873725891113281,0
1745923248.2914212,5.803599834442139,1.0194902420043945,0.6513469219207764,4.437015533447266,-20.14479637145996,3.058340072631836,11.911452293395996,0
1745923248.3016503,5.832146644592285,1.021064281463623,0.651868462562561,4.450090408325195,-20.163705825805664,3.076183557510376,11.955169677734375,0
1745923248.31267,5.860446929931641,1.0263566970825195,0.650303840637207,4.465790748596191,-20.177473068237305,3.0979926586151123,12.002898216247559,0
1745923248.326901,5.88535213470459,1.0273995399475098,0.648199200630188,4.480812072753906,-20.207656860351562,3.110719680786133,12.041763305664062,0
1745923248.3356686,5.9096503257751465,1.0263752937316895,0.6463179588317871,4.495360374450684,-20.24431800842285,3.119905471801758,12.077703475952148,0
1745923248.3462965,5.934574604034424,1.0276274681091309,0.6484227180480957,4.506621360778809,-20.254114151000977,3.1319258213043213,12.117246627807617,0
1745923248.3566647,5.961755752563477,1.0233592987060547,0.6496706008911133,4.5142927169799805,-20.288331985473633,3.1479084491729736,12.149078369140625,0
1745923248.3771026,5.9821085929870605,1.0230369567871094,0.6473051309585571,4.522624969482422,-20.317161560058594,3.1654446125030518,12.17507553100586,0
1745923248.3790493,6.000261306762695,1.0280637741088867,0.6490559577941895,4.53037166595459,-20.306636810302734,3.1805074214935303,12.207752227783203,0
1745923248.3901086,6.018622398376465,1.0243268013000488,0.6533957719802856,4.537117004394531,-20.320043563842773,3.179898738861084,12.233461380004883,0
1745923248.4082494,6.03779935836792,1.0183138847351074,0.652594804763794,4.544353485107422,-20.36347007751465,3.1863441467285156,12.253061294555664,0
1745923248.4151456,6.060105800628662,1.021955966949463,0.6507322788238525,4.552837371826172,-20.37560272216797,3.210932970046997,12.28563117980957,0
1745923248.422548,6.080060005187988,1.03071928024292,0.6490186452865601,4.561491012573242,-20.36562728881836,3.2387566566467285,12.3212890625,0
1745923248.4343278,6.1006975173950195,1.0325212478637695,0.6501176357269287,4.572713851928711,-20.37395668029785,3.2468409538269043,12.356050491333008,0
1745923248.445202,6.1208038330078125,1.0340385437011719,0.6528370380401611,4.588736534118652,-20.379650115966797,3.2411506175994873,12.396415710449219,0
1745923248.4558365,6.138766765594482,1.037149429321289,0.6517008543014526,4.602926254272461,-20.391674041748047,3.245800733566284,12.430543899536133,0
1745923248.4666023,6.154225826263428,1.036902904510498,0.6511234045028687,4.613809585571289,-20.410966873168945,3.2474234104156494,12.456062316894531,0
1745923248.479934,6.165416717529297,1.0381927490234375,0.6494284868240356,4.622802734375,-20.424816131591797,3.2509989738464355,12.47584056854248,0
1745923248.4897974,6.178732395172119,1.0408482551574707,0.6492794752120972,4.6412248611450195,-20.43433380126953,3.2382354736328125,12.510085105895996,0
1745923248.4994316,6.190853118896484,1.0449070930480957,0.6470816135406494,4.649406433105469,-20.439393997192383,3.24959397315979,12.532248497009277,0
1745923248.512395,6.200773239135742,1.0464625358581543,0.6467090845108032,4.6563215255737305,-20.44497299194336,3.253182888031006,12.55026626586914,0
1745923248.5212758,6.20490837097168,1.0465197563171387,0.6484413146972656,4.656604766845703,-20.440725326538086,3.2552149295806885,12.556474685668945,0
1745923248.5329928,6.209100246429443,1.0461211204528809,0.6506391763687134,4.6575117111206055,-20.436857223510742,3.2545788288116455,12.563371658325195,0
1745923248.5451503,6.210693836212158,1.0478472709655762,0.6514773368835449,4.656623840332031,-20.427396774291992,3.25936222076416,12.566642761230469,0
1745923248.5565073,6.212761402130127,1.0464439392089844,0.6524645090103149,4.655547142028809,-20.42959976196289,3.2604727745056152,12.567216873168945,0
1745923248.566187,6.219058513641357,1.0450778007507324,0.6505273580551147,4.652372360229492,-20.444211959838867,3.277301549911499,12.567035675048828,0
1745923248.5779874,6.221410751342773,1.0427827835083008,0.6490186452865601,4.654563903808594,-20.461605072021484,3.2760632038116455,12.56777572631836,0
1745923248.5882516,6.220026016235352,1.0421948432922363,0.6477148532867432,4.652466773986816,-20.46681022644043,3.2798523902893066,12.562402725219727,0
1745923248.6096358,6.212249279022217,1.0387616157531738,0.6486834287643433,4.648102760314941,-20.46904182434082,3.2705912590026855,12.547797203063965,0
1745923248.6106555,6.201778888702393,1.0393877029418945,0.6497637033462524,4.642112731933594,-20.452550888061523,3.2661736011505127,12.533042907714844,0
1745923248.6210625,6.1880269050598145,1.036447525024414,0.6495401859283447,4.63362979888916,-20.451393127441406,3.2593984603881836,12.507644653320312,0
1745923248.6321216,6.175773620605469,1.0335454940795898,0.6512538194656372,4.627753257751465,-20.445043563842773,3.2459559440612793,12.488326072692871,0
1745923248.644034,6.1681671142578125,1.0322175025939941,0.654569149017334,4.621518135070801,-20.428945541381836,3.2389159202575684,12.476471900939941,0
1745923248.6539712,6.163064956665039,1.0334882736206055,0.6524457931518555,4.6156415939331055,-20.425588607788086,3.2490131855010986,12.464640617370605,0
1745923248.6645055,6.159934997558594,1.034531593322754,0.6499686241149902,4.613072395324707,-20.427696228027344,3.2558627128601074,12.457508087158203,0
1745923248.6787608,6.156899929046631,1.0347023010253906,0.6490373611450195,4.611466407775879,-20.427831649780273,3.256723642349243,12.452106475830078,0
1745923248.6876025,6.152841091156006,1.0319709777832031,0.6490186452865601,4.609198570251465,-20.4346866607666,3.2514984607696533,12.443029403686523,0
1745923248.697969,6.151759624481201,1.0322933197021484,0.6511420011520386,4.607480049133301,-20.423463821411133,3.249626398086548,12.44267463684082,0
1745923248.7097242,6.147833347320557,1.0309276580810547,0.6522409915924072,4.605212211608887,-20.42072868347168,3.2443530559539795,12.436214447021484,0
1745923248.723967,6.138254642486572,1.0275893211364746,0.6526321172714233,4.599449157714844,-20.422855377197266,3.2363710403442383,12.417924880981445,0
1745923248.7319002,6.130799770355225,1.0265083312988281,0.6512724161148071,4.593951225280762,-20.424470901489258,3.237546682357788,12.402531623840332,0
1745923248.7447004,6.12776517868042,1.0283102989196777,0.6510488986968994,4.590720176696777,-20.414478302001953,3.242534637451172,12.397844314575195,0
1745923248.7529495,6.132867336273193,1.0299606323242188,0.6492608785629272,4.590475082397461,-20.41798973083496,3.256175994873047,12.40256404876709,0
1745923248.7648933,6.13686990737915,1.0311741828918457,0.6495401859283447,4.593989372253418,-20.41675567626953,3.2562198638916016,12.41157341003418,0
1745923248.7771308,6.138728618621826,1.0334124565124512,0.6513469219207764,4.595160484313965,-20.402833938598633,3.256256103515625,12.418648719787598,0
1745923248.785272,6.14292049407959,1.0320467948913574,0.6498382091522217,4.596388816833496,-20.41735076904297,3.260841131210327,12.421194076538086,0
1745923248.7972007,6.143243312835693,1.029770851135254,0.6479942798614502,4.5977678298950195,-20.434452056884766,3.258960008621216,12.418776512145996,0
1745923248.8112926,6.140492916107178,1.0281014442443848,0.6487765312194824,4.5962371826171875,-20.435304641723633,3.254105567932129,12.41360855102539,0
1745923248.8190563,6.1392974853515625,1.0295429229736328,0.6521477699279785,4.594272613525391,-20.41460418701172,3.2517096996307373,12.415260314941406,0
1745923248.8296914,6.13482141494751,1.028632640838623,0.6524457931518555,4.593743324279785,-20.4139347076416,3.244457960128784,12.409643173217773,0
1745923248.8445265,6.128011703491211,1.0294103622436523,0.6496706008911133,4.592099189758301,-20.41655921936035,3.2444612979888916,12.399191856384277,0
1745923248.865047,6.118375778198242,1.030472755432129,0.6506391763687134,4.585807800292969,-20.398866653442383,3.2425897121429443,12.385295867919922,0
1745923248.8660572,6.108322620391846,1.0282154083251953,0.6494284868240356,4.580951690673828,-20.403276443481445,3.2368059158325195,12.366918563842773,0
1745923248.8854012,6.102404594421387,1.0272479057312012,0.6506391763687134,4.5798187255859375,-20.397991180419922,3.2267582416534424,12.36011028289795,0
1745923248.8976748,6.102651119232178,1.0255789756774902,0.652166485786438,4.577267646789551,-20.397125244140625,3.226719856262207,12.357664108276367,0
1745923248.8988807,6.104339599609375,1.0254840850830078,0.6504528522491455,4.579686164855957,-20.406734466552734,3.2276296615600586,12.359962463378906,0
1745923248.910656,6.1030683517456055,1.025331974029541,0.6501362323760986,4.584731101989746,-20.410888671875,3.216317892074585,12.36326789855957,0
1745923248.9178884,6.105515480041504,1.024345874786377,0.6509371995925903,4.588736534118652,-20.415571212768555,3.20900821685791,12.369535446166992,0
1745923248.929171,6.108493328094482,1.0238337516784668,0.6507694721221924,4.591041564941406,-20.421470642089844,3.2083723545074463,12.374137878417969,0
1745923248.9422092,6.109498977661133,1.0257306098937988,0.6505459547042847,4.590059280395508,-20.414936065673828,3.214902877807617,12.375835418701172,0
1745923248.950855,6.107962131500244,1.0270771980285645,0.6502666473388672,4.58937931060791,-20.409404754638672,3.2165069580078125,12.374685287475586,0
1745923248.9616852,6.1049652099609375,1.0256733894348145,0.6516263484954834,4.588547706604004,-20.4072265625,3.209146499633789,12.37081241607666,0
1745923248.9767535,6.102973937988281,1.0199451446533203,0.6524271965026855,4.585902214050293,-20.423675537109375,3.2016496658325195,12.361248016357422,0
1745923248.9839313,6.107222557067871,1.0191864967346191,0.6525202989578247,4.581783294677734,-20.426361083984375,3.214557409286499,12.360712051391602,0
1745923248.994399,6.113064765930176,1.0185794830322266,0.6514400243759155,4.581046104431152,-20.43609619140625,3.225646734237671,12.364130020141602,0
1745923249.0082772,6.117218971252441,1.018200397491455,0.6502107381820679,4.58624267578125,-20.448110580444336,3.223302125930786,12.371872901916504,0
1745923249.016824,6.123516082763672,1.0211782455444336,0.6510303020477295,4.593233108520508,-20.44135856628418,3.2213399410247803,12.388957977294922,0
1745923249.0297537,6.125185489654541,1.0214247703552246,0.6517566442489624,4.594688415527344,-20.43946075439453,3.21982479095459,12.393054962158203,0
1745923249.043007,6.125697612762451,1.021519660949707,0.6517753601074219,4.594347953796387,-20.43912124633789,3.2213244438171387,12.393341064453125,0
1745923249.04948,6.129965305328369,1.0185418128967285,0.6503970623016357,4.595198631286621,-20.459272384643555,3.224205493927002,12.394103050231934,0
1745923249.0606031,6.138975143432617,1.017745018005371,0.652166485786438,4.597201347351074,-20.46216583251953,3.2286086082458496,12.406087875366211,0
1745923249.0751321,6.155250072479248,1.0192246437072754,0.6518498659133911,4.602416038513184,-20.470661163330078,3.2444469928741455,12.428740501403809,0
1745923249.0831096,6.175185203552246,1.0204572677612305,0.6491676568984985,4.6143951416015625,-20.495588302612305,3.256521701812744,12.459205627441406,0
1745923249.0944383,6.19605016708374,1.0218229293823242,0.6496520042419434,4.62735652923584,-20.508726119995117,3.2619881629943848,12.494881629943848,0
1745923249.1106458,6.211604118347168,1.0247631072998047,0.6509184837341309,4.642358779907227,-20.510709762573242,3.2566678524017334,12.529644012451172,0
1745923249.1158564,6.226247787475586,1.0224871635437012,0.6508626937866211,4.655187606811523,-20.536108016967773,3.2494685649871826,12.554784774780273,0
1745923249.1261814,6.234309196472168,1.021273136138916,0.6497077941894531,4.665616989135742,-20.556228637695312,3.241246461868286,12.570907592773438,0
1745923249.1420999,6.238311290740967,1.0247821807861328,0.6507694721221924,4.6760663986206055,-20.54714584350586,3.229677677154541,12.589929580688477,0
1745923249.1492536,6.239734172821045,1.0264511108398438,0.649894118309021,4.6870622634887695,-20.551433563232422,3.2145798206329346,12.603141784667969,0
1745923249.161464,6.236680030822754,1.0262236595153809,0.6500058174133301,4.699173927307129,-20.55722999572754,3.186483860015869,12.612083435058594,0
1745923249.1757505,6.2417826652526855,1.028632640838623,0.6505087614059448,4.708224296569824,-20.55437469482422,3.1787831783294678,12.629148483276367,0
1745923249.1812322,6.255155086517334,1.0348730087280273,0.653581976890564,4.721072196960449,-20.534080505371094,3.17598557472229,12.664682388305664,0
1745923249.1926348,6.273611068725586,1.0363526344299316,0.6520360708236694,4.753589630126953,-20.56426429748535,3.1450445652008057,12.71558952331543,0
1745923249.2094574,6.290492534637451,1.0405826568603516,0.6496891975402832,4.767363548278809,-20.574970245361328,3.152970314025879,12.748127937316895,0
1745923249.2145863,6.31192684173584,1.044471263885498,0.6494284868240356,4.783121109008789,-20.582782745361328,3.1590418815612793,12.788948059082031,0
1745923249.2315829,6.340397834777832,1.0450592041015625,0.6503970623016357,4.8019208908081055,-20.604204177856445,3.1622235774993896,12.837775230407715,0
1745923249.2423823,6.3743510246276855,1.0479803085327148,0.6511420011520386,4.82466983795166,-20.622901916503906,3.1692087650299072,12.89814281463623,0
1745923249.2484035,6.413880348205566,1.052286148071289,0.6502666473388672,4.847172737121582,-20.64533805847168,3.1891798973083496,12.963605880737305,0
1745923249.25891,6.457658767700195,1.058469295501709,0.650173544883728,4.872075080871582,-20.66135597229004,3.21140193939209,13.038376808166504,0
1745923249.2694182,6.4984211921691895,1.0638375282287598,0.6507881879806519,4.896807670593262,-20.675813674926758,3.227184295654297,13.109854698181152,0
1745923249.281274,6.534327983856201,1.06575345993042,0.6482549905776978,4.9160614013671875,-20.708786010742188,3.247476100921631,13.164398193359375,0
1745923249.291147,6.562704563140869,1.0668535232543945,0.648906946182251,4.928587913513184,-20.724905014038086,3.2629029750823975,13.207053184509277,0
1745923249.3093069,6.582146644592285,1.0674033164978027,0.6498196125030518,4.9386396408081055,-20.735729217529297,3.2695934772491455,13.238009452819824,0
1745923249.3147829,6.598914623260498,1.0659427642822266,0.6510674953460693,4.9495038986206055,-20.75164222717285,3.267893075942993,13.26542854309082,0
1745923249.3271492,6.612874984741211,1.066493034362793,0.6508253812789917,4.956192970275879,-20.761775970458984,3.2754833698272705,13.286386489868164,0
1745923249.3451254,6.623876571655273,1.0716142654418945,0.6502107381820679,4.9615020751953125,-20.75413703918457,3.2883946895599365,13.30720329284668,0
1745923249.3492405,6.632981300354004,1.0715007781982422,0.6506577730178833,4.964582443237305,-20.759544372558594,3.2939188480377197,13.319722175598145,0
1745923249.357343,6.638520240783691,1.074781894683838,0.6503411531448364,4.963637351989746,-20.751190185546875,3.307936429977417,13.32728099822998,0
1745923249.3689258,6.638520240783691,1.0690536499023438,0.6521105766296387,4.961143493652344,-20.764326095581055,3.3016505241394043,13.32082748413086,0
1745923249.3796613,6.635371208190918,1.068427562713623,0.6517380475997925,4.954870223999023,-20.762861251831055,3.3087642192840576,13.310406684875488,0
1745923249.3901691,6.633265972137451,1.0651841163635254,0.6478638648986816,4.948843002319336,-20.784542083740234,3.319751024246216,13.295156478881836,0
1745923249.4159172,6.62827730178833,1.0635528564453125,0.649484395980835,4.938885688781738,-20.776458740234375,3.3262040615081787,13.280200004577637,0
1745923249.4169219,6.626607894897461,1.0659618377685547,0.6511234045028687,4.931818962097168,-20.756832122802734,3.337134838104248,13.275511741638184,0
1745923249.424903,6.632336616516113,1.065070629119873,0.6519801616668701,4.93034553527832,-20.759281158447266,3.344698905944824,13.279732704162598,0
1745923249.4347625,6.6428070068359375,1.0659809112548828,0.6525576114654541,4.932802200317383,-20.7608642578125,3.354257345199585,13.294147491455078,0
1745923249.4459157,6.652082443237305,1.0668725967407227,0.6521105766296387,4.940378189086914,-20.768400192260742,3.354691982269287,13.311443328857422,0
1745923249.4562554,6.655704975128174,1.069584846496582,0.6516635417938232,4.948068618774414,-20.766246795654297,3.3498411178588867,13.325021743774414,0
1745923249.4681385,6.653504848480225,1.0708365440368652,0.6507694721221924,4.953245162963867,-20.766555786132812,3.3407623767852783,13.32835578918457,0
1745923249.479344,6.6435465812683105,1.071272850036621,0.6514400243759155,4.95604133605957,-20.758615493774414,3.321805953979492,13.322300910949707,0
1745923249.4890194,6.6281256675720215,1.0786895751953125,0.6493353843688965,4.9610490798950195,-20.73349952697754,3.3058786392211914,13.31719970703125,0
1745923249.5008564,6.611357688903809,1.0796380043029785,0.6482177972793579,4.964241981506348,-20.726707458496094,3.2810466289520264,13.303455352783203,0
1745923249.5111842,6.595253944396973,1.0808897018432617,0.6515518426895142,4.964714050292969,-20.701343536376953,3.254295825958252,13.292409896850586,0
1745923249.5228174,6.579491138458252,1.078557014465332,0.6506763696670532,4.961653709411621,-20.7027645111084,3.2372915744781494,13.270378112792969,0
1745923249.5341678,6.557412147521973,1.0777602195739746,0.650192141532898,4.954246520996094,-20.691226959228516,3.2210466861724854,13.23961067199707,0
1745923249.5450358,6.531160354614258,1.0775704383850098,0.650192141532898,4.9397735595703125,-20.669374465942383,3.211988925933838,13.19869613647461,0
1745923249.5569232,6.511281967163086,1.0742697715759277,0.6510862112045288,4.920124053955078,-20.656251907348633,3.215165615081787,13.15676212310791,0
1745923249.5667472,6.493622303009033,1.0655827522277832,0.649186372756958,4.899736404418945,-20.674232482910156,3.2205920219421387,13.10812759399414,0
1745923249.5778606,6.483758926391602,1.058431625366211,0.6508253812789917,4.878140449523926,-20.677127838134766,3.2344281673431396,13.07115650177002,0
1745923249.5889518,6.486547470092773,1.0531964302062988,0.6498382091522217,4.853918075561523,-20.688316345214844,3.2779343128204346,13.043499946594238,0
1745923249.5994883,6.506330966949463,1.0490994453430176,0.649484395980835,4.8337202072143555,-20.7047061920166,3.337522268295288,13.03863525390625,0
1745923249.6114042,6.5348591804504395,1.0443763732910156,0.6485158205032349,4.820304870605469,-20.734397888183594,3.396575689315796,13.048056602478027,0
1745923249.6209462,6.56192684173584,1.034531593322754,0.6491118669509888,4.81129264831543,-20.778968811035156,3.4355216026306152,13.056862831115723,0
1745923249.6324792,6.586243629455566,1.0310797691345215,0.6490186452865601,4.800692558288574,-20.799779891967773,3.4835641384124756,13.067034721374512,0
1745923249.6439972,6.604130744934082,1.0266032218933105,0.6489255428314209,4.788884162902832,-20.820194244384766,3.523836135864258,13.068543434143066,0
1745923249.6572433,6.619210243225098,1.0220694541931152,0.648199200630188,4.777434349060059,-20.841838836669922,3.560792922973633,13.066913604736328,0
1745923249.6651337,6.6338348388671875,1.0215764045715332,0.6500058174133301,4.765247344970703,-20.838268280029297,3.5991530418395996,13.070664405822754,0
1745923249.6770318,6.644855499267578,1.0178017616271973,0.6515331268310547,4.755573272705078,-20.84740447998047,3.624133825302124,13.06976318359375,0
1745923249.6880796,6.650280475616455,1.0149755477905273,0.6514959335327148,4.7487897872924805,-20.85736656188965,3.640444278717041,13.06554126739502,0
1745923249.6978688,6.653675556182861,1.0152029991149902,0.6492980718612671,4.743159294128418,-20.863513946533203,3.660027027130127,13.061335563659668,0
1745923249.7109208,6.660010814666748,1.0136289596557617,0.6489814519882202,4.732635498046875,-20.868301391601562,3.6868271827697754,13.055256843566895,0
1745923249.7209942,6.6667256355285645,1.0122060775756836,0.6492608785629272,4.730443954467773,-20.875049591064453,3.697458267211914,13.058636665344238,0
1745923249.7323518,6.678751468658447,1.0124149322509766,0.6499313116073608,4.730746269226074,-20.878482818603516,3.7118146419525146,13.071844100952148,0
1745923249.7456946,6.696771144866943,1.0147857666015625,0.6517380475997925,4.729177474975586,-20.87183380126953,3.738290786743164,13.092472076416016,0
1745923249.754406,6.707108974456787,1.0168156623840332,0.6528370380401611,4.732710838317871,-20.867708206176758,3.7458348274230957,13.109472274780273,0
1745923249.7652416,6.706368923187256,1.0180673599243164,0.6515704393386841,4.738152503967285,-20.870323181152344,3.7386293411254883,13.11415958404541,0
1745923249.7774818,6.700450897216797,1.0165691375732422,0.650173544883728,4.736886978149414,-20.877212524414062,3.733886241912842,13.104080200195312,0
1745923249.7859104,6.694836616516113,1.0169482231140137,0.6503597497940063,4.733240127563477,-20.870065689086914,3.7335205078125,13.09538459777832,0
1745923249.7978737,6.688178539276123,1.022904396057129,0.6508253812789917,4.738096237182617,-20.845129013061523,3.7225472927093506,13.100004196166992,0
1745923249.8120065,6.686244010925293,1.0259580612182617,0.6506204605102539,4.748317718505859,-20.83903694152832,3.705134868621826,13.111140251159668,0
1745923249.819209,6.683455467224121,1.0257682800292969,0.6527438163757324,4.757953643798828,-20.83557891845703,3.679065704345703,13.11992073059082,0
1745923249.8334932,6.672662734985352,1.03071928024292,0.6545505523681641,4.767854690551758,-20.809946060180664,3.649343967437744,13.125787734985352,0
1745923249.8428516,6.657089710235596,1.0347023010253906,0.6532281637191772,4.774694442749023,-20.79526138305664,3.623650074005127,13.119714736938477,0
1745923249.8521183,6.636034965515137,1.0363717079162598,0.6515518426895142,4.777490615844727,-20.785247802734375,3.595834970474243,13.101449012756348,0
1745923249.8635688,6.612950801849365,1.036921501159668,0.6511234045028687,4.775449752807617,-20.770933151245117,3.5704870223999023,13.076445579528809,0
1745923249.8812926,6.589051246643066,1.034986972808838,0.6504528522491455,4.775582313537598,-20.767501831054688,3.536996841430664,13.050073623657227,0
1745923249.8853803,6.5684895515441895,1.038818359375,0.6502852439880371,4.777074813842773,-20.74321174621582,3.5120882987976074,13.03466796875,0
1745923249.8961787,6.5481367111206055,1.0381355285644531,0.6503411531448364,4.776206016540527,-20.733726501464844,3.4853498935699463,13.012819290161133,0
1745923249.9108088,6.530079364776611,1.0342659950256348,0.6500431299209595,4.767760276794434,-20.734539031982422,3.472259044647217,12.982149124145508,0
1745923249.9209325,6.517218589782715,1.0344367027282715,0.6507322788238525,4.766040802001953,-20.72313690185547,3.4570517539978027,12.968428611755371,0
1745923249.9294364,6.507089614868164,1.0333366394042969,0.6503411531448364,4.7654924392700195,-20.722749710083008,3.4436211585998535,12.956259727478027,0
1745923249.9438565,6.503580570220947,1.0323123931884766,0.6511979103088379,4.763754844665527,-20.72043228149414,3.4391379356384277,12.950845718383789,0
1745923249.9523852,6.502347946166992,1.033128261566162,0.6515518426895142,4.764188766479492,-20.715579986572266,3.437086343765259,12.951216697692871,0
1745923249.9636142,6.506729602813721,1.0369596481323242,0.6497265100479126,4.772143363952637,-20.714975357055664,3.436659097671509,12.965559005737305,0
1745923249.976969,6.519608974456787,1.0390653610229492,0.6522222757339478,4.7805328369140625,-20.70964813232422,3.4364428520202637,12.991429328918457,0
1745923249.984236,6.537400722503662,1.038590908050537,0.6527625322341919,4.7902631759643555,-20.724809646606445,3.4405276775360107,13.019017219543457,0
1745923249.994864,6.559157371520996,1.0407910346984863,0.6509557962417603,4.805718421936035,-20.74407958984375,3.447197914123535,13.056622505187988,0
1745923250.0103624,6.57951021194458,1.044262409210205,0.6492235660552979,4.823177337646484,-20.758554458618164,3.4497718811035156,13.096173286437988,0
1745923250.018428,6.598705768585205,1.0500664710998535,0.6493539810180664,4.836648941040039,-20.754533767700195,3.457855463027954,13.134775161743164,0
1745923250.0295844,6.614752769470215,1.0523619651794434,0.6493353843688965,4.847929000854492,-20.76114273071289,3.4613752365112305,13.164379119873047,0
1745923250.0425172,6.63290548324585,1.0561366081237793,0.6522595882415771,4.865065574645996,-20.755752563476562,3.453338146209717,13.206367492675781,0
1745923250.0557692,6.657203674316406,1.062699317932129,0.6526693105697632,4.8827314376831055,-20.753042221069336,3.4608445167541504,13.255303382873535,0
1745923250.0608902,6.680231094360352,1.0655827522277832,0.6489628553390503,4.895655632019043,-20.775663375854492,3.4780735969543457,13.29043197631836,0
1745923250.0751889,6.702689170837402,1.0670433044433594,0.6498755216598511,4.910449981689453,-20.787168502807617,3.480670690536499,13.330058097839355,0
1745923250.0830517,6.721600532531738,1.0677447319030762,0.6504342555999756,4.922371864318848,-20.799213409423828,3.4835195541381836,13.362151145935059,0
1745923250.0945437,6.732943534851074,1.0696039199829102,0.6492794752120972,4.928285598754883,-20.80592918395996,3.4920952320098877,13.380112648010254,0
1745923250.1089315,6.740853309631348,1.0726385116577148,0.6498382091522217,4.930156707763672,-20.79808807373047,3.501958131790161,13.393486976623535,0
1745923250.1163154,6.753941059112549,1.0711970329284668,0.650303840637207,4.9370527267456055,-20.8123722076416,3.503704071044922,13.412494659423828,0
1745923250.1274834,6.775280475616455,1.0734353065490723,0.6527252197265625,4.951790809631348,-20.814741134643555,3.503113269805908,13.453231811523438,0
1745923250.1425798,6.798781871795654,1.0781774520874023,0.6507881879806519,4.969683647155762,-20.826627731323242,3.5107595920562744,13.497430801391602,0
1745923250.1495826,6.818148136138916,1.0861821174621582,0.6504528522491455,4.984798431396484,-20.817237854003906,3.519360065460205,13.539581298828125,0
1745923250.1616523,6.831217288970947,1.088059902191162,0.6507881879806519,4.998346328735352,-20.823368072509766,3.5135278701782227,13.568411827087402,0
1745923250.1796892,6.842256546020508,1.0902223587036133,0.6485344171524048,5.007699012756348,-20.83446502685547,3.5177104473114014,13.588712692260742,0
1745923250.1819594,6.8454813957214355,1.0869216918945312,0.6493725776672363,5.015256881713867,-20.848995208740234,3.5024733543395996,13.59703254699707,0
1745923250.193412,6.8414411544799805,1.0899758338928223,0.6504714488983154,5.01725959777832,-20.833003997802734,3.4956159591674805,13.59914779663086,0
1745923250.2093146,6.835788726806641,1.087831974029541,0.6529673337936401,5.017787933349609,-20.829038619995117,3.480128526687622,13.594375610351562,0
1745923250.216317,6.823819637298584,1.0863146781921387,0.6519056558609009,5.017977714538574,-20.832088470458984,3.464301109313965,13.580018043518066,0
1745923250.228224,6.810257434844971,1.0886669158935547,0.6505832672119141,5.013650894165039,-20.818927764892578,3.4599976539611816,13.56315803527832,0
1745923250.243349,6.799843788146973,1.091872215270996,0.650601863861084,5.009039878845215,-20.799352645874023,3.458956718444824,13.551358222961426,0
1745923250.2484612,6.789923667907715,1.0928964614868164,0.6486462354660034,5.008209228515625,-20.7969913482666,3.452465057373047,13.53967571258545,0
1745923250.2592115,6.776664733886719,1.092536449432373,0.6489441394805908,5.007358551025391,-20.789701461791992,3.4357962608337402,13.525504112243652,0
1745923250.276626,6.761129856109619,1.092782974243164,0.6509929895401001,5.001822471618652,-20.77016258239746,3.4222240447998047,13.506728172302246,0
1745923250.2817705,6.741099834442139,1.0850248336791992,0.6504528522491455,4.991827964782715,-20.78409194946289,3.405059814453125,13.468405723571777,0
1745923250.2923372,6.721240043640137,1.0869784355163574,0.6492608785629272,4.980396270751953,-20.7645263671875,3.4045400619506836,13.437875747680664,0
1745923250.3120568,6.699711322784424,1.0863337516784668,0.6501176357269287,4.968209266662598,-20.745555877685547,3.396061897277832,13.404372215270996,0
1745923250.3163795,6.686774730682373,1.0838489532470703,0.6505832672119141,4.960803031921387,-20.741880416870117,3.3884284496307373,13.382010459899902,0
1745923250.3263104,6.682336330413818,1.0808711051940918,0.6511048078536987,4.956684112548828,-20.746192932128906,3.3852217197418213,13.370996475219727,0
1745923250.3429542,6.686376571655273,1.0801310539245605,0.6505646705627441,4.955229759216309,-20.752260208129883,3.3932061195373535,13.372302055358887,0
1745923250.347285,6.693679332733154,1.0810227394104004,0.6516821384429932,4.958195686340332,-20.75050163269043,3.3965442180633545,13.3845796585083,0
1745923250.360447,6.702878952026367,1.0822553634643555,0.6517380475997925,4.961879730224609,-20.752784729003906,3.40343976020813,13.398752212524414,0
1745923250.3693225,6.7171430587768555,1.0813260078430176,0.6482737064361572,4.965129852294922,-20.77821922302246,3.421325206756592,13.411872863769531,0
1745923250.3803208,6.739335536956787,1.0808329582214355,0.6514028310775757,4.970685005187988,-20.78356170654297,3.433924674987793,13.442255973815918,0
1745923250.3912182,6.7721123695373535,1.0826730728149414,0.6515704393386841,4.985006332397461,-20.801494598388672,3.452755928039551,13.491362571716309,0
1745923250.4031746,6.803903102874756,1.0871491432189941,0.648608922958374,5.001501083374023,-20.821706771850586,3.475313186645508,13.541162490844727,0
1745923250.4131093,6.83465051651001,1.0929913520812988,0.6514214277267456,5.021245956420898,-20.81728744506836,3.4818663597106934,13.600309371948242,0
1745923250.4246173,6.871201992034912,1.094205379486084,0.6514959335327148,5.047055244445801,-20.8454647064209,3.483908176422119,13.663958549499512,0
1745923250.4352353,6.909252643585205,1.1000099182128906,0.6511048078536987,5.0733184814453125,-20.85971450805664,3.4937171936035156,13.733685493469238,0
1745923250.4459672,6.948270320892334,1.10078763961792,0.6503225564956665,5.102529525756836,-20.895029067993164,3.4937429428100586,13.801910400390625,0
1745923250.4571345,6.986605167388916,1.1023426055908203,0.6490000486373901,5.127734184265137,-20.926769256591797,3.5019173622131348,13.865681648254395,0
1745923250.4689608,7.022151470184326,1.107900619506836,0.6481432914733887,5.152108192443848,-20.940677642822266,3.512186050415039,13.930304527282715,0
1745923250.4793265,7.057849407196045,1.1130027770996094,0.6496520042419434,5.176727294921875,-20.94798469543457,3.5174052715301514,13.997232437133789,0
1745923250.4921582,7.0937180519104,1.1161704063415527,0.6508067846298218,5.201082229614258,-20.96314239501953,3.5214600563049316,14.061777114868164,0
1745923250.5006282,7.130553722381592,1.1221075057983398,0.6525202989578247,5.223509788513184,-20.96614646911621,3.532474994659424,14.128690719604492,0
1745923250.5117228,7.16841459274292,1.1259770393371582,0.6510674953460693,5.246258735656738,-20.98784637451172,3.5470242500305176,14.191718101501465,0
1745923250.5226176,7.203827381134033,1.129732608795166,0.6514959335327148,5.2744293212890625,-21.004737854003906,3.5457329750061035,14.259485244750977,0
1745923250.5353782,7.245898723602295,1.1327109336853027,0.6526880264282227,5.299351692199707,-21.023181915283203,3.555873155593872,14.330649375915527,0
1745923250.5453634,7.293262958526611,1.1360869407653809,0.6522222757339478,5.327277183532715,-21.04973602294922,3.5705044269561768,14.408849716186523,0
1745923250.5557184,7.345576763153076,1.146026611328125,0.648608922958374,5.360719680786133,-21.069438934326172,3.59478759765625,14.500932693481445,0
1745923250.5673788,7.401400089263916,1.1492319107055664,0.6482177972793579,5.398074150085449,-21.104217529296875,3.6028928756713867,14.596924781799316,0
1745923250.5809436,7.454415798187256,1.148606300354004,0.6518311500549316,5.434747695922852,-21.136337280273438,3.597463607788086,14.689599990844727,0
1745923250.5891786,7.5035624504089355,1.1561741828918457,0.6509184837341309,5.469400405883789,-21.153125762939453,3.6080901622772217,14.78005599975586,0
1745923250.5998833,7.545823574066162,1.164766788482666,0.6489255428314209,5.502729415893555,-21.16612434387207,3.6157145500183105,14.862245559692383,0
1745923250.6117358,7.583531856536865,1.1683897972106934,0.6489814519882202,5.533565521240234,-21.18537712097168,3.6129086017608643,14.934468269348145,0
1745923250.6227517,7.618926525115967,1.1726574897766113,0.6497265100479126,5.586450576782227,-21.209001541137695,3.570960760116577,15.027761459350586,0
1745923250.6344814,7.6550421714782715,1.175180435180664,0.651179313659668,5.615452766418457,-21.225332260131836,3.5660018920898438,15.096855163574219,0
1745923250.6448216,7.68984842300415,1.1797327995300293,0.6504342555999756,5.642093658447266,-21.240427017211914,3.5692996978759766,15.162109375,0
1745923250.6559365,7.731521129608154,1.1866750717163086,0.6485344171524048,5.674403190612793,-21.256948471069336,3.5758774280548096,15.241133689880371,0
1745923250.6672304,7.7763237953186035,1.189140796661377,0.647621750831604,5.705824851989746,-21.28550910949707,3.5806970596313477,15.3189115524292,0
1745923250.6777837,7.820349216461182,1.199781894683838,0.650303840637207,5.736225128173828,-21.27532196044922,3.5897231101989746,15.406660079956055,0
1745923250.688662,7.8624587059021,1.2029309272766113,0.6509184837341309,5.76420783996582,-21.293792724609375,3.595198631286621,15.48051643371582,0
1745923250.6991367,7.8994269371032715,1.204770565032959,0.6519056558609009,5.792435646057129,-21.31294822692871,3.592426300048828,15.548539161682129,0
1745923250.710842,7.935466289520264,1.2095317840576172,0.6539918184280396,5.817716598510742,-21.317584991455078,3.5948100090026855,15.616706848144531,0
1745923250.7207792,7.977291584014893,1.2135910987854004,0.6516635417938232,5.843714714050293,-21.341035842895508,3.608609199523926,15.686261177062988,0
1745923250.7354827,8.019930839538574,1.2194709777832031,0.649614691734314,5.874739646911621,-21.36016082763672,3.6169042587280273,15.763755798339844,0
1745923250.7454338,8.060276985168457,1.2252373695373535,0.6499872207641602,5.904157638549805,-21.370275497436523,3.6212122440338135,15.839659690856934,0
1745923250.754716,8.099408149719238,1.2304158210754395,0.6507508754730225,5.931346893310547,-21.379470825195312,3.6263532638549805,15.911922454833984,0
1745923250.7653754,8.134385108947754,1.233393669128418,0.6517753601074219,5.953453063964844,-21.390758514404297,3.631974697113037,15.973007202148438,0
1745923250.7767224,8.164772033691406,1.2339248657226562,0.6523900032043457,5.9752197265625,-21.408735275268555,3.631082057952881,16.02630615234375,0
1745923250.7876012,8.18922233581543,1.2381925582885742,0.6492235660552979,5.997628211975098,-21.4245662689209,3.6326282024383545,16.07426643371582,0
1745923250.7976356,8.205761909484863,1.24285888671875,0.6480501890182495,6.014462471008301,-21.42746925354004,3.631542682647705,16.111133575439453,0
1745923250.8148553,8.215169906616211,1.2429914474487305,0.6495401859283447,6.026007652282715,-21.4310359954834,3.621912956237793,16.133708953857422,0
1745923250.8199644,8.221410751342773,1.2451729774475098,0.6500990390777588,6.033205986022949,-21.428115844726562,3.6191489696502686,16.149887084960938,0
1745923250.8304238,8.228466987609863,1.2471075057983398,0.6510488986968994,6.039989471435547,-21.4249210357666,3.6170387268066406,16.16661262512207,0
1745923250.8435142,8.239184379577637,1.2475247383117676,0.6507322788238525,6.0511932373046875,-21.433515548706055,3.6124398708343506,16.188634872436523,0
1745923250.8527327,8.25109577178955,1.250692367553711,0.6510674953460693,6.060243606567383,-21.431324005126953,3.6143617630004883,16.21310043334961,0
1745923250.8643422,8.25737476348877,1.2493648529052734,0.6491304636001587,6.064136505126953,-21.44539451599121,3.61670184135437,16.220006942749023,0
1745923250.8775277,8.25750732421875,1.2512993812561035,0.6489255428314209,6.065798759460449,-21.44085121154785,3.6167047023773193,16.223529815673828,0
1745923250.886196,8.254016876220703,1.2493267059326172,0.6499313116073608,6.062322616577148,-21.44097900390625,3.6145989894866943,16.21559715270996,0
1745923250.8969717,8.2477388381958,1.2481131553649902,0.6514773368835449,6.056767463684082,-21.43517303466797,3.6126503944396973,16.204097747802734,0
1745923250.9108434,8.242635726928711,1.246140480041504,0.6522595882415771,6.051570892333984,-21.43463134765625,3.611762523651123,16.192607879638672,0
1745923250.919317,8.23774242401123,1.2472591400146484,0.6518311500549316,6.046545028686523,-21.428499221801758,3.616002321243286,16.183378219604492,0
1745923250.9325602,8.236433982849121,1.2479610443115234,0.6521105766296387,6.045865058898926,-21.424697875976562,3.6159605979919434,16.182369232177734,0
1745923250.9429526,8.236756324768066,1.2464818954467773,0.650303840637207,6.047149658203125,-21.435386657714844,3.615511655807495,16.18069076538086,0
1745923250.9521718,8.233323097229004,1.2456278800964355,0.6487765312194824,6.048548698425293,-21.441835403442383,3.611098527908325,16.17627716064453,0
1745923250.9630237,8.225090980529785,1.2478852272033691,0.6482363939285278,6.042350769042969,-21.43073081970215,3.6149322986602783,16.163562774658203,0
1745923250.9788954,8.212154388427734,1.2465953826904297,0.6490373611450195,6.032412528991699,-21.422916412353516,3.6135425567626953,16.140199661254883,0
1745923250.9880931,8.193451881408691,1.2446799278259277,0.6507136821746826,6.018486976623535,-21.410327911376953,3.610004186630249,16.107332229614258,0
1745923250.996524,8.173023223876953,1.2413983345031738,0.6485344171524048,6.002956390380859,-21.41237449645996,3.61146879196167,16.0659122467041,0
1745923251.010424,8.153087615966797,1.2373199462890625,0.6464669704437256,5.989768028259277,-21.417705535888672,3.608842134475708,16.026641845703125,0
1745923251.017795,8.131027221679688,1.2365994453430176,0.6460199356079102,5.9769392013549805,-21.406953811645508,3.604496479034424,15.990585327148438,0
1745923251.031345,8.10388469696045,1.2346076965332031,0.6483668088912964,5.962843894958496,-21.388805389404297,3.5908451080322266,15.949703216552734,0
1745923251.0450892,8.07939624786377,1.232008934020996,0.6494284868240356,5.948446273803711,-21.377418518066406,3.581817626953125,15.909279823303223,0
1745923251.051243,8.058664321899414,1.2295241355895996,0.6490559577941895,5.927454948425293,-21.368894577026367,3.589430809020996,15.864699363708496,0
1745923251.0618987,8.035447120666504,1.2240614891052246,0.649316668510437,5.907199859619141,-21.366907119750977,3.5889434814453125,15.816024780273438,0
1745923251.07982,8.006937980651855,1.2186741828918457,0.6500617265701294,5.887795448303223,-21.361282348632812,3.5806119441986084,15.763469696044922,0
1745923251.0839777,7.977385997772217,1.2170429229736328,0.6507136821746826,5.866463661193848,-21.342857360839844,3.5783920288085938,15.711606979370117,0
1745923251.0958562,7.946467876434326,1.2152223587036133,0.648608922958374,5.842845916748047,-21.332040786743164,3.5823426246643066,15.653144836425781,0
1745923251.110229,7.9204630851745605,1.211390495300293,0.6487579345703125,5.8231201171875,-21.324142456054688,3.5798792839050293,15.603731155395508,0
1745923251.1164064,7.899048328399658,1.2081470489501953,0.6514773368835449,5.806417465209961,-21.309452056884766,3.574364423751831,15.56509017944336,0
1745923251.1283782,7.879662036895752,1.2056431770324707,0.6513469219207764,5.7902631759643555,-21.302505493164062,3.575571298599243,15.526915550231934,0
1745923251.142874,7.862287998199463,1.2055673599243164,0.6476962566375732,5.779531478881836,-21.30221176147461,3.5787601470947266,15.495083808898926,0
1745923251.1499593,7.843907833099365,1.2024188041687012,0.6514214277267456,5.766002655029297,-21.286556243896484,3.5700879096984863,15.463750839233398,0
1745923251.161518,7.824427127838135,1.1994595527648926,0.6503970623016357,5.750377655029297,-21.28400421142578,3.571251392364502,15.424661636352539,0
1745923251.1760664,7.8044352531433105,1.1989855766296387,0.6487207412719727,5.734543800354004,-21.275253295898438,3.5760321617126465,15.386685371398926,0
1745923251.182882,7.7881035804748535,1.1973919868469238,0.6514400243759155,5.721185684204102,-21.25864028930664,3.5727200508117676,15.358120918273926,0
1745923251.1947064,7.779776096343994,1.193389892578125,0.6519056558609009,5.7095842361450195,-21.261241912841797,3.576551675796509,15.33465576171875,0
1745923251.2103014,7.774731159210205,1.1949644088745117,0.6515704393386841,5.703084945678711,-21.252180099487305,3.5835680961608887,15.32435131072998,0
1745923251.215728,7.767788410186768,1.1957039833068848,0.6517380475997925,5.699892044067383,-21.244796752929688,3.581368923187256,15.315122604370117,0
1745923251.227957,7.766915798187256,1.1935224533081055,0.6494656801223755,5.698927879333496,-21.25831413269043,3.5830905437469482,15.308831214904785,0
1745923251.2437267,7.773687839508057,1.1937694549560547,0.649894118309021,5.695073127746582,-21.257429122924805,3.5965747833251953,15.312423706054688,0
1745923251.2490394,7.781464099884033,1.1943573951721191,0.6494656801223755,5.695130348205566,-21.260360717773438,3.606673240661621,15.320417404174805,0
1745923251.2603004,7.790398120880127,1.1952109336853027,0.6513469219207764,5.696414947509766,-21.256065368652344,3.612694501876831,15.33337116241455,0
1745923251.2757847,7.801437854766846,1.1964058876037598,0.6514400243759155,5.701478958129883,-21.259008407592773,3.618283987045288,15.350762367248535,0
1745923251.2822206,7.818186283111572,1.1980938911437988,0.6487951278686523,5.70499324798584,-21.27096176147461,3.6377410888671875,15.370068550109863,0
1745923251.2950156,7.836205959320068,1.1980562210083008,0.6488324403762817,5.713212013244629,-21.282428741455078,3.6448071002960205,15.396306037902832,0
1745923251.3103385,7.857564449310303,1.2004461288452148,0.650881290435791,5.726797103881836,-21.28346824645996,3.646547317504883,15.435688018798828,0
1745923251.3144238,7.88338041305542,1.2046380043029785,0.6506391763687134,5.7405900955200195,-21.288076400756836,3.6586127281188965,15.479248046875,0
1745923251.3251915,7.90557336807251,1.2087349891662598,0.6499872207641602,5.755610466003418,-21.293230056762695,3.665158987045288,15.519906044006348,0
1745923251.3372724,7.9263997077941895,1.2136287689208984,0.6510117053985596,5.794343948364258,-21.300142288208008,3.630845785140991,15.585383415222168,0
1745923251.3491194,7.951362133026123,1.2164549827575684,0.6514028310775757,5.8111982345581055,-21.307918548583984,3.634550094604492,15.630417823791504,0
1745923251.3590493,7.977443218231201,1.2202296257019043,0.6510674953460693,5.829412460327148,-21.316009521484375,3.639525890350342,15.678153038024902,0
1745923251.369973,7.998307704925537,1.2239665985107422,0.6524085998535156,5.847210884094238,-21.316516876220703,3.6366968154907227,15.721894264221191,0
1745923251.3847651,8.020709037780762,1.2266788482666016,0.6512352228164673,5.862174987792969,-21.327545166015625,3.6428062915802,15.760798454284668,0
1745923251.3916404,8.042465209960938,1.2278928756713867,0.651160717010498,5.875797271728516,-21.338932037353516,3.6469109058380127,15.79731559753418,0
1745923251.4107451,8.058815956115723,1.2278928756713867,0.652166485786438,5.890780448913574,-21.348981857299805,3.6399402618408203,15.829655647277832,0
1745923251.4141753,8.078352928161621,1.2315917015075684,0.651887059211731,5.908295631408691,-21.353878021240234,3.638596773147583,15.870126724243164,0
1745923251.4241006,8.095708847045898,1.2372064590454102,0.6507136821746826,5.924639701843262,-21.354177474975586,3.640169620513916,15.908268928527832,0
1745923251.436029,8.1112060546875,1.238856315612793,0.6515331268310547,5.940359115600586,-21.359546661376953,3.633279323577881,15.941954612731934,0
1745923251.4479835,8.12366771697998,1.2386479377746582,0.6497077941894531,5.951469421386719,-21.375638961791992,3.6322827339172363,15.963493347167969,0
1745923251.4584842,8.130667686462402,1.2407913208007812,0.6500990390777588,5.957440376281738,-21.373186111450195,3.632412910461426,15.978998184204102,0
1745923251.4690893,8.141175270080566,1.2412467002868652,0.6526507139205933,5.96735954284668,-21.37236785888672,3.6251134872436523,16.002431869506836,0
1745923251.4795778,8.159934997558594,1.2403550148010254,0.6528928279876709,5.9783935546875,-21.38668441772461,3.6271581649780273,16.03157615661621,0
1745923251.4909544,8.183209419250488,1.2408671379089355,0.650881290435791,5.990769386291504,-21.405969619750977,3.6369926929473877,16.06572723388672,0
1745923251.5022147,8.208512306213379,1.245002269744873,0.6499313116073608,6.005846977233887,-21.412731170654297,3.64711594581604,16.109291076660156,0
1745923251.5122688,8.235845565795898,1.2488336563110352,0.6502852439880371,6.024250030517578,-21.418575286865234,3.6519737243652344,16.15921401977539,0
1745923251.5237432,8.259574890136719,1.2550363540649414,0.651589035987854,6.0398759841918945,-21.411664962768555,3.65826153755188,16.206077575683594,0
1745923251.5354252,8.276854515075684,1.2573881149291992,0.6500803232192993,6.054254531860352,-21.42194366455078,3.6596839427948,16.23857879638672,0
1745923251.5462286,8.297492027282715,1.2577300071716309,0.6498568058013916,6.070522308349609,-21.436504364013672,3.657726526260376,16.27560043334961,0
1745923251.5567753,8.317939758300781,1.2604799270629883,0.6527252197265625,6.0857696533203125,-21.433839797973633,3.655006170272827,16.316913604736328,0
1745923251.567911,8.34466552734375,1.2624530792236328,0.6519988775253296,6.103322982788086,-21.44784164428711,3.6600730419158936,16.36244010925293,0
1745923251.5789504,8.372056007385254,1.2637996673583984,0.6514586210250854,6.122122764587402,-21.46385383605957,3.662999391555786,16.40943717956543,0
1745923251.5922303,8.391326904296875,1.2685227394104004,0.6504901647567749,6.13663387298584,-21.46599006652832,3.6679837703704834,16.446971893310547,0
1745923251.602817,8.410030364990234,1.267972469329834,0.6511979103088379,6.149576187133789,-21.478063583374023,3.666644334793091,16.478776931762695,0
1745923251.6134915,8.428353309631348,1.271955966949463,0.6489441394805908,6.159646987915039,-21.48409652709961,3.6783854961395264,16.508899688720703,0
1745923251.6221893,8.440454483032227,1.275331974029541,0.6484040021896362,6.169925689697266,-21.48443031311035,3.680062770843506,16.534114837646484,0
1745923251.6347275,8.449559211730957,1.2740612030029297,0.651868462562561,6.173685073852539,-21.48293113708496,3.6774890422821045,16.549175262451172,0
1745923251.6450548,8.45449161529541,1.2724113464355469,0.6514773368835449,6.174724578857422,-21.49138832092285,3.679957628250122,16.553104400634766,0
1745923251.655591,8.457620620727539,1.2716145515441895,0.6532467603683472,6.17695426940918,-21.490585327148438,3.676435708999634,16.559436798095703,0
1745923251.6672802,8.464639663696289,1.2726764678955078,0.6508439779281616,6.179712295532227,-21.49843406677246,3.6843574047088623,16.56787109375,0
1745923251.6800327,8.472302436828613,1.2776274681091309,0.6511979103088379,6.185456275939941,-21.487857818603516,3.6884500980377197,16.58658218383789,0
1745923251.6893797,8.481596946716309,1.2804536819458008,0.6505087614059448,6.191275596618652,-21.48741340637207,3.6934590339660645,16.603836059570312,0
1745923251.7005985,8.49237060546875,1.280756950378418,0.649596095085144,6.1975860595703125,-21.495922088623047,3.6969738006591797,16.620309829711914,0
1745923251.7128372,8.50198745727539,1.2833366394042969,0.6491304636001587,6.206429481506348,-21.496849060058594,3.6972222328186035,16.640884399414062,0
1745923251.7215996,8.511698722839355,1.2827110290527344,0.6522781848907471,6.2158002853393555,-21.496807098388672,3.6881027221679688,16.662487030029297,0
1745923251.7332945,8.519533157348633,1.2805485725402832,0.6510117053985596,6.221921920776367,-21.512428283691406,3.6868019104003906,16.673015594482422,0
1745923251.743683,8.527328491210938,1.2803778648376465,0.6504528522491455,6.225833892822266,-21.51914405822754,3.689753293991089,16.68399429321289,0
1745923251.759448,8.534764289855957,1.2846646308898926,0.6504714488983154,6.232446670532227,-21.51183319091797,3.6920995712280273,16.702346801757812,0
1745923251.7660296,8.544760704040527,1.2843608856201172,0.6503411531448364,6.2405900955200195,-21.520156860351562,3.6902995109558105,16.72005271911621,0
1745923251.7772236,8.556483268737793,1.2841715812683105,0.6479569673538208,6.249016761779785,-21.535572052001953,3.693312644958496,16.737628936767578,0
1745923251.7879603,8.56103515625,1.2855181694030762,0.6488138437271118,6.257500648498535,-21.534086227416992,3.6856391429901123,16.75286865234375,0
1745923251.7999713,8.562154769897461,1.2882304191589355,0.6489441394805908,6.26262092590332,-21.528091430664062,3.6818649768829346,16.761951446533203,0
1745923251.8121572,8.562249183654785,1.2858214378356934,0.6474355459213257,6.264491081237793,-21.540430068969727,3.6789393424987793,16.75999641418457,0
1745923251.8204148,8.566725730895996,1.2895393371582031,0.6489628553390503,6.268024444580078,-21.52802085876465,3.6799559593200684,16.773252487182617,0
1745923251.83261,8.570216178894043,1.2927827835083008,0.6508253812789917,6.2736358642578125,-21.516468048095703,3.6759159564971924,16.787460327148438,0
1745923251.8437462,8.57837200164795,1.293750286102295,0.6498382091522217,6.280740737915039,-21.522415161132812,3.676337480545044,16.80270004272461,0
1745923251.8529768,8.587837219238281,1.2964625358581543,0.6509557962417603,6.288468360900879,-21.517759323120117,3.6759042739868164,16.8237247467041,0
1745923251.8660955,8.598213195800781,1.2958555221557617,0.6506577730178833,6.299388885498047,-21.528615951538086,3.670389413833618,16.8441162109375,0
1745923251.8782902,8.608626365661621,1.294755458831787,0.6500990390777588,6.307173728942871,-21.54047393798828,3.66938853263855,16.860652923583984,0
1745923251.8892872,8.611376762390137,1.2962918281555176,0.6493539810180664,6.3104047775268555,-21.540437698364258,3.6701574325561523,16.867427825927734,0
1745923251.8972585,8.611490249633789,1.2949070930480957,0.6492980718612671,6.311481475830078,-21.545127868652344,3.6673574447631836,16.867176055908203,0
1745923251.9121623,8.60900592803955,1.2957987785339355,0.650192141532898,6.312294006347656,-21.539243698120117,3.663224935531616,16.867290496826172,0
1745923251.9202697,8.612078666687012,1.2985682487487793,0.6506763696670532,6.314126968383789,-21.53156852722168,3.6658403873443604,16.875450134277344,0
1745923251.9300518,8.618926048278809,1.297316074371338,0.6507322788238525,6.318415641784668,-21.53934097290039,3.665238857269287,16.885391235351562,0
1745923251.9437838,8.625754356384277,1.2985873222351074,0.6511048078536987,6.323554992675781,-21.539098739624023,3.6655008792877197,16.899002075195312,0
1745923251.952796,8.631312370300293,1.299440860748291,0.651179313659668,6.328070640563965,-21.54022979736328,3.665379285812378,16.910003662109375,0
1745923251.966243,8.636186599731445,1.3009581565856934,0.6502293348312378,6.335061073303223,-21.54309844970703,3.6631221771240234,16.922435760498047,0
1745923251.9766057,8.6445894241333,1.3030824661254883,0.648906946182251,6.343148231506348,-21.547039031982422,3.6640470027923584,16.939727783203125,0
1745923251.9859178,8.64100456237793,1.303727626800537,0.6500803232192993,6.348684310913086,-21.542463302612305,3.651273012161255,16.943496704101562,0
1745923251.9989104,8.630553245544434,1.3051691055297852,0.6508253812789917,6.3492889404296875,-21.532312393188477,3.640077829360962,16.935836791992188,0
1745923252.0112123,8.620765686035156,1.3041257858276367,0.649614691734314,6.344867706298828,-21.53348159790039,3.637167453765869,16.91937255859375,0
1745923252.0183792,8.613197326660156,1.2998199462890625,0.6474727392196655,6.339067459106445,-21.547264099121094,3.6365458965301514,16.89955711364746,0
1745923252.0300946,8.603751182556152,1.2998390197753906,0.6486648321151733,6.330942153930664,-21.5369930267334,3.636967658996582,16.883197784423828,0
1745923252.0453033,8.596335411071777,1.3011670112609863,0.64803147315979,6.325311660766602,-21.52995491027832,3.639850616455078,16.870845794677734,0
1745923252.0517921,8.593660354614258,1.3024754524230957,0.6467090845108032,6.316790580749512,-21.52570152282715,3.6528282165527344,16.859634399414062,0
1745923252.0620477,8.587723731994629,1.3019065856933594,0.6487951278686523,6.3155622482299805,-21.51848793029785,3.6448779106140137,16.853988647460938,0
1745923252.079882,8.580382347106934,1.3038034439086914,0.648608922958374,6.310971260070801,-21.508869171142578,3.6462578773498535,16.843765258789062,0
1745923252.0839748,8.572093963623047,1.3049983978271484,0.6521291732788086,6.30687141418457,-21.49022674560547,3.6397945880889893,16.83609390258789,0
1745923252.0954826,8.56323528289795,1.3001995086669922,0.6530791521072388,6.305019378662109,-21.497406005859375,3.627021312713623,16.821533203125,0
1745923252.112461,8.553637504577637,1.3028168678283691,0.652296781539917,6.299956321716309,-21.486330032348633,3.628371000289917,16.80870819091797,0
1745923252.117639,8.546600341796875,1.298776626586914,0.6512724161148071,6.295042991638184,-21.496620178222656,3.625619888305664,16.79169273376465,0
1745923252.128726,8.539468765258789,1.2976765632629395,0.6511420011520386,6.291339874267578,-21.496051788330078,3.6227219104766846,16.779626846313477,0
1745923252.1424663,8.527044296264648,1.3002371788024902,0.6495401859283447,6.286125183105469,-21.486373901367188,3.6225106716156006,16.76294708251953,0
1745923252.1515005,8.511775016784668,1.2999529838562012,0.6502852439880371,6.276111602783203,-21.475173950195312,3.6199960708618164,16.73812484741211,0
1745923252.1617188,8.495803833007812,1.2990236282348633,0.6475100517272949,6.265813827514648,-21.475887298583984,3.6216797828674316,16.70815086364746,0
1745923252.1783738,8.484631538391113,1.2972593307495117,0.6478452682495117,6.257556915283203,-21.47252655029297,3.6198954582214355,16.687294006347656,0
1745923252.1837237,8.476911544799805,1.2934088706970215,0.6515704393386841,6.249262809753418,-21.46662712097168,3.614581346511841,16.671154022216797,0
1745923252.194171,8.470974922180176,1.292555332183838,0.6510862112045288,6.245030403137207,-21.46661376953125,3.614464044570923,16.65964698791504,0
1745923252.2092707,8.46528434753418,1.2953433990478516,0.6494098901748657,6.242403984069824,-21.460044860839844,3.617793321609497,16.652442932128906,0
1745923252.2287219,8.458910942077637,1.2957987785339355,0.649596095085144,6.239116668701172,-21.454345703125,3.616199016571045,16.643421173095703,0
1745923252.2287219,8.44771957397461,1.292820930480957,0.6490931510925293,6.2336931228637695,-21.458158493041992,3.6101584434509277,16.62332534790039,0
1745923252.2452528,8.437989234924316,1.2963109016418457,0.6502852439880371,6.22927188873291,-21.43864631652832,3.608410358428955,16.61385726928711,0
1745923252.2493827,8.42099380493164,1.2943005561828613,0.6511420011520386,6.219239234924316,-21.431394577026367,3.6020941734313965,16.585674285888672,0
1745923252.260547,8.404415130615234,1.2925362586975098,0.6505459547042847,6.208507537841797,-21.4276065826416,3.599651575088501,16.55600357055664,0
1745923252.2774131,8.391042709350586,1.2890839576721191,0.6489814519882202,6.200930595397949,-21.43427848815918,3.5955452919006348,16.53003692626953,0
1745923252.282084,8.380117416381836,1.2872819900512695,0.6500617265701294,6.193826675415039,-21.42926788330078,3.5911030769348145,16.511287689208984,0
1745923252.2942882,8.373933792114258,1.285935401916504,0.6515145301818848,6.189178466796875,-21.42463493347168,3.5879199504852295,16.50056266784668,0
1745923252.3099008,8.368243217468262,1.2853474617004395,0.6494284868240356,6.184473991394043,-21.42850685119629,3.591416835784912,16.48749351501465,0
1745923252.3156624,8.366915702819824,1.285688877105713,0.6494284868240356,6.181204795837402,-21.425649642944336,3.5952529907226562,16.483238220214844,0
1745923252.3278043,8.370880126953125,1.2852716445922852,0.6507881879806519,6.1799774169921875,-21.42391586303711,3.598799467086792,16.48691749572754,0
1745923252.3438637,8.377764701843262,1.2853474617004395,0.651309609413147,6.1816205978393555,-21.42552375793457,3.602914333343506,16.496044158935547,0
1745923252.3492537,8.381406784057617,1.2855749130249023,0.6510488986968994,6.18643856048584,-21.428997039794922,3.6001996994018555,16.50446891784668,0
1745923252.35955,8.387534141540527,1.284095287322998,0.6511048078536987,6.191710472106934,-21.437793731689453,3.5971591472625732,16.51444435119629,0
1745923252.3705199,8.39548110961914,1.2855749130249023,0.6507881879806519,6.196282386779785,-21.439285278320312,3.600752592086792,16.528125762939453,0
1745923252.381565,8.39955997467041,1.2872443199157715,0.6518125534057617,6.203141212463379,-21.435571670532227,3.5950746536254883,16.541757583618164,0
1745923252.3926039,8.402499198913574,1.2863526344299316,0.6516635417938232,6.208526611328125,-21.44198226928711,3.5894463062286377,16.549041748046875,0
1745923252.4032798,8.406388282775879,1.2840385437011719,0.6509184837341309,6.20737361907959,-21.452207565307617,3.593923807144165,16.548717498779297,0
1745923252.413599,8.410542488098145,1.2836403846740723,0.6486834287643433,6.2083940505981445,-21.462120056152344,3.5996785163879395,16.55126190185547,0
1745923252.4259043,8.417200088500977,1.2858405113220215,0.6474541425704956,6.212512969970703,-21.463476181030273,3.6046926975250244,16.563007354736328,0
1745923252.436717,8.424180030822754,1.287339210510254,0.6474168300628662,6.2196550369262695,-21.464683532714844,3.603044033050537,16.578590393066406,0
1745923252.4476385,8.43062973022461,1.2876806259155273,0.6492794752120972,6.227251052856445,-21.463645935058594,3.596140146255493,16.59484100341797,0
1745923252.458541,8.433588027954102,1.2889323234558105,0.6506204605102539,6.230216979980469,-21.458253860473633,3.5941734313964844,16.60335922241211,0
1745923252.4699843,8.432450294494629,1.289729118347168,0.649614691734314,6.231595993041992,-21.458972930908203,3.5932629108428955,16.603389739990234,0
1745923252.4819386,8.430060386657715,1.2887048721313477,0.6507508754730225,6.230481147766113,-21.45725440979004,3.5896503925323486,16.599998474121094,0
1745923252.4916928,8.426740646362305,1.2883820533752441,0.6517753601074219,6.227760314941406,-21.45278549194336,3.5883426666259766,16.59465789794922,0
1745923252.5026665,8.429055213928223,1.2901082038879395,0.652855634689331,6.226778030395508,-21.444948196411133,3.5924367904663086,16.598796844482422,0
1745923252.5138462,8.435484886169434,1.28879976272583,0.6506949663162231,6.225663185119629,-21.457378387451172,3.6026597023010254,16.600643157958984,0
1745923252.5356886,8.44075870513916,1.2875099182128906,0.647621750831604,6.227987289428711,-21.473369598388672,3.607943296432495,16.603878021240234,0
1745923252.5520933,8.449522018432617,1.2882685661315918,0.6487020254135132,6.23444938659668,-21.473876953125,3.606741189956665,16.620941162109375,0
1745923252.5526953,8.455211639404297,1.2882113456726074,0.6509371995925903,6.240703582763672,-21.472084045410156,3.6000726222991943,16.63506317138672,0
1745923252.5648484,8.451171875,1.2854042053222656,0.6511234045028687,6.239758491516113,-21.47792625427246,3.5940299034118652,16.627456665039062,0
1745923252.5793667,8.446714401245117,1.286181926727295,0.6506763696670532,6.237378120422363,-21.474254608154297,3.5943603515625,16.620952606201172,0
1745923252.5815544,8.441497802734375,1.290468692779541,0.6509929895401001,6.234185218811035,-21.457246780395508,3.597642183303833,16.617145538330078,0
1745923252.5897875,8.44284439086914,1.2879648208618164,0.6493725776672363,6.234865188598633,-21.470321655273438,3.597823143005371,16.615047454833984,0
1745923252.6009963,8.438652992248535,1.287642478942871,0.6497451066970825,6.2366790771484375,-21.46923828125,3.589857578277588,16.612720489501953,0
1745923252.613142,8.436528205871582,1.2893686294555664,0.651309609413147,6.234203338623047,-21.45762825012207,3.5907888412475586,16.61141014099121,0
1745923252.625282,8.430800437927246,1.2915501594543457,0.6514028310775757,6.228497505187988,-21.446348190307617,3.595383882522583,16.602251052856445,0
1745923252.6351204,8.423667907714844,1.2921571731567383,0.6510117053985596,6.222886085510254,-21.440671920776367,3.5974369049072266,16.5897216796875,0
1745923252.6460733,8.417389869689941,1.28828763961792,0.6497451066970825,6.216707229614258,-21.451065063476562,3.5978312492370605,16.572128295898438,0
1745923252.6560383,8.41150951385498,1.285233497619629,0.6494098901748657,6.210566520690918,-21.45642852783203,3.5980615615844727,16.556720733642578,0
1745923252.6681652,8.406881332397461,1.2841715812683105,0.6492235660552979,6.206429481506348,-21.456693649291992,3.5985052585601807,16.546707153320312,0
1745923252.6811163,8.402594566345215,1.2855939865112305,0.6519429683685303,6.2029523849487305,-21.44124412536621,3.5966179370880127,16.54308319091797,0
1745923252.6897714,8.390151023864746,1.2832989692687988,0.6523526906967163,6.195867538452148,-21.439130783081055,3.591031074523926,16.521671295166016,0
1745923252.7003348,8.382526397705078,1.2835454940795898,0.647342324256897,6.189461708068848,-21.447824478149414,3.6002588272094727,16.50287628173828,0
1745923252.7114322,8.377442359924316,1.2842092514038086,0.6492049694061279,6.184512138366699,-21.43626594543457,3.6001994609832764,16.49536895751953,0
1745923252.7221744,8.367996215820312,1.2782721519470215,0.6485903263092041,6.176444053649902,-21.448951721191406,3.5969183444976807,16.471302032470703,0
1745923252.734001,8.361167907714844,1.2756547927856445,0.6491490602493286,6.170927047729492,-21.450223922729492,3.594339609146118,16.456897735595703,0
1745923252.7457414,8.355799674987793,1.2773995399475098,0.6491304636001587,6.166448593139648,-21.441112518310547,3.597229480743408,16.448780059814453,0
1745923252.7546084,8.353940963745117,1.2768306732177734,0.6516635417938232,6.162405014038086,-21.43285369873047,3.596919298171997,16.444839477539062,0
1745923252.7653942,8.352176666259766,1.2769064903259277,0.6520919799804688,6.155244827270508,-21.427770614624023,3.605206251144409,16.436420440673828,0
1745923252.77791,8.348838806152344,1.2773051261901855,0.648906946182251,6.1528825759887695,-21.433876037597656,3.610403060913086,16.427932739257812,0
1745923252.7887623,8.341042518615723,1.2734923362731934,0.6489628553390503,6.147706031799316,-21.44000244140625,3.605778932571411,16.411203384399414,0
1745923252.7995524,8.330780982971191,1.2707419395446777,0.6514959335327148,6.137219429016113,-21.432353973388672,3.603910446166992,16.39023780822754,0
1745923252.8133821,8.321467399597168,1.2698125839233398,0.6506577730178833,6.1291704177856445,-21.430723190307617,3.6063830852508545,16.371109008789062,0
1745923252.8209193,8.320329666137695,1.2690539360046387,0.6483482122421265,6.130341529846191,-21.44000244140625,3.6060798168182373,16.368072509765625,0
1745923252.8332431,8.324995994567871,1.2730941772460938,0.6483668088912964,6.133761405944824,-21.43099021911621,3.610159158706665,16.380218505859375,0
1745923252.8438745,8.330382347106934,1.2735872268676758,0.6505273580551147,6.1357269287109375,-21.425933837890625,3.610201835632324,16.39022445678711,0
1745923252.85443,8.337173461914062,1.2744784355163574,0.6496891975402832,6.139561653137207,-21.430034637451172,3.613852024078369,16.400901794433594,0
1745923252.8658721,8.334688186645508,1.2737388610839844,0.6507694721221924,6.142226219177246,-21.429079055786133,3.6048130989074707,16.40142250061035,0
1745923252.8793871,8.329718589782715,1.27455472946167,0.6511420011520386,6.135424613952637,-21.4207763671875,3.6100549697875977,16.390838623046875,0
1745923252.8866699,8.320026397705078,1.2752752304077148,0.6516449451446533,6.12814998626709,-21.410268783569336,3.610705614089966,16.37509536743164,0
1745923252.8989701,8.318034172058105,1.2678966522216797,0.651589035987854,6.1260528564453125,-21.431066513061523,3.603984832763672,16.36357307434082,0
1745923252.911408,8.322131156921387,1.268693447113037,0.6509557962417603,6.125787734985352,-21.432111740112305,3.6105358600616455,16.367568969726562,0
1745923252.9205043,8.333853721618652,1.2752375602722168,0.6495774984359741,6.131059646606445,-21.42333984375,3.624069929122925,16.389728546142578,0
1745923252.932809,8.340625762939453,1.2767548561096191,0.6482737064361572,6.1361236572265625,-21.427444458007812,3.627207040786743,16.401777267456055,0
1745923252.9445834,8.343831062316895,1.275996208190918,0.6506763696670532,6.136898040771484,-21.42408561706543,3.6250293254852295,16.40740203857422,0
1745923252.9531379,8.348535537719727,1.2746682167053223,0.6526321172714233,6.140450477600098,-21.42550277709961,3.6203396320343018,16.41628646850586,0
1745923252.9643264,8.359403610229492,1.2743268013000488,0.6527811288833618,6.148612022399902,-21.43369483947754,3.6190221309661865,16.435123443603516,0
1745923252.9786687,8.371277809143066,1.276944637298584,0.6507881879806519,6.157322883605957,-21.440031051635742,3.6242780685424805,16.45633316040039,0
1745923252.987009,8.383853912353516,1.2817435264587402,0.648888349533081,6.165976524353027,-21.439783096313477,3.6325063705444336,16.4804630279541,0
1745923252.9975836,8.400299072265625,1.2827296257019043,0.6506763696670532,6.175631523132324,-21.441844940185547,3.63377046585083,16.50933837890625,0
1745923253.0115142,8.410731315612793,1.2846264839172363,0.650173544883728,6.184643745422363,-21.44539451599121,3.634042501449585,16.530174255371094,0
1745923253.0191743,8.413026809692383,1.2873010635375977,0.6503597497940063,6.18815803527832,-21.43914222717285,3.63374924659729,16.53884506225586,0
1745923253.030865,8.414942741394043,1.2840385437011719,0.6519801616668701,6.186060905456543,-21.443981170654297,3.633044719696045,16.53702163696289,0
1745923253.043331,8.416744232177734,1.2869787216186523,0.6512724161148071,6.185267448425293,-21.43770408630371,3.640259027481079,16.540264129638672,0
1745923253.0516677,8.420727729797363,1.2867131233215332,0.648888349533081,6.1886491775512695,-21.448545455932617,3.642674446105957,16.544979095458984,0
1745923253.063979,8.426797866821289,1.2808327674865723,0.6501548290252686,6.192768096923828,-21.466365814208984,3.634854316711426,16.550552368164062,0
1745923253.0783083,8.436263084411621,1.2780256271362305,0.6510488986968994,6.1959428787231445,-21.477066040039062,3.635784149169922,16.561279296875,0
1745923253.0846093,8.440530776977539,1.282407283782959,0.648608922958374,6.200930595397949,-21.47490882873535,3.641058921813965,16.572479248046875,0
1745923253.0959904,8.443603515625,1.2849111557006836,0.6501548290252686,6.207468032836914,-21.466609954833984,3.6348862648010254,16.586137771606445,0
1745923253.1135075,8.444077491760254,1.2867321968078613,0.6495215892791748,6.208072662353516,-21.463491439819336,3.637331247329712,16.58840560913086,0
1745923253.1186523,8.4399995803833,1.2900514602661133,0.6498568058013916,6.204558372497559,-21.449604034423828,3.6412603855133057,16.58446502685547,0
1745923253.1288998,8.433075904846191,1.2893495559692383,0.6512724161148071,6.199948310852051,-21.442913055419922,3.6380226612091064,16.573646545410156,0
1745923253.1446426,8.425697326660156,1.2874526977539062,0.649894118309021,6.196245193481445,-21.448307037353516,3.6358580589294434,16.559288024902344,0
1745923253.1507711,8.418224334716797,1.2889704704284668,0.6502666473388672,6.192409515380859,-21.43817710876465,3.634765386581421,16.54987144470215,0
1745923253.1618757,8.41086483001709,1.2860493659973145,0.6480501890182495,6.186703681945801,-21.44835662841797,3.6357715129852295,16.53166961669922,0
1745923253.180104,8.399274826049805,1.2849111557006836,0.6501176357269287,6.178011894226074,-21.43752670288086,3.6322693824768066,16.51231575012207,0
1745923253.1842663,8.388330459594727,1.2817435264587402,0.6501548290252686,6.1711530685424805,-21.43982696533203,3.6275973320007324,16.491382598876953,0
1745923253.1974156,8.378713607788086,1.2843608856201172,0.6504528522491455,6.165277481079102,-21.42491340637207,3.628553867340088,16.478805541992188,0
1745923253.2102222,8.372435569763184,1.2836213111877441,0.6506391763687134,6.159458160400391,-21.421741485595703,3.629575729370117,16.466156005859375,0
1745923253.216682,8.373345375061035,1.2837162017822266,0.6494098901748657,6.1524858474731445,-21.422725677490234,3.642908811569214,16.45895767211914,0
1745923253.2278216,8.375545501708984,1.2825970649719238,0.6510117053985596,6.149576187133789,-21.420995712280273,3.6460070610046387,16.458728790283203,0
1745923253.2450938,8.376191139221191,1.2809090614318848,0.6497637033462524,6.1532793045043945,-21.431547164916992,3.641232490539551,16.46014404296875,0
1745923253.251373,8.379528999328613,1.2815728187561035,0.6512538194656372,6.152277946472168,-21.426010131835938,3.6447200775146484,16.46463394165039,0
1745923253.2616303,8.380155563354492,1.2799224853515625,0.6498196125030518,6.151503562927246,-21.43521499633789,3.646946907043457,16.461400985717773,0
1745923253.2760308,8.3771390914917,1.2780256271362305,0.6495589017868042,6.152920722961426,-21.441057205200195,3.640033721923828,16.457645416259766,0
1745923253.2840486,8.377973556518555,1.2761287689208984,0.6503970623016357,6.15146541595459,-21.44399070739746,3.6398370265960693,16.455965042114258,0
1745923253.295168,8.3822603225708,1.281458854675293,0.6491304636001587,6.149518966674805,-21.43271827697754,3.6547882556915283,16.46236801147461,0
1745923253.306009,8.385333061218262,1.28546142578125,0.6504901647567749,6.1501054763793945,-21.4180850982666,3.659325122833252,16.471389770507812,0
1745923253.316004,8.387306213378906,1.2838678359985352,0.6528928279876709,6.154582977294922,-21.418235778808594,3.6494290828704834,16.478649139404297,0
1745923253.3308465,8.38726806640625,1.2818760871887207,0.6537123918533325,6.154035568237305,-21.421518325805664,3.6468842029571533,16.476890563964844,0
1745923253.3442242,8.386585235595703,1.2810983657836914,0.6517566442489624,6.1536760330200195,-21.429302215576172,3.6488096714019775,16.473115921020508,0
1745923253.3489916,8.382697105407715,1.27931547164917,0.650192141532898,6.1539411544799805,-21.437908172607422,3.6447787284851074,16.466144561767578,0
1745923253.3597696,8.37353515625,1.2799224853515625,0.6529301404953003,6.150029182434082,-21.42264175415039,3.637515068054199,16.456417083740234,0
1745923253.371491,8.358835220336914,1.2776274681091309,0.6506391763687134,6.144059181213379,-21.42816162109375,3.631944417953491,16.431161880493164,0
1745923253.3836575,8.343072891235352,1.2781963348388672,0.6482363939285278,6.135802268981934,-21.42406463623047,3.631863832473755,16.40530776977539,0
1745923253.39339,8.331235885620117,1.2784051895141602,0.6487765312194824,6.123520851135254,-21.41212272644043,3.6371896266937256,16.381938934326172,0
1745923253.4051008,8.321866035461426,1.279068946838379,0.6509371995925903,6.114017486572266,-21.395998001098633,3.639007091522217,16.365890502929688,0
1745923253.4153345,8.30669116973877,1.274857997894287,0.6527625322341919,6.107952117919922,-21.394628524780273,3.624805212020874,16.342262268066406,0
1745923253.4278333,8.293546676635742,1.2708559036254883,0.6517566442489624,6.101678848266602,-21.401927947998047,3.617532730102539,16.31783676147461,0
1745923253.4380214,8.277669906616211,1.2683329582214355,0.6509929895401001,6.089964866638184,-21.400718688964844,3.616755723953247,16.28696060180664,0
1745923253.4478204,8.257962226867676,1.2656965255737305,0.6504901647567749,6.076171875,-21.396657943725586,3.614508867263794,16.250320434570312,0
1745923253.4582953,8.236907958984375,1.2652602195739746,0.6484972238540649,6.060281753540039,-21.389007568359375,3.61861515045166,16.210948944091797,0
1745923253.470197,8.217731475830078,1.2672138214111328,0.6503783464431763,6.037117004394531,-21.3599910736084,3.6325039863586426,16.172439575195312,0
1745923253.4831712,8.201475143432617,1.2639131546020508,0.6498382091522217,6.026762962341309,-21.360788345336914,3.6280856132507324,16.141990661621094,0
1745923253.4922328,8.186737060546875,1.2623581886291504,0.6507694721221924,6.019016265869141,-21.353435516357422,3.6209394931793213,16.118881225585938,0
1745923253.5113509,8.171771049499512,1.26082181930542,0.6509371995925903,6.010910987854004,-21.348106384277344,3.615262746810913,16.094440460205078,0
1745923253.5141385,8.155818939208984,1.258033275604248,0.6514586210250854,6.003220558166504,-21.34528350830078,3.6059701442718506,16.068531036376953,0
1745923253.5244524,8.136395454406738,1.260404109954834,0.6508626937866211,5.992621421813965,-21.327367782592773,3.6046504974365234,16.040283203125,0
1745923253.5359375,8.120765686035156,1.2607645988464355,0.6503411531448364,5.98139762878418,-21.31667137145996,3.606111526489258,16.013269424438477,0
1745923253.5480752,8.109783172607422,1.2551689147949219,0.6485717296600342,5.975635528564453,-21.33238983154297,3.599666118621826,15.98915958404541,0
1745923253.558603,8.095898628234863,1.2566866874694824,0.648888349533081,5.968776702880859,-21.318065643310547,3.596268892288208,15.970250129699707,0
1745923253.5691614,8.081767082214355,1.2539362907409668,0.6497265100479126,5.959140777587891,-21.31401824951172,3.591413736343384,15.944570541381836,0
1745923253.5802903,8.07131576538086,1.2502565383911133,0.6490186452865601,5.951979637145996,-21.320213317871094,3.5881173610687256,15.92257022857666,0
1745923253.5909312,8.058910369873047,1.2493267059326172,0.6516449451446533,5.944912910461426,-21.306772232055664,3.580383777618408,15.904794692993164,0
1745923253.6019933,8.041308403015137,1.2472591400146484,0.6509743928909302,5.935843467712402,-21.304031372070312,3.5738816261291504,15.875385284423828,0
1745923253.613966,8.025640487670898,1.2439208030700684,0.6511420011520386,5.925206184387207,-21.302780151367188,3.56921648979187,15.84591007232666,0
1745923253.6236846,8.016573905944824,1.2429156303405762,0.6491490602493286,5.9164018630981445,-21.3045597076416,3.574885368347168,15.825039863586426,0
1745923253.6360455,8.010181427001953,1.2416448593139648,0.6502480506896973,5.911998748779297,-21.300521850585938,3.5715761184692383,15.81407356262207,0
1745923253.6476753,8.00661563873291,1.2402982711791992,0.6497265100479126,5.912585258483887,-21.305086135864258,3.5660600662231445,15.809226036071777,0
1745923253.6579213,8.006103515625,1.2400894165039062,0.651887059211731,5.915192604064941,-21.299890518188477,3.5578582286834717,15.813272476196289,0
1745923253.667514,8.002575874328613,1.2404499053955078,0.6509743928909302,5.91224479675293,-21.298866271972656,3.560361385345459,15.806244850158691,0
1745923253.679912,7.996922969818115,1.2502942085266113,0.6508253812789917,5.908333778381348,-21.264572143554688,3.571294069290161,15.806376457214355,0
1745923253.6891108,7.986377239227295,1.2479991912841797,0.6509184837341309,5.90071964263916,-21.26369285583496,3.568824052810669,15.786015510559082,0
1745923253.7008274,7.9742560386657715,1.245039939880371,0.6501176357269287,5.891234397888184,-21.266212463378906,3.56817889213562,15.760647773742676,0
1745923253.7126977,7.96615743637085,1.243788242340088,0.6514959335327148,5.885717391967773,-21.25999641418457,3.56428599357605,15.747159004211426,0
1745923253.7229156,7.956995487213135,1.2441296577453613,0.6507136821746826,5.881918907165527,-21.25582504272461,3.5616626739501953,15.733757972717285,0
1745923253.7347088,7.951058864593506,1.2445850372314453,0.6514028310775757,5.876270294189453,-21.247270584106445,3.5633316040039062,15.72331714630127,0
1745923253.7462363,7.945140361785889,1.2425932884216309,0.6492235660552979,5.8698272705078125,-21.255033493041992,3.5680341720581055,15.70678424835205,0
1745923253.7570608,7.940891742706299,1.2406015396118164,0.6514214277267456,5.86971378326416,-21.252511978149414,3.5578453540802,15.702629089355469,0
1745923253.7673283,7.932166576385498,1.2395391464233398,0.6504528522491455,5.866028785705566,-21.253551483154297,3.5542478561401367,15.688186645507812,0
1745923253.7797403,7.918224811553955,1.2389893531799316,0.649316668510437,5.856865882873535,-21.248903274536133,3.5542521476745605,15.663396835327148,0
1745923253.7884054,7.903164386749268,1.2378134727478027,0.6504901647567749,5.84639835357666,-21.23788833618164,3.550732135772705,15.637866020202637,0
1745923253.8003352,7.887780666351318,1.2373008728027344,0.649316668510437,5.834664344787598,-21.231456756591797,3.5532639026641846,15.609063148498535,0
1745923253.8120444,7.873289585113525,1.2371492385864258,0.6495401859283447,5.826634407043457,-21.221454620361328,3.5491714477539062,15.586613655090332,0
1745923253.8222082,7.867257595062256,1.2323126792907715,0.6490931510925293,5.8214006423950195,-21.23324966430664,3.5459461212158203,15.570063591003418,0
1745923253.8330898,7.860732555389404,1.2310986518859863,0.650601863861084,5.816091537475586,-21.227170944213867,3.543259620666504,15.558525085449219,0
1745923253.8440053,7.8525567054748535,1.2356510162353516,0.6520733833312988,5.812501907348633,-21.20298194885254,3.542534589767456,15.55278205871582,0
1745923253.8560104,7.852879047393799,1.2358217239379883,0.6487951278686523,5.811916351318359,-21.212696075439453,3.549187660217285,15.549412727355957,0
1745923253.8663423,7.853391170501709,1.2337160110473633,0.6475658416748047,5.8057756423950195,-21.220800399780273,3.55903959274292,15.540448188781738,0
1745923253.878995,7.856104373931885,1.2320280075073242,0.6498010158538818,5.802639007568359,-21.218881607055664,3.561615467071533,15.540573120117188,0
1745923253.8871493,7.855970859527588,1.2301878929138184,0.648329496383667,5.8031110763549805,-21.229522705078125,3.5609796047210693,15.537599563598633,0
1745923253.8981185,7.849863529205322,1.2273616790771484,0.6493725776672363,5.800919532775879,-21.23155975341797,3.552762985229492,15.52751636505127,0
1745923253.9126577,7.839696407318115,1.2252373695373535,0.649596095085144,5.794023513793945,-21.230144500732422,3.549499034881592,15.508553504943848,0
1745923253.9202228,7.830894947052002,1.2240800857543945,0.6490559577941895,5.7856340408325195,-21.228025436401367,3.5524327754974365,15.489665031433105,0
1745923253.9317129,7.824693202972412,1.2221837043762207,0.650192141532898,5.776413917541504,-21.22369384765625,3.5561277866363525,15.473483085632324,0
1745923253.9441226,7.824047565460205,1.22015380859375,0.649316668510437,5.77114200592041,-21.230350494384766,3.562870740890503,15.464659690856934,0
1745923253.953913,7.827708721160889,1.2156014442443848,0.6492235660552979,5.771444320678711,-21.246875762939453,3.561534881591797,15.463977813720703,0
1745923253.9652026,7.83372163772583,1.2152223587036133,0.6498568058013916,5.77335262298584,-21.249523162841797,3.5638504028320312,15.472153663635254,0
1745923253.9773836,7.8411946296691895,1.2191863059997559,0.6525202989578247,5.77507209777832,-21.232454299926758,3.5697736740112305,15.4879732131958,0
1745923253.9878461,7.845709323883057,1.2190918922424316,0.6521291732788086,5.775279998779297,-21.236059188842773,3.5750374794006348,15.492210388183594,0
1745923253.997398,7.848459720611572,1.2210073471069336,0.651291012763977,5.776017189025879,-21.234161376953125,3.580444812774658,15.49677562713623,0
1745923254.0110006,7.849806308746338,1.218921184539795,0.6501362323760986,5.774411201477051,-21.244346618652344,3.5839927196502686,15.493274688720703,0
1745923254.019518,7.849711894989014,1.2166070938110352,0.6507136821746826,5.772256851196289,-21.248886108398438,3.5837862491607666,15.489289283752441,0
1745923254.0310333,7.85259485244751,1.2167963981628418,0.649596095085144,5.772351264953613,-21.253135681152344,3.588864803314209,15.491338729858398,0
1745923254.045439,7.85731840133667,1.21592378616333,0.6481618881225586,5.775620460510254,-21.263944625854492,3.590280055999756,15.497024536132812,0
1745923254.0525806,7.8598408699035645,1.2169485092163086,0.6502293348312378,5.777679443359375,-21.2561092376709,3.5877187252044678,15.504698753356934,0
1745923254.065456,7.860599040985107,1.2177448272705078,0.6509929895401001,5.775204658508301,-21.25040626525879,3.5921785831451416,15.504542350769043,0
1745923254.0781877,7.853220462799072,1.2133255004882812,0.6495401859283447,5.77100944519043,-21.264039993286133,3.5878851413726807,15.48709487915039,0
1745923254.085952,7.841441631317139,1.209266185760498,0.6491118669509888,5.760807037353516,-21.268760681152344,3.5869548320770264,15.460626602172852,0
1745923254.096262,7.829453945159912,1.2099871635437012,0.6504901647567749,5.747467041015625,-21.251018524169922,3.593297243118286,15.437397956848145,0
1745923254.1119647,7.823251247406006,1.211599349975586,0.6505459547042847,5.739588737487793,-21.23952865600586,3.6005892753601074,15.424985885620117,0
1745923254.119132,7.821278095245361,1.2128510475158691,0.6514773368835449,5.736698150634766,-21.23042869567871,3.602900505065918,15.422304153442383,0
1745923254.1296103,7.818281650543213,1.2142548561096191,0.6516076326370239,5.73775577545166,-21.224681854248047,3.5992088317871094,15.421899795532227,0
1745923254.1437821,7.810011386871338,1.2136096954345703,0.6485158205032349,5.737226486206055,-21.232749938964844,3.594921350479126,15.40936279296875,0
1745923254.1515088,7.796107769012451,1.2084507942199707,0.6500990390777588,5.730009078979492,-21.234901428222656,3.5823633670806885,15.384666442871094,0
1745923254.1628191,7.773972034454346,1.201451301574707,0.6512724161148071,5.718936920166016,-21.238950729370117,3.5651512145996094,15.345633506774902,0
1745923254.1797469,7.744741916656494,1.202873706817627,0.6523154973983765,5.703065872192383,-21.21109390258789,3.557271957397461,15.302996635437012,0
1745923254.184913,7.715493679046631,1.1994028091430664,0.6523154973983765,5.664578437805176,-21.192119598388672,3.5818536281585693,15.231789588928223,0
1745923254.1961746,7.681691646575928,1.1939401626586914,0.6490373611450195,5.643983840942383,-21.19605255126953,3.575453758239746,15.168652534484863,0
1745923254.2060149,7.643167972564697,1.1886858940124512,0.6473796367645264,5.621593475341797,-21.19112205505371,3.5640757083892822,15.10082721710205,0
1745923254.2178245,7.606198787689209,1.1859731674194336,0.6520174741744995,5.601886749267578,-21.159183502197266,3.542691707611084,15.046075820922852,0
1745923254.228797,7.5719990730285645,1.179694652557373,0.6545319557189941,5.578911781311035,-21.145431518554688,3.5290467739105225,14.985136985778809,0
1745923254.2462971,7.536851406097412,1.1762995719909668,0.6506577730178833,5.553611755371094,-21.1416015625,3.5318782329559326,14.917420387268066,0
1745923254.251796,7.496999263763428,1.176584243774414,0.6495215892791748,5.530145645141602,-21.11518096923828,3.5259785652160645,14.853251457214355,0
1745923254.2659752,7.4574503898620605,1.1764893531799316,0.6499127149581909,5.502956390380859,-21.083126068115234,3.523578405380249,14.786808967590332,0
1745923254.2773912,7.417750835418701,1.1715574264526367,0.652296781539917,5.4747467041015625,-21.059703826904297,3.5136117935180664,14.716351509094238,0
1745923254.2832375,7.378353595733643,1.1659431457519531,0.6517753601074219,5.4482574462890625,-21.049034118652344,3.5050792694091797,14.644329071044922,0
1745923254.3031769,7.349996089935303,1.162130355834961,0.6504528522491455,5.424261093139648,-21.04135513305664,3.509031057357788,14.586840629577637,0
1745923254.313108,7.332394123077393,1.155984878540039,0.649484395980835,5.410242080688477,-21.050209045410156,3.5057272911071777,14.548105239868164,0
1745923254.3184452,7.3139567375183105,1.153613567352295,0.6500245332717896,5.40013313293457,-21.04273223876953,3.496805429458618,14.517727851867676,0
1745923254.3274155,7.2900004386901855,1.1546950340270996,0.6525576114654541,5.387417793273926,-21.01287841796875,3.486384153366089,14.484670639038086,0
1745923254.3441093,7.26416540145874,1.1504840850830078,0.6516076326370239,5.3710174560546875,-21.009960174560547,3.479363441467285,14.437274932861328,0
1745923254.349914,7.227822780609131,1.1482267379760742,0.6510488986968994,5.349156379699707,-20.991260528564453,3.4704954624176025,14.376254081726074,0
1745923254.3618877,7.191593647003174,1.1440539360046387,0.651179313659668,5.326842308044434,-20.976430892944336,3.458941698074341,14.313669204711914,0
1745923254.3779352,7.160959720611572,1.1380596160888672,0.651887059211731,5.305227279663086,-20.968849182128906,3.4497432708740234,14.256133079528809,0
1745923254.3832948,7.13776159286499,1.1366939544677734,0.6519429683685303,5.288185119628906,-20.95345687866211,3.4486329555511475,14.214584350585938,0
1745923254.393763,7.115209102630615,1.1330714225769043,0.6520733833312988,5.276186943054199,-20.948341369628906,3.4366931915283203,14.176541328430176,0
1745923254.4042537,7.097017765045166,1.131819248199463,0.6519801616668701,5.261562347412109,-20.936635971069336,3.4379773139953613,14.142379760742188,0
1745923254.415001,7.075622081756592,1.1318573951721191,0.6514214277267456,5.244482040405273,-20.919174194335938,3.4419467449188232,14.10338306427002,0
1745923254.4353302,7.046562671661377,1.1305484771728516,0.6523154973983765,5.22844123840332,-20.89790153503418,3.430351972579956,14.057867050170898,0
1745923254.4455314,7.015929698944092,1.1281394958496094,0.652166485786438,5.205559730529785,-20.879688262939453,3.4290754795074463,14.001795768737793,0
1745923254.4486053,6.986206531524658,1.1213679313659668,0.6518498659133911,5.182074546813965,-20.87736701965332,3.424786329269409,13.941498756408691,0
1745923254.4596913,6.953315258026123,1.117194652557373,0.6516076326370239,5.158928871154785,-20.864158630371094,3.419010639190674,13.881046295166016,0
1745923254.471376,6.919893741607666,1.1122632026672363,0.6525390148162842,5.137048721313477,-20.849750518798828,3.407236099243164,13.821744918823242,0
1745923254.4828455,6.8937554359436035,1.1105561256408691,0.6519056558609009,5.117058753967285,-20.834104537963867,3.408215284347534,13.773276329040527,0
1745923254.4924932,6.875887393951416,1.1104230880737305,0.6486834287643433,5.102169990539551,-20.828947067260742,3.4173426628112793,13.737163543701172,0
1745923254.5035238,6.860029697418213,1.1105937957763672,0.6495589017868042,5.092534065246582,-20.811887741088867,3.412827730178833,13.712716102600098,0
1745923254.514485,6.84426736831665,1.107654094696045,0.6505646705627441,5.084750175476074,-20.806421279907227,3.4008865356445312,13.687235832214355,0
1745923254.5252085,6.8234405517578125,1.1071228981018066,0.650173544883728,5.075095176696777,-20.793657302856445,3.3913116455078125,13.655832290649414,0
1745923254.5366385,6.8006978034973145,1.105055332183838,0.6504901647567749,5.063323974609375,-20.78166961669922,3.379748821258545,13.619566917419434,0
1745923254.5496202,6.771335124969482,1.0980749130249023,0.6510117053985596,5.048643112182617,-20.78145980834961,3.3579959869384766,13.56906509399414,0
1745923254.5581746,6.740853309631348,1.0967659950256348,0.6498755216598511,5.032242774963379,-20.76525115966797,3.3481063842773438,13.519737243652344,0
1745923254.578854,6.7167067527771,1.0965385437011719,0.6500058174133301,5.015936851501465,-20.74388885498047,3.3454060554504395,13.479187965393066,0
1745923254.5804892,6.705761909484863,1.094205379486084,0.6521850824356079,5.004184722900391,-20.732208251953125,3.3453049659729004,13.456336975097656,0
1745923254.5918732,6.702537536621094,1.0944709777832031,0.6522036790847778,5.002030372619629,-20.728271484375,3.3452868461608887,13.451242446899414,0
1745923254.6041653,6.7036566734313965,1.092763900756836,0.6504342555999756,5.004751205444336,-20.74294090270996,3.3427927494049072,13.451605796813965,0
1745923254.614142,6.700963020324707,1.0876426696777344,0.6510303020477295,5.006319046020508,-20.75873565673828,3.3286125659942627,13.445955276489258,0
1745923254.6289558,6.693565368652344,1.0853662490844727,0.6518311500549316,5.00388240814209,-20.758792877197266,3.31885027885437,13.434645652770996,0
1745923254.63781,6.686737060546875,1.0846834182739258,0.6509371995925903,4.998327255249023,-20.75783920288086,3.320641279220581,13.420684814453125,0
1745923254.648871,6.681368827819824,1.0851387977600098,0.6504714488983154,4.99001407623291,-20.75048828125,3.330087423324585,13.40699291229248,0
1745923254.659483,6.675754547119141,1.0839629173278809,0.6499127149581909,4.984289169311523,-20.75066375732422,3.3325438499450684,13.393918991088867,0
1745923254.6804135,6.669400215148926,1.0816106796264648,0.6487393379211426,4.977128028869629,-20.756187438964844,3.33620548248291,13.376877784729004,0
1745923254.6814754,6.662021636962891,1.0819711685180664,0.6479569673538208,4.969381332397461,-20.749526977539062,3.3424623012542725,13.36133098602295,0
1745923254.6912487,6.6601057052612305,1.0795812606811523,0.6500803232192993,4.963618278503418,-20.74633026123047,3.3434035778045654,13.353385925292969,0
1745923254.702492,6.664126873016357,1.076451301574707,0.6516263484954834,4.961086273193359,-20.75292205810547,3.346379041671753,13.353290557861328,0
1745923254.714685,6.677423477172852,1.07243013381958,0.6523526906967163,4.963693618774414,-20.773563385009766,3.35255765914917,13.365900039672852,0
1745923254.7254224,6.689620018005371,1.0770583152770996,0.6539731025695801,4.971024513244629,-20.761343002319336,3.3584516048431396,13.39167594909668,0
1745923254.7359273,6.70219612121582,1.0747060775756836,0.6516263484954834,4.975918769836426,-20.78786849975586,3.3672773838043213,13.404447555541992,0
1745923254.7466652,6.7195329666137695,1.0762805938720703,0.6503411531448364,4.978601455688477,-20.79757308959961,3.389580726623535,13.424756050109863,0
1745923254.7594101,6.73440408706665,1.0760149955749512,0.6502480506896973,4.982739448547363,-20.80906105041504,3.4013748168945312,13.443406105041504,0
1745923254.767725,6.746903896331787,1.0746302604675293,0.6500431299209595,4.9860076904296875,-20.823251724243164,3.410355806350708,13.457585334777832,0
1745923254.7788794,6.763861656188965,1.0761666297912598,0.6498755216598511,4.990769386291504,-20.829856872558594,3.4261677265167236,13.480672836303711,0
1745923254.7898874,6.783872604370117,1.0775513648986816,0.6523526906967163,4.999517440795898,-20.831161499023438,3.433701992034912,13.513294219970703,0
1745923254.8001757,6.803466796875,1.0823125839233398,0.6520174741744995,5.012139320373535,-20.83225440979004,3.4431211948394775,13.549936294555664,0
1745923254.8119583,6.819912433624268,1.084949016571045,0.6518498659133911,5.029559135437012,-20.84124755859375,3.436741828918457,13.586270332336426,0
1745923254.8222625,6.836205959320068,1.0859355926513672,0.6526321172714233,5.0434465408325195,-20.85076904296875,3.432703733444214,13.618220329284668,0
1745923254.8343532,6.846486568450928,1.0878701210021973,0.6512352228164673,5.052157402038574,-20.85879898071289,3.435335636138916,13.637749671936035,0
1745923254.8471262,6.8518548011779785,1.0909810066223145,0.6504714488983154,5.0616044998168945,-20.858150482177734,3.4307034015655518,13.654911994934082,0
1745923254.8572874,6.85788631439209,1.097486972808838,0.6510303020477295,5.070239067077637,-20.8405704498291,3.430387020111084,13.676642417907715,0
1745923254.8664773,6.867408275604248,1.0992131233215332,0.6503411531448364,5.077985763549805,-20.84589958190918,3.4322280883789062,13.694948196411133,0
1745923254.8794146,6.882715702056885,1.1002755165100098,0.6504156589508057,5.089605331420898,-20.85589027404785,3.4323647022247314,13.72301197052002,0
1745923254.8885665,6.8991618156433105,1.103461742401123,0.6512165069580078,5.105476379394531,-20.85851287841797,3.427825927734375,13.759316444396973,0
1745923254.8996656,6.911926746368408,1.1045808792114258,0.6494284868240356,5.132174491882324,-20.88130760192871,3.4014081954956055,13.798110961914062,0
1745923254.9131796,6.916707515716553,1.1057758331298828,0.6494470834732056,5.141130447387695,-20.884090423583984,3.393167734146118,13.813061714172363,0
1745923254.9209225,6.9173712730407715,1.1070847511291504,0.6500990390777588,5.144871711730957,-20.87942123413086,3.3879263401031494,13.819426536560059,0
1745923254.9335685,6.9137864112854,1.1053400039672852,0.6492608785629272,5.144890785217285,-20.88672637939453,3.3825771808624268,13.813278198242188,0
1745923254.946134,6.910182476043701,1.105567455291748,0.6506949663162231,5.143983840942383,-20.878520965576172,3.3773386478424072,13.810428619384766,0
1745923254.9551554,6.911111354827881,1.1068572998046875,0.6514028310775757,5.145419120788574,-20.872671127319336,3.376387357711792,13.814790725708008,0
1745923254.979487,6.9121928215026855,1.1101765632629395,0.6512538194656372,5.1481781005859375,-20.863441467285156,3.3773953914642334,13.82180118560791,0
1745923254.9821894,6.916042804718018,1.11029052734375,0.6511979103088379,5.150785446166992,-20.86656951904297,3.377948760986328,13.828315734863281,0
1745923254.9874358,6.913767337799072,1.1115422248840332,0.6536378860473633,5.152580261230469,-20.853275299072266,3.369180917739868,13.831527709960938,0
1745923255.0002356,6.909043788909912,1.1135530471801758,0.6540476083755493,5.150407791137695,-20.841161727905273,3.368828058242798,13.827052116394043,0
1745923255.0104544,6.90187406539917,1.1094560623168945,0.6524085998535156,5.144927978515625,-20.85489273071289,3.3670053482055664,13.808666229248047,0
1745923255.0201554,6.891896724700928,1.103461742401123,0.6493911743164062,5.13446044921875,-20.87624168395996,3.3704140186309814,13.779210090637207,0
1745923255.0311255,6.874805927276611,1.102248191833496,0.6490186452865601,5.1229352951049805,-20.867053985595703,3.3680319786071777,13.749008178710938,0
1745923255.0455763,6.852973937988281,1.1017546653747559,0.6491490602493286,5.108953475952148,-20.849716186523438,3.363940477371216,13.712831497192383,0
1745923255.0529206,6.825469970703125,1.0934276580810547,0.6496332883834839,5.086752891540527,-20.851747512817383,3.356410264968872,13.65528392791748,0
1745923255.0652468,6.796164035797119,1.0916829109191895,0.6523526906967163,5.065552711486816,-20.821714401245117,3.3492283821105957,13.605751991271973,0
1745923255.0787714,6.77228307723999,1.0917396545410156,0.6516449451446533,5.048774719238281,-20.802539825439453,3.3496155738830566,13.56444263458252,0
1745923255.086887,6.757601737976074,1.0888752937316895,0.6509184837341309,5.034528732299805,-20.80010414123535,3.3536713123321533,13.5319242477417,0
1745923255.0973442,6.748971462249756,1.0852527618408203,0.6500990390777588,5.025516510009766,-20.806747436523438,3.3553903102874756,13.50984001159668,0
1745923255.1114047,6.744722843170166,1.085404396057129,0.6483668088912964,5.022096633911133,-20.808372497558594,3.35932993888855,13.500590324401855,0
1745923255.119858,6.741611957550049,1.0842094421386719,0.6484040021896362,5.015690803527832,-20.807491302490234,3.365199565887451,13.48991584777832,0
1745923255.1332612,6.734821319580078,1.0849299430847168,0.6495029926300049,5.01002311706543,-20.794254302978516,3.3655166625976562,13.479277610778809,0
1745923255.1465986,6.726892471313477,1.083052158355713,0.6518311500549316,5.00405216217041,-20.78518295288086,3.359265089035034,13.465827941894531,0
1745923255.1527183,6.713027000427246,1.082862377166748,0.6523526906967163,4.997476577758789,-20.773012161254883,3.351792573928833,13.445718765258789,0
1745923255.1646602,6.697093486785889,1.0834317207336426,0.6520546674728394,4.9860076904296875,-20.75726890563965,3.3529396057128906,13.418587684631348,0
1745923255.1787462,6.6882734298706055,1.0811553001403809,0.6508998870849609,4.977977752685547,-20.76064682006836,3.3550190925598145,13.398305892944336,0
1745923255.187965,6.683322906494141,1.0781774520874023,0.6493725776672363,4.976371765136719,-20.773508071899414,3.350269317626953,13.387245178222656,0
1745923255.1967654,6.682658672332764,1.0807762145996094,0.6510303020477295,4.972687721252441,-20.755653381347656,3.3565051555633545,13.387152671813965,0
1745923255.2114978,6.684878349304199,1.0836973190307617,0.6526693105697632,4.972479820251465,-20.740144729614258,3.3606748580932617,13.39372444152832,0
1745923255.2194903,6.687419891357422,1.0846834182739258,0.648627519607544,4.969928741455078,-20.75126075744629,3.3773162364959717,13.39065933227539,0
1745923255.2286263,6.683114051818848,1.0874905586242676,0.6471002101898193,4.967246055603027,-20.742815017700195,3.383009910583496,13.384950637817383,0
1745923255.246165,6.673516273498535,1.0835075378417969,0.6488696336746216,4.961823463439941,-20.74273109436035,3.3717761039733887,13.367716789245605,0
1745923255.251589,6.6603522300720215,1.0798654556274414,0.6511420011520386,4.947085380554199,-20.732553482055664,3.3723416328430176,13.338444709777832,0
1745923255.2620223,6.640416622161865,1.0787086486816406,0.6501548290252686,4.928890228271484,-20.719573974609375,3.3795385360717773,13.29817008972168,0
1745923255.2787235,6.620784759521484,1.0753321647644043,0.6491304636001587,4.912452697753906,-20.715938568115234,3.381070137023926,13.257699966430664,0
1745923255.2852101,6.602177143096924,1.0749526023864746,0.6500058174133301,4.896807670593262,-20.695247650146484,3.3830032348632812,13.223942756652832,0
1745923255.296598,6.586395740509033,1.0711970329284668,0.650173544883728,4.881654739379883,-20.69135856628418,3.384610414505005,13.189420700073242,0
1745923255.31157,6.570310592651367,1.0699453353881836,0.6507322788238525,4.86895751953125,-20.67793846130371,3.3838963508605957,13.159945487976074,0
1745923255.3178878,6.550374984741211,1.0689587593078613,0.649596095085144,4.859076499938965,-20.669179916381836,3.376284599304199,13.128005981445312,0
1745923255.327753,6.5303635597229,1.0678586959838867,0.6502666473388672,4.843733787536621,-20.65097999572754,3.375183582305908,13.092223167419434,0
1745923255.3394897,6.513349533081055,1.0665879249572754,0.6506763696670532,4.826483726501465,-20.634902954101562,3.3819406032562256,13.057097434997559,0
1745923255.3500385,6.496809005737305,1.0635151863098145,0.6506763696670532,4.809101104736328,-20.6271915435791,3.3879523277282715,13.020101547241211,0
1745923255.3621788,6.482260704040527,1.0612387657165527,0.6501548290252686,4.795535087585449,-20.621707916259766,3.391589403152466,12.989189147949219,0
1745923255.3784652,6.464582443237305,1.0578246116638184,0.649894118309021,4.780966758728027,-20.61713218688965,3.390840530395508,12.953268051147461,0
1745923255.3832254,6.450849533081055,1.0489096641540527,0.6509557962417603,4.765171051025391,-20.62981605529785,3.3877878189086914,12.915885925292969,0
1745923255.394346,6.4394307136535645,1.0490612983703613,0.6506949663162231,4.748714447021484,-20.61428451538086,3.404024839401245,12.887901306152344,0
1745923255.4056807,6.4257354736328125,1.047581672668457,0.6503970623016357,4.738492965698242,-20.607271194458008,3.4032232761383057,12.862207412719727,0
1745923255.4156804,6.40947961807251,1.045154094696045,0.6489814519882202,4.730197906494141,-20.607685089111328,3.396070957183838,12.833812713623047,0
1745923255.4279535,6.388690948486328,1.0447745323181152,0.6509557962417603,4.718615531921387,-20.58293914794922,3.3852732181549072,12.8030366897583,0
1745923255.4389532,6.360655784606934,1.0453057289123535,0.6507694721221924,4.706655502319336,-20.55838394165039,3.3705217838287354,12.763386726379395,0
1745923255.4520068,6.336755752563477,1.0476956367492676,0.6504156589508057,4.694601058959961,-20.529598236083984,3.3644871711730957,12.72946834564209,0
1745923255.4595537,6.318964004516602,1.04356050491333,0.6495589017868042,4.6838884353637695,-20.53190803527832,3.356231451034546,12.695971488952637,0
1745923255.4781592,6.305477619171143,1.039236068725586,0.651309609413147,4.673836708068848,-20.52789306640625,3.347386598587036,12.669859886169434,0
1745923255.4822166,6.288349151611328,1.0374908447265625,0.6493353843688965,4.665674209594727,-20.527219772338867,3.3405535221099854,12.640850067138672,0
1745923255.4928725,6.260087013244629,1.036201000213623,0.6497822999954224,4.649689674377441,-20.50421714782715,3.3291471004486084,12.595760345458984,0
1745923255.5047226,6.2247114181518555,1.0332989692687988,0.6530791521072388,4.627318382263184,-20.46816635131836,3.3122127056121826,12.538408279418945,0
1745923255.5318289,6.186964511871338,1.0259203910827637,0.6509184837341309,4.602208137512207,-20.467281341552734,3.301370620727539,12.466011047363281,0
1745923255.5318289,6.1489715576171875,1.0199074745178223,0.6487951278686523,4.575925827026367,-20.460031509399414,3.2942259311676025,12.393600463867188,0
1745923255.538518,6.111262798309326,1.0134201049804688,0.6491118669509888,4.545638084411621,-20.44268798828125,3.2898099422454834,12.319433212280273,0
1745923255.548383,6.075223445892334,1.0086593627929688,0.6491304636001587,4.517448425292969,-20.421817779541016,3.2866830825805664,12.25046157836914,0
1745923255.5606315,6.048364639282227,1.009228229522705,0.6497451066970825,4.494510650634766,-20.386192321777344,3.29295015335083,12.201848983764648,0
1745923255.5704565,6.030648231506348,1.005927562713623,0.6501548290252686,4.477297782897949,-20.375831604003906,3.2959132194519043,12.16402816772461,0
1745923255.5822277,6.014657974243164,0.9981508255004883,0.6495215892791748,4.4654130935668945,-20.3918514251709,3.2862956523895264,12.1277437210083,0
1745923255.5919173,5.994191646575928,0.9963679313659668,0.6490931510925293,4.451450347900391,-20.37904167175293,3.282606840133667,12.091102600097656,0
1745923255.604299,5.975545883178711,0.9960074424743652,0.6483668088912964,4.428134918212891,-20.356861114501953,3.303112506866455,12.048055648803711,0
1745923255.6141362,5.961547374725342,0.9922327995300293,0.6511048078536987,4.419556617736816,-20.3466796875,3.2887589931488037,12.024441719055176,0
1745923255.6379437,5.9479660987854,0.990962028503418,0.6505087614059448,4.411942481994629,-20.34068489074707,3.283457040786743,12.001379013061523,0
1745923255.6379437,5.932715892791748,0.9899377822875977,0.6475658416748047,4.405555725097656,-20.34286117553711,3.278299331665039,11.975774765014648,0
1745923255.6549802,5.916782379150391,0.9874529838562012,0.6500803232192993,4.401172637939453,-20.329727172851562,3.2547924518585205,11.955488204956055,0
1745923255.6585274,5.898649215698242,0.9831662178039551,0.6520360708236694,4.391574859619141,-20.32133674621582,3.236973762512207,11.925426483154297,0
1745923255.6723187,5.879662036895752,0.9816675186157227,0.654438853263855,4.3791608810424805,-20.297393798828125,3.2267801761627197,11.894929885864258,0
1745923255.6825538,5.860674858093262,0.9840197563171387,0.6546622514724731,4.367597579956055,-20.267078399658203,3.2250170707702637,11.866954803466797,0
1745923255.6910102,5.8424272537231445,0.9857268333435059,0.6527625322341919,4.355467796325684,-20.248022079467773,3.2288918495178223,11.836383819580078,0
1745923255.7017791,5.83042049407959,0.9822177886962891,0.6496520042419434,4.343450546264648,-20.259300231933594,3.2365822792053223,11.805740356445312,0
1745923255.7176733,5.817522048950195,0.9770774841308594,0.647621750831604,4.337007522583008,-20.27596664428711,3.226814031600952,11.779228210449219,0
1745923255.7239516,5.817996501922607,0.9775323867797852,0.6478452682495117,4.334815979003906,-20.27206039428711,3.2322638034820557,11.778190612792969,0
1745923255.7369056,5.825299263000488,0.9762425422668457,0.6500431299209595,4.336006164550781,-20.273910522460938,3.2343626022338867,11.787590980529785,0
1745923255.7479672,5.8317484855651855,0.9795241355895996,0.6519988775253296,4.340579032897949,-20.25970458984375,3.2356040477752686,11.803850173950195,0
1745923255.758036,5.845538139343262,0.9849491119384766,0.6520174741744995,4.346945762634277,-20.25068473815918,3.2513771057128906,11.829450607299805,0
1745923255.7674663,5.86353874206543,0.9825210571289062,0.6539731025695801,4.352557182312012,-20.268043518066406,3.2592132091522217,11.852590560913086,0
1745923255.7789357,5.875280380249023,0.9782533645629883,0.6520919799804688,4.360228538513184,-20.305707931518555,3.258549928665161,11.865854263305664,0
1745923255.7896595,5.883815765380859,0.9815917015075684,0.6510488986968994,4.371791839599609,-20.309391021728516,3.254802942276001,11.888248443603516,0
1745923255.801166,5.9018168449401855,0.9844560623168945,0.6509929895401001,4.382486343383789,-20.3165225982666,3.2642178535461426,11.91975212097168,0
1745923255.8128164,5.924028396606445,0.9855561256408691,0.6505459547042847,4.394899368286133,-20.336135864257812,3.274514675140381,11.95503044128418,0
1745923255.8280208,5.9440016746521,0.9884581565856934,0.6513469219207764,4.4093732833862305,-20.343223571777344,3.277406692504883,11.993180274963379,0
1745923255.8331647,5.966744422912598,0.9915881156921387,0.6511979103088379,4.423977851867676,-20.355010986328125,3.2863478660583496,12.03350830078125,0
1745923255.8451693,5.991403102874756,0.9916067123413086,0.6502107381820679,4.437562942504883,-20.38311767578125,3.2972137928009033,12.070783615112305,0
1745923255.8578415,6.016270160675049,0.9922137260437012,0.6478825807571411,4.452187538146973,-20.41483497619629,3.309783458709717,12.108553886413574,0
1745923255.8671384,6.036433696746826,0.9971075057983398,0.6492421627044678,4.46673583984375,-20.41158676147461,3.3144373893737793,12.149518966674805,0
1745923255.88015,6.055819034576416,1.0021719932556152,0.6529301404953003,4.479546546936035,-20.396869659423828,3.3170013427734375,12.190467834472656,0
1745923255.8892143,6.0793962478637695,1.005434513092041,0.652166485786438,4.4933013916015625,-20.410186767578125,3.3299777507781982,12.23029899597168,0
1745923255.9004824,6.098990440368652,1.006363868713379,0.651160717010498,4.505147933959961,-20.429950714111328,3.338042974472046,12.261663436889648,0
1745923255.9134703,6.120936393737793,1.0136480331420898,0.6527252197265625,4.517504692077637,-20.416229248046875,3.352463722229004,12.304814338684082,0
1745923255.922273,6.143243312835693,1.0155444145202637,0.6524271965026855,4.532166481018066,-20.43267059326172,3.358729124069214,12.343381881713867,0
1745923255.9344652,6.164980411529541,1.0169291496276855,0.6516635417938232,4.544693946838379,-20.451190948486328,3.3685317039489746,12.378267288208008,0
1745923255.9493709,6.1814069747924805,1.0173087120056152,0.6509184837341309,4.554821014404297,-20.46877670288086,3.3739895820617676,12.404455184936523,0
1745923255.9610937,6.193755149841309,1.016739845275879,0.6505832672119141,4.5640411376953125,-20.485376358032227,3.373270034790039,12.425119400024414,0
1745923255.982423,6.2039031982421875,1.0196986198425293,0.6499872207641602,4.567745208740234,-20.48453712463379,3.3857507705688477,12.441333770751953,0
1745923255.989588,6.206577777862549,1.0189399719238281,0.6500803232192993,4.569218635559082,-20.489635467529297,3.3853931427001953,12.444816589355469,0
1745923255.9909997,6.2126665115356445,1.019129753112793,0.6510303020477295,4.57144832611084,-20.490211486816406,3.3880467414855957,12.454275131225586,0
1745923255.999105,6.220879554748535,1.0197935104370117,0.650881290435791,4.5737152099609375,-20.494524002075195,3.3964455127716064,12.465269088745117,0
1745923256.0117347,6.228884220123291,1.018883228302002,0.651291012763977,4.576927185058594,-20.50321388244629,3.3993735313415527,12.475985527038574,0
1745923256.0213284,6.229870319366455,1.0188641548156738,0.6509743928909302,4.582368850708008,-20.508380889892578,3.390719175338745,12.482077598571777,0
1745923256.0330756,6.229642868041992,1.0171570777893066,0.6521291732788086,4.583162307739258,-20.510866165161133,3.3841824531555176,12.482091903686523,0
1745923256.0465674,6.224654197692871,1.0183520317077637,0.6523154973983765,4.576266288757324,-20.49835777282715,3.3919425010681152,12.471588134765625,0
1745923256.0551746,6.21054220199585,1.0192432403564453,0.6489255428314209,4.567461013793945,-20.49428367614746,3.397138833999634,12.446171760559082,0
1745923256.0665076,6.1965813636779785,1.0179157257080078,0.6495401859283447,4.559128761291504,-20.483598709106445,3.3906331062316895,12.423166275024414,0
1745923256.0794756,6.19322395324707,1.0142168998718262,0.6493725776672363,4.55599308013916,-20.494766235351562,3.387112855911255,12.412806510925293,0
1745923256.0867488,6.196145057678223,1.0164361000061035,0.6502666473388672,4.559544563293457,-20.48652458190918,3.385673999786377,12.422391891479492,0
1745923256.0971825,6.202878952026367,1.020362377166748,0.6485717296600342,4.566120147705078,-20.48586654663086,3.3912012577056885,12.437932968139648,0
1745923256.1122642,6.208076000213623,1.023188591003418,0.6487579345703125,4.573639869689941,-20.481807708740234,3.387453317642212,12.453662872314453,0
1745923256.120462,6.2117180824279785,1.0252375602722168,0.6498010158538818,4.575604438781738,-20.473163604736328,3.3896102905273438,12.462361335754395,0
1745923256.1314316,6.214430332183838,1.0224871635437012,0.6499127149581909,4.578798294067383,-20.486989974975586,3.383089303970337,12.465628623962402,0
1745923256.1454062,6.219969272613525,1.0201916694641113,0.6512538194656372,4.581953048706055,-20.495935440063477,3.3788821697235107,12.473367691040039,0
1745923256.1536589,6.232905387878418,1.0194330215454102,0.650881290435791,4.586015701293945,-20.510543823242188,3.388859987258911,12.489234924316406,0
1745923256.1640663,6.243261814117432,1.0223731994628906,0.6489441394805908,4.592081069946289,-20.516483306884766,3.39953351020813,12.506660461425781,0
1745923256.1789246,6.250412940979004,1.0249528884887695,0.6523340940475464,4.600923538208008,-20.502920150756836,3.38938045501709,12.528623580932617,0
1745923256.187236,6.258285045623779,1.0244407653808594,0.6528928279876709,4.6074981689453125,-20.511377334594727,3.38584303855896,12.543116569519043,0
1745923256.1979346,6.271410942077637,1.0231318473815918,0.6514400243759155,4.608179092407227,-20.530282974243164,3.4039225578308105,12.55416202545166,0
1745923256.2109358,6.291763782501221,1.0236248970031738,0.6499127149581909,4.617323875427246,-20.55178451538086,3.418300151824951,12.582625389099121,0
1745923256.219423,6.319551944732666,1.026944637298584,0.6489814519882202,4.631626129150391,-20.567426681518555,3.4357573986053467,12.627103805541992,0
1745923256.2293313,6.34978723526001,1.0296378135681152,0.6500617265701294,4.651484489440918,-20.58233642578125,3.441018581390381,12.680971145629883,0
1745923256.245518,6.379851818084717,1.0339245796203613,0.650601863861084,4.672344207763672,-20.593584060668945,3.447310209274292,12.736722946166992,0
1745923256.2518692,6.405041217803955,1.037623405456543,0.6527625322341919,4.693127632141113,-20.597942352294922,3.4430994987487793,12.788555145263672,0
1745923256.2655222,6.42421817779541,1.039236068725586,0.6507322788238525,4.709830284118652,-20.620237350463867,3.4435958862304688,12.824016571044922,0
1745923256.2778192,6.438785552978516,1.0402603149414062,0.6494098901748657,4.721525192260742,-20.636444091796875,3.44516658782959,12.849981307983398,0
1745923256.2845366,6.454453468322754,1.0454955101013184,0.6484972238540649,4.732125282287598,-20.635141372680664,3.455270290374756,12.880571365356445,0
1745923256.296353,6.470708847045898,1.0501422882080078,0.6493911743164062,4.744462966918945,-20.63058090209961,3.4586105346679688,12.914705276489258,0
1745923256.3160827,6.493110179901123,1.0527219772338867,0.6509929895401001,4.757481575012207,-20.635032653808594,3.4648332595825195,12.954306602478027,0
1745923256.3188345,6.521600246429443,1.0559468269348145,0.6515704393386841,4.790149688720703,-20.655426025390625,3.4450762271881104,13.019267082214355,0
1745923256.3289418,6.55858850479126,1.0588297843933105,0.6513655185699463,4.813106536865234,-20.679119110107422,3.456066131591797,13.081890106201172,0
1745923256.3454952,6.598288536071777,1.0650324821472168,0.651309609413147,4.839123725891113,-20.692949295043945,3.4690206050872803,13.153754234313965,0
1745923256.3508122,6.627518653869629,1.0687313079833984,0.6520546674728394,4.861041069030762,-20.70486068725586,3.4707422256469727,13.209345817565918,0
1745923256.3607755,6.64574670791626,1.0725440979003906,0.651868462562561,4.873568534851074,-20.708465576171875,3.4771125316619873,13.243727684020996,0
1745923256.372913,6.6617560386657715,1.0703434944152832,0.6516076326370239,4.882240295410156,-20.731067657470703,3.4798333644866943,13.265947341918945,0
1745923256.3848643,6.683417797088623,1.0680484771728516,0.6511420011520386,4.894465446472168,-20.759708404541016,3.483701467514038,13.297073364257812,0
1745923256.3951855,6.70540189743042,1.0704193115234375,0.6515704393386841,4.911640167236328,-20.770734786987305,3.4833731651306152,13.339032173156738,0
1745923256.4054725,6.730325698852539,1.07525634765625,0.6507881879806519,4.933311462402344,-20.78112030029297,3.484110116958618,13.389681816101074,0
1745923256.4176843,6.759479999542236,1.0810604095458984,0.6515145301818848,4.95411491394043,-20.784250259399414,3.490445852279663,13.44616985321045,0
1745923256.4398444,6.78459358215332,1.086409568786621,0.6523900032043457,4.972630500793457,-20.785076141357422,3.4947798252105713,13.496024131774902,0
1745923256.4398444,6.799180030822754,1.08705472946167,0.6527625322341919,4.982814788818359,-20.794620513916016,3.495375394821167,13.521812438964844,0
1745923256.449903,6.798004150390625,1.0876426696777344,0.6522595882415771,4.983532905578613,-20.794071197509766,3.4942238330841064,13.521439552307129,0
1745923256.4622793,6.7903032302856445,1.0862388610839844,0.6520733833312988,4.979433059692383,-20.79351806640625,3.490196704864502,13.508049011230469,0
1745923256.4806888,6.78548526763916,1.081629753112793,0.6512538194656372,4.974388122558594,-20.807884216308594,3.488607883453369,13.492756843566895,0
1745923256.4827893,6.782753944396973,1.0836215019226074,0.6503411531448364,4.971931457519531,-20.801212310791016,3.4937644004821777,13.488648414611816,0
1745923256.494161,6.782336235046387,1.0820469856262207,0.6519056558609009,4.973462104797363,-20.801843643188477,3.4855592250823975,13.489750862121582,0
1745923256.5041158,6.786168098449707,1.0817055702209473,0.6505459547042847,4.975861549377441,-20.811321258544922,3.4882028102874756,13.494280815124512,0
1745923256.517468,6.7851057052612305,1.0839629173278809,0.6521105766296387,4.976655006408691,-20.79735565185547,3.4854750633239746,13.497834205627441,0
1745923256.5270545,6.775185585021973,1.087301254272461,0.6510862112045288,4.974709510803223,-20.78264808654785,3.4823195934295654,13.488282203674316,0
1745923256.5374718,6.761224746704102,1.0877752304077148,0.650303840637207,4.963580131530762,-20.770313262939453,3.4864325523376465,13.462883949279785,0
1745923256.5482163,6.740625381469727,1.0828814506530762,0.6505273580551147,4.949183464050293,-20.7684326171875,3.479025363922119,13.4232177734375,0
1745923256.5602245,6.7252421379089355,1.08424711227417,0.6505273580551147,4.940832138061523,-20.750656127929688,3.4759531021118164,13.400848388671875,0
1745923256.572451,6.713311195373535,1.0840387344360352,0.6504714488983154,4.93727970123291,-20.74323272705078,3.466658115386963,13.385101318359375,0
1745923256.5818272,6.703523635864258,1.0829005241394043,0.6524831056594849,4.933501243591309,-20.732685089111328,3.4555656909942627,13.372408866882324,0
1745923256.5935302,6.694077491760254,1.0843420028686523,0.6514028310775757,4.924753189086914,-20.72146987915039,3.463047742843628,13.354575157165527,0
1745923256.612681,6.6792826652526855,1.0819330215454102,0.6505273580551147,4.915079116821289,-20.72011375427246,3.4597737789154053,13.326822280883789,0
1745923256.6148982,6.662780284881592,1.0814399719238281,0.6507322788238525,4.907710075378418,-20.70810317993164,3.45053768157959,13.30266284942627,0
1745923256.6257772,6.6484785079956055,1.081174373626709,0.6484785079956055,4.897091865539551,-20.703659057617188,3.4549875259399414,13.275223731994629,0
1745923256.6365712,6.636092185974121,1.0820846557617188,0.6493539810180664,4.887739181518555,-20.685131072998047,3.455437421798706,13.255270004272461,0
1745923256.6470468,6.6257734298706055,1.0824832916259766,0.6496891975402832,4.880880355834961,-20.67293930053711,3.4543416500091553,13.238826751708984,0
1745923256.6583405,6.618641376495361,1.0789742469787598,0.6481804847717285,4.872661590576172,-20.682907104492188,3.4582130908966064,13.21845817565918,0
1745923256.6707313,6.610940456390381,1.0770201683044434,0.650192141532898,4.86958122253418,-20.676725387573242,3.447368621826172,13.207734107971191,0
1745923256.6805065,6.604074001312256,1.0812125205993652,0.6516263484954834,4.868806838989258,-20.651748657226562,3.4425926208496094,13.205719947814941,0
1745923256.6911433,6.598478317260742,1.0810227394104004,0.6517194509506226,4.864139556884766,-20.646387100219727,3.4433679580688477,13.19536018371582,0
1745923256.7027109,6.590170383453369,1.0767736434936523,0.650303840637207,4.857980728149414,-20.65922737121582,3.440688133239746,13.175228118896484,0
1745923256.7130747,6.583512306213379,1.0730371475219727,0.6499686241149902,4.85257625579834,-20.667556762695312,3.4374778270721436,13.15909481048584,0
1745923256.7244267,6.577215194702148,1.0722784996032715,0.649596095085144,4.84639835357666,-20.66478729248047,3.4402284622192383,13.145487785339355,0
1745923256.7357938,6.571600437164307,1.070021152496338,0.6531722545623779,4.840521812438965,-20.653484344482422,3.4339847564697266,13.135315895080566,0
1745923256.748356,6.5654168128967285,1.0682382583618164,0.653153657913208,4.8387651443481445,-20.655715942382812,3.426628351211548,13.125574111938477,0
1745923256.7580986,6.5606560707092285,1.0690159797668457,0.6518125534057617,4.838462829589844,-20.65496826171875,3.4243528842926025,13.11994743347168,0
1745923256.768023,6.561091899871826,1.0682001113891602,0.6514028310775757,4.839482307434082,-20.660329818725586,3.422708511352539,13.120177268981934,0
1745923256.7817345,6.569229602813721,1.066758632659912,0.6506204605102539,4.840862274169922,-20.67389488220215,3.430562734603882,13.127470970153809,0
1745923256.790337,6.574483394622803,1.0693001747131348,0.6488138437271118,4.8429975509643555,-20.675291061401367,3.440378189086914,13.135595321655273,0
1745923256.801747,6.57528018951416,1.0726385116577148,0.6498755216598511,4.849647521972656,-20.663150787353516,3.431565523147583,13.147441864013672,0
1745923256.8139317,6.575489044189453,1.0740046501159668,0.6504714488983154,4.848665237426758,-20.655460357666016,3.434387683868408,13.148630142211914,0
1745923256.824356,6.573971271514893,1.073568344116211,0.6500058174133301,4.84388542175293,-20.655277252197266,3.4415290355682373,13.141430854797363,0
1745923256.8342886,6.5706329345703125,1.0738906860351562,0.6516263484954834,4.841296195983887,-20.64476776123047,3.439300060272217,13.137446403503418,0
1745923256.8461056,6.5690016746521,1.0733027458190918,0.6528183221817017,4.8384246826171875,-20.640010833740234,3.4394586086273193,13.13354778289795,0
1745923256.8570025,6.568262100219727,1.0745353698730469,0.6530977487564087,4.836062431335449,-20.63266944885254,3.4439940452575684,13.1319580078125,0
1745923256.8676217,6.571353912353516,1.0744976997375488,0.6497451066970825,4.833984375,-20.645795822143555,3.45818829536438,13.129581451416016,0
1745923256.8796263,6.576949596405029,1.0742888450622559,0.6480687856674194,4.837253570556641,-20.65774154663086,3.462415933609009,13.136560440063477,0
1745923256.889994,6.579946517944336,1.0753889083862305,0.6493539810180664,4.840729713439941,-20.65252685546875,3.4590213298797607,13.145419120788574,0
1745923256.9031794,6.581767559051514,1.077399730682373,0.6505459547042847,4.842562675476074,-20.64272117614746,3.4585063457489014,13.152276039123535,0
1745923256.9150262,6.58233642578125,1.0757875442504883,0.6502107381820679,4.842127799987793,-20.649999618530273,3.4585471153259277,13.15046215057373,0
1745923256.9225893,6.585238456726074,1.0748581886291504,0.6503225564956665,4.839690208435059,-20.653284072875977,3.4655046463012695,13.15010929107666,0
1745923256.9335985,6.585655689239502,1.0742697715759277,0.6493911743164062,4.841919898986816,-20.660385131835938,3.4628610610961914,13.151236534118652,0
1745923256.9464471,6.587325096130371,1.0738906860351562,0.6482737064361572,4.842127799987793,-20.666969299316406,3.466273784637451,13.151617050170898,0
1745923256.9552014,6.585143566131592,1.0720319747924805,0.6498755216598511,4.8415422439575195,-20.666378021240234,3.4589943885803223,13.148592948913574,0
1745923256.9669514,6.582677841186523,1.0749526023864746,0.6488138437271118,4.837800979614258,-20.65603256225586,3.468539237976074,13.144245147705078,0
1745923256.978103,6.577157974243164,1.0738906860351562,0.6493725776672363,4.831377029418945,-20.65121841430664,3.4706809520721436,13.131797790527344,0
1745923256.9900823,6.576171875,1.072183609008789,0.6479569673538208,4.828864097595215,-20.66083335876465,3.4744086265563965,13.125176429748535,0
1745923257.00091,6.5718092918396,1.0704951286315918,0.6497637033462524,4.8279571533203125,-20.657447814941406,3.464646816253662,13.120025634765625,0
1745923257.0124314,6.563709735870361,1.0687880516052246,0.6512724161148071,4.824007987976074,-20.65143394470215,3.456082820892334,13.107778549194336,0
1745923257.0229204,6.561490535736084,1.0679917335510254,0.6495029926300049,4.819455146789551,-20.657161712646484,3.46384859085083,13.098440170288086,0
1745923257.0335307,6.562704563140869,1.068863868713379,0.6485530138015747,4.818057060241699,-20.657350540161133,3.471026659011841,13.09817886352539,0
1745923257.0472386,6.564847946166992,1.0663790702819824,0.6505273580551147,4.821608543395996,-20.66243553161621,3.460249900817871,13.103363037109375,0
1745923257.0544627,6.5687360763549805,1.067232608795166,0.6503783464431763,4.822988510131836,-20.66276741027832,3.4642975330352783,13.109335899353027,0
1745923257.0658464,6.568888187408447,1.067896842956543,0.651179313659668,4.822175979614258,-20.65696144104004,3.4654109477996826,13.110139846801758,0
1745923257.080923,6.567427635192871,1.0656204223632812,0.6503597497940063,4.817659378051758,-20.665109634399414,3.470374345779419,13.101067543029785,0
1745923257.0912888,6.560162544250488,1.0643877983093262,0.6487393379211426,4.812180519104004,-20.668577194213867,3.472266674041748,13.085470199584961,0
1745923257.0985687,6.54872465133667,1.064122200012207,0.6489255428314209,4.805473327636719,-20.658693313598633,3.468780279159546,13.067245483398438,0
1745923257.1126173,6.535276412963867,1.0603094100952148,0.6515145301818848,4.794325828552246,-20.649412155151367,3.461634635925293,13.041426658630371,0
1745923257.121095,6.520007133483887,1.0559659004211426,0.6504528522491455,4.783725738525391,-20.655006408691406,3.457122564315796,13.010151863098145,0
1745923257.1313276,6.506008625030518,1.0593609809875488,0.651179313659668,4.776206016540527,-20.627408981323242,3.455592632293701,12.992754936218262,0
1745923257.1459026,6.499502658843994,1.0567054748535156,0.651160717010498,4.769800186157227,-20.63009262084961,3.4553139209747314,12.977169036865234,0
1745923257.1533403,6.498762607574463,1.0530447959899902,0.6506949663162231,4.765417098999023,-20.642654418945312,3.4585041999816895,12.96791934967041,0
1745923257.1676838,6.500033855438232,1.0572175979614258,0.6514214277267456,4.769516944885254,-20.62734031677246,3.456766366958618,12.978189468383789,0
1745923257.179227,6.5073933601379395,1.059645652770996,0.6530046463012695,4.774221420288086,-20.619173049926758,3.458146572113037,12.994264602661133,0
1745923257.185964,6.516573905944824,1.0575780868530273,0.6512165069580078,4.77573299407959,-20.639663696289062,3.468263864517212,13.00110149383545,0
1745923257.1970475,6.523288726806641,1.0548653602600098,0.6493353843688965,4.776639938354492,-20.66115951538086,3.475492477416992,13.004129409790039,0
1745923257.2119176,6.528295993804932,1.058431625366211,0.6489255428314209,4.782535552978516,-20.655506134033203,3.476719856262207,13.0181884765625,0
1745923257.2197442,6.529984474182129,1.0574641227722168,0.6515145301818848,4.783140182495117,-20.650741577148438,3.4716873168945312,13.022103309631348,0
1745923257.2309346,6.527158260345459,1.0534429550170898,0.6513841152191162,4.777244567871094,-20.661340713500977,3.473796844482422,13.00922966003418,0
1745923257.2479234,6.521202087402344,1.0546002388000488,0.6525202989578247,4.773674011230469,-20.64737892150879,3.4719104766845703,13.001996994018555,0
1745923257.2520554,6.517654895782471,1.057483196258545,0.651291012763977,4.771614074707031,-20.638017654418945,3.477207660675049,12.998043060302734,0
1745923257.2627263,6.517579078674316,1.0572175979614258,0.6485903263092041,4.773277282714844,-20.6500186920166,3.478701591491699,12.996664047241211,0
1745923257.2807965,6.517654895782471,1.055605411529541,0.649894118309021,4.774334907531738,-20.651813507080078,3.4721827507019043,12.997488975524902,0
1745923257.2856238,6.517636299133301,1.0537652969360352,0.651160717010498,4.7721052169799805,-20.65268898010254,3.471489191055298,12.994668006896973,0
1745923257.2971401,6.513728618621826,1.0566673278808594,0.6516449451446533,4.769932746887207,-20.636568069458008,3.4733126163482666,12.991973876953125,0
1745923257.3132362,6.508739948272705,1.0583176612854004,0.6505273580551147,4.767589569091797,-20.630416870117188,3.4753289222717285,12.985174179077148,0
1745923257.317853,6.500640869140625,1.0561933517456055,0.6484972238540649,4.761354446411133,-20.637849807739258,3.4771132469177246,12.966686248779297,0
1745923257.331077,6.493129253387451,1.0514512062072754,0.6490931510925293,4.754874229431152,-20.64546775817871,3.471653461456299,12.948548316955566,0
1745923257.3460448,6.486509323120117,1.0508065223693848,0.6484040021896362,4.74928092956543,-20.643543243408203,3.4736950397491455,12.9350004196167,0
1745923257.3516061,6.48237419128418,1.0504460334777832,0.6496891975402832,4.7471466064453125,-20.63649559020996,3.4692087173461914,12.929656028747559,0
1745923257.363515,6.481501579284668,1.0495734214782715,0.6496520042419434,4.743802070617676,-20.637516021728516,3.4732437133789062,12.924529075622559,0
1745923257.3803244,6.478011608123779,1.050161361694336,0.6502293348312378,4.740382194519043,-20.629192352294922,3.474691390991211,12.918784141540527,0
1745923257.3845816,6.474388599395752,1.0479612350463867,0.6508067846298218,4.740476608276367,-20.63328742980957,3.46551513671875,12.913633346557617,0
1745923257.395794,6.467996597290039,1.0450401306152344,0.6529673337936401,4.740344047546387,-20.632429122924805,3.4490182399749756,12.90634822845459,0
1745923257.4063673,6.460940361022949,1.051109790802002,0.6504342555999756,4.7350921630859375,-20.6120662689209,3.462432861328125,12.897576332092285,0
1745923257.41746,6.4522528648376465,1.0527410507202148,0.6495215892791748,4.7285919189453125,-20.600643157958984,3.4669029712677,12.88310718536377,0
1745923257.4281528,6.443129062652588,1.0483217239379883,0.6522036790847778,4.724303245544434,-20.5994930267334,3.451505184173584,12.867958068847656,0
1745923257.4478567,6.4359025955200195,1.045457363128662,0.651160717010498,4.719598770141602,-20.607397079467773,3.4486613273620605,12.852119445800781,0
1745923257.4505641,6.433626174926758,1.0496301651000977,0.6511234045028687,4.7176713943481445,-20.589340209960938,3.454988718032837,12.85205078125,0
1745923257.4614906,6.432089805603027,1.0503320693969727,0.6511048078536987,4.718181610107422,-20.586164474487305,3.452913761138916,12.85170841217041,0
1745923257.4722512,6.430098056793213,1.0489473342895508,0.651160717010498,4.716462135314941,-20.58905029296875,3.4514687061309814,12.846668243408203,0
1745923257.4829044,6.431368827819824,1.047563076019287,0.6506577730178833,4.717690467834473,-20.597623825073242,3.4499330520629883,12.847280502319336,0
1745923257.495232,6.427480697631836,1.0475249290466309,0.6507508754730225,4.719069480895996,-20.59597396850586,3.4417660236358643,12.844825744628906,0
1745923257.5050986,6.4237060546875,1.0463109016418457,0.6486834287643433,4.719749450683594,-20.606609344482422,3.4375851154327393,12.838449478149414,0
1745923257.51573,6.424597263336182,1.0440726280212402,0.6477335691452026,4.720542907714844,-20.619651794433594,3.436039924621582,12.836946487426758,0
1745923257.5287685,6.423914432525635,1.0452299118041992,0.6487951278686523,4.722659111022949,-20.612075805664062,3.4306416511535645,12.840598106384277,0
1745923257.5384817,6.425906181335449,1.050426959991455,0.6509557962417603,4.724492073059082,-20.586442947387695,3.432877779006958,12.851780891418457,0
1745923257.5489924,6.427234172821045,1.0531396865844727,0.6525017023086548,4.724453926086426,-20.571090698242188,3.4355335235595703,12.857329368591309,0
1745923257.5609984,6.426133632659912,1.0546188354492188,0.6511048078536987,4.7269487380981445,-20.57158660888672,3.4339640140533447,12.858805656433105,0
1745923257.5715003,6.425697326660156,1.053499698638916,0.6503783464431763,4.72437858581543,-20.57682228088379,3.4381048679351807,12.853954315185547,0
1745923257.5838578,6.425374984741211,1.051318645477295,0.6499500274658203,4.722206115722656,-20.58524513244629,3.4396297931671143,12.84885025024414,0
1745923257.5947042,6.423630237579346,1.0542206764221191,0.6507694721221924,4.720032691955566,-20.56891632080078,3.4437873363494873,12.848652839660645,0
1745923257.604609,6.421676158905029,1.0497822761535645,0.6488696336746216,4.720032691955566,-20.59175682067871,3.4386634826660156,12.840360641479492,0
1745923257.6155126,6.420595169067383,1.0480751991271973,0.6504156589508057,4.719220161437988,-20.59127426147461,3.4334535598754883,12.838306427001953,0
1745923257.626016,6.42139196395874,1.0484542846679688,0.6527438163757324,4.719579696655273,-20.581697463989258,3.429948329925537,12.842169761657715,0
1745923257.6376166,6.4198174476623535,1.0496115684509277,0.6511979103088379,4.719579696655273,-20.582258224487305,3.432318687438965,12.840206146240234,0
1745923257.6488023,6.419437885284424,1.0512614250183105,0.6514214277267456,4.720826148986816,-20.575674057006836,3.4312593936920166,12.842947006225586,0
1745923257.6597507,6.420291423797607,1.0512995719909668,0.6512724161148071,4.720958709716797,-20.576662063598633,3.4325108528137207,12.843822479248047,0
1745923257.6720164,6.421486854553223,1.053006649017334,0.6521291732788086,4.720373153686523,-20.567317962646484,3.4359638690948486,12.846996307373047,0
1745923257.6813579,6.420139789581299,1.0540118217468262,0.6508067846298218,4.722319602966309,-20.568866729736328,3.434309482574463,12.847277641296387,0
1745923257.6922596,6.419969081878662,1.056288242340088,0.6489628553390503,4.721393585205078,-20.566598892211914,3.4424569606781006,12.846613883972168,0
1745923257.7037442,6.420784950256348,1.0540308952331543,0.6512165069580078,4.721261024475098,-20.567005157470703,3.4364521503448486,12.84729290008545,0
1745923257.7156525,6.419741630554199,1.0520014762878418,0.6500617265701294,4.722772598266602,-20.579315185546875,3.4315714836120605,12.84457778930664,0
1745923257.7265587,6.417996406555176,1.0521340370178223,0.6486648321151733,4.725549697875977,-20.58469581604004,3.4267401695251465,12.844345092773438,0
1745923257.7360752,6.415796279907227,1.0528550148010254,0.6503970623016357,4.727968215942383,-20.575544357299805,3.4168245792388916,12.847016334533691,0
1745923257.7474585,6.412097454071045,1.0533671379089355,0.6498382091522217,4.726362228393555,-20.572654724121094,3.4165773391723633,12.841665267944336,0
1745923257.7589378,6.410409450531006,1.0529875755310059,0.648329496383667,4.723849296569824,-20.57736587524414,3.4213950634002686,12.835576057434082,0
1745923257.7683678,6.410333156585693,1.0498771667480469,0.6502107381820679,4.720939636230469,-20.58029556274414,3.4189870357513428,12.831360816955566,0
1745923257.78192,6.409897327423096,1.0473923683166504,0.6509371995925903,4.720373153686523,-20.58637046813965,3.414680242538452,12.82859992980957,0
1745923257.7914011,6.4094038009643555,1.0470695495605469,0.6503411531448364,4.721468925476074,-20.590200424194336,3.4126102924346924,12.828283309936523,0
1745923257.8017569,6.409290313720703,1.047581672668457,0.6498010158538818,4.722319602966309,-20.59073257446289,3.412565231323242,12.82899284362793,0
1745923257.8145883,6.416611671447754,1.045647144317627,0.6503597497940063,4.727382659912109,-20.603086471557617,3.4092557430267334,12.840001106262207,0
1745923257.8237016,6.422985076904297,1.047544002532959,0.6499313116073608,4.735469818115234,-20.605854034423828,3.4060299396514893,12.85593032836914,0
1745923257.8349981,6.430819034576416,1.0491561889648438,0.6518498659133911,4.741175651550293,-20.60030174255371,3.4044854640960693,12.873001098632812,0
1745923257.8491836,6.437135219573975,1.0540690422058105,0.6524457931518555,4.743556022644043,-20.58452033996582,3.4141809940338135,12.887206077575684,0
1745923257.8574214,6.4399614334106445,1.0518875122070312,0.6501362323760986,4.7436323165893555,-20.60312271118164,3.419292449951172,12.88561725616455,0
1745923257.870909,6.439316749572754,1.0497064590454102,0.6500245332717896,4.740457534790039,-20.609582901000977,3.421666145324707,12.879505157470703,0
1745923257.8811557,6.438444137573242,1.0509963035583496,0.6496706008911133,4.740514755249023,-20.60558319091797,3.4227981567382812,12.87962532043457,0
1745923257.8903642,6.441042900085449,1.0488715171813965,0.6485717296600342,4.741062164306641,-20.61955451965332,3.424490213394165,12.879548072814941,0
1745923257.9025955,6.446619510650635,1.0473923683166504,0.6496706008911133,4.739985466003418,-20.623565673828125,3.4300379753112793,12.883667945861816,0
1745923257.9124553,6.455079078674316,1.048738956451416,0.6489255428314209,4.743424415588379,-20.628103256225586,3.4382946491241455,12.896167755126953,0
1745923257.9259734,6.468698501586914,1.0478096008300781,0.6515145301818848,4.749432563781738,-20.633056640625,3.4392826557159424,12.917454719543457,0
1745923257.9338496,6.482639789581299,1.0465383529663086,0.6525202989578247,4.755270957946777,-20.64531898498535,3.443552017211914,12.936969757080078,0
1745923257.949586,6.49199104309082,1.0484166145324707,0.6511420011520386,4.760749816894531,-20.65186309814453,3.4510343074798584,12.952299118041992,0
1745923257.9557872,6.495386600494385,1.051830768585205,0.6499872207641602,4.764019012451172,-20.647157669067383,3.456265687942505,12.961223602294922,0
1745923257.9671319,6.497529983520508,1.0491180419921875,0.651589035987854,4.76328182220459,-20.652124404907227,3.4538638591766357,12.961519241333008,0
1745923257.9832282,6.496979713439941,1.048492431640625,0.651309609413147,4.758218765258789,-20.652339935302734,3.462355613708496,12.955000877380371,0
1745923257.9901705,6.495936393737793,1.0495166778564453,0.650173544883728,4.759295463562012,-20.652782440185547,3.462441921234131,12.95492172241211,0
1745923258.0003493,6.5007734298706055,1.0516600608825684,0.6507694721221924,4.7603349685668945,-20.645830154418945,3.468799591064453,12.96353816986084,0
1745923258.0133443,6.505344867706299,1.050673484802246,0.6493353843688965,4.7603349685668945,-20.657506942749023,3.4763526916503906,12.965688705444336,0
1745923258.022211,6.505648136138916,1.0519256591796875,0.6471933126449585,4.758502006530762,-20.65998077392578,3.4859604835510254,12.963269233703613,0
1745923258.03254,6.503144264221191,1.0492887496948242,0.6490745544433594,4.752908706665039,-20.65822982788086,3.4860270023345947,12.954416275024414,0
1745923258.047438,6.499483585357666,1.0462918281555176,0.6502852439880371,4.748317718505859,-20.66026496887207,3.4834134578704834,12.944377899169922,0
1745923258.056822,6.495121002197266,1.042365550994873,0.6490186452865601,4.744179725646973,-20.67498016357422,3.4824178218841553,12.930685043334961,0
1745923258.0661209,6.493755340576172,1.043257236480713,0.6526880264282227,4.742895126342773,-20.65631103515625,3.477261543273926,12.932596206665039,0
1745923258.0809107,6.495291709899902,1.0431814193725586,0.6524271965026855,4.741477966308594,-20.65764617919922,3.4824161529541016,12.932378768920898,0
1745923258.0877461,6.495955467224121,1.0412087440490723,0.6515518426895142,4.739645004272461,-20.667701721191406,3.485771656036377,12.928360939025879,0
1745923258.0993478,6.489771842956543,1.041151523590088,0.6492421627044678,4.737112998962402,-20.671672821044922,3.48648738861084,12.917278289794922,0
1745923258.11366,6.47812557220459,1.0409049987792969,0.6505459547042847,4.732597351074219,-20.658504486083984,3.4764397144317627,12.90217399597168,0
1745923258.1210594,6.465056419372559,1.0403361320495605,0.6522409915924072,4.726362228393555,-20.643251419067383,3.4665162563323975,12.88399600982666,0
1745923258.1334682,6.448573112487793,1.0395774841308594,0.6511420011520386,4.717047691345215,-20.635517120361328,3.4628186225891113,12.856340408325195,0
1745923258.147168,6.42704439163208,1.035006046295166,0.6512724161148071,4.699967384338379,-20.630184173583984,3.4594569206237793,12.8132905960083,0
1745923258.1583722,6.402195930480957,1.0303778648376465,0.6515145301818848,4.682395935058594,-20.62240219116211,3.4521586894989014,12.766484260559082,0
1745923258.1654804,6.371922969818115,1.030263900756836,0.6512538194656372,4.666939735412598,-20.597312927246094,3.4404520988464355,12.720380783081055,0
1745923258.1805003,6.343964099884033,1.0292778015136719,0.6528183221817017,4.649595260620117,-20.568635940551758,3.4307808876037598,12.675655364990234,0
1745923258.1865668,6.321259021759033,1.0277791023254395,0.6533026695251465,4.637105941772461,-20.551843643188477,3.4203410148620605,12.639446258544922,0
1745923258.19823,6.297283172607422,1.0256547927856445,0.6524457931518555,4.627073287963867,-20.543228149414062,3.405034065246582,12.602457046508789,0
1745923258.2116098,6.274957656860352,1.023852825164795,0.6513841152191162,4.614432334899902,-20.53354263305664,3.397862195968628,12.564626693725586,0
1745923258.2204204,6.256748199462891,1.0193572044372559,0.6493353843688965,4.5970306396484375,-20.537673950195312,3.4038431644439697,12.52247142791748,0
1745923258.2301855,6.241118431091309,1.016075611114502,0.6491304636001587,4.584768295288086,-20.534557342529297,3.401560068130493,12.491092681884766,0
1745923258.2497041,6.223231792449951,1.0169482231140137,0.6499127149581909,4.5749053955078125,-20.51149559020996,3.395314931869507,12.464998245239258,0
1745923258.253858,6.208588123321533,1.0193381309509277,0.6493725776672363,4.568633079528809,-20.49169921875,3.3913354873657227,12.445932388305664,0
1745923258.2670825,6.193906784057617,1.016322135925293,0.6521850824356079,4.562945365905762,-20.480182647705078,3.3719000816345215,12.425359725952148,0
1745923258.281539,6.174559593200684,1.01749849319458,0.6521850824356079,4.552213668823242,-20.457338333129883,3.367159605026245,12.396456718444824,0
1745923258.2867603,6.158796787261963,1.016303539276123,0.6502107381820679,4.540517807006836,-20.453006744384766,3.3699159622192383,12.365829467773438,0
1745923258.2982185,6.139544486999512,1.0162277221679688,0.6492608785629272,4.530069351196289,-20.438867568969727,3.3648102283477783,12.335102081298828,0
1745923258.3115118,6.1155686378479,1.0129270553588867,0.6511048078536987,4.513631820678711,-20.419748306274414,3.354605197906494,12.293231964111328,0
1745923258.320816,6.095120906829834,1.0074830055236816,0.651589035987854,4.495946884155273,-20.415760040283203,3.3515071868896484,12.250139236450195,0
1745923258.3302174,6.079377174377441,1.007312297821045,0.6501362323760986,4.482645034790039,-20.40416145324707,3.3579258918762207,12.219470977783203,0
1745923258.346482,6.064354419708252,1.0072364807128906,0.6510488986968994,4.472007751464844,-20.384855270385742,3.3555068969726562,12.194647789001465,0
1745923258.3514886,6.050830364227295,1.0052070617675781,0.6513841152191162,4.463448524475098,-20.377775192260742,3.3494153022766113,12.170869827270508,0
1745923258.3629725,6.040928840637207,1.0015649795532227,0.6500431299209595,4.456533432006836,-20.387065887451172,3.3462860584259033,12.149070739746094,0
1745923258.3825955,6.036926746368408,1.0003890991210938,0.6483482122421265,4.4518280029296875,-20.393051147460938,3.351592540740967,12.137492179870605,0
1745923258.3846116,6.040720462799072,0.9963111877441406,0.6507508754730225,4.446008682250977,-20.398460388183594,3.3580362796783447,12.133790969848633,0
1745923258.396195,6.050621509552002,0.9967470169067383,0.6521477699279785,4.445744514465332,-20.39719009399414,3.3707797527313232,12.14526081085205,0
1745923258.4130785,6.072719573974609,0.9981131553649902,0.6512352228164673,4.453925132751465,-20.41429328918457,3.3902058601379395,12.175992965698242,0
1745923258.4210603,6.104206562042236,1.0008444786071777,0.6516635417938232,4.468719482421875,-20.430498123168945,3.4091241359710693,12.225434303283691,0
1745923258.4306998,6.136262893676758,1.0057382583618164,0.6514773368835449,4.486783027648926,-20.442825317382812,3.4265193939208984,12.280261993408203,0
1745923258.4395106,6.169267177581787,1.0086970329284668,0.6521105766296387,4.509172439575195,-20.462650299072266,3.4321627616882324,12.33924674987793,0
1745923258.451053,6.198099136352539,1.0111818313598633,0.6526135206222534,4.552365303039551,-20.49471664428711,3.3904833793640137,12.414259910583496,0
1745923258.462596,6.219741344451904,1.0128130912780762,0.6517380475997925,4.5682172775268555,-20.514371871948242,3.3940610885620117,12.452509880065918,0
1745923258.480925,6.238064765930176,1.0167584419250488,0.6514028310775757,4.581292152404785,-20.519168853759766,3.400570869445801,12.487518310546875,0
1745923258.4839914,6.254282474517822,1.017479419708252,0.6508626937866211,4.596539497375488,-20.537269592285156,3.3957183361053467,12.519164085388184,0
1745923258.4942353,6.267237663269043,1.0197367668151855,0.6504714488983154,4.605306625366211,-20.542972564697266,3.400778293609619,12.542752265930176,0
1745923258.5058744,6.272833347320557,1.0220508575439453,0.650303840637207,4.605381965637207,-20.538040161132812,3.4120495319366455,12.550569534301758,0
1745923258.51755,6.269058704376221,1.0196418762207031,0.651309609413147,4.601716995239258,-20.53904151916504,3.4085543155670166,12.541727066040039,0
1745923258.5278971,6.269874572753906,1.0157151222229004,0.6491118669509888,4.598202705383301,-20.5611572265625,3.4153125286102295,12.532903671264648,0
1745923258.538402,6.289866924285889,1.0180106163024902,0.6492049694061279,4.602510452270508,-20.566314697265625,3.4379615783691406,12.559593200683594,0
1745923258.554473,6.321467876434326,1.022942066192627,0.6522409915924072,4.620365142822266,-20.56478500366211,3.448349714279175,12.617015838623047,0
1745923258.5609314,6.353087425231934,1.0282154083251953,0.6525390148162842,4.637048721313477,-20.571773529052734,3.4666872024536133,12.670890808105469,0
1745923258.5732183,6.3769307136535645,1.0310606956481934,0.6504528522491455,4.652410507202148,-20.59178352355957,3.4779484272003174,12.710854530334473,0
1745923258.5838294,6.387457847595215,1.0374526977539062,0.6490186452865601,4.6634063720703125,-20.585390090942383,3.482847213745117,12.737335205078125,0
1745923258.5940435,6.391573905944824,1.0396151542663574,0.6504901647567749,4.671039581298828,-20.5783748626709,3.473992109298706,12.752718925476074,0
1745923258.6049042,6.39677095413208,1.041379451751709,0.6500990390777588,4.67729377746582,-20.579805374145508,3.4723093509674072,12.765542984008789,0
1745923258.615824,6.395026206970215,1.0436553955078125,0.6497451066970825,4.685569763183594,-20.576292037963867,3.4578611850738525,12.773996353149414,0
1745923258.6260839,6.384593486785889,1.0442242622375488,0.6510117053985596,4.688536643981934,-20.564966201782227,3.4362001419067383,12.768365859985352,0
1745923258.6377006,6.362249374389648,1.0432000160217285,0.6501548290252686,4.681204795837402,-20.55481719970703,3.4196856021881104,12.736808776855469,0
1745923258.6491942,6.321846961975098,1.0398807525634766,0.6467835903167725,4.666467666625977,-20.548057556152344,3.393930673599243,12.674979209899902,0
1745923258.6598182,6.270519256591797,1.0349302291870117,0.6485344171524048,4.64298152923584,-20.516130447387695,3.3573644161224365,12.596965789794922,0
1745923258.6710894,6.210333347320557,1.0302257537841797,0.6504342555999756,4.611882209777832,-20.472375869750977,3.322683095932007,12.502875328063965,0
1745923258.683913,6.156957149505615,1.0226006507873535,0.6509184837341309,4.578080177307129,-20.4473819732666,3.301088571548462,12.40855598449707,0
1745923258.6934292,6.124730110168457,1.015355110168457,0.6519801616668701,4.550664901733398,-20.43515968322754,3.296372652053833,12.342730522155762,0
1745923258.7046902,6.110504150390625,1.0114474296569824,0.6505273580551147,4.53350830078125,-20.436965942382812,3.3070268630981445,12.305987358093262,0
1745923258.715488,6.107962131500244,1.011599063873291,0.6524831056594849,4.523834228515625,-20.42115020751953,3.318845748901367,12.295878410339355,0
1745923258.7273326,6.116232395172119,1.0084314346313477,0.6508998870849609,4.522530555725098,-20.44415283203125,3.33189058303833,12.298093795776367,0
1745923258.736726,6.134915828704834,1.0023236274719238,0.6511234045028687,4.527065277099609,-20.481544494628906,3.3405306339263916,12.315427780151367,0
1745923258.7479904,6.153808116912842,1.0027599334716797,0.6506204605102539,4.535662651062012,-20.498546600341797,3.352222442626953,12.342851638793945,0
1745923258.757873,6.174976825714111,1.0039172172546387,0.6499127149581909,4.544693946838379,-20.51509666442871,3.3676834106445312,12.37350082397461,0
1745923258.7707562,6.192825794219971,1.0045433044433594,0.6493911743164062,4.5515899658203125,-20.52962303161621,3.381429672241211,12.39834976196289,0
1745923258.7820156,6.2133684158325195,1.0016789436340332,0.6470444202423096,4.564645767211914,-20.570171356201172,3.3854825496673584,12.426737785339355,0
1745923258.7914143,6.241459846496582,1.0065727233886719,0.6486648321151733,4.581311225891113,-20.571468353271484,3.3963100910186768,12.478008270263672,0
1745923258.8021626,6.27509069442749,1.014899730682373,0.651589035987854,4.603096008300781,-20.560718536376953,3.4071359634399414,12.544675827026367,0
1745923258.8146865,6.316384315490723,1.0191864967346191,0.6533398628234863,4.63053035736084,-20.578001022338867,3.4142332077026367,12.619441032409668,0
1745923258.8248136,6.360428333282471,1.0255975723266602,0.6517566442489624,4.658343315124512,-20.601537704467773,3.433680772781372,12.696125984191895,0
1745923258.8361716,6.402176856994629,1.0311365127563477,0.6479569673538208,4.6881208419799805,-20.6363582611084,3.4490251541137695,12.769391059875488,0
1745923258.8459969,6.440037250518799,1.0376806259155273,0.6480501890182495,4.717406272888184,-20.649721145629883,3.4537792205810547,12.84317398071289,0
1745923258.8576438,6.479605197906494,1.0430865287780762,0.6492235660552979,4.744916915893555,-20.663108825683594,3.460568428039551,12.916831970214844,0
1745923258.8698037,6.521050453186035,1.0455331802368164,0.6500990390777588,4.776017189025879,-20.691635131835938,3.4596211910247803,12.99269962310791,0
1745923258.8813045,6.560788631439209,1.0493268966674805,0.6511048078536987,4.807324409484863,-20.713481903076172,3.4575703144073486,13.068544387817383,0
1745923258.890604,6.591023921966553,1.056079387664795,0.6502107381820679,4.834097862243652,-20.7233829498291,3.4587817192077637,13.1314115524292,0
1745923258.901938,6.619475841522217,1.0604233741760254,0.6488138437271118,4.859699249267578,-20.742321014404297,3.4575130939483643,13.1884126663208,0
1745923258.915134,6.64857292175293,1.0653738975524902,0.6479756832122803,4.884432792663574,-20.756681442260742,3.4584834575653076,13.246355056762695,0
1745923258.9268942,6.67704439163208,1.0713486671447754,0.6484599113464355,4.906217575073242,-20.760372161865234,3.4629621505737305,13.303070068359375,0
1745923258.9340608,6.708019256591797,1.0738525390625,0.647919774055481,4.927000999450684,-20.78125762939453,3.4698429107666016,13.356792449951172,0
1745923258.947411,6.7299275398254395,1.074800968170166,0.6471188068389893,4.9455366134643555,-20.802513122558594,3.4673590660095215,13.397383689880371,0
1745923258.9574275,6.749483585357666,1.0783863067626953,0.6478452682495117,4.9611053466796875,-20.8056640625,3.467881441116333,13.436820983886719,0
1745923258.9693272,6.7687554359436035,1.0821795463562012,0.6468394994735718,4.974010467529297,-20.81275177001953,3.4762864112854004,13.471784591674805,0
1745923258.9807813,6.7803826332092285,1.0841145515441895,0.6457405090332031,4.988105773925781,-20.823423385620117,3.470327377319336,13.498343467712402,0
1745923258.989763,6.790379047393799,1.0841903686523438,0.6452562808990479,4.9982709884643555,-20.835603713989258,3.465864419937134,13.518096923828125,0
1745923259.0009294,6.7936601638793945,1.0840764045715332,0.6446230411529541,5.003787994384766,-20.842960357666016,3.4611361026763916,13.526147842407227,0
1745923259.0150278,6.784176349639893,1.0836215019226074,0.6470630168914795,5.005053520202637,-20.831439971923828,3.4415383338928223,13.519914627075195,0
1745923259.0230527,6.764980792999268,1.085442066192627,0.6488696336746216,5.001728057861328,-20.806360244750977,3.421691656112671,13.501020431518555,0
1745923259.0344052,6.74005651473999,1.0846834182739258,0.6481059789657593,4.994510650634766,-20.79471206665039,3.402641534805298,13.46735668182373,0
1745923259.0462353,6.71156644821167,1.0803966522216797,0.6476403474807739,4.979999542236328,-20.788902282714844,3.386895179748535,13.41960334777832,0
1745923259.05635,6.681179523468018,1.0784997940063477,0.6490559577941895,4.964733123779297,-20.76603889465332,3.3696341514587402,13.373468399047852,0
1745923259.067162,6.6485161781311035,1.0764894485473633,0.6482737064361572,4.9466705322265625,-20.748716354370117,3.358217716217041,13.319950103759766,0
1745923259.082103,6.617124080657959,1.073568344116211,0.6464855670928955,4.928229331970215,-20.738780975341797,3.3497300148010254,13.26540756225586,0
1745923259.0888383,6.590625286102295,1.0700020790100098,0.6470071077346802,4.909958839416504,-20.725412368774414,3.3422796726226807,13.2175931930542,0
1745923259.1000304,6.572188377380371,1.0686745643615723,0.6482363939285278,4.895806312561035,-20.707796096801758,3.3396694660186768,13.184906005859375,0
1745923259.1162236,6.5609211921691895,1.0645771026611328,0.6500245332717896,4.883940696716309,-20.70352554321289,3.33768892288208,13.159463882446289,0
1745923259.1235425,6.547966003417969,1.0611252784729004,0.6481618881225586,4.8726043701171875,-20.70973777770996,3.3400838375091553,13.129858016967773,0
1745923259.1328635,6.537363052368164,1.0626235008239746,0.6496891975402832,4.862458229064941,-20.68696403503418,3.343820571899414,13.112133979797363,0
1745923259.1462464,6.526076793670654,1.0616559982299805,0.6507136821746826,4.854220390319824,-20.675846099853516,3.340707540512085,13.092666625976562,0
1745923259.154549,6.510048866271973,1.0583367347717285,0.6511979103088379,4.84171199798584,-20.67041015625,3.3369576930999756,13.061295509338379,0
1745923259.1662786,6.490170478820801,1.0571799278259277,0.6493911743164062,4.8111982345581055,-20.65310287475586,3.368864059448242,13.007939338684082,0
1745923259.1870387,6.473724842071533,1.0546379089355469,0.6477893590927124,4.797027587890625,-20.65130615234375,3.3726859092712402,12.973179817199707,0
1745923259.1891372,6.463785648345947,1.0507683753967285,0.6478452682495117,4.7857666015625,-20.653602600097656,3.37497878074646,12.948165893554688,0
1745923259.1987298,6.453770637512207,1.0495543479919434,0.6483854055404663,4.779077529907227,-20.646648406982422,3.3712639808654785,12.930788040161133,0
1745923259.2125287,6.451721668243408,1.048530101776123,0.6496520042419434,4.775279998779297,-20.64240837097168,3.37184476852417,12.92518424987793,0
1745923259.2208586,6.459062576293945,1.0482268333435059,0.6519801616668701,4.775430679321289,-20.639057159423828,3.376765251159668,12.934700012207031,0
1745923259.2339501,6.47480583190918,1.049933910369873,0.6506763696670532,4.781911849975586,-20.650169372558594,3.3907597064971924,12.957327842712402,0
1745923259.2465827,6.494912147521973,1.0511856079101562,0.6516263484954834,4.794249534606934,-20.6602783203125,3.394761800765991,12.991973876953125,0
1745923259.2529433,6.51509428024292,1.0504460334777832,0.6525576114654541,4.806984901428223,-20.678110122680664,3.3954455852508545,13.0250825881958,0
1745923259.2643077,6.531445026397705,1.0514321327209473,0.6502480506896973,4.813333511352539,-20.69578742980957,3.4112863540649414,13.046459197998047,0
1745923259.2800891,6.5523858070373535,1.05255126953125,0.6507694721221924,4.820720672607422,-20.705501556396484,3.426194906234741,13.076427459716797,0
1745923259.2879596,6.570329666137695,1.053917407989502,0.6485158205032349,4.831112861633301,-20.72457504272461,3.4369211196899414,13.103876113891602,0
1745923259.2969768,6.586091995239258,1.0531206130981445,0.6497451066970825,4.83791446685791,-20.735475540161133,3.4419941902160645,13.126872062683105,0
1745923259.314212,6.607089996337891,1.0536136627197266,0.6495401859283447,4.847210884094238,-20.751136779785156,3.453784227371216,13.157454490661621,0
1745923259.3195238,6.631008625030518,1.0524187088012695,0.6506577730178833,4.859567642211914,-20.771350860595703,3.4590301513671875,13.193653106689453,0
1745923259.3307474,6.656672477722168,1.057027816772461,0.6509557962417603,4.872169494628906,-20.774166107177734,3.4753103256225586,13.236825942993164,0
1745923259.3476686,6.675811290740967,1.0604043006896973,0.6499500274658203,4.886435508728027,-20.783641815185547,3.480586051940918,13.272601127624512,0
1745923259.3529165,6.6949310302734375,1.0607266426086426,0.6485717296600342,4.896600723266602,-20.80340576171875,3.4900214672088623,13.300829887390137,0
1745923259.3634028,6.720803737640381,1.0628323554992676,0.6490000486373901,4.911432266235352,-20.816089630126953,3.4987287521362305,13.34406852722168,0
1745923259.3796122,6.744779586791992,1.0656013488769531,0.6487020254135132,4.929684638977051,-20.829736709594727,3.50083589553833,13.38876724243164,0
1745923259.3878853,6.770614147186279,1.0636100769042969,0.6482923030853271,4.946443557739258,-20.861209869384766,3.502077102661133,13.428959846496582,0
1745923259.3962731,6.792977333068848,1.067441463470459,0.6499500274658203,4.963202476501465,-20.862031936645508,3.5026044845581055,13.473570823669434,0
1745923259.4072547,6.807336330413818,1.0717473030090332,0.6497822999954224,4.980396270751953,-20.863737106323242,3.495898723602295,13.509262084960938,0
1745923259.418708,6.813747882843018,1.0762238502502441,0.6485903263092041,4.990769386291504,-20.860727310180664,3.4933624267578125,13.52933120727539,0
1745923259.4297352,6.813709735870361,1.0808520317077637,0.6477521657943726,4.995984077453613,-20.84977912902832,3.4913792610168457,13.538297653198242,0
1745923259.4398093,6.812761306762695,1.0786328315734863,0.648906946182251,4.9999895095825195,-20.85523223876953,3.477950096130371,13.540290832519531,0
1745923259.4511664,6.812495708465576,1.081913948059082,0.6481059789657593,5.002276420593262,-20.847352981567383,3.4791653156280518,13.544792175292969,0
1745923259.4627516,6.816308498382568,1.083810806274414,0.6475472450256348,5.004240989685059,-20.845579147338867,3.4840078353881836,13.551907539367676,0
1745923259.474244,6.814051151275635,1.0843987464904785,0.6460199356079102,5.007887840270996,-20.84969711303711,3.4780209064483643,13.55235767364502,0
1745923259.4864726,6.806255340576172,1.0855560302734375,0.6476403474807739,5.006980895996094,-20.8350887298584,3.4681453704833984,13.546432495117188,0
1745923259.4959989,6.792503356933594,1.0839629173278809,0.6482363939285278,4.999611854553223,-20.827497482299805,3.4605064392089844,13.524314880371094,0
1745923259.5064678,6.773383617401123,1.0833935737609863,0.647621750831604,4.98908805847168,-20.81602668762207,3.4551050662994385,13.493487358093262,0
1745923259.5173662,6.752613544464111,1.0807380676269531,0.6472492218017578,4.979697227478027,-20.810911178588867,3.4423093795776367,13.460297584533691,0
1745923259.528231,6.7316155433654785,1.0807948112487793,0.6487579345703125,4.969305992126465,-20.788419723510742,3.431098222732544,13.430474281311035,0
1745923259.5470722,6.7102766036987305,1.075995922088623,0.6473796367645264,4.962106704711914,-20.795555114746094,3.412461042404175,13.395758628845215,0
1745923259.5511618,6.696278095245361,1.0751047134399414,0.648888349533081,4.9567975997924805,-20.78290367126465,3.39982008934021,13.377068519592285,0
1745923259.56156,6.689695835113525,1.0742888450622559,0.6492049694061279,4.950410842895508,-20.777719497680664,3.4011597633361816,13.363600730895996,0
1745923259.572379,6.68320894241333,1.0743837356567383,0.6494098901748657,4.945744514465332,-20.770593643188477,3.4008889198303223,13.352746963500977,0
1745923259.5856094,6.677783966064453,1.0751996040344238,0.649186372756958,4.943741798400879,-20.764404296875,3.398881196975708,13.345911979675293,0
1745923259.6127043,6.672567844390869,1.0734734535217285,0.6497822999954224,4.939339637756348,-20.76331901550293,3.3966822624206543,13.335163116455078,0
1745923259.6127043,6.668489456176758,1.070286750793457,0.6480501890182495,4.935956954956055,-20.77726936340332,3.3964483737945557,13.322783470153809,0
1745923259.6252344,6.667863845825195,1.0717849731445312,0.6451258659362793,4.934029579162598,-20.781108856201172,3.4064888954162598,13.318804740905762,0
1745923259.627279,6.669703483581543,1.0748391151428223,0.6457219123840332,4.934539794921875,-20.769018173217773,3.410924196243286,13.324804306030273,0
1745923259.6381023,6.674464702606201,1.073625087738037,0.6490000486373901,4.940378189086914,-20.76721954345703,3.398916482925415,13.337468147277832,0
1745923259.6498218,6.677082061767578,1.0715384483337402,0.6509184837341309,4.9420976638793945,-20.770183563232422,3.3929638862609863,13.341636657714844,0
1745923259.6604881,6.67947244644165,1.0726008415222168,0.6481059789657593,4.944554328918457,-20.779207229614258,3.398169755935669,13.344733238220215,0
1745923259.6723044,6.679206848144531,1.0761098861694336,0.6476031541824341,4.946008682250977,-20.768863677978516,3.400707960128784,13.348928451538086,0
1745923259.6824653,6.68180513381958,1.0745735168457031,0.646355152130127,4.944705009460449,-20.779739379882812,3.4067723751068115,13.34743881225586,0
1745923259.6934378,6.68501091003418,1.0746684074401855,0.646206259727478,4.944591522216797,-20.781606674194336,3.4116015434265137,13.35047721862793,0
1745923259.705054,6.693376064300537,1.0765838623046875,0.6481432914733887,4.947501182556152,-20.77363395690918,3.41627836227417,13.365604400634766,0
1745923259.7157938,6.7062554359436035,1.0810227394104004,0.6468580961227417,4.95445442199707,-20.772851943969727,3.4286861419677734,13.388590812683105,0
1745923259.728206,6.722074508666992,1.0798845291137695,0.647212028503418,4.96356201171875,-20.789134979248047,3.4306867122650146,13.41273307800293,0
1745923259.7370012,6.731141567230225,1.0783100128173828,0.6491676568984985,4.967812538146973,-20.79490089416504,3.429198741912842,13.426431655883789,0
1745923259.750686,6.737723350524902,1.07948637008667,0.6492794752120972,4.967812538146973,-20.79375457763672,3.4391419887542725,13.434301376342773,0
1745923259.7595205,6.747017860412598,1.0803775787353516,0.6470071077346802,4.971308708190918,-20.805622100830078,3.450221061706543,13.445711135864258,0
1745923259.7697186,6.755496501922607,1.079789638519287,0.6475845575332642,4.974407196044922,-20.811847686767578,3.4538323879241943,13.45727825164795,0
1745923259.7824912,6.761983394622803,1.0809845924377441,0.6490000486373901,4.97459602355957,-20.805952072143555,3.460927963256836,13.466564178466797,0
1745923259.7946362,6.767256736755371,1.0824642181396484,0.6477335691452026,4.975522041320801,-20.808486938476562,3.470337152481079,13.472976684570312,0
1745923259.8035388,6.769058704376221,1.0814208984375,0.6476590633392334,4.976221084594727,-20.813871383666992,3.4701895713806152,13.474359512329102,0
1745923259.8148358,6.7647528648376465,1.0811553001403809,0.6470630168914795,4.975597381591797,-20.81436538696289,3.4664559364318848,13.468568801879883,0
1745923259.825258,6.762628555297852,1.0803017616271973,0.647901177406311,4.9747467041015625,-20.81283187866211,3.462601661682129,13.465578079223633,0
1745923259.836176,6.761016368865967,1.080965518951416,0.6452748775482178,4.973084449768066,-20.818199157714844,3.4691591262817383,13.460341453552246,0
1745923259.8481896,6.7571845054626465,1.0828814506530762,0.6465228796005249,4.970212936401367,-20.803146362304688,3.4696156978607178,13.456801414489746,0
1745923259.8583934,6.751778602600098,1.0828437805175781,0.6468394994735718,4.968965530395508,-20.798574447631836,3.464214324951172,13.450427055358887,0
1745923259.8684168,6.745633125305176,1.0805482864379883,0.6456660032272339,4.965545654296875,-20.806045532226562,3.461561441421509,13.437393188476562,0
1745923259.8824484,6.735769748687744,1.0806622505187988,0.645349383354187,4.95604133605957,-20.796398162841797,3.466722249984741,13.41782283782959,0
1745923259.8915112,6.718887805938721,1.079239845275879,0.6468021869659424,4.949919700622559,-20.783916473388672,3.45129132270813,13.39484977722168,0
1745923259.9030128,6.706577777862549,1.077134132385254,0.6494284868240356,4.941152572631836,-20.77064323425293,3.4436025619506836,13.374293327331543,0
1745923259.9173617,6.697814464569092,1.0746684074401855,0.6478825807571411,4.935144424438477,-20.777299880981445,3.442667245864868,13.355509757995605,0
1745923259.924772,6.690682411193848,1.0753321647644043,0.6469885110855103,4.932007789611816,-20.7725830078125,3.441539764404297,13.345010757446289,0
1745923259.9365075,6.68411922454834,1.076697826385498,0.6494098901748657,4.930137634277344,-20.754167556762695,3.4336888790130615,13.340364456176758,0
1745923259.9467986,6.677651405334473,1.0754270553588867,0.6487020254135132,4.927888870239258,-20.756668090820312,3.42891001701355,13.329668998718262,0
1745923259.959262,6.672397136688232,1.0740423202514648,0.644641637802124,4.927360534667969,-20.77345848083496,3.42856764793396,13.318441390991211,0
1745923259.9683921,6.666479110717773,1.0750665664672852,0.6473051309585571,4.924223899841309,-20.755029678344727,3.4229772090911865,13.313075065612793,0
1745923259.9810264,6.656445026397705,1.0763754844665527,0.6500058174133301,4.920218467712402,-20.732690811157227,3.413844108581543,13.303044319152832,0
1745923259.9902768,6.64726448059082,1.0754461288452148,0.648199200630188,4.919367790222168,-20.73723602294922,3.405348062515259,13.290277481079102,0
1745923260.0034897,6.643527507781982,1.0710835456848145,0.647621750831604,4.917572975158691,-20.75234031677246,3.3989763259887695,13.279806137084961,0
1745923260.0149596,6.645443439483643,1.0708179473876953,0.6468766927719116,4.919065475463867,-20.757909774780273,3.399789810180664,13.282203674316406,0
1745923260.0254173,6.647909164428711,1.0725817680358887,0.6454612016677856,4.922674179077148,-20.75994300842285,3.401365041732788,13.288626670837402,0
1745923260.0341234,6.651873588562012,1.0734543800354004,0.6455543041229248,4.929003715515137,-20.762006759643555,3.3959813117980957,13.299885749816895,0
1745923260.0481534,6.655268669128418,1.0728092193603516,0.6458523273468018,4.931100845336914,-20.766267776489258,3.395228862762451,13.305030822753906,0
1745923260.0584228,6.659119606018066,1.072183609008789,0.6480501890182495,4.934615135192871,-20.764509201049805,3.389026403427124,13.313968658447266,0
1745923260.0674639,6.672757625579834,1.0723543167114258,0.6469326019287109,4.941550254821777,-20.77913475036621,3.3966243267059326,13.33359432220459,0
1745923260.0848799,6.691384315490723,1.072411060333252,0.6445112228393555,4.951790809631348,-20.80337142944336,3.406963348388672,13.36009693145752,0
1745923260.090063,6.708019256591797,1.0767550468444824,0.6435240507125854,4.964694976806641,-20.80701446533203,3.4128036499023438,13.392992973327637,0
1745923260.101234,6.727252960205078,1.0815157890319824,0.64406418800354,4.978790283203125,-20.80559730529785,3.417621612548828,13.431623458862305,0
1745923260.1179173,6.751607894897461,1.0827865600585938,0.6451817750930786,4.9936418533325195,-20.817882537841797,3.42212176322937,13.473217964172363,0
1745923260.1222029,6.772036552429199,1.0858025550842285,0.6460944414138794,5.007415771484375,-20.821868896484375,3.4260756969451904,13.51134967803955,0
1745923260.132868,6.787230014801025,1.085461139678955,0.6459082365036011,5.019451141357422,-20.83820915222168,3.423976421356201,13.538050651550293,0
1745923260.1461556,6.798269748687744,1.0865802764892578,0.6465228796005249,5.026895523071289,-20.841726303100586,3.425220489501953,13.558268547058105,0
1745923260.155407,6.807089805603027,1.0858407020568848,0.6442877054214478,5.034717559814453,-20.8612117767334,3.4256300926208496,13.571935653686523,0
1745923260.1655254,6.812647342681885,1.0872440338134766,0.6444740295410156,5.040234565734863,-20.861312866210938,3.4243807792663574,13.584599494934082,0
1745923260.1799667,6.819229602813721,1.0865612030029297,0.6491118669509888,5.04340934753418,-20.852222442626953,3.417973041534424,13.598312377929688,0
1745923260.1912477,6.83142614364624,1.0894064903259277,0.6488510370254517,5.045978546142578,-20.8507022857666,3.4332568645477295,13.615662574768066,0
1745923260.1996768,6.840075492858887,1.0884580612182617,0.6470630168914795,5.050362586975098,-20.86734962463379,3.4385294914245605,13.625959396362305,0
1745923260.2151709,6.8509440422058105,1.086845874786377,0.645926833152771,5.059582710266113,-20.887697219848633,3.4359641075134277,13.643299102783203,0
1745923260.2210677,6.871960639953613,1.0939397811889648,0.6470444202423096,5.071146011352539,-20.875295639038086,3.4494009017944336,13.684090614318848,0
1745923260.232211,6.899484157562256,1.0983786582946777,0.644921064376831,5.085638046264648,-20.888856887817383,3.468233585357666,13.728422164916992,0
1745923260.247658,6.928239345550537,1.0989093780517578,0.6456102132797241,5.100186347961426,-20.906883239746094,3.478442668914795,13.772945404052734,0
1745923260.2555745,6.959537029266357,1.09938383102417,0.6455357074737549,5.11662483215332,-20.929967880249023,3.489739418029785,13.821081161499023,0
1745923260.2650673,6.989772319793701,1.1004462242126465,0.6450700759887695,5.133969306945801,-20.952116012573242,3.4994490146636963,13.869257926940918,0
1745923260.2809775,7.014430522918701,1.099194049835205,0.6447533369064331,5.151919364929199,-20.979225158691406,3.4978394508361816,13.910297393798828,0
1745923260.2873552,7.038065433502197,1.1012234687805176,0.6451445817947388,5.168395042419434,-20.99091339111328,3.5004184246063232,13.952828407287598,0
1745923260.299834,7.061965465545654,1.1051878929138184,0.6458709239959717,5.1870622634887695,-20.995807647705078,3.5013082027435303,14.000086784362793,0
1745923260.3092015,7.0875725746154785,1.109835147857666,0.6450886726379395,5.2045392990112305,-21.00381088256836,3.5098772048950195,14.047036170959473,0
1745923260.319956,7.108816623687744,1.1141977310180664,0.644939661026001,5.220240592956543,-21.00750160217285,3.5146114826202393,14.088194847106934,0
1745923260.3312063,7.125375270843506,1.116417407989502,0.6467835903167725,5.234014511108398,-21.008419036865234,3.510749578475952,14.122591018676758,0
1745923260.3468928,7.1430344581604,1.1171379089355469,0.6463738679885864,5.2460126876831055,-21.021995544433594,3.513392686843872,14.152558326721191,0
1745923260.352698,7.158304691314697,1.1229043006896973,0.6454424858093262,5.258028984069824,-21.018709182739258,3.520170211791992,14.184679985046387,0
1745923260.3657448,7.172397136688232,1.125654697418213,0.6469511985778809,5.266324043273926,-21.015012741088867,3.5239710807800293,14.21132755279541,0
1745923260.3801336,7.185295581817627,1.1255216598510742,0.6461875438690186,5.273201942443848,-21.027809143066406,3.529111385345459,14.230207443237305,0
1745923260.3868937,7.1984028816223145,1.1255030632019043,0.644939661026001,5.279851913452148,-21.041833877563477,3.535860538482666,14.248697280883789,0
1745923260.3978987,7.2152276039123535,1.127589225769043,0.6431888341903687,5.289620399475098,-21.053646087646484,3.545215129852295,14.275626182556152,0
1745923260.4160478,7.233513355255127,1.1290311813354492,0.6420526504516602,5.300806045532227,-21.066905975341797,3.5520431995391846,14.305403709411621,0
1745923260.4193208,7.250033855438232,1.1308708190917969,0.6425555944442749,5.312898635864258,-21.072729110717773,3.5528173446655273,14.336359024047852,0
1745923260.4295766,7.267333507537842,1.1326160430908203,0.6423320770263672,5.322931289672852,-21.08070945739746,3.55918288230896,14.365213394165039,0
1745923260.4493926,7.283019542694092,1.1324830055236816,0.6434868574142456,5.333417892456055,-21.08980941772461,3.558164358139038,14.392407417297363,0
1745923260.4524748,7.30251932144165,1.1357645988464355,0.643375039100647,5.345320701599121,-21.09406280517578,3.5656356811523438,14.426980018615723,0
1745923260.4628778,7.320178508758545,1.139444351196289,0.6440829038619995,5.355788230895996,-21.09259796142578,3.5723788738250732,14.459494590759277,0
1745923260.480448,7.338387966156006,1.1372442245483398,0.6424810886383057,5.367861747741699,-21.119924545288086,3.573875665664673,14.485974311828613,0
1745923260.4863126,7.350185871124268,1.140392780303955,0.6430398225784302,5.377497673034668,-21.117538452148438,3.5745608806610107,14.511116027832031,0
1745923260.4973223,7.361206531524658,1.1404685974121094,0.6452748775482178,5.383543968200684,-21.117809295654297,3.5738611221313477,14.53049373626709,0
1745923260.5072918,7.371316432952881,1.1415119171142578,0.6471188068389893,5.387947082519531,-21.114927291870117,3.5766706466674805,14.547894477844238,0
1745923260.5187354,7.379700183868408,1.1416068077087402,0.6417174339294434,5.39444637298584,-21.139869689941406,3.584963798522949,14.55747127532959,0
1745923260.528962,7.392199993133545,1.1445469856262207,0.6419409513473511,5.400832176208496,-21.138092041015625,3.592261552810669,14.579520225524902,0
1745923260.5398166,7.4062371253967285,1.1454954147338867,0.6436730623245239,5.407161712646484,-21.138641357421875,3.5965499877929688,14.602567672729492,0
1745923260.5503962,7.418679714202881,1.1466145515441895,0.646206259727478,5.41713809967041,-21.13688850402832,3.5916497707366943,14.62863826751709,0
1745923260.5618024,7.430174350738525,1.1466145515441895,0.6457219123840332,5.427454948425293,-21.148731231689453,3.588803768157959,14.6499662399292,0
1745923260.574221,7.439317226409912,1.1473164558410645,0.645628809928894,5.432575225830078,-21.153356552124023,3.5920627117156982,14.664837837219238,0
1745923260.5838873,7.442503452301025,1.1520771980285645,0.6440269947052002,5.436505317687988,-21.146095275878906,3.5975887775421143,14.6751127243042,0
1745923260.5951343,7.444704532623291,1.1511096954345703,0.6422016620635986,5.440359115600586,-21.158273696899414,3.595651388168335,14.678374290466309,0
1745923260.6053758,7.454339504241943,1.147505760192871,0.6421457529067993,5.445045471191406,-21.17719268798828,3.595043659210205,14.68903636932373,0
1745923260.6178207,7.466725826263428,1.1513943672180176,0.640953779220581,5.451658248901367,-21.176990509033203,3.605236291885376,14.710732460021973,0
1745923260.6279116,7.478657245635986,1.153139591217041,0.6446975469589233,5.457760810852051,-21.16701889038086,3.6049399375915527,14.734254837036133,0
1745923260.6395237,7.492447376251221,1.1505789756774902,0.6471188068389893,5.464261054992676,-21.176881790161133,3.603302001953125,14.754405975341797,0
1745923260.6496067,7.502045154571533,1.1521153450012207,0.6453307867050171,5.472064018249512,-21.18575668334961,3.606395959854126,14.771554946899414,0
1745923260.6604328,7.509082317352295,1.1570467948913574,0.6421271562576294,5.4750871658325195,-21.184642791748047,3.6207785606384277,14.783343315124512,0
1745923260.6727924,7.517086505889893,1.1586971282958984,0.6434309482574463,5.478658676147461,-21.180156707763672,3.6240055561065674,14.797872543334961,0
1745923260.6833057,7.528619289398193,1.1573123931884766,0.6467276811599731,5.487122535705566,-21.183013916015625,3.616363763809204,14.819782257080078,0
1745923260.6941075,7.535750865936279,1.156458854675293,0.6480501890182495,5.492677688598633,-21.18729019165039,3.6123058795928955,14.832937240600586,0
1745923260.704901,7.536016941070557,1.1563262939453125,0.6450700759887695,5.494793891906738,-21.198707580566406,3.613896131515503,14.832206726074219,0
1745923260.7168934,7.531615734100342,1.154789924621582,0.6458337306976318,5.491562843322754,-21.197769165039062,3.6110289096832275,14.82380199432373,0
1745923260.7271156,7.5236687660217285,1.1517548561096191,0.643933892250061,5.4832868576049805,-21.206716537475586,3.6150474548339844,14.802644729614258,0
1745923260.7380316,7.519855976104736,1.1525135040283203,0.6454612016677856,5.480547904968262,-21.196109771728516,3.6134743690490723,14.798377990722656,0
1745923260.7488592,7.52108907699585,1.1491942405700684,0.6483668088912964,5.48139762878418,-21.198440551757812,3.604778528213501,14.800047874450684,0
1745923260.7603931,7.523611545562744,1.1467852592468262,0.6478452682495117,5.4839677810668945,-21.210521697998047,3.6015067100524902,14.802209854125977,0
1745923260.7705233,7.525717258453369,1.1474299430847168,0.6484599113464355,5.486291885375977,-21.208364486694336,3.599855899810791,14.807899475097656,0
1745923260.782658,7.518319606781006,1.1461782455444336,0.6467649936676025,5.481813430786133,-21.212717056274414,3.5999481678009033,14.793075561523438,0
1745923260.7943182,7.506407260894775,1.1435985565185547,0.6468580961227417,5.472895622253418,-21.211429595947266,3.5975728034973145,14.769759178161621,0
1745923260.8045337,7.495386600494385,1.142251968383789,0.6463179588317871,5.465867042541504,-21.209415435791016,3.5956032276153564,14.749823570251465,0
1745923260.8168688,7.4855427742004395,1.1414551734924316,0.6451258659362793,5.4626359939575195,-21.21003532409668,3.590419054031372,14.734759330749512,0
1745923260.8262243,7.484177112579346,1.1408672332763672,0.6460758447647095,5.461313247680664,-21.207582473754883,3.5887320041656494,14.732433319091797,0
1745923260.8371956,7.484290599822998,1.1402029991149902,0.6440455913543701,5.463165283203125,-21.217491149902344,3.588378429412842,14.731704711914062,0
1745923260.847185,7.487685680389404,1.1399188041687012,0.6441015005111694,5.464449882507324,-21.220407485961914,3.589817762374878,14.73615550994873,0
1745923260.8577542,7.492560863494873,1.1411328315734863,0.6435240507125854,5.468247413635254,-21.22226905822754,3.59163761138916,14.745465278625488,0
1745923260.8735619,7.496107578277588,1.14058256149292,0.643654465675354,5.471894264221191,-21.22697639465332,3.588876962661743,14.752239227294922,0
1745923260.881969,7.494419574737549,1.1440157890319824,0.6445299386978149,5.472139358520508,-21.211936950683594,3.589069128036499,14.755105018615723,0
1745923260.8924158,7.494533061981201,1.1443195343017578,0.6434868574142456,5.472121238708496,-21.214445114135742,3.5913302898406982,14.754461288452148,0
1745923260.9031787,7.4995598793029785,1.1451539993286133,0.6424996852874756,5.473065376281738,-21.217700958251953,3.5983147621154785,14.760279655456543,0
1745923260.915536,7.503922939300537,1.147221565246582,0.6433005332946777,5.47760009765625,-21.21223258972168,3.5970044136047363,14.772045135498047,0
1745923260.9255414,7.510523319244385,1.146500587463379,0.6445671319961548,5.484099388122559,-21.216426849365234,3.5910067558288574,14.785691261291504,0
1745923260.9351346,7.5156073570251465,1.147240161895752,0.6434123516082764,5.487179756164551,-21.2215518951416,3.594658136367798,14.793439865112305,0
1745923260.9477983,7.51748514175415,1.1493840217590332,0.6458337306976318,5.490221977233887,-21.208627700805664,3.5903091430664062,14.802925109863281,0
1745923260.9572356,7.516555309295654,1.147657871246338,0.6459640264511108,5.492810249328613,-21.214691162109375,3.582669734954834,14.802987098693848,0
1745923260.9698248,7.512325763702393,1.1449451446533203,0.6442691087722778,5.491015434265137,-21.226594924926758,3.580294609069824,14.79255485534668,0
1745923260.9815812,7.515455722808838,1.1445846557617188,0.6447720527648926,5.490126609802246,-21.227148056030273,3.5841965675354004,14.794938087463379,0
1745923260.9920154,7.524142742156982,1.1437311172485352,0.6440455913543701,5.492677688598633,-21.23754119873047,3.590381145477295,14.804596900939941,0
1745923261.0020351,7.5397725105285645,1.1512236595153809,0.6435799598693848,5.49949836730957,-21.224451065063477,3.6069846153259277,14.834074020385742,0
1745923261.0150104,7.560201168060303,1.1503891944885254,0.6438406705856323,5.508983612060547,-21.239988327026367,3.6137781143188477,14.863414764404297,0
1745923261.023933,7.577632427215576,1.1508445739746094,0.644939661026001,5.522682189941406,-21.248977661132812,3.6102051734924316,14.896099090576172,0
1745923261.036251,7.589809894561768,1.153613567352295,0.6454052925109863,5.534226417541504,-21.249034881591797,3.6078152656555176,14.923054695129395,0
1745923261.048136,7.593072414398193,1.1516218185424805,0.6468580961227417,5.5382890701293945,-21.25412368774414,3.6002042293548584,14.929841041564941,0
1745923261.0569746,7.589582920074463,1.1516408920288086,0.6454424858093262,5.538930892944336,-21.257442474365234,3.5974349975585938,14.92559814453125,0
1745923261.0676155,7.588444232940674,1.1505026817321777,0.6440083980560303,5.536437034606934,-21.264297485351562,3.6012542247772217,14.919392585754395,0
1745923261.0809941,7.5892415046691895,1.151033878326416,0.6438034772872925,5.535794258117676,-21.263288497924805,3.604201316833496,14.919873237609863,0
1745923261.0902028,7.588198184967041,1.1563448905944824,0.6443995237350464,5.534736633300781,-21.242839813232422,3.6099369525909424,14.92367935180664,0
1745923261.1009693,7.586263179779053,1.1592283248901367,0.6437848806381226,5.534642219543457,-21.23443603515625,3.612210988998413,14.923917770385742,0
1745923261.1137352,7.582204341888428,1.1586213111877441,0.6438406705856323,5.533263206481934,-21.233787536621094,3.6089563369750977,14.917929649353027,0
1745923261.126186,7.573441028594971,1.1557002067565918,0.6461130380630493,5.527292251586914,-21.22924041748047,3.601428508758545,14.902546882629395,0
1745923261.1498542,7.557318210601807,1.1536517143249512,0.6475658416748047,5.5186767578125,-21.219951629638672,3.592022180557251,14.877212524414062,0
1745923261.1498542,7.540208339691162,1.1534428596496582,0.6464483737945557,5.508057594299316,-21.211688995361328,3.591156482696533,14.848156929016113,0
1745923261.1590774,7.526001453399658,1.153860092163086,0.6438965797424316,5.497666358947754,-21.2075138092041,3.596433401107788,14.821423530578613,0
1745923261.1664283,7.521373271942139,1.1535377502441406,0.6452003717422485,5.490032196044922,-21.198623657226562,3.601130485534668,14.810144424438477,0
1745923261.181565,7.514146327972412,1.1523427963256836,0.6457033157348633,5.484118461608887,-21.19488525390625,3.60022234916687,14.796310424804688,0
1745923261.1887784,7.506027698516846,1.152646541595459,0.6453307867050171,5.482134819030762,-21.190465927124023,3.5949463844299316,14.786139488220215,0
1745923261.200059,7.509253025054932,1.15342378616333,0.6440455913543701,5.480169296264648,-21.192733764648438,3.6050641536712646,14.78689193725586,0
1745923261.214449,7.524123668670654,1.155263900756836,0.6448092460632324,5.4824371337890625,-21.19196128845215,3.619659185409546,14.806634902954102,0
1745923261.2216575,7.531653881072998,1.155472755432129,0.6450327634811401,5.489919662475586,-21.197425842285156,3.6159331798553467,14.822078704833984,0
1745923261.2323277,7.526589870452881,1.1565346717834473,0.6453307867050171,5.491298675537109,-21.191219329833984,3.6084537506103516,14.819753646850586,0
1745923261.249708,7.5156636238098145,1.1571416854858398,0.6440083980560303,5.489163398742676,-21.18758773803711,3.602079391479492,14.805977821350098,0
1745923261.2550046,7.5038275718688965,1.155756950378418,0.6452748775482178,5.485818862915039,-21.18099021911621,3.5899837017059326,14.790678024291992,0
1745923261.2664886,7.485523700714111,1.1586971282958984,0.6432074308395386,5.479281425476074,-21.16661262512207,3.5861992835998535,14.766709327697754,0
1745923261.2825072,7.459404468536377,1.1590194702148438,0.64307701587677,5.46832275390625,-21.14876937866211,3.574211359024048,14.729823112487793,0
1745923261.2875125,7.429871082305908,1.1606130599975586,0.6414194107055664,5.456287384033203,-21.129594802856445,3.563974142074585,14.688191413879395,0
1745923261.3009875,7.393016338348389,1.1559467315673828,0.6420340538024902,5.412093162536621,-21.105091094970703,3.5877037048339844,14.6030912399292,0
1745923261.3149529,7.351476192474365,1.148890495300293,0.6404880285263062,5.388078689575195,-21.10306167602539,3.572718381881714,14.528932571411133,0
1745923261.321,7.316403865814209,1.1466522216796875,0.6424065828323364,5.367445945739746,-21.07759666442871,3.5595667362213135,14.472908973693848,0
1745923261.332435,7.286396503448486,1.140639305114746,0.6432260274887085,5.347078323364258,-21.071090698242188,3.549293279647827,14.417340278625488,0
1745923261.3471963,7.257811069488525,1.136599063873291,0.6459454298019409,5.326106071472168,-21.05170249938965,3.5408530235290527,14.366461753845215,0
1745923261.3534853,7.233797550201416,1.1338868141174316,0.6482737064361572,5.30911922454834,-21.03312873840332,3.533392906188965,14.325077056884766,0
1745923261.3644614,7.212382793426514,1.1305294036865234,0.6487951278686523,5.294816970825195,-21.025442123413086,3.5267717838287354,14.286524772644043,0
1745923261.3818069,7.202765941619873,1.1276841163635254,0.6487951278686523,5.2805328369140625,-21.023534774780273,3.536069393157959,14.259778022766113,0
1745923261.3894377,7.204757213592529,1.1226387023925781,0.6471002101898193,5.275809288024902,-21.04538345336914,3.5433778762817383,14.250306129455566,0
1745923261.3971255,7.215986728668213,1.1154308319091797,0.6492049694061279,5.274788856506348,-21.06792449951172,3.5464346408843994,14.255411148071289,0
1745923261.4154527,7.231104373931885,1.1138944625854492,0.6501362323760986,5.277849197387695,-21.078832626342773,3.5561797618865967,14.272984504699707,0
1745923261.419554,7.256900310516357,1.1141791343688965,0.6483108997344971,5.287334442138672,-21.101184844970703,3.574831008911133,14.306724548339844,0
1745923261.432512,7.290075778961182,1.118351936340332,0.6454052925109863,5.3054914474487305,-21.12151527404785,3.5940520763397217,14.35932445526123,0
1745923261.441591,7.3298516273498535,1.1183710098266602,0.647323727607727,5.324594497680664,-21.14299964904785,3.606234073638916,14.420141220092773,0
1745923261.4534457,7.375242710113525,1.1215386390686035,0.6474541425704956,5.350536346435547,-21.165563583374023,3.620243549346924,14.494771957397461,0
1745923261.4640763,7.42550802230835,1.1243648529052734,0.6467276811599731,5.385207176208496,-21.198291778564453,3.626210927963257,14.581808090209961,0
1745923261.4745085,7.472985744476318,1.1284241676330566,0.6470630168914795,5.4164018630981445,-21.22003936767578,3.634319543838501,14.664875030517578,0
1745923261.4891548,7.514867305755615,1.135650634765625,0.6478452682495117,5.443495750427246,-21.225019454956055,3.6455864906311035,14.741859436035156,0
1745923261.496907,7.548858165740967,1.1416635513305664,0.645926833152771,5.465696334838867,-21.23712730407715,3.658716917037964,14.802144050598145,0
1745923261.514418,7.578694820404053,1.142934799194336,0.6458895206451416,5.483022689819336,-21.254512786865234,3.6663362979888916,14.850542068481445,0
1745923261.5181797,7.613539218902588,1.144129753112793,0.6455357074737549,5.5021820068359375,-21.27617073059082,3.677126169204712,14.905386924743652,0
1745923261.5298839,7.651854991912842,1.1515650749206543,0.6452748775482178,5.527292251586914,-21.281042098999023,3.6890993118286133,14.975987434387207,0
1745923261.5413842,7.689317226409912,1.1546950340270996,0.6431329250335693,5.555879592895508,-21.30730628967285,3.692408323287964,15.043025016784668,0
1745923261.551179,7.723269939422607,1.1604423522949219,0.644921064376831,5.57930850982666,-21.308130264282227,3.696674346923828,15.107942581176758,0
1745923261.5620127,7.755914211273193,1.1636290550231934,0.6437103748321533,5.598145484924316,-21.324426651000977,3.708855628967285,15.161398887634277,0
1745923261.573519,7.7831339836120605,1.1658673286437988,0.6439896821975708,5.6155853271484375,-21.335865020751953,3.713559627532959,15.208576202392578,0
1745923261.5844278,7.805136203765869,1.1687884330749512,0.6457033157348633,5.631872177124023,-21.337604522705078,3.7126400470733643,15.251500129699707,0
1745923261.5957491,7.82564115524292,1.173511028289795,0.6457033157348633,5.647290229797363,-21.3380184173584,3.716243028640747,15.292145729064941,0
1745923261.60603,7.846012592315674,1.175123691558838,0.6453680992126465,5.662839889526367,-21.349517822265625,3.7164993286132812,15.329343795776367,0
1745923261.6171877,7.862704753875732,1.1772480010986328,0.6452935934066772,5.678238868713379,-21.356822967529297,3.7130138874053955,15.363485336303711,0
1745923261.6287353,7.874655246734619,1.1788034439086914,0.643952488899231,5.687534332275391,-21.365310668945312,3.7154126167297363,15.3849458694458,0
1745923261.6492567,7.8807053565979,1.183431625366211,0.6443250179290771,5.695168495178223,-21.355180740356445,3.7145464420318604,15.403630256652832,0
1745923261.6502638,7.883304119110107,1.1831278800964355,0.6423506736755371,5.700514793395996,-21.365901947021484,3.7117135524749756,15.409296989440918,0
1745923261.661727,7.888027667999268,1.1833748817443848,0.6415870189666748,5.705578804016113,-21.371767044067383,3.7103941440582275,15.41856861114502,0
1745923261.6735988,7.887135982513428,1.183204174041748,0.6427232027053833,5.714176177978516,-21.37198829650879,3.693613290786743,15.427239418029785,0
1745923261.6846395,7.8819193840026855,1.1838679313659668,0.6438593864440918,5.719862937927246,-21.366430282592773,3.6775872707366943,15.429509162902832,0
1745923261.6947727,7.871715068817139,1.1850061416625977,0.6448278427124023,5.720788955688477,-21.355697631835938,3.664371967315674,15.422337532043457,0
1745923261.7063985,7.858266353607178,1.1883821487426758,0.6413635015487671,5.718105316162109,-21.349023818969727,3.6628804206848145,15.406116485595703,0
1745923261.7179463,7.83886194229126,1.1871495246887207,0.6432074308395386,5.71113395690918,-21.33565330505371,3.6478402614593506,15.380352973937988,0
1745923261.728234,7.819647312164307,1.1828055381774902,0.6424810886383057,5.701157569885254,-21.339279174804688,3.638392448425293,15.346091270446777,0
1745923261.740121,7.8058953285217285,1.1794672012329102,0.6425182819366455,5.690859794616699,-21.339454650878906,3.635526418685913,15.318740844726562,0
1745923261.749753,7.790910243988037,1.1773805618286133,0.6451631784439087,5.68264102935791,-21.327547073364258,3.6251220703125,15.29609489440918,0
1745923261.7607298,7.768774509429932,1.176811695098877,0.6432260274887085,5.672041893005371,-21.32133674621582,3.6195015907287598,15.26085376739502,0
1745923261.7719467,7.7391276359558105,1.1731319427490234,0.641959547996521,5.656623840332031,-21.317588806152344,3.608426570892334,15.210843086242676,0
1745923261.7838297,7.7038092613220215,1.1707987785339355,0.6421830654144287,5.639449119567871,-21.301307678222656,3.5927436351776123,15.156240463256836,0
1745923261.7939565,7.667105197906494,1.167593002319336,0.6434682607650757,5.618022918701172,-21.281787872314453,3.5795347690582275,15.09618854522705,0
1745923261.8045585,7.6451592445373535,1.1641030311584473,0.6465228796005249,5.596728324890137,-21.263912200927734,3.5798826217651367,15.052513122558594,0
1745923261.8157413,7.635467052459717,1.1614665985107422,0.6482363939285278,5.581707954406738,-21.255859375,3.587357521057129,15.026878356933594,0
1745923261.8285475,7.631863117218018,1.1618647575378418,0.645219087600708,5.577381134033203,-21.260889053344727,3.595665216445923,15.016327857971191,0
1745923261.8378181,7.638729572296143,1.1602144241333008,0.6458523273468018,5.575076103210449,-21.266273498535156,3.604447364807129,15.019872665405273,0
1745923261.850274,7.647852420806885,1.1613526344299316,0.6449023485183716,5.581178665161133,-21.272472381591797,3.607886791229248,15.035285949707031,0
1745923261.8600297,7.659423351287842,1.1656203269958496,0.6437661647796631,5.593252182006836,-21.272790908813477,3.6083056926727295,15.06206226348877,0
1745923261.8697948,7.676077365875244,1.1691298484802246,0.6441946029663086,5.603757858276367,-21.27204132080078,3.613713026046753,15.093159675598145,0
1745923261.8824725,7.692541599273682,1.1713109016418457,0.6451631784439087,5.614508628845215,-21.27388572692871,3.616074800491333,15.12352466583252,0
1745923261.8929498,7.7161383628845215,1.169698715209961,0.6443064212799072,5.628924369812012,-21.298776626586914,3.6192691326141357,15.15906810760498,0
1745923261.9031703,7.73759126663208,1.1660189628601074,0.6434495449066162,5.644172668457031,-21.329689025878906,3.616279363632202,15.191232681274414,0
1745923261.9152715,7.760258197784424,1.1721267700195312,0.6415311098098755,5.660365104675293,-21.333139419555664,3.626049518585205,15.234280586242676,0
1745923261.9256368,7.783588886260986,1.1757116317749023,0.6431888341903687,5.678106307983398,-21.334131240844727,3.62539005279541,15.280595779418945,0
1745923261.936082,7.79817533493042,1.180605411529541,0.6430398225784302,5.691313743591309,-21.330944061279297,3.626492977142334,15.31313419342041,0
1745923261.959209,7.814449787139893,1.1817054748535156,0.6407860517501831,5.701610565185547,-21.346208572387695,3.63325834274292,15.33855152130127,0
1745923261.959886,7.836832523345947,1.1792397499084473,0.6437475681304932,5.715422630310059,-21.36028289794922,3.628882646560669,15.375242233276367,0
1745923261.9692137,7.865721225738525,1.182938575744629,0.6433937549591064,5.735601425170898,-21.370697021484375,3.6339271068573,15.427655220031738,0
1745923261.9821298,7.895937442779541,1.1886100769042969,0.641680121421814,5.75931453704834,-21.381166458129883,3.6391751766204834,15.485541343688965,0
1745923262.0002851,7.919362545013428,1.189103126525879,0.6391284465789795,5.783196449279785,-21.407869338989258,3.6320714950561523,15.530790328979492,0
1745923262.0042043,7.93920373916626,1.196272850036621,0.6405812501907349,5.804924964904785,-21.398117065429688,3.6255345344543457,15.58098316192627,0
1745923262.0154788,7.956369876861572,1.1985869407653809,0.6423320770263672,5.840616226196289,-21.407588958740234,3.5882160663604736,15.63790512084961,0
1745923262.0247636,7.9734787940979,1.1977524757385254,0.6407115459442139,5.855372428894043,-21.428741455078125,3.5856869220733643,15.667315483093262,0
1745923262.035274,7.993130207061768,1.2050175666809082,0.6422947645187378,5.870072364807129,-21.415271759033203,3.590040922164917,15.710515022277832,0
1745923262.049363,8.012325286865234,1.2154498100280762,0.6425927877426147,5.88137149810791,-21.39435577392578,3.6046833992004395,15.751739501953125,0
1745923262.0580263,8.025260925292969,1.2123770713806152,0.6411585807800293,5.888230323791504,-21.416767120361328,3.607099771499634,15.767027854919434,0
1745923262.0702217,8.026532173156738,1.2112956047058105,0.6409164667129517,5.893312454223633,-21.423568725585938,3.599756956100464,15.772056579589844,0
1745923262.08379,8.01572036743164,1.2156014442443848,0.6417546272277832,5.886963844299316,-21.40027618408203,3.60117506980896,15.760039329528809,0
1745923262.0901916,7.998326778411865,1.2147669792175293,0.6422947645187378,5.8761186599731445,-21.38935089111328,3.597130537033081,15.731507301330566,0
1745923262.1025808,7.979017734527588,1.211637020111084,0.642369270324707,5.8678998947143555,-21.387374877929688,3.5850181579589844,15.700923919677734,0
1745923262.1143675,7.9590630531311035,1.2083745002746582,0.6398733854293823,5.856544494628906,-21.392311096191406,3.5809452533721924,15.66385555267334,0
1745923262.124332,7.936035633087158,1.2088680267333984,0.6412703990936279,5.83791446685791,-21.36871910095215,3.5829341411590576,15.624088287353516,0
1745923262.1364284,7.91560697555542,1.208298683166504,0.6444554328918457,5.821627616882324,-21.344816207885742,3.5801353454589844,15.589987754821777,0
1745923262.1492538,7.9000725746154785,1.207862377166748,0.6417360305786133,5.807607650756836,-21.342182159423828,3.588700771331787,15.557278633117676,0
1745923262.1570687,7.8807053565979,1.204732894897461,0.6416056156158447,5.791812896728516,-21.33746337890625,3.5886929035186768,15.518856048583984,0
1745923262.1674864,7.860391139984131,1.200749397277832,0.6433937549591064,5.778133392333984,-21.329832077026367,3.5802536010742188,15.482666969299316,0
1745923262.1816,7.846278667449951,1.2001423835754395,0.6447906494140625,5.768496513366699,-21.317062377929688,3.5767695903778076,15.459708213806152,0
1745923262.1897624,7.830894947052002,1.1980562210083008,0.6452748775482178,5.760372161865234,-21.312002182006836,3.569214344024658,15.434598922729492,0
1745923262.2162764,7.8139567375183105,1.1978092193603516,0.6420340538024902,5.754798889160156,-21.313392639160156,3.563828229904175,15.408599853515625,0
1745923262.2162764,7.799180507659912,1.1983027458190918,0.6414752006530762,5.747241020202637,-21.303897857666016,3.560600519180298,15.386198997497559,0
1745923262.222976,7.780269145965576,1.1970696449279785,0.6424810886383057,5.7319746017456055,-21.289718627929688,3.5605316162109375,15.351794242858887,0
1745923262.2491505,7.751305103302002,1.19602632522583,0.6443995237350464,5.710056304931641,-21.26458740234375,3.5584330558776855,15.301787376403809,0
1745923262.2573543,7.711395740509033,1.1893115043640137,0.6432819366455078,5.680241584777832,-21.25908660888672,3.5549159049987793,15.224230766296387,0
1745923262.2573543,7.6693243980407715,1.1849112510681152,0.6430212259292603,5.642584800720215,-21.238750457763672,3.562865734100342,15.13984203338623,0
1745923262.2766275,7.630459308624268,1.1806812286376953,0.6446788311004639,5.603549957275391,-21.212188720703125,3.573930025100708,15.059369087219238,0
1745923262.2908206,7.592371463775635,1.175389289855957,0.6444926261901855,5.564419746398926,-21.195192337036133,3.587967872619629,14.97667407989502,0
1745923262.2908206,7.558228015899658,1.1689019203186035,0.6454797983169556,5.526121139526367,-21.18026351928711,3.6020591259002686,14.898731231689453,0
1745923262.3001993,7.528049945831299,1.1604609489440918,0.6475100517272949,5.48846435546875,-21.170326232910156,3.6158599853515625,14.824485778808594,0
1745923262.3143802,7.504207134246826,1.1473731994628906,0.6482177972793579,5.454756736755371,-21.1849422454834,3.62740421295166,14.754555702209473,0
1745923262.3237612,7.485694408416748,1.1438641548156738,0.6477148532867432,5.4261884689331055,-21.176542282104492,3.6500768661499023,14.703461647033691,0
1745923262.332625,7.4640326499938965,1.1389131546020508,0.6490559577941895,5.399113655090332,-21.16596221923828,3.6618573665618896,14.651114463806152,0
1745923262.3502076,7.4398674964904785,1.1332039833068848,0.6487207412719727,5.374323844909668,-21.163402557373047,3.668822765350342,14.596116065979004,0
1745923262.3543124,7.412875652313232,1.1298656463623047,0.649186372756958,5.350234031677246,-21.149097442626953,3.6727519035339355,14.54216194152832,0
1745923262.3652184,7.381673336029053,1.1274185180664062,0.6499686241149902,5.324404716491699,-21.12776756286621,3.6751630306243896,14.483466148376465,0
1745923262.3815978,7.353277683258057,1.1232075691223145,0.649614691734314,5.297027587890625,-21.116744995117188,3.683438301086426,14.423127174377441,0
1745923262.387649,7.327518939971924,1.1175742149353027,0.6477707624435425,5.269083023071289,-21.116579055786133,3.696784496307373,14.361947059631348,0
1745923262.397908,7.30728006362915,1.112168312072754,0.6505646705627441,5.244217872619629,-21.103853225708008,3.7038660049438477,14.314230918884277,0
1745923262.4148574,7.291270732879639,1.10465669631958,0.6517380475997925,5.225210189819336,-21.108741760253906,3.7062301635742188,14.272875785827637,0
1745923262.4201152,7.280117511749268,1.099839210510254,0.651309609413147,5.208337783813477,-21.113265991210938,3.7168524265289307,14.239604949951172,0
1745923262.4315217,7.270272731781006,1.0987768173217773,0.6509557962417603,5.187383651733398,-21.103235244750977,3.740652322769165,14.207388877868652,0
1745923262.4474835,7.258664608001709,1.09041166305542,0.6549230813980103,5.169490814208984,-21.104116439819336,3.7406389713287354,14.173490524291992,0
1745923262.452985,7.246506214141846,1.0871872901916504,0.6530604362487793,5.154053688049316,-21.108325958251953,3.752131462097168,14.140807151794434,0
1745923262.4647846,7.230667591094971,1.0853662490844727,0.6519243717193604,5.134101867675781,-21.10112953186035,3.767547130584717,14.102060317993164,0
1745923262.4749393,7.205440044403076,1.0807948112487793,0.6517008543014526,5.111504554748535,-21.094402313232422,3.771226167678833,14.049440383911133,0
1745923262.485685,7.1695332527160645,1.0746874809265137,0.6499313116073608,5.085864067077637,-21.091663360595703,3.7680163383483887,13.980015754699707,0
