timestamp,heel_left,heel_left,heel_left,heel_right,heel_right,heel_right,metacarpal_right,metacarpal_right,metacarpal_right,big_toe_point,big_toe_point,big_toe_point,pinky_toe_point,pinky_toe_point,pinky_toe_point,metacarpal_left,metacarpal_left,metacarpal_left
timestamp,x,y,z,x,y,z,x,y,z,x,y,z,x,y,z,x,y,z
2025-12-24 14:56:45.493,0.24929,-0.60320,0.66144,0.30512,-0.64544,0.66144,0.20304,-0.80521,0.66144,0.17372,-0.84397,0.66144,0.10701,-0.76640,0.66144,0.12330,-0.74487,0.66144
2025-12-24 14:56:45.507,0.24929,-0.60320,0.66144,0.30512,-0.64544,0.66144,0.20304,-0.80521,0.66144,0.17372,-0.84397,0.66144,0.10701,-0.76640,0.66144,0.12330,-0.74487,0.66144
2025-12-24 14:56:45.507,0.24929,-0.60320,0.66144,0.30512,-0.64544,0.66144,0.20304,-0.80521,0.66144,0.17372,-0.84397,0.66144,0.10701,-0.76640,0.66144,0.12330,-0.74487,0.66144
2025-12-24 14:56:45.507,0.24929,-0.60320,0.66144,0.30512,-0.64544,0.66144,0.20304,-0.80521,0.66144,0.17372,-0.84397,0.66144,0.10701,-0.76640,0.66144,0.12330,-0.74487,0.66144
2025-12-24 14:56:45.510,0.24929,-0.60320,0.66144,0.30512,-0.64544,0.66144,0.20304,-0.80521,0.66144,0.17372,-0.84397,0.66144,0.10701,-0.76640,0.66144,0.12330,-0.74487,0.66144
2025-12-24 14:56:45.515,0.24929,-0.60320,0.66144,0.30512,-0.64544,0.66144,0.20304,-0.80521,0.66144,0.17372,-0.84397,0.66144,0.10701,-0.76640,0.66144,0.12330,-0.74487,0.66144
2025-12-24 14:56:45.516,0.24929,-0.60320,0.66144,0.30512,-0.64544,0.66144,0.20304,-0.80521,0.66144,0.17372,-0.84397,0.66144,0.10701,-0.76640,0.66144,0.12330,-0.74487,0.66144
2025-12-24 14:56:45.527,0.24929,-0.60320,0.66144,0.30512,-0.64544,0.66144,0.20304,-0.80521,0.66144,0.17372,-0.84397,0.66144,0.10701,-0.76640,0.66144,0.12330,-0.74487,0.66144
2025-12-24 14:56:45.528,0.24929,-0.60320,0.66144,0.30512,-0.64544,0.66144,0.20304,-0.80521,0.66144,0.17372,-0.84397,0.66144,0.10701,-0.76640,0.66144,0.12330,-0.74487,0.66144
2025-12-24 14:56:45.542,0.24929,-0.60320,0.66144,0.30512,-0.64544,0.66144,0.20304,-0.80521,0.66144,0.17372,-0.84397,0.66144,0.10701,-0.76640,0.66144,0.12330,-0.74487,0.66144
2025-12-24 14:56:45.544,0.24929,-0.60320,0.66144,0.30512,-0.64544,0.66144,0.20304,-0.80521,0.66144,0.17372,-0.84397,0.66144,0.10701,-0.76640,0.66144,0.12330,-0.74487,0.66144
2025-12-24 14:56:45.546,0.24929,-0.60320,0.66144,0.30512,-0.64544,0.66144,0.20304,-0.80521,0.66144,0.17372,-0.84397,0.66144,0.10701,-0.76640,0.66144,0.12330,-0.74487,0.66144
2025-12-24 14:56:45.549,0.24929,-0.60320,0.66144,0.30512,-0.64544,0.66144,0.20304,-0.80521,0.66144,0.17372,-0.84397,0.66144,0.10701,-0.76640,0.66144,0.12330,-0.74487,0.66144
2025-12-24 14:56:45.555,0.24929,-0.60320,0.66144,0.30512,-0.64544,0.66144,0.20304,-0.80521,0.66144,0.17372,-0.84397,0.66144,0.10701,-0.76640,0.66144,0.12330,-0.74487,0.66144
2025-12-24 14:56:45.555,0.24929,-0.60320,0.66144,0.30512,-0.64544,0.66144,0.20304,-0.80521,0.66144,0.17372,-0.84397,0.66144,0.10701,-0.76640,0.66144,0.12330,-0.74487,0.66144
2025-12-24 14:56:45.591,0.24929,-0.60320,0.66144,0.30512,-0.64544,0.66144,0.20304,-0.80521,0.66144,0.17372,-0.84397,0.66144,0.10701,-0.76640,0.66144,0.12330,-0.74487,0.66144
2025-12-24 14:56:45.592,0.24929,-0.60320,0.66144,0.30512,-0.64544,0.66144,0.20304,-0.80521,0.66144,0.17372,-0.84397,0.66144,0.10701,-0.76640,0.66144,0.12330,-0.74487,0.66144
2025-12-24 14:56:45.592,0.24929,-0.60320,0.66144,0.30512,-0.64544,0.66144,0.20304,-0.80521,0.66144,0.17372,-0.84397,0.66144,0.10701,-0.76640,0.66144,0.12330,-0.74487,0.66144
2025-12-24 14:56:45.592,0.24929,-0.60320,0.66144,0.30512,-0.64544,0.66144,0.20304,-0.80521,0.66144,0.17372,-0.84397,0.66144,0.10701,-0.76640,0.66144,0.12330,-0.74487,0.66144
2025-12-24 14:56:45.597,0.24929,-0.60320,0.66144,0.30512,-0.64544,0.66144,0.20304,-0.80521,0.66144,0.17372,-0.84397,0.66144,0.10701,-0.76640,0.66144,0.12330,-0.74487,0.66144
2025-12-24 14:56:45.598,0.24929,-0.60320,0.66144,0.30512,-0.64544,0.66144,0.20304,-0.80521,0.66144,0.17372,-0.84397,0.66144,0.10701,-0.76640,0.66144,0.12330,-0.74487,0.66144
2025-12-24 14:56:45.616,0.24929,-0.60320,0.66144,0.30512,-0.64544,0.66144,0.20304,-0.80521,0.66144,0.17372,-0.84397,0.66144,0.10701,-0.76640,0.66144,0.12330,-0.74487,0.66144
2025-12-24 14:56:45.617,0.24929,-0.60320,0.66144,0.30512,-0.64544,0.66144,0.20304,-0.80521,0.66144,0.17372,-0.84397,0.66144,0.10701,-0.76640,0.66144,0.12330,-0.74487,0.66144
2025-12-24 14:56:45.626,0.24929,-0.60320,0.66144,0.30512,-0.64544,0.66144,0.20304,-0.80521,0.66144,0.17372,-0.84397,0.66144,0.10701,-0.76640,0.66144,0.12330,-0.74487,0.66144
2025-12-24 14:56:45.628,0.24929,-0.60320,0.66144,0.30512,-0.64544,0.66144,0.20304,-0.80521,0.66144,0.17372,-0.84397,0.66144,0.10701,-0.76640,0.66144,0.12330,-0.74487,0.66144
2025-12-24 14:56:45.630,0.24929,-0.60320,0.66144,0.30512,-0.64544,0.66144,0.20304,-0.80521,0.66144,0.17372,-0.84397,0.66144,0.10701,-0.76640,0.66144,0.12330,-0.74487,0.66144
2025-12-24 14:56:45.639,0.24929,-0.60320,0.66144,0.30512,-0.64544,0.66144,0.20304,-0.80521,0.66144,0.17372,-0.84397,0.66144,0.10701,-0.76640,0.66144,0.12330,-0.74487,0.66144
2025-12-24 14:56:45.646,0.24929,-0.60320,0.66144,0.30512,-0.64544,0.66144,0.20304,-0.80521,0.66144,0.17372,-0.84397,0.66144,0.10701,-0.76640,0.66144,0.12330,-0.74487,0.66144
2025-12-24 14:56:45.658,0.24929,-0.60320,0.66144,0.30512,-0.64544,0.66144,0.20304,-0.80521,0.66144,0.17372,-0.84397,0.66144,0.10701,-0.76640,0.66144,0.12330,-0.74487,0.66144
2025-12-24 14:56:45.670,0.24929,-0.60320,0.66144,0.30512,-0.64544,0.66144,0.20304,-0.80521,0.66144,0.17372,-0.84397,0.66144,0.10701,-0.76640,0.66144,0.12330,-0.74487,0.66144
2025-12-24 14:56:45.675,0.24929,-0.60320,0.66144,0.30512,-0.64544,0.66144,0.20304,-0.80521,0.66144,0.17372,-0.84397,0.66144,0.10701,-0.76640,0.66144,0.12330,-0.74487,0.66144
2025-12-24 14:56:45.675,0.24929,-0.60320,0.66144,0.30512,-0.64544,0.66144,0.20304,-0.80521,0.66144,0.17372,-0.84397,0.66144,0.10701,-0.76640,0.66144,0.12330,-0.74487,0.66144
2025-12-24 14:56:45.675,0.24929,-0.60320,0.66144,0.30512,-0.64544,0.66144,0.20304,-0.80521,0.66144,0.17372,-0.84397,0.66144,0.10701,-0.76640,0.66144,0.12330,-0.74487,0.66144
2025-12-24 14:56:45.703,0.24929,-0.60320,0.66144,0.30512,-0.64544,0.66144,0.20304,-0.80521,0.66144,0.17372,-0.84397,0.66144,0.10701,-0.76640,0.66144,0.12330,-0.74487,0.66144
2025-12-24 14:56:45.703,0.24929,-0.60320,0.66144,0.30512,-0.64544,0.66144,0.20304,-0.80521,0.66144,0.17372,-0.84397,0.66144,0.10701,-0.76640,0.66144,0.12330,-0.74487,0.66144
2025-12-24 14:56:45.707,0.24929,-0.60320,0.66144,0.30512,-0.64544,0.66144,0.20304,-0.80521,0.66144,0.17372,-0.84397,0.66144,0.10701,-0.76640,0.66144,0.12330,-0.74487,0.66144
2025-12-24 14:56:45.707,0.24929,-0.60320,0.66144,0.30512,-0.64544,0.66144,0.20304,-0.80521,0.66144,0.17372,-0.84397,0.66144,0.10701,-0.76640,0.66144,0.12330,-0.74487,0.66144
2025-12-24 14:56:45.708,0.24929,-0.60320,0.66144,0.30512,-0.64544,0.66144,0.20304,-0.80521,0.66144,0.17372,-0.84397,0.66144,0.10701,-0.76640,0.66144,0.12330,-0.74487,0.66144
2025-12-24 14:56:45.708,0.24929,-0.60320,0.66144,0.30512,-0.64544,0.66144,0.20304,-0.80521,0.66144,0.17372,-0.84397,0.66144,0.10701,-0.76640,0.66144,0.12330,-0.74487,0.66144
2025-12-24 14:56:45.711,0.24929,-0.60320,0.66144,0.30512,-0.64544,0.66144,0.20304,-0.80521,0.66144,0.17372,-0.84397,0.66144,0.10701,-0.76640,0.66144,0.12330,-0.74487,0.66144
2025-12-24 14:56:45.724,0.24929,-0.60320,0.66144,0.30512,-0.64544,0.66144,0.20304,-0.80521,0.66144,0.17372,-0.84397,0.66144,0.10701,-0.76640,0.66144,0.12330,-0.74487,0.66144
2025-12-24 14:56:45.724,0.24929,-0.60320,0.66144,0.30512,-0.64544,0.66144,0.20304,-0.80521,0.66144,0.17372,-0.84397,0.66144,0.10701,-0.76640,0.66144,0.12330,-0.74487,0.66144
2025-12-24 14:56:45.733,0.24929,-0.60320,0.66144,0.30512,-0.64544,0.66144,0.20304,-0.80521,0.66144,0.17372,-0.84397,0.66144,0.10701,-0.76640,0.66144,0.12330,-0.74487,0.66144
2025-12-24 14:56:45.733,0.24929,-0.60320,0.66144,0.30512,-0.64544,0.66144,0.20304,-0.80521,0.66144,0.17372,-0.84397,0.66144,0.10701,-0.76640,0.66144,0.12330,-0.74487,0.66144
2025-12-24 14:56:45.750,0.24929,-0.60320,0.66144,0.30512,-0.64544,0.66144,0.20304,-0.80521,0.66144,0.17372,-0.84397,0.66144,0.10701,-0.76640,0.66144,0.12330,-0.74487,0.66144
2025-12-24 14:56:45.750,0.24929,-0.60320,0.66144,0.30512,-0.64544,0.66144,0.20304,-0.80521,0.66144,0.17372,-0.84397,0.66144,0.10701,-0.76640,0.66144,0.12330,-0.74487,0.66144
2025-12-24 14:56:45.759,0.24929,-0.60320,0.66144,0.30512,-0.64544,0.66144,0.20304,-0.80521,0.66144,0.17372,-0.84397,0.66144,0.10701,-0.76640,0.66144,0.12330,-0.74487,0.66144
2025-12-24 14:56:45.760,0.24929,-0.60320,0.66144,0.30512,-0.64544,0.66144,0.20304,-0.80521,0.66144,0.17372,-0.84397,0.66144,0.10701,-0.76640,0.66144,0.12330,-0.74487,0.66144
2025-12-24 14:56:45.768,0.24929,-0.60320,0.66144,0.30512,-0.64544,0.66144,0.20304,-0.80521,0.66144,0.17372,-0.84397,0.66144,0.10701,-0.76640,0.66144,0.12330,-0.74487,0.66144
2025-12-24 14:56:45.768,0.24929,-0.60320,0.66144,0.30512,-0.64544,0.66144,0.20304,-0.80521,0.66144,0.17372,-0.84397,0.66144,0.10701,-0.76640,0.66144,0.12330,-0.74487,0.66144
2025-12-24 14:56:45.791,0.24929,-0.60320,0.66144,0.30512,-0.64544,0.66144,0.20304,-0.80521,0.66144,0.17372,-0.84397,0.66144,0.10701,-0.76640,0.66144,0.12330,-0.74487,0.66144
2025-12-24 14:56:45.793,0.24929,-0.60320,0.66144,0.30512,-0.64544,0.66144,0.20304,-0.80521,0.66144,0.17372,-0.84397,0.66144,0.10701,-0.76640,0.66144,0.12330,-0.74487,0.66144
2025-12-24 14:56:45.799,0.24929,-0.60320,0.66144,0.30512,-0.64544,0.66144,0.20304,-0.80521,0.66144,0.17372,-0.84397,0.66144,0.10701,-0.76640,0.66144,0.12330,-0.74487,0.66144
2025-12-24 14:56:45.799,0.24929,-0.60320,0.66144,0.30512,-0.64544,0.66144,0.20304,-0.80521,0.66144,0.17372,-0.84397,0.66144,0.10701,-0.76640,0.66144,0.12330,-0.74487,0.66144
2025-12-24 14:56:45.809,0.24929,-0.60320,0.66144,0.30512,-0.64544,0.66144,0.20304,-0.80521,0.66144,0.17372,-0.84397,0.66144,0.10701,-0.76640,0.66144,0.12330,-0.74487,0.66144
2025-12-24 14:56:45.813,0.24929,-0.60320,0.66144,0.30512,-0.64544,0.66144,0.20304,-0.80521,0.66144,0.17372,-0.84397,0.66144,0.10701,-0.76640,0.66144,0.12330,-0.74487,0.66144
2025-12-24 14:56:45.819,0.24929,-0.60320,0.66144,0.30512,-0.64544,0.66144,0.20304,-0.80521,0.66144,0.17372,-0.84397,0.66144,0.10701,-0.76640,0.66144,0.12330,-0.74487,0.66144
2025-12-24 14:56:45.820,0.24929,-0.60320,0.66144,0.30512,-0.64544,0.66144,0.20304,-0.80521,0.66144,0.17372,-0.84397,0.66144,0.10701,-0.76640,0.66144,0.12330,-0.74487,0.66144
2025-12-24 14:56:45.838,0.24929,-0.60320,0.66144,0.30512,-0.64544,0.66144,0.20304,-0.80521,0.66144,0.17372,-0.84397,0.66144,0.10701,-0.76640,0.66144,0.12330,-0.74487,0.66144
2025-12-24 14:56:45.840,0.24929,-0.60320,0.66144,0.30512,-0.64544,0.66144,0.20304,-0.80521,0.66144,0.17372,-0.84397,0.66144,0.10701,-0.76640,0.66144,0.12330,-0.74487,0.66144
2025-12-24 14:56:45.841,0.24929,-0.60320,0.66144,0.30512,-0.64544,0.66144,0.20304,-0.80521,0.66144,0.17372,-0.84397,0.66144,0.10701,-0.76640,0.66144,0.12330,-0.74487,0.66144
2025-12-24 14:56:45.843,0.24929,-0.60320,0.66144,0.30512,-0.64544,0.66144,0.20304,-0.80521,0.66144,0.17372,-0.84397,0.66144,0.10701,-0.76640,0.66144,0.12330,-0.74487,0.66144
2025-12-24 14:56:45.851,0.24929,-0.60320,0.66144,0.30512,-0.64544,0.66144,0.20304,-0.80521,0.66144,0.17372,-0.84397,0.66144,0.10701,-0.76640,0.66144,0.12330,-0.74487,0.66144
2025-12-24 14:56:45.855,0.24929,-0.60320,0.66144,0.30512,-0.64544,0.66144,0.20304,-0.80521,0.66144,0.17372,-0.84397,0.66144,0.10701,-0.76640,0.66144,0.12330,-0.74487,0.66144
2025-12-24 14:56:45.869,0.24929,-0.60320,0.66144,0.30512,-0.64544,0.66144,0.20304,-0.80521,0.66144,0.17372,-0.84397,0.66144,0.10701,-0.76640,0.66144,0.12330,-0.74487,0.66144
2025-12-24 14:56:45.871,0.24929,-0.60320,0.66144,0.30512,-0.64544,0.66144,0.20304,-0.80521,0.66144,0.17372,-0.84397,0.66144,0.10701,-0.76640,0.66144,0.12330,-0.74487,0.66144
2025-12-24 14:56:45.875,0.24929,-0.60320,0.66144,0.30512,-0.64544,0.66144,0.20304,-0.80521,0.66144,0.17372,-0.84397,0.66144,0.10701,-0.76640,0.66144,0.12330,-0.74487,0.66144
2025-12-24 14:56:45.880,0.24929,-0.60320,0.66144,0.30512,-0.64544,0.66144,0.20304,-0.80521,0.66144,0.17372,-0.84397,0.66144,0.10701,-0.76640,0.66144,0.12330,-0.74487,0.66144
2025-12-24 14:56:45.885,0.24929,-0.60320,0.66144,0.30512,-0.64544,0.66144,0.20304,-0.80521,0.66144,0.17372,-0.84397,0.66144,0.10701,-0.76640,0.66144,0.12330,-0.74487,0.66144
2025-12-24 14:56:45.895,0.24929,-0.60320,0.66144,0.30512,-0.64544,0.66144,0.20304,-0.80521,0.66144,0.17372,-0.84397,0.66144,0.10701,-0.76640,0.66144,0.12330,-0.74487,0.66144
2025-12-24 14:56:45.902,0.24929,-0.60320,0.66144,0.30512,-0.64544,0.66144,0.20304,-0.80521,0.66144,0.17372,-0.84397,0.66144,0.10701,-0.76640,0.66144,0.12330,-0.74487,0.66144
2025-12-24 14:56:45.905,0.24929,-0.60320,0.66144,0.30512,-0.64544,0.66144,0.20304,-0.80521,0.66144,0.17372,-0.84397,0.66144,0.10701,-0.76640,0.66144,0.12330,-0.74487,0.66144
2025-12-24 14:56:45.913,0.24929,-0.60320,0.66144,0.30512,-0.64544,0.66144,0.20304,-0.80521,0.66144,0.17372,-0.84397,0.66144,0.10701,-0.76640,0.66144,0.12330,-0.74487,0.66144
2025-12-24 14:56:45.918,0.24929,-0.60320,0.66144,0.30512,-0.64544,0.66144,0.20304,-0.80521,0.66144,0.17372,-0.84397,0.66144,0.10701,-0.76640,0.66144,0.12330,-0.74487,0.66144
2025-12-24 14:56:45.920,0.24929,-0.60320,0.66144,0.30512,-0.64544,0.66144,0.20304,-0.80521,0.66144,0.17372,-0.84397,0.66144,0.10701,-0.76640,0.66144,0.12330,-0.74487,0.66144
2025-12-24 14:56:45.935,0.24929,-0.60320,0.66144,0.30512,-0.64544,0.66144,0.20304,-0.80521,0.66144,0.17372,-0.84397,0.66144,0.10701,-0.76640,0.66144,0.12330,-0.74487,0.66144
2025-12-24 14:56:45.937,0.24929,-0.60320,0.66144,0.30512,-0.64544,0.66144,0.20304,-0.80521,0.66144,0.17372,-0.84397,0.66144,0.10701,-0.76640,0.66144,0.12330,-0.74487,0.66144
2025-12-24 14:56:45.942,0.24929,-0.60320,0.66144,0.30512,-0.64544,0.66144,0.20304,-0.80521,0.66144,0.17372,-0.84397,0.66144,0.10701,-0.76640,0.66144,0.12330,-0.74487,0.66144
2025-12-24 14:56:45.944,0.24929,-0.60320,0.66144,0.30512,-0.64544,0.66144,0.20304,-0.80521,0.66144,0.17372,-0.84397,0.66144,0.10701,-0.76640,0.66144,0.12330,-0.74487,0.66144
2025-12-24 14:56:45.954,0.24929,-0.60320,0.66144,0.30512,-0.64544,0.66144,0.20304,-0.80521,0.66144,0.17372,-0.84397,0.66144,0.10701,-0.76640,0.66144,0.12330,-0.74487,0.66144
2025-12-24 14:56:45.954,0.24929,-0.60320,0.66144,0.30512,-0.64544,0.66144,0.20304,-0.80521,0.66144,0.17372,-0.84397,0.66144,0.10701,-0.76640,0.66144,0.12330,-0.74487,0.66144
2025-12-24 14:56:45.971,0.24929,-0.60320,0.66144,0.30512,-0.64544,0.66144,0.20304,-0.80521,0.66144,0.17372,-0.84397,0.66144,0.10701,-0.76640,0.66144,0.12330,-0.74487,0.66144
2025-12-24 14:56:45.973,0.24929,-0.60320,0.66144,0.30512,-0.64544,0.66144,0.20304,-0.80521,0.66144,0.17372,-0.84397,0.66144,0.10701,-0.76640,0.66144,0.12330,-0.74487,0.66144
2025-12-24 14:56:45.978,0.24929,-0.60320,0.66144,0.30512,-0.64544,0.66144,0.20304,-0.80521,0.66144,0.17372,-0.84397,0.66144,0.10701,-0.76640,0.66144,0.12330,-0.74487,0.66144
2025-12-24 14:56:45.980,0.24929,-0.60320,0.66144,0.30512,-0.64544,0.66144,0.20304,-0.80521,0.66144,0.17372,-0.84397,0.66144,0.10701,-0.76640,0.66144,0.12330,-0.74487,0.66144
2025-12-24 14:56:45.990,0.24929,-0.60320,0.66144,0.30512,-0.64544,0.66144,0.20304,-0.80521,0.66144,0.17372,-0.84397,0.66144,0.10701,-0.76640,0.66144,0.12330,-0.74487,0.66144
2025-12-24 14:56:45.992,0.24929,-0.60320,0.66144,0.30512,-0.64544,0.66144,0.20304,-0.80521,0.66144,0.17372,-0.84397,0.66144,0.10701,-0.76640,0.66144,0.12330,-0.74487,0.66144
2025-12-24 14:56:46.004,0.24929,-0.60320,0.66144,0.30512,-0.64544,0.66144,0.20304,-0.80521,0.66144,0.17372,-0.84397,0.66144,0.10701,-0.76640,0.66144,0.12330,-0.74487,0.66144
2025-12-24 14:56:46.006,0.24929,-0.60320,0.66144,0.30512,-0.64544,0.66144,0.20304,-0.80521,0.66144,0.17372,-0.84397,0.66144,0.10701,-0.76640,0.66144,0.12330,-0.74487,0.66144
2025-12-24 14:56:46.026,0.24929,-0.60320,0.66144,0.30512,-0.64544,0.66144,0.20304,-0.80521,0.66144,0.17372,-0.84397,0.66144,0.10701,-0.76640,0.66144,0.12330,-0.74487,0.66144
2025-12-24 14:56:46.026,0.24929,-0.60320,0.66144,0.30512,-0.64544,0.66144,0.20304,-0.80521,0.66144,0.17372,-0.84397,0.66144,0.10701,-0.76640,0.66144,0.12330,-0.74487,0.66144
2025-12-24 14:56:46.026,0.24929,-0.60320,0.66144,0.30512,-0.64544,0.66144,0.20304,-0.80521,0.66144,0.17372,-0.84397,0.66144,0.10701,-0.76640,0.66144,0.12330,-0.74487,0.66144
2025-12-24 14:56:46.032,0.24929,-0.60320,0.66144,0.30512,-0.64544,0.66144,0.20304,-0.80521,0.66144,0.17372,-0.84397,0.66144,0.10701,-0.76640,0.66144,0.12330,-0.74487,0.66144
2025-12-24 14:56:46.032,0.24929,-0.60320,0.66144,0.30512,-0.64544,0.66144,0.20304,-0.80521,0.66144,0.17372,-0.84397,0.66144,0.10701,-0.76640,0.66144,0.12330,-0.74487,0.66144
2025-12-24 14:56:46.043,0.24929,-0.60320,0.66144,0.30512,-0.64544,0.66144,0.20304,-0.80521,0.66144,0.17372,-0.84397,0.66144,0.10701,-0.76640,0.66144,0.12330,-0.74487,0.66144
2025-12-24 14:56:46.049,0.24929,-0.60320,0.66144,0.30512,-0.64544,0.66144,0.20304,-0.80521,0.66144,0.17372,-0.84397,0.66144,0.10701,-0.76640,0.66144,0.12330,-0.74487,0.66144
2025-12-24 14:56:46.054,0.24929,-0.60320,0.66144,0.30512,-0.64544,0.66144,0.20304,-0.80521,0.66144,0.17372,-0.84397,0.66144,0.10701,-0.76640,0.66144,0.12330,-0.74487,0.66144
2025-12-24 14:56:46.061,0.24929,-0.60320,0.66144,0.30512,-0.64544,0.66144,0.20304,-0.80521,0.66144,0.17372,-0.84397,0.66144,0.10701,-0.76640,0.66144,0.12330,-0.74487,0.66144
2025-12-24 14:56:46.070,0.24929,-0.60320,0.66144,0.30512,-0.64544,0.66144,0.20304,-0.80521,0.66144,0.17372,-0.84397,0.66144,0.10701,-0.76640,0.66144,0.12330,-0.74487,0.66144
2025-12-24 14:56:46.072,0.24929,-0.60320,0.66144,0.30512,-0.64544,0.66144,0.20304,-0.80521,0.66144,0.17372,-0.84397,0.66144,0.10701,-0.76640,0.66144,0.12330,-0.74487,0.66144
2025-12-24 14:56:46.076,0.24929,-0.60320,0.66144,0.30512,-0.64544,0.66144,0.20304,-0.80521,0.66144,0.17372,-0.84397,0.66144,0.10701,-0.76640,0.66144,0.12330,-0.74487,0.66144
2025-12-24 14:56:46.083,0.24929,-0.60320,0.66144,0.30512,-0.64544,0.66144,0.20304,-0.80521,0.66144,0.17372,-0.84397,0.66144,0.10701,-0.76640,0.66144,0.12330,-0.74487,0.66144
2025-12-24 14:56:46.091,0.24929,-0.60320,0.66144,0.30512,-0.64544,0.66144,0.20304,-0.80521,0.66144,0.17372,-0.84397,0.66144,0.10701,-0.76640,0.66144,0.12330,-0.74487,0.66144
2025-12-24 14:56:46.097,0.24929,-0.60320,0.66144,0.30512,-0.64544,0.66144,0.20304,-0.80521,0.66144,0.17372,-0.84397,0.66144,0.10701,-0.76640,0.66144,0.12330,-0.74487,0.66144
2025-12-24 14:56:46.110,0.24929,-0.60320,0.66144,0.30512,-0.64544,0.66144,0.20304,-0.80521,0.66144,0.17372,-0.84397,0.66144,0.10701,-0.76640,0.66144,0.12330,-0.74487,0.66144
2025-12-24 14:56:46.111,0.24929,-0.60320,0.66144,0.30512,-0.64544,0.66144,0.20304,-0.80521,0.66144,0.17372,-0.84397,0.66144,0.10701,-0.76640,0.66144,0.12330,-0.74487,0.66144
2025-12-24 14:56:46.115,0.24929,-0.60320,0.66144,0.30512,-0.64544,0.66144,0.20304,-0.80521,0.66144,0.17372,-0.84397,0.66144,0.10701,-0.76640,0.66144,0.12330,-0.74487,0.66144
2025-12-24 14:56:46.118,0.24929,-0.60320,0.66144,0.30512,-0.64544,0.66144,0.20304,-0.80521,0.66144,0.17372,-0.84397,0.66144,0.10701,-0.76640,0.66144,0.12330,-0.74487,0.66144
2025-12-24 14:56:46.129,0.24929,-0.60320,0.66144,0.30512,-0.64544,0.66144,0.20304,-0.80521,0.66144,0.17372,-0.84397,0.66144,0.10701,-0.76640,0.66144,0.12330,-0.74487,0.66144
2025-12-24 14:56:46.139,0.24929,-0.60320,0.66144,0.30512,-0.64544,0.66144,0.20304,-0.80521,0.66144,0.17372,-0.84397,0.66144,0.10701,-0.76640,0.66144,0.12330,-0.74487,0.66144
2025-12-24 14:56:46.139,0.24929,-0.60320,0.66144,0.30512,-0.64544,0.66144,0.20304,-0.80521,0.66144,0.17372,-0.84397,0.66144,0.10701,-0.76640,0.66144,0.12330,-0.74487,0.66144
2025-12-24 14:56:46.139,0.24929,-0.60320,0.66144,0.30512,-0.64544,0.66144,0.20304,-0.80521,0.66144,0.17372,-0.84397,0.66144,0.10701,-0.76640,0.66144,0.12330,-0.74487,0.66144
2025-12-24 14:56:46.155,0.24929,-0.60320,0.66144,0.30512,-0.64544,0.66144,0.20304,-0.80521,0.66144,0.17372,-0.84397,0.66144,0.10701,-0.76640,0.66144,0.12330,-0.74487,0.66144
2025-12-24 14:56:46.155,0.24929,-0.60320,0.66144,0.30512,-0.64544,0.66144,0.20304,-0.80521,0.66144,0.17372,-0.84397,0.66144,0.10701,-0.76640,0.66144,0.12330,-0.74487,0.66144
2025-12-24 14:56:46.166,0.24929,-0.60320,0.66144,0.30512,-0.64544,0.66144,0.20304,-0.80521,0.66144,0.17372,-0.84397,0.66144,0.10701,-0.76640,0.66144,0.12330,-0.74487,0.66144
2025-12-24 14:56:46.174,0.24929,-0.60320,0.66144,0.30512,-0.64544,0.66144,0.20304,-0.80521,0.66144,0.17372,-0.84397,0.66144,0.10701,-0.76640,0.66144,0.12330,-0.74487,0.66144
2025-12-24 14:56:46.180,0.24929,-0.60320,0.66144,0.30512,-0.64544,0.66144,0.20304,-0.80521,0.66144,0.17372,-0.84397,0.66144,0.10701,-0.76640,0.66144,0.12330,-0.74487,0.66144
2025-12-24 14:56:46.180,0.24929,-0.60320,0.66144,0.30512,-0.64544,0.66144,0.20304,-0.80521,0.66144,0.17372,-0.84397,0.66144,0.10701,-0.76640,0.66144,0.12330,-0.74487,0.66144
2025-12-24 14:56:46.192,0.24929,-0.60320,0.66144,0.30512,-0.64544,0.66144,0.20304,-0.80521,0.66144,0.17372,-0.84397,0.66144,0.10701,-0.76640,0.66144,0.12330,-0.74487,0.66144
2025-12-24 14:56:46.192,0.24929,-0.60320,0.66144,0.30512,-0.64544,0.66144,0.20304,-0.80521,0.66144,0.17372,-0.84397,0.66144,0.10701,-0.76640,0.66144,0.12330,-0.74487,0.66144
2025-12-24 14:56:46.208,0.24929,-0.60320,0.66144,0.30512,-0.64544,0.66144,0.20304,-0.80521,0.66144,0.17372,-0.84397,0.66144,0.10701,-0.76640,0.66144,0.12330,-0.74487,0.66144
2025-12-24 14:56:46.210,0.24929,-0.60320,0.66144,0.30512,-0.64544,0.66144,0.20304,-0.80521,0.66144,0.17372,-0.84397,0.66144,0.10701,-0.76640,0.66144,0.12330,-0.74487,0.66144
2025-12-24 14:56:46.210,0.24929,-0.60320,0.66144,0.30512,-0.64544,0.66144,0.20304,-0.80521,0.66144,0.17372,-0.84397,0.66144,0.10701,-0.76640,0.66144,0.12330,-0.74487,0.66144
2025-12-24 14:56:46.216,0.24929,-0.60320,0.66144,0.30512,-0.64544,0.66144,0.20304,-0.80521,0.66144,0.17372,-0.84397,0.66144,0.10701,-0.76640,0.66144,0.12330,-0.74487,0.66144
2025-12-24 14:56:46.229,0.24929,-0.60320,0.66144,0.30512,-0.64544,0.66144,0.20304,-0.80521,0.66144,0.17372,-0.84397,0.66144,0.10701,-0.76640,0.66144,0.12330,-0.74487,0.66144
2025-12-24 14:56:46.230,0.24929,-0.60320,0.66144,0.30512,-0.64544,0.66144,0.20304,-0.80521,0.66144,0.17372,-0.84397,0.66144,0.10701,-0.76640,0.66144,0.12330,-0.74487,0.66144
2025-12-24 14:56:46.242,0.24929,-0.60320,0.66144,0.30512,-0.64544,0.66144,0.20304,-0.80521,0.66144,0.17372,-0.84397,0.66144,0.10701,-0.76640,0.66144,0.12330,-0.74487,0.66144
2025-12-24 14:56:46.243,0.24929,-0.60320,0.66144,0.30512,-0.64544,0.66144,0.20304,-0.80521,0.66144,0.17372,-0.84397,0.66144,0.10701,-0.76640,0.66144,0.12330,-0.74487,0.66144
2025-12-24 14:56:46.246,0.24929,-0.60320,0.66144,0.30512,-0.64544,0.66144,0.20304,-0.80521,0.66144,0.17372,-0.84397,0.66144,0.10701,-0.76640,0.66144,0.12330,-0.74487,0.66144
2025-12-24 14:56:46.252,0.24929,-0.60320,0.66144,0.30512,-0.64544,0.66144,0.20304,-0.80521,0.66144,0.17372,-0.84397,0.66144,0.10701,-0.76640,0.66144,0.12330,-0.74487,0.66144
2025-12-24 14:56:46.258,0.24929,-0.60320,0.66144,0.30512,-0.64544,0.66144,0.20304,-0.80521,0.66144,0.17372,-0.84397,0.66144,0.10701,-0.76640,0.66144,0.12330,-0.74487,0.66144
2025-12-24 14:56:46.272,0.24929,-0.60320,0.66144,0.30512,-0.64544,0.66144,0.20304,-0.80521,0.66144,0.17372,-0.84397,0.66144,0.10701,-0.76640,0.66144,0.12330,-0.74487,0.66144
2025-12-24 14:56:46.273,0.24929,-0.60320,0.66144,0.30512,-0.64544,0.66144,0.20304,-0.80521,0.66144,0.17372,-0.84397,0.66144,0.10701,-0.76640,0.66144,0.12330,-0.74487,0.66144
2025-12-24 14:56:46.277,0.24929,-0.60320,0.66144,0.30512,-0.64544,0.66144,0.20304,-0.80521,0.66144,0.17372,-0.84397,0.66144,0.10701,-0.76640,0.66144,0.12330,-0.74487,0.66144
2025-12-24 14:56:46.282,0.24929,-0.60320,0.66144,0.30512,-0.64544,0.66144,0.20304,-0.80521,0.66144,0.17372,-0.84397,0.66144,0.10701,-0.76640,0.66144,0.12330,-0.74487,0.66144
2025-12-24 14:56:46.289,0.24929,-0.60320,0.66144,0.30512,-0.64544,0.66144,0.20304,-0.80521,0.66144,0.17372,-0.84397,0.66144,0.10701,-0.76640,0.66144,0.12330,-0.74487,0.66144
2025-12-24 14:56:46.295,0.24929,-0.60320,0.66144,0.30512,-0.64544,0.66144,0.20304,-0.80521,0.66144,0.17372,-0.84397,0.66144,0.10701,-0.76640,0.66144,0.12330,-0.74487,0.66144
2025-12-24 14:56:46.305,0.24929,-0.60320,0.66144,0.30512,-0.64544,0.66144,0.20304,-0.80521,0.66144,0.17372,-0.84397,0.66144,0.10701,-0.76640,0.66144,0.12330,-0.74487,0.66144
2025-12-24 14:56:46.307,0.24929,-0.60320,0.66144,0.30512,-0.64544,0.66144,0.20304,-0.80521,0.66144,0.17372,-0.84397,0.66144,0.10701,-0.76640,0.66144,0.12330,-0.74487,0.66144
2025-12-24 14:56:46.314,0.24929,-0.60320,0.66144,0.30512,-0.64544,0.66144,0.20304,-0.80521,0.66144,0.17372,-0.84397,0.66144,0.10701,-0.76640,0.66144,0.12330,-0.74487,0.66144
2025-12-24 14:56:46.315,0.24929,-0.60320,0.66144,0.30512,-0.64544,0.66144,0.20304,-0.80521,0.66144,0.17372,-0.84397,0.66144,0.10701,-0.76640,0.66144,0.12330,-0.74487,0.66144
2025-12-24 14:56:46.327,0.24929,-0.60320,0.66144,0.30512,-0.64544,0.66144,0.20304,-0.80521,0.66144,0.17372,-0.84397,0.66144,0.10701,-0.76640,0.66144,0.12330,-0.74487,0.66144
2025-12-24 14:56:46.328,0.24929,-0.60320,0.66144,0.30512,-0.64544,0.66144,0.20304,-0.80521,0.66144,0.17372,-0.84397,0.66144,0.10701,-0.76640,0.66144,0.12330,-0.74487,0.66144
2025-12-24 14:56:46.339,0.24929,-0.60320,0.66144,0.30512,-0.64544,0.66144,0.20304,-0.80521,0.66144,0.17372,-0.84397,0.66144,0.10701,-0.76640,0.66144,0.12330,-0.74487,0.66144
2025-12-24 14:56:46.340,0.24929,-0.60320,0.66144,0.30512,-0.64544,0.66144,0.20304,-0.80521,0.66144,0.17372,-0.84397,0.66144,0.10701,-0.76640,0.66144,0.12330,-0.74487,0.66144
2025-12-24 14:56:46.351,0.24929,-0.60320,0.66144,0.30512,-0.64544,0.66144,0.20304,-0.80521,0.66144,0.17372,-0.84397,0.66144,0.10701,-0.76640,0.66144,0.12330,-0.74487,0.66144
2025-12-24 14:56:46.351,0.24929,-0.60320,0.66144,0.30512,-0.64544,0.66144,0.20304,-0.80521,0.66144,0.17372,-0.84397,0.66144,0.10701,-0.76640,0.66144,0.12330,-0.74487,0.66144
2025-12-24 14:56:46.363,0.24929,-0.60320,0.66144,0.30512,-0.64544,0.66144,0.20304,-0.80521,0.66144,0.17372,-0.84397,0.66144,0.10701,-0.76640,0.66144,0.12330,-0.74487,0.66144
2025-12-24 14:56:46.363,0.24929,-0.60320,0.66144,0.30512,-0.64544,0.66144,0.20304,-0.80521,0.66144,0.17372,-0.84397,0.66144,0.10701,-0.76640,0.66144,0.12330,-0.74487,0.66144
2025-12-24 14:56:46.375,0.24929,-0.60320,0.66144,0.30512,-0.64544,0.66144,0.20304,-0.80521,0.66144,0.17372,-0.84397,0.66144,0.10701,-0.76640,0.66144,0.12330,-0.74487,0.66144
2025-12-24 14:56:46.375,0.24929,-0.60320,0.66144,0.30512,-0.64544,0.66144,0.20304,-0.80521,0.66144,0.17372,-0.84397,0.66144,0.10701,-0.76640,0.66144,0.12330,-0.74487,0.66144
2025-12-24 14:56:46.386,0.24929,-0.60320,0.66144,0.30512,-0.64544,0.66144,0.20304,-0.80521,0.66144,0.17372,-0.84397,0.66144,0.10701,-0.76640,0.66144,0.12330,-0.74487,0.66144
2025-12-24 14:56:46.388,0.24929,-0.60320,0.66144,0.30512,-0.64544,0.66144,0.20304,-0.80521,0.66144,0.17372,-0.84397,0.66144,0.10701,-0.76640,0.66144,0.12330,-0.74487,0.66144
2025-12-24 14:56:46.403,0.24929,-0.60320,0.66144,0.30512,-0.64544,0.66144,0.20304,-0.80521,0.66144,0.17372,-0.84397,0.66144,0.10701,-0.76640,0.66144,0.12330,-0.74487,0.66144
2025-12-24 14:56:46.403,0.24929,-0.60320,0.66144,0.30512,-0.64544,0.66144,0.20304,-0.80521,0.66144,0.17372,-0.84397,0.66144,0.10701,-0.76640,0.66144,0.12330,-0.74487,0.66144
2025-12-24 14:56:46.410,0.24929,-0.60320,0.66144,0.30512,-0.64544,0.66144,0.20304,-0.80521,0.66144,0.17372,-0.84397,0.66144,0.10701,-0.76640,0.66144,0.12330,-0.74487,0.66144
2025-12-24 14:56:46.413,0.24929,-0.60320,0.66144,0.30512,-0.64544,0.66144,0.20304,-0.80521,0.66144,0.17372,-0.84397,0.66144,0.10701,-0.76640,0.66144,0.12330,-0.74487,0.66144
2025-12-24 14:56:46.417,0.24929,-0.60320,0.66144,0.30512,-0.64544,0.66144,0.20304,-0.80521,0.66144,0.17372,-0.84397,0.66144,0.10701,-0.76640,0.66144,0.12330,-0.74487,0.66144
2025-12-24 14:56:46.426,0.24929,-0.60320,0.66144,0.30512,-0.64544,0.66144,0.20304,-0.80521,0.66144,0.17372,-0.84397,0.66144,0.10701,-0.76640,0.66144,0.12330,-0.74487,0.66144
2025-12-24 14:56:46.441,0.24929,-0.60320,0.66144,0.30512,-0.64544,0.66144,0.20304,-0.80521,0.66144,0.17372,-0.84397,0.66144,0.10701,-0.76640,0.66144,0.12330,-0.74487,0.66144
2025-12-24 14:56:46.444,0.24929,-0.60320,0.66144,0.30512,-0.64544,0.66144,0.20304,-0.80521,0.66144,0.17372,-0.84397,0.66144,0.10701,-0.76640,0.66144,0.12330,-0.74487,0.66144
2025-12-24 14:56:46.445,0.24929,-0.60320,0.66144,0.30512,-0.64544,0.66144,0.20304,-0.80521,0.66144,0.17372,-0.84397,0.66144,0.10701,-0.76640,0.66144,0.12330,-0.74487,0.66144
2025-12-24 14:56:46.451,0.24929,-0.60320,0.66144,0.30512,-0.64544,0.66144,0.20304,-0.80521,0.66144,0.17372,-0.84397,0.66144,0.10701,-0.76640,0.66144,0.12330,-0.74487,0.66144
2025-12-24 14:56:46.456,0.24929,-0.60320,0.66144,0.30512,-0.64544,0.66144,0.20304,-0.80521,0.66144,0.17372,-0.84397,0.66144,0.10701,-0.76640,0.66144,0.12330,-0.74487,0.66144
2025-12-24 14:56:46.462,0.24929,-0.60320,0.66144,0.30512,-0.64544,0.66144,0.20304,-0.80521,0.66144,0.17372,-0.84397,0.66144,0.10701,-0.76640,0.66144,0.12330,-0.74487,0.66144
2025-12-24 14:56:46.472,0.24929,-0.60320,0.66144,0.30512,-0.64544,0.66144,0.20304,-0.80521,0.66144,0.17372,-0.84397,0.66144,0.10701,-0.76640,0.66144,0.12330,-0.74487,0.66144
2025-12-24 14:56:46.475,0.24929,-0.60320,0.66144,0.30512,-0.64544,0.66144,0.20304,-0.80521,0.66144,0.17372,-0.84397,0.66144,0.10701,-0.76640,0.66144,0.12330,-0.74487,0.66144
2025-12-24 14:56:46.479,0.24929,-0.60320,0.66144,0.30512,-0.64544,0.66144,0.20304,-0.80521,0.66144,0.17372,-0.84397,0.66144,0.10701,-0.76640,0.66144,0.12330,-0.74487,0.66144
2025-12-24 14:56:46.487,0.24929,-0.60320,0.66144,0.30512,-0.64544,0.66144,0.20304,-0.80521,0.66144,0.17372,-0.84397,0.66144,0.10701,-0.76640,0.66144,0.12330,-0.74487,0.66144
2025-12-24 14:56:46.491,0.24929,-0.60320,0.66144,0.30512,-0.64544,0.66144,0.20304,-0.80521,0.66144,0.17372,-0.84397,0.66144,0.10701,-0.76640,0.66144,0.12330,-0.74487,0.66144
2025-12-24 14:56:46.507,0.24929,-0.60320,0.66144,0.30512,-0.64544,0.66144,0.20304,-0.80521,0.66144,0.17372,-0.84397,0.66144,0.10701,-0.76640,0.66144,0.12330,-0.74487,0.66144
2025-12-24 14:56:46.508,0.24929,-0.60320,0.66144,0.30512,-0.64544,0.66144,0.20304,-0.80521,0.66144,0.17372,-0.84397,0.66144,0.10701,-0.76640,0.66144,0.12330,-0.74487,0.66144
2025-12-24 14:56:46.508,0.24929,-0.60320,0.66144,0.30512,-0.64544,0.66144,0.20304,-0.80521,0.66144,0.17372,-0.84397,0.66144,0.10701,-0.76640,0.66144,0.12330,-0.74487,0.66144
2025-12-24 14:56:46.514,0.24929,-0.60320,0.66144,0.30512,-0.64544,0.66144,0.20304,-0.80521,0.66144,0.17372,-0.84397,0.66144,0.10701,-0.76640,0.66144,0.12330,-0.74487,0.66144
2025-12-24 14:56:46.525,0.24929,-0.60320,0.66144,0.30512,-0.64544,0.66144,0.20304,-0.80521,0.66144,0.17372,-0.84397,0.66144,0.10701,-0.76640,0.66144,0.12330,-0.74487,0.66144
2025-12-24 14:56:46.527,0.24929,-0.60320,0.66144,0.30512,-0.64544,0.66144,0.20304,-0.80521,0.66144,0.17372,-0.84397,0.66144,0.10701,-0.76640,0.66144,0.12330,-0.74487,0.66144
2025-12-24 14:56:46.536,0.24929,-0.60320,0.66144,0.30512,-0.64544,0.66144,0.20304,-0.80521,0.66144,0.17372,-0.84397,0.66144,0.10701,-0.76640,0.66144,0.12330,-0.74487,0.66144
2025-12-24 14:56:46.536,0.24929,-0.60320,0.66144,0.30512,-0.64544,0.66144,0.20304,-0.80521,0.66144,0.17372,-0.84397,0.66144,0.10701,-0.76640,0.66144,0.12330,-0.74487,0.66144
2025-12-24 14:56:46.550,0.24929,-0.60320,0.66144,0.30512,-0.64544,0.66144,0.20304,-0.80521,0.66144,0.17372,-0.84397,0.66144,0.10701,-0.76640,0.66144,0.12330,-0.74487,0.66144
2025-12-24 14:56:46.555,0.24929,-0.60320,0.66144,0.30512,-0.64544,0.66144,0.20304,-0.80521,0.66144,0.17372,-0.84397,0.66144,0.10701,-0.76640,0.66144,0.12330,-0.74487,0.66144
2025-12-24 14:56:46.563,0.24929,-0.60320,0.66144,0.30512,-0.64544,0.66144,0.20304,-0.80521,0.66144,0.17372,-0.84397,0.66144,0.10701,-0.76640,0.66144,0.12330,-0.74487,0.66144
2025-12-24 14:56:46.564,0.24929,-0.60320,0.66144,0.30512,-0.64544,0.66144,0.20304,-0.80521,0.66144,0.17372,-0.84397,0.66144,0.10701,-0.76640,0.66144,0.12330,-0.74487,0.66144
2025-12-24 14:56:46.574,0.24929,-0.60320,0.66144,0.30512,-0.64544,0.66144,0.20304,-0.80521,0.66144,0.17372,-0.84397,0.66144,0.10701,-0.76640,0.66144,0.12330,-0.74487,0.66144
2025-12-24 14:56:46.584,0.24929,-0.60320,0.66144,0.30512,-0.64544,0.66144,0.20304,-0.80521,0.66144,0.17372,-0.84397,0.66144,0.10701,-0.76640,0.66144,0.12330,-0.74487,0.66144
2025-12-24 14:56:46.611,0.24929,-0.60320,0.66144,0.30512,-0.64544,0.66144,0.20304,-0.80521,0.66144,0.17372,-0.84397,0.66144,0.10701,-0.76640,0.66144,0.12330,-0.74487,0.66144
2025-12-24 14:56:46.611,0.24929,-0.60320,0.66144,0.30512,-0.64544,0.66144,0.20304,-0.80521,0.66144,0.17372,-0.84397,0.66144,0.10701,-0.76640,0.66144,0.12330,-0.74487,0.66144
2025-12-24 14:56:46.611,0.24929,-0.60320,0.66144,0.30512,-0.64544,0.66144,0.20304,-0.80521,0.66144,0.17372,-0.84397,0.66144,0.10701,-0.76640,0.66144,0.12330,-0.74487,0.66144
2025-12-24 14:56:46.611,0.24929,-0.60320,0.66144,0.30512,-0.64544,0.66144,0.20304,-0.80521,0.66144,0.17372,-0.84397,0.66144,0.10701,-0.76640,0.66144,0.12330,-0.74487,0.66144
2025-12-24 14:56:46.611,0.24929,-0.60320,0.66144,0.30512,-0.64544,0.66144,0.20304,-0.80521,0.66144,0.17372,-0.84397,0.66144,0.10701,-0.76640,0.66144,0.12330,-0.74487,0.66144
2025-12-24 14:56:46.611,0.24929,-0.60320,0.66144,0.30512,-0.64544,0.66144,0.20304,-0.80521,0.66144,0.17372,-0.84397,0.66144,0.10701,-0.76640,0.66144,0.12330,-0.74487,0.66144
2025-12-24 14:56:46.618,0.24929,-0.60320,0.66144,0.30512,-0.64544,0.66144,0.20304,-0.80521,0.66144,0.17372,-0.84397,0.66144,0.10701,-0.76640,0.66144,0.12330,-0.74487,0.66144
2025-12-24 14:56:46.624,0.24929,-0.60320,0.66144,0.30512,-0.64544,0.66144,0.20304,-0.80521,0.66144,0.17372,-0.84397,0.66144,0.10701,-0.76640,0.66144,0.12330,-0.74487,0.66144
2025-12-24 14:56:46.639,0.24929,-0.60320,0.66144,0.30512,-0.64544,0.66144,0.20304,-0.80521,0.66144,0.17372,-0.84397,0.66144,0.10701,-0.76640,0.66144,0.12330,-0.74487,0.66144
2025-12-24 14:56:46.644,0.24929,-0.60320,0.66144,0.30512,-0.64544,0.66144,0.20304,-0.80521,0.66144,0.17372,-0.84397,0.66144,0.10701,-0.76640,0.66144,0.12330,-0.74487,0.66144
2025-12-24 14:56:46.644,0.24929,-0.60320,0.66144,0.30512,-0.64544,0.66144,0.20304,-0.80521,0.66144,0.17372,-0.84397,0.66144,0.10701,-0.76640,0.66144,0.12330,-0.74487,0.66144
2025-12-24 14:56:46.649,0.24929,-0.60320,0.66144,0.30512,-0.64544,0.66144,0.20304,-0.80521,0.66144,0.17372,-0.84397,0.66144,0.10701,-0.76640,0.66144,0.12330,-0.74487,0.66144
2025-12-24 14:56:46.653,0.24929,-0.60320,0.66144,0.30512,-0.64544,0.66144,0.20304,-0.80521,0.66144,0.17372,-0.84397,0.66144,0.10701,-0.76640,0.66144,0.12330,-0.74487,0.66144
2025-12-24 14:56:46.659,0.24929,-0.60320,0.66144,0.30512,-0.64544,0.66144,0.20304,-0.80521,0.66144,0.17372,-0.84397,0.66144,0.10701,-0.76640,0.66144,0.12330,-0.74487,0.66144
2025-12-24 14:56:46.675,0.24929,-0.60320,0.66144,0.30512,-0.64544,0.66144,0.20304,-0.80521,0.66144,0.17372,-0.84397,0.66144,0.10701,-0.76640,0.66144,0.12330,-0.74487,0.66144
2025-12-24 14:56:46.677,0.24929,-0.60320,0.66144,0.30512,-0.64544,0.66144,0.20304,-0.80521,0.66144,0.17372,-0.84397,0.66144,0.10701,-0.76640,0.66144,0.12330,-0.74487,0.66144
2025-12-24 14:56:46.678,0.24929,-0.60320,0.66144,0.30512,-0.64544,0.66144,0.20304,-0.80521,0.66144,0.17372,-0.84397,0.66144,0.10701,-0.76640,0.66144,0.12330,-0.74487,0.66144
2025-12-24 14:56:46.687,0.24929,-0.60320,0.66144,0.30512,-0.64544,0.66144,0.20304,-0.80521,0.66144,0.17372,-0.84397,0.66144,0.10701,-0.76640,0.66144,0.12330,-0.74487,0.66144
2025-12-24 14:56:46.687,0.24929,-0.60320,0.66144,0.30512,-0.64544,0.66144,0.20304,-0.80521,0.66144,0.17372,-0.84397,0.66144,0.10701,-0.76640,0.66144,0.12330,-0.74487,0.66144
2025-12-24 14:56:46.703,0.24929,-0.60320,0.66144,0.30512,-0.64544,0.66144,0.20304,-0.80521,0.66144,0.17372,-0.84397,0.66144,0.10701,-0.76640,0.66144,0.12330,-0.74487,0.66144
2025-12-24 14:56:46.703,0.24929,-0.60320,0.66144,0.30512,-0.64544,0.66144,0.20304,-0.80521,0.66144,0.17372,-0.84397,0.66144,0.10701,-0.76640,0.66144,0.12330,-0.74487,0.66144
2025-12-24 14:56:46.710,0.24929,-0.60320,0.66144,0.30512,-0.64544,0.66144,0.20304,-0.80521,0.66144,0.17372,-0.84397,0.66144,0.10701,-0.76640,0.66144,0.12330,-0.74487,0.66144
2025-12-24 14:56:46.713,0.24929,-0.60320,0.66144,0.30512,-0.64544,0.66144,0.20304,-0.80521,0.66144,0.17372,-0.84397,0.66144,0.10701,-0.76640,0.66144,0.12330,-0.74487,0.66144
2025-12-24 14:56:46.723,0.24929,-0.60320,0.66144,0.30512,-0.64544,0.66144,0.20304,-0.80521,0.66144,0.17372,-0.84397,0.66144,0.10701,-0.76640,0.66144,0.12330,-0.74487,0.66144
2025-12-24 14:56:46.725,0.24929,-0.60320,0.66144,0.30512,-0.64544,0.66144,0.20304,-0.80521,0.66144,0.17372,-0.84397,0.66144,0.10701,-0.76640,0.66144,0.12330,-0.74487,0.66144
2025-12-24 14:56:46.743,0.24929,-0.60320,0.66144,0.30512,-0.64544,0.66144,0.20304,-0.80521,0.66144,0.17372,-0.84397,0.66144,0.10701,-0.76640,0.66144,0.12330,-0.74487,0.66144
2025-12-24 14:56:46.744,0.24929,-0.60320,0.66144,0.30512,-0.64544,0.66144,0.20304,-0.80521,0.66144,0.17372,-0.84397,0.66144,0.10701,-0.76640,0.66144,0.12330,-0.74487,0.66144
2025-12-24 14:56:46.748,0.24929,-0.60320,0.66144,0.30512,-0.64544,0.66144,0.20304,-0.80521,0.66144,0.17372,-0.84397,0.66144,0.10701,-0.76640,0.66144,0.12330,-0.74487,0.66144
2025-12-24 14:56:46.749,0.24929,-0.60320,0.66144,0.30512,-0.64544,0.66144,0.20304,-0.80521,0.66144,0.17372,-0.84397,0.66144,0.10701,-0.76640,0.66144,0.12330,-0.74487,0.66144
2025-12-24 14:56:46.758,0.24929,-0.60320,0.66144,0.30512,-0.64544,0.66144,0.20304,-0.80521,0.66144,0.17372,-0.84397,0.66144,0.10701,-0.76640,0.66144,0.12330,-0.74487,0.66144
2025-12-24 14:56:46.761,0.24929,-0.60320,0.66144,0.30512,-0.64544,0.66144,0.20304,-0.80521,0.66144,0.17372,-0.84397,0.66144,0.10701,-0.76640,0.66144,0.12330,-0.74487,0.66144
2025-12-24 14:56:46.772,0.24929,-0.60320,0.66144,0.30512,-0.64544,0.66144,0.20304,-0.80521,0.66144,0.17372,-0.84397,0.66144,0.10701,-0.76640,0.66144,0.12330,-0.74487,0.66144
2025-12-24 14:56:46.772,0.24929,-0.60320,0.66144,0.30512,-0.64544,0.66144,0.20304,-0.80521,0.66144,0.17372,-0.84397,0.66144,0.10701,-0.76640,0.66144,0.12330,-0.74487,0.66144
2025-12-24 14:56:46.784,0.24929,-0.60320,0.66144,0.30512,-0.64544,0.66144,0.20304,-0.80521,0.66144,0.17372,-0.84397,0.66144,0.10701,-0.76640,0.66144,0.12330,-0.74487,0.66144
2025-12-24 14:56:46.785,0.24929,-0.60320,0.66144,0.30512,-0.64544,0.66144,0.20304,-0.80521,0.66144,0.17372,-0.84397,0.66144,0.10701,-0.76640,0.66144,0.12330,-0.74487,0.66144
2025-12-24 14:56:46.795,0.24929,-0.60320,0.66144,0.30512,-0.64544,0.66144,0.20304,-0.80521,0.66144,0.17372,-0.84397,0.66144,0.10701,-0.76640,0.66144,0.12330,-0.74487,0.66144
2025-12-24 14:56:46.798,0.24929,-0.60320,0.66144,0.30512,-0.64544,0.66144,0.20304,-0.80521,0.66144,0.17372,-0.84397,0.66144,0.10701,-0.76640,0.66144,0.12330,-0.74487,0.66144
2025-12-24 14:56:46.807,0.24929,-0.60320,0.66144,0.30512,-0.64544,0.66144,0.20304,-0.80521,0.66144,0.17372,-0.84397,0.66144,0.10701,-0.76640,0.66144,0.12330,-0.74487,0.66144
2025-12-24 14:56:46.812,0.24929,-0.60320,0.66144,0.30512,-0.64544,0.66144,0.20304,-0.80521,0.66144,0.17372,-0.84397,0.66144,0.10701,-0.76640,0.66144,0.12330,-0.74487,0.66144
2025-12-24 14:56:46.818,0.24929,-0.60320,0.66144,0.30512,-0.64544,0.66144,0.20304,-0.80521,0.66144,0.17372,-0.84397,0.66144,0.10701,-0.76640,0.66144,0.12330,-0.74487,0.66144
2025-12-24 14:56:46.820,0.24929,-0.60320,0.66144,0.30512,-0.64544,0.66144,0.20304,-0.80521,0.66144,0.17372,-0.84397,0.66144,0.10701,-0.76640,0.66144,0.12330,-0.74487,0.66144
2025-12-24 14:56:46.829,0.24929,-0.60320,0.66144,0.30512,-0.64544,0.66144,0.20304,-0.80521,0.66144,0.17372,-0.84397,0.66144,0.10701,-0.76640,0.66144,0.12330,-0.74487,0.66144
2025-12-24 14:56:46.842,0.24929,-0.60320,0.66144,0.30512,-0.64544,0.66144,0.20304,-0.80521,0.66144,0.17372,-0.84397,0.66144,0.10701,-0.76640,0.66144,0.12330,-0.74487,0.66144
2025-12-24 14:56:46.844,0.24929,-0.60320,0.66144,0.30512,-0.64544,0.66144,0.20304,-0.80521,0.66144,0.17372,-0.84397,0.66144,0.10701,-0.76640,0.66144,0.12330,-0.74487,0.66144
2025-12-24 14:56:46.847,0.24929,-0.60320,0.66144,0.30512,-0.64544,0.66144,0.20304,-0.80521,0.66144,0.17372,-0.84397,0.66144,0.10701,-0.76640,0.66144,0.12330,-0.74487,0.66144
2025-12-24 14:56:46.852,0.24929,-0.60320,0.66144,0.30512,-0.64544,0.66144,0.20304,-0.80521,0.66144,0.17372,-0.84397,0.66144,0.10701,-0.76640,0.66144,0.12330,-0.74487,0.66144
2025-12-24 14:56:46.861,0.24929,-0.60320,0.66144,0.30512,-0.64544,0.66144,0.20304,-0.80521,0.66144,0.17372,-0.84397,0.66144,0.10701,-0.76640,0.66144,0.12330,-0.74487,0.66144
2025-12-24 14:56:46.870,0.24929,-0.60320,0.66144,0.30512,-0.64544,0.66144,0.20304,-0.80521,0.66144,0.17372,-0.84397,0.66144,0.10701,-0.76640,0.66144,0.12330,-0.74487,0.66144
2025-12-24 14:56:46.871,0.24929,-0.60320,0.66144,0.30512,-0.64544,0.66144,0.20304,-0.80521,0.66144,0.17372,-0.84397,0.66144,0.10701,-0.76640,0.66144,0.12330,-0.74487,0.66144
2025-12-24 14:56:46.875,0.24929,-0.60320,0.66144,0.30512,-0.64544,0.66144,0.20304,-0.80521,0.66144,0.17372,-0.84397,0.66144,0.10701,-0.76640,0.66144,0.12330,-0.74487,0.66144
2025-12-24 14:56:46.883,0.24929,-0.60320,0.66144,0.30512,-0.64544,0.66144,0.20304,-0.80521,0.66144,0.17372,-0.84397,0.66144,0.10701,-0.76640,0.66144,0.12330,-0.74487,0.66144
2025-12-24 14:56:46.883,0.24929,-0.60320,0.66144,0.30512,-0.64544,0.66144,0.20304,-0.80521,0.66144,0.17372,-0.84397,0.66144,0.10701,-0.76640,0.66144,0.12330,-0.74487,0.66144
2025-12-24 14:56:46.897,0.24929,-0.60320,0.66144,0.30512,-0.64544,0.66144,0.20304,-0.80521,0.66144,0.17372,-0.84397,0.66144,0.10701,-0.76640,0.66144,0.12330,-0.74487,0.66144
2025-12-24 14:56:46.899,0.24929,-0.60320,0.66144,0.30512,-0.64544,0.66144,0.20304,-0.80521,0.66144,0.17372,-0.84397,0.66144,0.10701,-0.76640,0.66144,0.12330,-0.74487,0.66144
2025-12-24 14:56:46.910,0.24929,-0.60320,0.66144,0.30512,-0.64544,0.66144,0.20304,-0.80521,0.66144,0.17372,-0.84397,0.66144,0.10701,-0.76640,0.66144,0.12330,-0.74487,0.66144
2025-12-24 14:56:46.912,0.24929,-0.60320,0.66144,0.30512,-0.64544,0.66144,0.20304,-0.80521,0.66144,0.17372,-0.84397,0.66144,0.10701,-0.76640,0.66144,0.12330,-0.74487,0.66144
2025-12-24 14:56:46.921,0.24929,-0.60320,0.66144,0.30512,-0.64544,0.66144,0.20304,-0.80521,0.66144,0.17372,-0.84397,0.66144,0.10701,-0.76640,0.66144,0.12330,-0.74487,0.66144
2025-12-24 14:56:46.922,0.24929,-0.60320,0.66144,0.30512,-0.64544,0.66144,0.20304,-0.80521,0.66144,0.17372,-0.84397,0.66144,0.10701,-0.76640,0.66144,0.12330,-0.74487,0.66144
2025-12-24 14:56:46.934,0.24929,-0.60320,0.66144,0.30512,-0.64544,0.66144,0.20304,-0.80521,0.66144,0.17372,-0.84397,0.66144,0.10701,-0.76640,0.66144,0.12330,-0.74487,0.66144
2025-12-24 14:56:46.934,0.24929,-0.60320,0.66144,0.30512,-0.64544,0.66144,0.20304,-0.80521,0.66144,0.17372,-0.84397,0.66144,0.10701,-0.76640,0.66144,0.12330,-0.74487,0.66144
2025-12-24 14:56:46.946,0.24929,-0.60320,0.66144,0.30512,-0.64544,0.66144,0.20304,-0.80521,0.66144,0.17372,-0.84397,0.66144,0.10701,-0.76640,0.66144,0.12330,-0.74487,0.66144
2025-12-24 14:56:46.946,0.24929,-0.60320,0.66144,0.30512,-0.64544,0.66144,0.20304,-0.80521,0.66144,0.17372,-0.84397,0.66144,0.10701,-0.76640,0.66144,0.12330,-0.74487,0.66144
2025-12-24 14:56:46.957,0.24929,-0.60320,0.66144,0.30512,-0.64544,0.66144,0.20304,-0.80521,0.66144,0.17372,-0.84397,0.66144,0.10701,-0.76640,0.66144,0.12330,-0.74487,0.66144
2025-12-24 14:56:46.957,0.24929,-0.60320,0.66144,0.30512,-0.64544,0.66144,0.20304,-0.80521,0.66144,0.17372,-0.84397,0.66144,0.10701,-0.76640,0.66144,0.12330,-0.74487,0.66144
2025-12-24 14:56:46.970,0.24929,-0.60320,0.66144,0.30512,-0.64544,0.66144,0.20304,-0.80521,0.66144,0.17372,-0.84397,0.66144,0.10701,-0.76640,0.66144,0.12330,-0.74487,0.66144
2025-12-24 14:56:46.970,0.24929,-0.60320,0.66144,0.30512,-0.64544,0.66144,0.20304,-0.80521,0.66144,0.17372,-0.84397,0.66144,0.10701,-0.76640,0.66144,0.12330,-0.74487,0.66144
2025-12-24 14:56:46.979,0.24929,-0.60320,0.66144,0.30512,-0.64544,0.66144,0.20304,-0.80521,0.66144,0.17372,-0.84397,0.66144,0.10701,-0.76640,0.66144,0.12330,-0.74487,0.66144
2025-12-24 14:56:46.982,0.24929,-0.60320,0.66144,0.30512,-0.64544,0.66144,0.20304,-0.80521,0.66144,0.17372,-0.84397,0.66144,0.10701,-0.76640,0.66144,0.12330,-0.74487,0.66144
2025-12-24 14:56:46.991,0.24929,-0.60320,0.66144,0.30512,-0.64544,0.66144,0.20304,-0.80521,0.66144,0.17372,-0.84397,0.66144,0.10701,-0.76640,0.66144,0.12330,-0.74487,0.66144
2025-12-24 14:56:46.994,0.24929,-0.60320,0.66144,0.30512,-0.64544,0.66144,0.20304,-0.80521,0.66144,0.17372,-0.84397,0.66144,0.10701,-0.76640,0.66144,0.12330,-0.74487,0.66144
2025-12-24 14:56:47.007,0.24929,-0.60320,0.66144,0.30512,-0.64544,0.66144,0.20304,-0.80521,0.66144,0.17372,-0.84397,0.66144,0.10701,-0.76640,0.66144,0.12330,-0.74487,0.66144
2025-12-24 14:56:47.014,0.24929,-0.60320,0.66144,0.30512,-0.64544,0.66144,0.20304,-0.80521,0.66144,0.17372,-0.84397,0.66144,0.10701,-0.76640,0.66144,0.12330,-0.74487,0.66144
2025-12-24 14:56:47.018,0.24929,-0.60320,0.66144,0.30512,-0.64544,0.66144,0.20304,-0.80521,0.66144,0.17372,-0.84397,0.66144,0.10701,-0.76640,0.66144,0.12330,-0.74487,0.66144
2025-12-24 14:56:47.023,0.24929,-0.60320,0.66144,0.30512,-0.64544,0.66144,0.20304,-0.80521,0.66144,0.17372,-0.84397,0.66144,0.10701,-0.76640,0.66144,0.12330,-0.74487,0.66144
2025-12-24 14:56:47.036,0.24929,-0.60320,0.66144,0.30512,-0.64544,0.66144,0.20304,-0.80521,0.66144,0.17372,-0.84397,0.66144,0.10701,-0.76640,0.66144,0.12330,-0.74487,0.66144
2025-12-24 14:56:47.037,0.24929,-0.60320,0.66144,0.30512,-0.64544,0.66144,0.20304,-0.80521,0.66144,0.17372,-0.84397,0.66144,0.10701,-0.76640,0.66144,0.12330,-0.74487,0.66144
2025-12-24 14:56:47.042,0.24929,-0.60320,0.66144,0.30512,-0.64544,0.66144,0.20304,-0.80521,0.66144,0.17372,-0.84397,0.66144,0.10701,-0.76640,0.66144,0.12330,-0.74487,0.66144
2025-12-24 14:56:47.045,0.24929,-0.60320,0.66144,0.30512,-0.64544,0.66144,0.20304,-0.80521,0.66144,0.17372,-0.84397,0.66144,0.10701,-0.76640,0.66144,0.12330,-0.74487,0.66144
2025-12-24 14:56:47.056,0.24929,-0.60320,0.66144,0.30512,-0.64544,0.66144,0.20304,-0.80521,0.66144,0.17372,-0.84397,0.66144,0.10701,-0.76640,0.66144,0.12330,-0.74487,0.66144
2025-12-24 14:56:47.058,0.24929,-0.60320,0.66144,0.30512,-0.64544,0.66144,0.20304,-0.80521,0.66144,0.17372,-0.84397,0.66144,0.10701,-0.76640,0.66144,0.12330,-0.74487,0.66144
2025-12-24 14:56:47.068,0.24929,-0.60320,0.66144,0.30512,-0.64544,0.66144,0.20304,-0.80521,0.66144,0.17372,-0.84397,0.66144,0.10701,-0.76640,0.66144,0.12330,-0.74487,0.66144
2025-12-24 14:56:47.068,0.24929,-0.60320,0.66144,0.30512,-0.64544,0.66144,0.20304,-0.80521,0.66144,0.17372,-0.84397,0.66144,0.10701,-0.76640,0.66144,0.12330,-0.74487,0.66144
2025-12-24 14:56:47.078,0.24929,-0.60320,0.66144,0.30512,-0.64544,0.66144,0.20304,-0.80521,0.66144,0.17372,-0.84397,0.66144,0.10701,-0.76640,0.66144,0.12330,-0.74487,0.66144
2025-12-24 14:56:47.080,0.24929,-0.60320,0.66144,0.30512,-0.64544,0.66144,0.20304,-0.80521,0.66144,0.17372,-0.84397,0.66144,0.10701,-0.76640,0.66144,0.12330,-0.74487,0.66144
2025-12-24 14:56:47.090,0.24929,-0.60320,0.66144,0.30512,-0.64544,0.66144,0.20304,-0.80521,0.66144,0.17372,-0.84397,0.66144,0.10701,-0.76640,0.66144,0.12330,-0.74487,0.66144
2025-12-24 14:56:47.093,0.24929,-0.60320,0.66144,0.30512,-0.64544,0.66144,0.20304,-0.80521,0.66144,0.17372,-0.84397,0.66144,0.10701,-0.76640,0.66144,0.12330,-0.74487,0.66144
2025-12-24 14:56:47.099,0.24929,-0.60320,0.66144,0.30512,-0.64544,0.66144,0.20304,-0.80521,0.66144,0.17372,-0.84397,0.66144,0.10701,-0.76640,0.66144,0.12330,-0.74487,0.66144
2025-12-24 14:56:47.105,0.24929,-0.60320,0.66144,0.30512,-0.64544,0.66144,0.20304,-0.80521,0.66144,0.17372,-0.84397,0.66144,0.10701,-0.76640,0.66144,0.12330,-0.74487,0.66144
2025-12-24 14:56:47.113,0.24929,-0.60320,0.66144,0.30512,-0.64544,0.66144,0.20304,-0.80521,0.66144,0.17372,-0.84397,0.66144,0.10701,-0.76640,0.66144,0.12330,-0.74487,0.66144
2025-12-24 14:56:47.118,0.24929,-0.60320,0.66144,0.30512,-0.64544,0.66144,0.20304,-0.80521,0.66144,0.17372,-0.84397,0.66144,0.10701,-0.76640,0.66144,0.12330,-0.74487,0.66144
2025-12-24 14:56:47.122,0.24929,-0.60320,0.66144,0.30512,-0.64544,0.66144,0.20304,-0.80521,0.66144,0.17372,-0.84397,0.66144,0.10701,-0.76640,0.66144,0.12330,-0.74487,0.66144
2025-12-24 14:56:47.139,0.24929,-0.60320,0.66144,0.30512,-0.64544,0.66144,0.20304,-0.80521,0.66144,0.17372,-0.84397,0.66144,0.10701,-0.76640,0.66144,0.12330,-0.74487,0.66144
2025-12-24 14:56:47.139,0.24929,-0.60320,0.66144,0.30512,-0.64544,0.66144,0.20304,-0.80521,0.66144,0.17372,-0.84397,0.66144,0.10701,-0.76640,0.66144,0.12330,-0.74487,0.66144
2025-12-24 14:56:47.139,0.24929,-0.60320,0.66144,0.30512,-0.64544,0.66144,0.20304,-0.80521,0.66144,0.17372,-0.84397,0.66144,0.10701,-0.76640,0.66144,0.12330,-0.74487,0.66144
2025-12-24 14:56:47.139,0.24929,-0.60320,0.66144,0.30512,-0.64544,0.66144,0.20304,-0.80521,0.66144,0.17372,-0.84397,0.66144,0.10701,-0.76640,0.66144,0.12330,-0.74487,0.66144
2025-12-24 14:56:47.161,0.24929,-0.60320,0.66144,0.30512,-0.64544,0.66144,0.20304,-0.80521,0.66144,0.17372,-0.84397,0.66144,0.10701,-0.76640,0.66144,0.12330,-0.74487,0.66144
2025-12-24 14:56:47.163,0.24929,-0.60320,0.66144,0.30512,-0.64544,0.66144,0.20304,-0.80521,0.66144,0.17372,-0.84397,0.66144,0.10701,-0.76640,0.66144,0.12330,-0.74487,0.66144
2025-12-24 14:56:47.175,0.24929,-0.60320,0.66144,0.30512,-0.64544,0.66144,0.20304,-0.80521,0.66144,0.17372,-0.84397,0.66144,0.10701,-0.76640,0.66144,0.12330,-0.74487,0.66144
2025-12-24 14:56:47.176,0.24929,-0.60320,0.66144,0.30512,-0.64544,0.66144,0.20304,-0.80521,0.66144,0.17372,-0.84397,0.66144,0.10701,-0.76640,0.66144,0.12330,-0.74487,0.66144
2025-12-24 14:56:47.177,0.24929,-0.60320,0.66144,0.30512,-0.64544,0.66144,0.20304,-0.80521,0.66144,0.17372,-0.84397,0.66144,0.10701,-0.76640,0.66144,0.12330,-0.74487,0.66144
2025-12-24 14:56:47.180,0.24929,-0.60320,0.66144,0.30512,-0.64544,0.66144,0.20304,-0.80521,0.66144,0.17372,-0.84397,0.66144,0.10701,-0.76640,0.66144,0.12330,-0.74487,0.66144
2025-12-24 14:56:47.194,0.24929,-0.60320,0.66144,0.30512,-0.64544,0.66144,0.20304,-0.80521,0.66144,0.17372,-0.84397,0.66144,0.10701,-0.76640,0.66144,0.12330,-0.74487,0.66144
2025-12-24 14:56:47.194,0.24929,-0.60320,0.66144,0.30512,-0.64544,0.66144,0.20304,-0.80521,0.66144,0.17372,-0.84397,0.66144,0.10701,-0.76640,0.66144,0.12330,-0.74487,0.66144
2025-12-24 14:56:47.207,0.24929,-0.60320,0.66144,0.30512,-0.64544,0.66144,0.20304,-0.80521,0.66144,0.17372,-0.84397,0.66144,0.10701,-0.76640,0.66144,0.12330,-0.74487,0.66144
2025-12-24 14:56:47.209,0.24929,-0.60320,0.66144,0.30512,-0.64544,0.66144,0.20304,-0.80521,0.66144,0.17372,-0.84397,0.66144,0.10701,-0.76640,0.66144,0.12330,-0.74487,0.66144
2025-12-24 14:56:47.217,0.24929,-0.60320,0.66144,0.30512,-0.64544,0.66144,0.20304,-0.80521,0.66144,0.17372,-0.84397,0.66144,0.10701,-0.76640,0.66144,0.12330,-0.74487,0.66144
2025-12-24 14:56:47.217,0.24929,-0.60320,0.66144,0.30512,-0.64544,0.66144,0.20304,-0.80521,0.66144,0.17372,-0.84397,0.66144,0.10701,-0.76640,0.66144,0.12330,-0.74487,0.66144
2025-12-24 14:56:47.224,0.24929,-0.60320,0.66144,0.30512,-0.64544,0.66144,0.20304,-0.80521,0.66144,0.17372,-0.84397,0.66144,0.10701,-0.76640,0.66144,0.12330,-0.74487,0.66144
2025-12-24 14:56:47.229,0.24929,-0.60320,0.66144,0.30512,-0.64544,0.66144,0.20304,-0.80521,0.66144,0.17372,-0.84397,0.66144,0.10701,-0.76640,0.66144,0.12330,-0.74487,0.66144
2025-12-24 14:56:47.245,0.24929,-0.60320,0.66144,0.30512,-0.64544,0.66144,0.20304,-0.80521,0.66144,0.17372,-0.84397,0.66144,0.10701,-0.76640,0.66144,0.12330,-0.74487,0.66144
2025-12-24 14:56:47.246,0.24929,-0.60320,0.66144,0.30512,-0.64544,0.66144,0.20304,-0.80521,0.66144,0.17372,-0.84397,0.66144,0.10701,-0.76640,0.66144,0.12330,-0.74487,0.66144
2025-12-24 14:56:47.252,0.24929,-0.60320,0.66144,0.30512,-0.64544,0.66144,0.20304,-0.80521,0.66144,0.17372,-0.84397,0.66144,0.10701,-0.76640,0.66144,0.12330,-0.74487,0.66144
2025-12-24 14:56:47.261,0.24929,-0.60320,0.66144,0.30512,-0.64544,0.66144,0.20304,-0.80521,0.66144,0.17372,-0.84397,0.66144,0.10701,-0.76640,0.66144,0.12330,-0.74487,0.66144
2025-12-24 14:56:47.261,0.24929,-0.60320,0.66144,0.30512,-0.64544,0.66144,0.20304,-0.80521,0.66144,0.17372,-0.84397,0.66144,0.10701,-0.76640,0.66144,0.12330,-0.74487,0.66144
2025-12-24 14:56:47.270,0.24929,-0.60320,0.66144,0.30512,-0.64544,0.66144,0.20304,-0.80521,0.66144,0.17372,-0.84397,0.66144,0.10701,-0.76640,0.66144,0.12330,-0.74487,0.66144
2025-12-24 14:56:47.271,0.24929,-0.60320,0.66144,0.30512,-0.64544,0.66144,0.20304,-0.80521,0.66144,0.17372,-0.84397,0.66144,0.10701,-0.76640,0.66144,0.12330,-0.74487,0.66144
2025-12-24 14:56:47.280,0.24929,-0.60320,0.66144,0.30512,-0.64544,0.66144,0.20304,-0.80521,0.66144,0.17372,-0.84397,0.66144,0.10701,-0.76640,0.66144,0.12330,-0.74487,0.66144
2025-12-24 14:56:47.283,0.24929,-0.60320,0.66144,0.30512,-0.64544,0.66144,0.20304,-0.80521,0.66144,0.17372,-0.84397,0.66144,0.10701,-0.76640,0.66144,0.12330,-0.74487,0.66144
2025-12-24 14:56:47.296,0.24929,-0.60320,0.66144,0.30512,-0.64544,0.66144,0.20304,-0.80521,0.66144,0.17372,-0.84397,0.66144,0.10701,-0.76640,0.66144,0.12330,-0.74487,0.66144
2025-12-24 14:56:47.299,0.24929,-0.60320,0.66144,0.30512,-0.64544,0.66144,0.20304,-0.80521,0.66144,0.17372,-0.84397,0.66144,0.10701,-0.76640,0.66144,0.12330,-0.74487,0.66144
2025-12-24 14:56:47.306,0.24929,-0.60320,0.66144,0.30512,-0.64544,0.66144,0.20304,-0.80521,0.66144,0.17372,-0.84397,0.66144,0.10701,-0.76640,0.66144,0.12330,-0.74487,0.66144
2025-12-24 14:56:47.306,0.24929,-0.60320,0.66144,0.30512,-0.64544,0.66144,0.20304,-0.80521,0.66144,0.17372,-0.84397,0.66144,0.10701,-0.76640,0.66144,0.12330,-0.74487,0.66144
2025-12-24 14:56:47.318,0.24929,-0.60320,0.66144,0.30512,-0.64544,0.66144,0.20304,-0.80521,0.66144,0.17372,-0.84397,0.66144,0.10701,-0.76640,0.66144,0.12330,-0.74487,0.66144
2025-12-24 14:56:47.321,0.24929,-0.60320,0.66144,0.30512,-0.64544,0.66144,0.20304,-0.80521,0.66144,0.17372,-0.84397,0.66144,0.10701,-0.76640,0.66144,0.12330,-0.74487,0.66144
2025-12-24 14:56:47.335,0.24929,-0.60320,0.66144,0.30512,-0.64544,0.66144,0.20304,-0.80521,0.66144,0.17372,-0.84397,0.66144,0.10701,-0.76640,0.66144,0.12330,-0.74487,0.66144
2025-12-24 14:56:47.336,0.24929,-0.60320,0.66144,0.30512,-0.64544,0.66144,0.20304,-0.80521,0.66144,0.17372,-0.84397,0.66144,0.10701,-0.76640,0.66144,0.12330,-0.74487,0.66144
2025-12-24 14:56:47.340,0.24929,-0.60320,0.66144,0.30512,-0.64544,0.66144,0.20304,-0.80521,0.66144,0.17372,-0.84397,0.66144,0.10701,-0.76640,0.66144,0.12330,-0.74487,0.66144
2025-12-24 14:56:47.342,0.24929,-0.60320,0.66144,0.30512,-0.64544,0.66144,0.20304,-0.80521,0.66144,0.17372,-0.84397,0.66144,0.10701,-0.76640,0.66144,0.12330,-0.74487,0.66144
2025-12-24 14:56:47.355,0.24929,-0.60320,0.66144,0.30512,-0.64544,0.66144,0.20304,-0.80521,0.66144,0.17372,-0.84397,0.66144,0.10701,-0.76640,0.66144,0.12330,-0.74487,0.66144
2025-12-24 14:56:47.355,0.24929,-0.60320,0.66144,0.30512,-0.64544,0.66144,0.20304,-0.80521,0.66144,0.17372,-0.84397,0.66144,0.10701,-0.76640,0.66144,0.12330,-0.74487,0.66144
2025-12-24 14:56:47.371,0.24929,-0.60320,0.66144,0.30512,-0.64544,0.66144,0.20304,-0.80521,0.66144,0.17372,-0.84397,0.66144,0.10701,-0.76640,0.66144,0.12330,-0.74487,0.66144
2025-12-24 14:56:47.372,0.24929,-0.60320,0.66144,0.30512,-0.64544,0.66144,0.20304,-0.80521,0.66144,0.17372,-0.84397,0.66144,0.10701,-0.76640,0.66144,0.12330,-0.74487,0.66144
2025-12-24 14:56:47.375,0.24929,-0.60320,0.66144,0.30512,-0.64544,0.66144,0.20304,-0.80521,0.66144,0.17372,-0.84397,0.66144,0.10701,-0.76640,0.66144,0.12330,-0.74487,0.66144
2025-12-24 14:56:47.379,0.24929,-0.60320,0.66144,0.30512,-0.64544,0.66144,0.20304,-0.80521,0.66144,0.17372,-0.84397,0.66144,0.10701,-0.76640,0.66144,0.12330,-0.74487,0.66144
2025-12-24 14:56:47.388,0.24929,-0.60320,0.66144,0.30512,-0.64544,0.66144,0.20304,-0.80521,0.66144,0.17372,-0.84397,0.66144,0.10701,-0.76640,0.66144,0.12330,-0.74487,0.66144
2025-12-24 14:56:47.390,0.24929,-0.60320,0.66144,0.30512,-0.64544,0.66144,0.20304,-0.80521,0.66144,0.17372,-0.84397,0.66144,0.10701,-0.76640,0.66144,0.12330,-0.74487,0.66144
2025-12-24 14:56:47.402,0.24929,-0.60320,0.66144,0.30512,-0.64544,0.66144,0.20304,-0.80521,0.66144,0.17372,-0.84397,0.66144,0.10701,-0.76640,0.66144,0.12330,-0.74487,0.66144
2025-12-24 14:56:47.407,0.24929,-0.60320,0.66144,0.30512,-0.64544,0.66144,0.20304,-0.80521,0.66144,0.17372,-0.84397,0.66144,0.10701,-0.76640,0.66144,0.12330,-0.74487,0.66144
2025-12-24 14:56:47.413,0.24929,-0.60320,0.66144,0.30512,-0.64544,0.66144,0.20304,-0.80521,0.66144,0.17372,-0.84397,0.66144,0.10701,-0.76640,0.66144,0.12330,-0.74487,0.66144
2025-12-24 14:56:47.416,0.24929,-0.60320,0.66144,0.30512,-0.64544,0.66144,0.20304,-0.80521,0.66144,0.17372,-0.84397,0.66144,0.10701,-0.76640,0.66144,0.12330,-0.74487,0.66144
2025-12-24 14:56:47.423,0.24929,-0.60320,0.66144,0.30512,-0.64544,0.66144,0.20304,-0.80521,0.66144,0.17372,-0.84397,0.66144,0.10701,-0.76640,0.66144,0.12330,-0.74487,0.66144
2025-12-24 14:56:47.437,0.24929,-0.60320,0.66144,0.30512,-0.64544,0.66144,0.20304,-0.80521,0.66144,0.17372,-0.84397,0.66144,0.10701,-0.76640,0.66144,0.12330,-0.74487,0.66144
2025-12-24 14:56:47.438,0.24929,-0.60320,0.66144,0.30512,-0.64544,0.66144,0.20304,-0.80521,0.66144,0.17372,-0.84397,0.66144,0.10701,-0.76640,0.66144,0.12330,-0.74487,0.66144
2025-12-24 14:56:47.439,0.24929,-0.60320,0.66144,0.30512,-0.64544,0.66144,0.20304,-0.80521,0.66144,0.17372,-0.84397,0.66144,0.10701,-0.76640,0.66144,0.12330,-0.74487,0.66144
2025-12-24 14:56:47.444,0.24929,-0.60320,0.66144,0.30512,-0.64544,0.66144,0.20304,-0.80521,0.66144,0.17372,-0.84397,0.66144,0.10701,-0.76640,0.66144,0.12330,-0.74487,0.66144
2025-12-24 14:56:47.456,0.24929,-0.60320,0.66144,0.30512,-0.64544,0.66144,0.20304,-0.80521,0.66144,0.17372,-0.84397,0.66144,0.10701,-0.76640,0.66144,0.12330,-0.74487,0.66144
2025-12-24 14:56:47.456,0.24929,-0.60320,0.66144,0.30512,-0.64544,0.66144,0.20304,-0.80521,0.66144,0.17372,-0.84397,0.66144,0.10701,-0.76640,0.66144,0.12330,-0.74487,0.66144
2025-12-24 14:56:47.474,0.24929,-0.60320,0.66144,0.30512,-0.64544,0.66144,0.20304,-0.80521,0.66144,0.17372,-0.84397,0.66144,0.10701,-0.76640,0.66144,0.12330,-0.74487,0.66144
2025-12-24 14:56:47.475,0.24929,-0.60320,0.66144,0.30512,-0.64544,0.66144,0.20304,-0.80521,0.66144,0.17372,-0.84397,0.66144,0.10701,-0.76640,0.66144,0.12330,-0.74487,0.66144
2025-12-24 14:56:47.483,0.24929,-0.60320,0.66144,0.30512,-0.64544,0.66144,0.20304,-0.80521,0.66144,0.17372,-0.84397,0.66144,0.10701,-0.76640,0.66144,0.12330,-0.74487,0.66144
2025-12-24 14:56:47.483,0.24929,-0.60320,0.66144,0.30512,-0.64544,0.66144,0.20304,-0.80521,0.66144,0.17372,-0.84397,0.66144,0.10701,-0.76640,0.66144,0.12330,-0.74487,0.66144
2025-12-24 14:56:47.494,0.24929,-0.60320,0.66144,0.30512,-0.64544,0.66144,0.20304,-0.80521,0.66144,0.17372,-0.84397,0.66144,0.10701,-0.76640,0.66144,0.12330,-0.74487,0.66144
2025-12-24 14:56:47.495,0.24929,-0.60320,0.66144,0.30512,-0.64544,0.66144,0.20304,-0.80521,0.66144,0.17372,-0.84397,0.66144,0.10701,-0.76640,0.66144,0.12330,-0.74487,0.66144
2025-12-24 14:56:47.499,0.24929,-0.60320,0.66144,0.30512,-0.64544,0.66144,0.20304,-0.80521,0.66144,0.17372,-0.84397,0.66144,0.10701,-0.76640,0.66144,0.12330,-0.74487,0.66144
2025-12-24 14:56:47.504,0.24929,-0.60320,0.66144,0.30512,-0.64544,0.66144,0.20304,-0.80521,0.66144,0.17372,-0.84397,0.66144,0.10701,-0.76640,0.66144,0.12330,-0.74487,0.66144
2025-12-24 14:56:47.524,0.24929,-0.60320,0.66144,0.30512,-0.64544,0.66144,0.20304,-0.80521,0.66144,0.17372,-0.84397,0.66144,0.10701,-0.76640,0.66144,0.12330,-0.74487,0.66144
2025-12-24 14:56:47.524,0.24929,-0.60320,0.66144,0.30512,-0.64544,0.66144,0.20304,-0.80521,0.66144,0.17372,-0.84397,0.66144,0.10701,-0.76640,0.66144,0.12330,-0.74487,0.66144
2025-12-24 14:56:47.525,0.24929,-0.60320,0.66144,0.30512,-0.64544,0.66144,0.20304,-0.80521,0.66144,0.17372,-0.84397,0.66144,0.10701,-0.76640,0.66144,0.12330,-0.74487,0.66144
2025-12-24 14:56:47.527,0.24929,-0.60320,0.66144,0.30512,-0.64544,0.66144,0.20304,-0.80521,0.66144,0.17372,-0.84397,0.66144,0.10701,-0.76640,0.66144,0.12330,-0.74487,0.66144
2025-12-24 14:56:47.538,0.24929,-0.60320,0.66144,0.30512,-0.64544,0.66144,0.20304,-0.80521,0.66144,0.17372,-0.84397,0.66144,0.10701,-0.76640,0.66144,0.12330,-0.74487,0.66144
2025-12-24 14:56:47.538,0.24929,-0.60320,0.66144,0.30512,-0.64544,0.66144,0.20304,-0.80521,0.66144,0.17372,-0.84397,0.66144,0.10701,-0.76640,0.66144,0.12330,-0.74487,0.66144
2025-12-24 14:56:47.550,0.24929,-0.60320,0.66144,0.30512,-0.64544,0.66144,0.20304,-0.80521,0.66144,0.17372,-0.84397,0.66144,0.10701,-0.76640,0.66144,0.12330,-0.74487,0.66144
2025-12-24 14:56:47.550,0.24929,-0.60320,0.66144,0.30512,-0.64544,0.66144,0.20304,-0.80521,0.66144,0.17372,-0.84397,0.66144,0.10701,-0.76640,0.66144,0.12330,-0.74487,0.66144
2025-12-24 14:56:47.562,0.24929,-0.60320,0.66144,0.30512,-0.64544,0.66144,0.20304,-0.80521,0.66144,0.17372,-0.84397,0.66144,0.10701,-0.76640,0.66144,0.12330,-0.74487,0.66144
2025-12-24 14:56:47.573,0.24929,-0.60320,0.66144,0.30512,-0.64544,0.66144,0.20304,-0.80521,0.66144,0.17372,-0.84397,0.66144,0.10701,-0.76640,0.66144,0.12330,-0.74487,0.66144
2025-12-24 14:56:47.576,0.24929,-0.60320,0.66144,0.30512,-0.64544,0.66144,0.20304,-0.80521,0.66144,0.17372,-0.84397,0.66144,0.10701,-0.76640,0.66144,0.12330,-0.74487,0.66144
2025-12-24 14:56:47.576,0.24929,-0.60320,0.66144,0.30512,-0.64544,0.66144,0.20304,-0.80521,0.66144,0.17372,-0.84397,0.66144,0.10701,-0.76640,0.66144,0.12330,-0.74487,0.66144
2025-12-24 14:56:47.595,0.24929,-0.60320,0.66144,0.30512,-0.64544,0.66144,0.20304,-0.80521,0.66144,0.17372,-0.84397,0.66144,0.10701,-0.76640,0.66144,0.12330,-0.74487,0.66144
2025-12-24 14:56:47.595,0.24929,-0.60320,0.66144,0.30512,-0.64544,0.66144,0.20304,-0.80521,0.66144,0.17372,-0.84397,0.66144,0.10701,-0.76640,0.66144,0.12330,-0.74487,0.66144
2025-12-24 14:56:47.604,0.24929,-0.60320,0.66144,0.30512,-0.64544,0.66144,0.20304,-0.80521,0.66144,0.17372,-0.84397,0.66144,0.10701,-0.76640,0.66144,0.12330,-0.74487,0.66144
2025-12-24 14:56:47.604,0.24929,-0.60320,0.66144,0.30512,-0.64544,0.66144,0.20304,-0.80521,0.66144,0.17372,-0.84397,0.66144,0.10701,-0.76640,0.66144,0.12330,-0.74487,0.66144
2025-12-24 14:56:47.608,0.24929,-0.60320,0.66144,0.30512,-0.64544,0.66144,0.20304,-0.80521,0.66144,0.17372,-0.84397,0.66144,0.10701,-0.76640,0.66144,0.12330,-0.74487,0.66144
2025-12-24 14:56:47.611,0.24929,-0.60320,0.66144,0.30512,-0.64544,0.66144,0.20304,-0.80521,0.66144,0.17372,-0.84397,0.66144,0.10701,-0.76640,0.66144,0.12330,-0.74487,0.66144
2025-12-24 14:56:47.618,0.24929,-0.60320,0.66144,0.30512,-0.64544,0.66144,0.20304,-0.80521,0.66144,0.17372,-0.84397,0.66144,0.10701,-0.76640,0.66144,0.12330,-0.74487,0.66144
2025-12-24 14:56:47.627,0.24929,-0.60320,0.66144,0.30512,-0.64544,0.66144,0.20304,-0.80521,0.66144,0.17372,-0.84397,0.66144,0.10701,-0.76640,0.66144,0.12330,-0.74487,0.66144
2025-12-24 14:56:47.632,0.24929,-0.60320,0.66144,0.30512,-0.64544,0.66144,0.20304,-0.80521,0.66144,0.17372,-0.84397,0.66144,0.10701,-0.76640,0.66144,0.12330,-0.74487,0.66144
2025-12-24 14:56:47.637,0.24929,-0.60320,0.66144,0.30512,-0.64544,0.66144,0.20304,-0.80521,0.66144,0.17372,-0.84397,0.66144,0.10701,-0.76640,0.66144,0.12330,-0.74487,0.66144
2025-12-24 14:56:47.646,0.24929,-0.60320,0.66144,0.30512,-0.64544,0.66144,0.20304,-0.80521,0.66144,0.17372,-0.84397,0.66144,0.10701,-0.76640,0.66144,0.12330,-0.74487,0.66144
2025-12-24 14:56:47.649,0.24929,-0.60320,0.66144,0.30512,-0.64544,0.66144,0.20304,-0.80521,0.66144,0.17372,-0.84397,0.66144,0.10701,-0.76640,0.66144,0.12330,-0.74487,0.66144
2025-12-24 14:56:47.655,0.24929,-0.60320,0.66144,0.30512,-0.64544,0.66144,0.20304,-0.80521,0.66144,0.17372,-0.84397,0.66144,0.10701,-0.76640,0.66144,0.12330,-0.74487,0.66144
2025-12-24 14:56:47.668,0.24929,-0.60320,0.66144,0.30512,-0.64544,0.66144,0.20304,-0.80521,0.66144,0.17372,-0.84397,0.66144,0.10701,-0.76640,0.66144,0.12330,-0.74487,0.66144
2025-12-24 14:56:47.673,0.24929,-0.60320,0.66144,0.30512,-0.64544,0.66144,0.20304,-0.80521,0.66144,0.17372,-0.84397,0.66144,0.10701,-0.76640,0.66144,0.12330,-0.74487,0.66144
2025-12-24 14:56:47.682,0.24929,-0.60320,0.66144,0.30512,-0.64544,0.66144,0.20304,-0.80521,0.66144,0.17372,-0.84397,0.66144,0.10701,-0.76640,0.66144,0.12330,-0.74487,0.66144
2025-12-24 14:56:47.682,0.24929,-0.60320,0.66144,0.30512,-0.64544,0.66144,0.20304,-0.80521,0.66144,0.17372,-0.84397,0.66144,0.10701,-0.76640,0.66144,0.12330,-0.74487,0.66144
2025-12-24 14:56:47.688,0.24929,-0.60320,0.66144,0.30512,-0.64544,0.66144,0.20304,-0.80521,0.66144,0.17372,-0.84397,0.66144,0.10701,-0.76640,0.66144,0.12330,-0.74487,0.66144
2025-12-24 14:56:47.691,0.24929,-0.60320,0.66144,0.30512,-0.64544,0.66144,0.20304,-0.80521,0.66144,0.17372,-0.84397,0.66144,0.10701,-0.76640,0.66144,0.12330,-0.74487,0.66144
2025-12-24 14:56:47.700,0.24929,-0.60320,0.66144,0.30512,-0.64544,0.66144,0.20304,-0.80521,0.66144,0.17372,-0.84397,0.66144,0.10701,-0.76640,0.66144,0.12330,-0.74487,0.66144
2025-12-24 14:56:47.712,0.24929,-0.60320,0.66144,0.30512,-0.64544,0.66144,0.20304,-0.80521,0.66144,0.17372,-0.84397,0.66144,0.10701,-0.76640,0.66144,0.12330,-0.74487,0.66144
2025-12-24 14:56:47.716,0.24929,-0.60320,0.66144,0.30512,-0.64544,0.66144,0.20304,-0.80521,0.66144,0.17372,-0.84397,0.66144,0.10701,-0.76640,0.66144,0.12330,-0.74487,0.66144
2025-12-24 14:56:47.716,0.24929,-0.60320,0.66144,0.30512,-0.64544,0.66144,0.20304,-0.80521,0.66144,0.17372,-0.84397,0.66144,0.10701,-0.76640,0.66144,0.12330,-0.74487,0.66144
2025-12-24 14:56:47.721,0.24929,-0.60320,0.66144,0.30512,-0.64544,0.66144,0.20304,-0.80521,0.66144,0.17372,-0.84397,0.66144,0.10701,-0.76640,0.66144,0.12330,-0.74487,0.66144
2025-12-24 14:56:47.731,0.24929,-0.60320,0.66144,0.30512,-0.64544,0.66144,0.20304,-0.80521,0.66144,0.17372,-0.84397,0.66144,0.10701,-0.76640,0.66144,0.12330,-0.74487,0.66144
2025-12-24 14:56:47.738,0.24929,-0.60320,0.66144,0.30512,-0.64544,0.66144,0.20304,-0.80521,0.66144,0.17372,-0.84397,0.66144,0.10701,-0.76640,0.66144,0.12330,-0.74487,0.66144
2025-12-24 14:56:47.738,0.24929,-0.60320,0.66144,0.30512,-0.64544,0.66144,0.20304,-0.80521,0.66144,0.17372,-0.84397,0.66144,0.10701,-0.76640,0.66144,0.12330,-0.74487,0.66144
2025-12-24 14:56:47.751,0.24929,-0.60320,0.66144,0.30512,-0.64544,0.66144,0.20304,-0.80521,0.66144,0.17372,-0.84397,0.66144,0.10701,-0.76640,0.66144,0.12330,-0.74487,0.66144
2025-12-24 14:56:47.757,0.24929,-0.60320,0.66144,0.30512,-0.64544,0.66144,0.20304,-0.80521,0.66144,0.17372,-0.84397,0.66144,0.10701,-0.76640,0.66144,0.12330,-0.74487,0.66144
2025-12-24 14:56:47.760,0.24929,-0.60320,0.66144,0.30512,-0.64544,0.66144,0.20304,-0.80521,0.66144,0.17372,-0.84397,0.66144,0.10701,-0.76640,0.66144,0.12330,-0.74487,0.66144
2025-12-24 14:56:47.761,0.24929,-0.60320,0.66144,0.30512,-0.64544,0.66144,0.20304,-0.80521,0.66144,0.17372,-0.84397,0.66144,0.10701,-0.76640,0.66144,0.12330,-0.74487,0.66144
2025-12-24 14:56:47.775,0.24929,-0.60320,0.66144,0.30512,-0.64544,0.66144,0.20304,-0.80521,0.66144,0.17372,-0.84397,0.66144,0.10701,-0.76640,0.66144,0.12330,-0.74487,0.66144
2025-12-24 14:56:47.778,0.24929,-0.60320,0.66144,0.30512,-0.64544,0.66144,0.20304,-0.80521,0.66144,0.17372,-0.84397,0.66144,0.10701,-0.76640,0.66144,0.12330,-0.74487,0.66144
2025-12-24 14:56:47.783,0.24929,-0.60320,0.66144,0.30512,-0.64544,0.66144,0.20304,-0.80521,0.66144,0.17372,-0.84397,0.66144,0.10701,-0.76640,0.66144,0.12330,-0.74487,0.66144
2025-12-24 14:56:47.785,0.24929,-0.60320,0.66144,0.30512,-0.64544,0.66144,0.20304,-0.80521,0.66144,0.17372,-0.84397,0.66144,0.10701,-0.76640,0.66144,0.12330,-0.74487,0.66144
2025-12-24 14:56:47.804,0.24929,-0.60320,0.66144,0.30512,-0.64544,0.66144,0.20304,-0.80521,0.66144,0.17372,-0.84397,0.66144,0.10701,-0.76640,0.66144,0.12330,-0.74487,0.66144
2025-12-24 14:56:47.804,0.24929,-0.60320,0.66144,0.30512,-0.64544,0.66144,0.20304,-0.80521,0.66144,0.17372,-0.84397,0.66144,0.10701,-0.76640,0.66144,0.12330,-0.74487,0.66144
2025-12-24 14:56:47.808,0.24929,-0.60320,0.66144,0.30512,-0.64544,0.66144,0.20304,-0.80521,0.66144,0.17372,-0.84397,0.66144,0.10701,-0.76640,0.66144,0.12330,-0.74487,0.66144
2025-12-24 14:56:47.812,0.24929,-0.60320,0.66144,0.30512,-0.64544,0.66144,0.20304,-0.80521,0.66144,0.17372,-0.84397,0.66144,0.10701,-0.76640,0.66144,0.12330,-0.74487,0.66144
2025-12-24 14:56:47.819,0.24929,-0.60320,0.66144,0.30512,-0.64544,0.66144,0.20304,-0.80521,0.66144,0.17372,-0.84397,0.66144,0.10701,-0.76640,0.66144,0.12330,-0.74487,0.66144
2025-12-24 14:56:47.826,0.24929,-0.60320,0.66144,0.30512,-0.64544,0.66144,0.20304,-0.80521,0.66144,0.17372,-0.84397,0.66144,0.10701,-0.76640,0.66144,0.12330,-0.74487,0.66144
2025-12-24 14:56:47.840,0.24929,-0.60320,0.66144,0.30512,-0.64544,0.66144,0.20304,-0.80521,0.66144,0.17372,-0.84397,0.66144,0.10701,-0.76640,0.66144,0.12330,-0.74487,0.66144
2025-12-24 14:56:47.841,0.24929,-0.60320,0.66144,0.30512,-0.64544,0.66144,0.20304,-0.80521,0.66144,0.17372,-0.84397,0.66144,0.10701,-0.76640,0.66144,0.12330,-0.74487,0.66144
2025-12-24 14:56:47.849,0.24929,-0.60320,0.66144,0.30512,-0.64544,0.66144,0.20304,-0.80521,0.66144,0.17372,-0.84397,0.66144,0.10701,-0.76640,0.66144,0.12330,-0.74487,0.66144
2025-12-24 14:56:47.859,0.24929,-0.60320,0.66144,0.30512,-0.64544,0.66144,0.20304,-0.80521,0.66144,0.17372,-0.84397,0.66144,0.10701,-0.76640,0.66144,0.12330,-0.74487,0.66144
2025-12-24 14:56:47.859,0.24929,-0.60320,0.66144,0.30512,-0.64544,0.66144,0.20304,-0.80521,0.66144,0.17372,-0.84397,0.66144,0.10701,-0.76640,0.66144,0.12330,-0.74487,0.66144
2025-12-24 14:56:47.869,0.24929,-0.60320,0.66144,0.30512,-0.64544,0.66144,0.20304,-0.80521,0.66144,0.17372,-0.84397,0.66144,0.10701,-0.76640,0.66144,0.12330,-0.74487,0.66144
2025-12-24 14:56:47.869,0.24929,-0.60320,0.66144,0.30512,-0.64544,0.66144,0.20304,-0.80521,0.66144,0.17372,-0.84397,0.66144,0.10701,-0.76640,0.66144,0.12330,-0.74487,0.66144
2025-12-24 14:56:47.888,0.24929,-0.60320,0.66144,0.30512,-0.64544,0.66144,0.20304,-0.80521,0.66144,0.17372,-0.84397,0.66144,0.10701,-0.76640,0.66144,0.12330,-0.74487,0.66144
2025-12-24 14:56:47.888,0.24929,-0.60320,0.66144,0.30512,-0.64544,0.66144,0.20304,-0.80521,0.66144,0.17372,-0.84397,0.66144,0.10701,-0.76640,0.66144,0.12330,-0.74487,0.66144
2025-12-24 14:56:47.888,0.24929,-0.60320,0.66144,0.30512,-0.64544,0.66144,0.20304,-0.80521,0.66144,0.17372,-0.84397,0.66144,0.10701,-0.76640,0.66144,0.12330,-0.74487,0.66144
2025-12-24 14:56:47.888,0.24929,-0.60320,0.66144,0.30512,-0.64544,0.66144,0.20304,-0.80521,0.66144,0.17372,-0.84397,0.66144,0.10701,-0.76640,0.66144,0.12330,-0.74487,0.66144
2025-12-24 14:56:47.904,0.24929,-0.60320,0.66144,0.30512,-0.64544,0.66144,0.20304,-0.80521,0.66144,0.17372,-0.84397,0.66144,0.10701,-0.76640,0.66144,0.12330,-0.74487,0.66144
2025-12-24 14:56:47.904,0.24929,-0.60320,0.66144,0.30512,-0.64544,0.66144,0.20304,-0.80521,0.66144,0.17372,-0.84397,0.66144,0.10701,-0.76640,0.66144,0.12330,-0.74487,0.66144
2025-12-24 14:56:47.919,0.24929,-0.60320,0.66144,0.30512,-0.64544,0.66144,0.20304,-0.80521,0.66144,0.17372,-0.84397,0.66144,0.10701,-0.76640,0.66144,0.12330,-0.74487,0.66144
2025-12-24 14:56:47.920,0.24929,-0.60320,0.66144,0.30512,-0.64544,0.66144,0.20304,-0.80521,0.66144,0.17372,-0.84397,0.66144,0.10701,-0.76640,0.66144,0.12330,-0.74487,0.66144
2025-12-24 14:56:47.923,0.24929,-0.60320,0.66144,0.30512,-0.64544,0.66144,0.20304,-0.80521,0.66144,0.17372,-0.84397,0.66144,0.10701,-0.76640,0.66144,0.12330,-0.74487,0.66144
2025-12-24 14:56:47.927,0.24929,-0.60320,0.66144,0.30512,-0.64544,0.66144,0.20304,-0.80521,0.66144,0.17372,-0.84397,0.66144,0.10701,-0.76640,0.66144,0.12330,-0.74487,0.66144
2025-12-24 14:56:47.937,0.24929,-0.60320,0.66144,0.30512,-0.64544,0.66144,0.20304,-0.80521,0.66144,0.17372,-0.84397,0.66144,0.10701,-0.76640,0.66144,0.12330,-0.74487,0.66144
2025-12-24 14:56:47.937,0.24929,-0.60320,0.66144,0.30512,-0.64544,0.66144,0.20304,-0.80521,0.66144,0.17372,-0.84397,0.66144,0.10701,-0.76640,0.66144,0.12330,-0.74487,0.66144
2025-12-24 14:56:47.946,0.24929,-0.60320,0.66144,0.30512,-0.64544,0.66144,0.20304,-0.80521,0.66144,0.17372,-0.84397,0.66144,0.10701,-0.76640,0.66144,0.12330,-0.74487,0.66144
2025-12-24 14:56:47.946,0.24929,-0.60320,0.66144,0.30512,-0.64544,0.66144,0.20304,-0.80521,0.66144,0.17372,-0.84397,0.66144,0.10701,-0.76640,0.66144,0.12330,-0.74487,0.66144
2025-12-24 14:56:47.954,0.24929,-0.60320,0.66144,0.30512,-0.64544,0.66144,0.20304,-0.80521,0.66144,0.17372,-0.84397,0.66144,0.10701,-0.76640,0.66144,0.12330,-0.74487,0.66144
2025-12-24 14:56:47.960,0.24929,-0.60320,0.66144,0.30512,-0.64544,0.66144,0.20304,-0.80521,0.66144,0.17372,-0.84397,0.66144,0.10701,-0.76640,0.66144,0.12330,-0.74487,0.66144
2025-12-24 14:56:47.973,0.24929,-0.60320,0.66144,0.30512,-0.64544,0.66144,0.20304,-0.80521,0.66144,0.17372,-0.84397,0.66144,0.10701,-0.76640,0.66144,0.12330,-0.74487,0.66144
2025-12-24 14:56:47.973,0.24929,-0.60320,0.66144,0.30512,-0.64544,0.66144,0.20304,-0.80521,0.66144,0.17372,-0.84397,0.66144,0.10701,-0.76640,0.66144,0.12330,-0.74487,0.66144
2025-12-24 14:56:47.984,0.24929,-0.60320,0.66144,0.30512,-0.64544,0.66144,0.20304,-0.80521,0.66144,0.17372,-0.84397,0.66144,0.10701,-0.76640,0.66144,0.12330,-0.74487,0.66144
2025-12-24 14:56:47.996,0.24929,-0.60320,0.66144,0.30512,-0.64544,0.66144,0.20304,-0.80521,0.66144,0.17372,-0.84397,0.66144,0.10701,-0.76640,0.66144,0.12330,-0.74487,0.66144
2025-12-24 14:56:48.003,0.24929,-0.60320,0.66144,0.30512,-0.64544,0.66144,0.20304,-0.80521,0.66144,0.17372,-0.84397,0.66144,0.10701,-0.76640,0.66144,0.12330,-0.74487,0.66144
2025-12-24 14:56:48.003,0.24929,-0.60320,0.66144,0.30512,-0.64544,0.66144,0.20304,-0.80521,0.66144,0.17372,-0.84397,0.66144,0.10701,-0.76640,0.66144,0.12330,-0.74487,0.66144
2025-12-24 14:56:48.007,0.24929,-0.60320,0.66144,0.30512,-0.64544,0.66144,0.20304,-0.80521,0.66144,0.17372,-0.84397,0.66144,0.10701,-0.76640,0.66144,0.12330,-0.74487,0.66144
2025-12-24 14:56:48.013,0.24929,-0.60320,0.66144,0.30512,-0.64544,0.66144,0.20304,-0.80521,0.66144,0.17372,-0.84397,0.66144,0.10701,-0.76640,0.66144,0.12330,-0.74487,0.66144
2025-12-24 14:56:48.016,0.24929,-0.60320,0.66144,0.30512,-0.64544,0.66144,0.20304,-0.80521,0.66144,0.17372,-0.84397,0.66144,0.10701,-0.76640,0.66144,0.12330,-0.74487,0.66144
2025-12-24 14:56:48.021,0.24929,-0.60320,0.66144,0.30512,-0.64544,0.66144,0.20304,-0.80521,0.66144,0.17372,-0.84397,0.66144,0.10701,-0.76640,0.66144,0.12330,-0.74487,0.66144
2025-12-24 14:56:48.027,0.24929,-0.60320,0.66144,0.30512,-0.64544,0.66144,0.20304,-0.80521,0.66144,0.17372,-0.84397,0.66144,0.10701,-0.76640,0.66144,0.12330,-0.74487,0.66144
2025-12-24 14:56:48.032,0.24929,-0.60320,0.66144,0.30512,-0.64544,0.66144,0.20304,-0.80521,0.66144,0.17372,-0.84397,0.66144,0.10701,-0.76640,0.66144,0.12330,-0.74487,0.66144
2025-12-24 14:56:48.045,0.24929,-0.60320,0.66144,0.30512,-0.64544,0.66144,0.20304,-0.80521,0.66144,0.17372,-0.84397,0.66144,0.10701,-0.76640,0.66144,0.12330,-0.74487,0.66144
2025-12-24 14:56:48.055,0.24929,-0.60320,0.66144,0.30512,-0.64544,0.66144,0.20304,-0.80521,0.66144,0.17372,-0.84397,0.66144,0.10701,-0.76640,0.66144,0.12330,-0.74487,0.66144
2025-12-24 14:56:48.055,0.24929,-0.60320,0.66144,0.30512,-0.64544,0.66144,0.20304,-0.80521,0.66144,0.17372,-0.84397,0.66144,0.10701,-0.76640,0.66144,0.12330,-0.74487,0.66144
2025-12-24 14:56:48.055,0.24929,-0.60320,0.66144,0.30512,-0.64544,0.66144,0.20304,-0.80521,0.66144,0.17372,-0.84397,0.66144,0.10701,-0.76640,0.66144,0.12330,-0.74487,0.66144
2025-12-24 14:56:48.062,0.24929,-0.60320,0.66144,0.30512,-0.64544,0.66144,0.20304,-0.80521,0.66144,0.17372,-0.84397,0.66144,0.10701,-0.76640,0.66144,0.12330,-0.74487,0.66144
2025-12-24 14:56:48.071,0.24929,-0.60320,0.66144,0.30512,-0.64544,0.66144,0.20304,-0.80521,0.66144,0.17372,-0.84397,0.66144,0.10701,-0.76640,0.66144,0.12330,-0.74487,0.66144
2025-12-24 14:56:48.075,0.24929,-0.60320,0.66144,0.30512,-0.64544,0.66144,0.20304,-0.80521,0.66144,0.17372,-0.84397,0.66144,0.10701,-0.76640,0.66144,0.12330,-0.74487,0.66144
2025-12-24 14:56:48.104,0.24929,-0.60320,0.66144,0.30512,-0.64544,0.66144,0.20304,-0.80521,0.66144,0.17372,-0.84397,0.66144,0.10701,-0.76640,0.66144,0.12330,-0.74487,0.66144
2025-12-24 14:56:48.128,0.24929,-0.60320,0.66144,0.30512,-0.64544,0.66144,0.20304,-0.80521,0.66144,0.17372,-0.84397,0.66144,0.10701,-0.76640,0.66144,0.12330,-0.74487,0.66144
2025-12-24 14:56:48.128,0.24929,-0.60320,0.66144,0.30512,-0.64544,0.66144,0.20304,-0.80521,0.66144,0.17372,-0.84397,0.66144,0.10701,-0.76640,0.66144,0.12330,-0.74487,0.66144
2025-12-24 14:56:48.128,0.24929,-0.60320,0.66144,0.30512,-0.64544,0.66144,0.20304,-0.80521,0.66144,0.17372,-0.84397,0.66144,0.10701,-0.76640,0.66144,0.12330,-0.74487,0.66144
2025-12-24 14:56:48.135,0.24929,-0.60320,0.66144,0.30512,-0.64544,0.66144,0.20304,-0.80521,0.66144,0.17372,-0.84397,0.66144,0.10701,-0.76640,0.66144,0.12330,-0.74487,0.66144
2025-12-24 14:56:48.136,0.24929,-0.60320,0.66144,0.30512,-0.64544,0.66144,0.20304,-0.80521,0.66144,0.17372,-0.84397,0.66144,0.10701,-0.76640,0.66144,0.12330,-0.74487,0.66144
2025-12-24 14:56:48.136,0.24929,-0.60320,0.66144,0.30512,-0.64544,0.66144,0.20304,-0.80521,0.66144,0.17372,-0.84397,0.66144,0.10701,-0.76640,0.66144,0.12330,-0.74487,0.66144
2025-12-24 14:56:48.136,0.24929,-0.60320,0.66144,0.30512,-0.64544,0.66144,0.20304,-0.80521,0.66144,0.17372,-0.84397,0.66144,0.10701,-0.76640,0.66144,0.12330,-0.74487,0.66144
2025-12-24 14:56:48.136,0.24929,-0.60320,0.66144,0.30512,-0.64544,0.66144,0.20304,-0.80521,0.66144,0.17372,-0.84397,0.66144,0.10701,-0.76640,0.66144,0.12330,-0.74487,0.66144
2025-12-24 14:56:48.136,0.24929,-0.60320,0.66144,0.30512,-0.64544,0.66144,0.20304,-0.80521,0.66144,0.17372,-0.84397,0.66144,0.10701,-0.76640,0.66144,0.12330,-0.74487,0.66144
2025-12-24 14:56:48.147,0.24929,-0.60320,0.66144,0.30512,-0.64544,0.66144,0.20304,-0.80521,0.66144,0.17372,-0.84397,0.66144,0.10701,-0.76640,0.66144,0.12330,-0.74487,0.66144
2025-12-24 14:56:48.147,0.24929,-0.60320,0.66144,0.30512,-0.64544,0.66144,0.20304,-0.80521,0.66144,0.17372,-0.84397,0.66144,0.10701,-0.76640,0.66144,0.12330,-0.74487,0.66144
2025-12-24 14:56:48.156,0.24929,-0.60320,0.66144,0.30512,-0.64544,0.66144,0.20304,-0.80521,0.66144,0.17372,-0.84397,0.66144,0.10701,-0.76640,0.66144,0.12330,-0.74487,0.66144
2025-12-24 14:56:48.156,0.24929,-0.60320,0.66144,0.30512,-0.64544,0.66144,0.20304,-0.80521,0.66144,0.17372,-0.84397,0.66144,0.10701,-0.76640,0.66144,0.12330,-0.74487,0.66144
2025-12-24 14:56:48.173,0.24929,-0.60320,0.66144,0.30512,-0.64544,0.66144,0.20304,-0.80521,0.66144,0.17372,-0.84397,0.66144,0.10701,-0.76640,0.66144,0.12330,-0.74487,0.66144
2025-12-24 14:56:48.173,0.24929,-0.60320,0.66144,0.30512,-0.64544,0.66144,0.20304,-0.80521,0.66144,0.17372,-0.84397,0.66144,0.10701,-0.76640,0.66144,0.12330,-0.74487,0.66144
2025-12-24 14:56:48.178,0.24929,-0.60320,0.66144,0.30512,-0.64544,0.66144,0.20304,-0.80521,0.66144,0.17372,-0.84397,0.66144,0.10701,-0.76640,0.66144,0.12330,-0.74487,0.66144
2025-12-24 14:56:48.182,0.24929,-0.60320,0.66144,0.30512,-0.64544,0.66144,0.20304,-0.80521,0.66144,0.17372,-0.84397,0.66144,0.10701,-0.76640,0.66144,0.12330,-0.74487,0.66144
2025-12-24 14:56:48.191,0.24929,-0.60320,0.66144,0.30512,-0.64544,0.66144,0.20304,-0.80521,0.66144,0.17372,-0.84397,0.66144,0.10701,-0.76640,0.66144,0.12330,-0.74487,0.66144
2025-12-24 14:56:48.195,0.24929,-0.60320,0.66144,0.30512,-0.64544,0.66144,0.20304,-0.80521,0.66144,0.17372,-0.84397,0.66144,0.10701,-0.76640,0.66144,0.12330,-0.74487,0.66144
2025-12-24 14:56:48.202,0.24929,-0.60320,0.66144,0.30512,-0.64544,0.66144,0.20304,-0.80521,0.66144,0.17372,-0.84397,0.66144,0.10701,-0.76640,0.66144,0.12330,-0.74487,0.66144
2025-12-24 14:56:48.206,0.24929,-0.60320,0.66144,0.30512,-0.64544,0.66144,0.20304,-0.80521,0.66144,0.17372,-0.84397,0.66144,0.10701,-0.76640,0.66144,0.12330,-0.74487,0.66144
2025-12-24 14:56:48.218,0.24929,-0.60320,0.66144,0.30512,-0.64544,0.66144,0.20304,-0.80521,0.66144,0.17372,-0.84397,0.66144,0.10701,-0.76640,0.66144,0.12330,-0.74487,0.66144
2025-12-24 14:56:48.220,0.24929,-0.60320,0.66144,0.30512,-0.64544,0.66144,0.20304,-0.80521,0.66144,0.17372,-0.84397,0.66144,0.10701,-0.76640,0.66144,0.12330,-0.74487,0.66144
2025-12-24 14:56:48.225,0.24929,-0.60320,0.66144,0.30512,-0.64544,0.66144,0.20304,-0.80521,0.66144,0.17372,-0.84397,0.66144,0.10701,-0.76640,0.66144,0.12330,-0.74487,0.66144
2025-12-24 14:56:48.236,0.24929,-0.60320,0.66144,0.30512,-0.64544,0.66144,0.20304,-0.80521,0.66144,0.17372,-0.84397,0.66144,0.10701,-0.76640,0.66144,0.12330,-0.74487,0.66144
2025-12-24 14:56:48.239,0.24929,-0.60320,0.66144,0.30512,-0.64544,0.66144,0.20304,-0.80521,0.66144,0.17372,-0.84397,0.66144,0.10701,-0.76640,0.66144,0.12330,-0.74487,0.66144
2025-12-24 14:56:48.242,0.24929,-0.60320,0.66144,0.30512,-0.64544,0.66144,0.20304,-0.80521,0.66144,0.17372,-0.84397,0.66144,0.10701,-0.76640,0.66144,0.12330,-0.74487,0.66144
2025-12-24 14:56:48.250,0.24929,-0.60320,0.66144,0.30512,-0.64544,0.66144,0.20304,-0.80521,0.66144,0.17372,-0.84397,0.66144,0.10701,-0.76640,0.66144,0.12330,-0.74487,0.66144
2025-12-24 14:56:48.258,0.24929,-0.60320,0.66144,0.30512,-0.64544,0.66144,0.20304,-0.80521,0.66144,0.17372,-0.84397,0.66144,0.10701,-0.76640,0.66144,0.12330,-0.74487,0.66144
2025-12-24 14:56:48.260,0.24929,-0.60320,0.66144,0.30512,-0.64544,0.66144,0.20304,-0.80521,0.66144,0.17372,-0.84397,0.66144,0.10701,-0.76640,0.66144,0.12330,-0.74487,0.66144
2025-12-24 14:56:48.270,0.24929,-0.60320,0.66144,0.30512,-0.64544,0.66144,0.20304,-0.80521,0.66144,0.17372,-0.84397,0.66144,0.10701,-0.76640,0.66144,0.12330,-0.74487,0.66144
2025-12-24 14:56:48.271,0.24929,-0.60320,0.66144,0.30512,-0.64544,0.66144,0.20304,-0.80521,0.66144,0.17372,-0.84397,0.66144,0.10701,-0.76640,0.66144,0.12330,-0.74487,0.66144
2025-12-24 14:56:48.281,0.24929,-0.60320,0.66144,0.30512,-0.64544,0.66144,0.20304,-0.80521,0.66144,0.17372,-0.84397,0.66144,0.10701,-0.76640,0.66144,0.12330,-0.74487,0.66144
2025-12-24 14:56:48.283,0.24929,-0.60320,0.66144,0.30512,-0.64544,0.66144,0.20304,-0.80521,0.66144,0.17372,-0.84397,0.66144,0.10701,-0.76640,0.66144,0.12330,-0.74487,0.66144
2025-12-24 14:56:48.311,0.24929,-0.60320,0.66144,0.30512,-0.64544,0.66144,0.20304,-0.80521,0.66144,0.17372,-0.84397,0.66144,0.10701,-0.76640,0.66144,0.12330,-0.74487,0.66144
2025-12-24 14:56:48.311,0.24929,-0.60320,0.66144,0.30512,-0.64544,0.66144,0.20304,-0.80521,0.66144,0.17372,-0.84397,0.66144,0.10701,-0.76640,0.66144,0.12330,-0.74487,0.66144
2025-12-24 14:56:48.312,0.24929,-0.60320,0.66144,0.30512,-0.64544,0.66144,0.20304,-0.80521,0.66144,0.17372,-0.84397,0.66144,0.10701,-0.76640,0.66144,0.12330,-0.74487,0.66144
2025-12-24 14:56:48.317,0.24929,-0.60320,0.66144,0.30512,-0.64544,0.66144,0.20304,-0.80521,0.66144,0.17372,-0.84397,0.66144,0.10701,-0.76640,0.66144,0.12330,-0.74487,0.66144
2025-12-24 14:56:48.318,0.24929,-0.60320,0.66144,0.30512,-0.64544,0.66144,0.20304,-0.80521,0.66144,0.17372,-0.84397,0.66144,0.10701,-0.76640,0.66144,0.12330,-0.74487,0.66144
2025-12-24 14:56:48.321,0.24929,-0.60320,0.66144,0.30512,-0.64544,0.66144,0.20304,-0.80521,0.66144,0.17372,-0.84397,0.66144,0.10701,-0.76640,0.66144,0.12330,-0.74487,0.66144
2025-12-24 14:56:48.337,0.24929,-0.60320,0.66144,0.30512,-0.64544,0.66144,0.20304,-0.80521,0.66144,0.17372,-0.84397,0.66144,0.10701,-0.76640,0.66144,0.12330,-0.74487,0.66144
2025-12-24 14:56:48.337,0.24929,-0.60320,0.66144,0.30512,-0.64544,0.66144,0.20304,-0.80521,0.66144,0.17372,-0.84397,0.66144,0.10701,-0.76640,0.66144,0.12330,-0.74487,0.66144
2025-12-24 14:56:48.342,0.24929,-0.60320,0.66144,0.30512,-0.64544,0.66144,0.20304,-0.80521,0.66144,0.17372,-0.84397,0.66144,0.10701,-0.76640,0.66144,0.12330,-0.74487,0.66144
2025-12-24 14:56:48.345,0.24929,-0.60320,0.66144,0.30512,-0.64544,0.66144,0.20304,-0.80521,0.66144,0.17372,-0.84397,0.66144,0.10701,-0.76640,0.66144,0.12330,-0.74487,0.66144
2025-12-24 14:56:48.355,0.24929,-0.60320,0.66144,0.30512,-0.64544,0.66144,0.20304,-0.80521,0.66144,0.17372,-0.84397,0.66144,0.10701,-0.76640,0.66144,0.12330,-0.74487,0.66144
2025-12-24 14:56:48.355,0.24929,-0.60320,0.66144,0.30512,-0.64544,0.66144,0.20304,-0.80521,0.66144,0.17372,-0.84397,0.66144,0.10701,-0.76640,0.66144,0.12330,-0.74487,0.66144
2025-12-24 14:56:48.371,0.24929,-0.60320,0.66144,0.30512,-0.64544,0.66144,0.20304,-0.80521,0.66144,0.17372,-0.84397,0.66144,0.10701,-0.76640,0.66144,0.12330,-0.74487,0.66144
2025-12-24 14:56:48.371,0.24929,-0.60320,0.66144,0.30512,-0.64544,0.66144,0.20304,-0.80521,0.66144,0.17372,-0.84397,0.66144,0.10701,-0.76640,0.66144,0.12330,-0.74487,0.66144
2025-12-24 14:56:48.380,0.24929,-0.60320,0.66144,0.30512,-0.64544,0.66144,0.20304,-0.80521,0.66144,0.17372,-0.84397,0.66144,0.10701,-0.76640,0.66144,0.12330,-0.74487,0.66144
2025-12-24 14:56:48.381,0.24929,-0.60320,0.66144,0.30512,-0.64544,0.66144,0.20304,-0.80521,0.66144,0.17372,-0.84397,0.66144,0.10701,-0.76640,0.66144,0.12330,-0.74487,0.66144
2025-12-24 14:56:48.388,0.24929,-0.60320,0.66144,0.30512,-0.64544,0.66144,0.20304,-0.80521,0.66144,0.17372,-0.84397,0.66144,0.10701,-0.76640,0.66144,0.12330,-0.74487,0.66144
2025-12-24 14:56:48.394,0.24929,-0.60320,0.66144,0.30512,-0.64544,0.66144,0.20304,-0.80521,0.66144,0.17372,-0.84397,0.66144,0.10701,-0.76640,0.66144,0.12330,-0.74487,0.66144
2025-12-24 14:56:48.400,0.24929,-0.60320,0.66144,0.30512,-0.64544,0.66144,0.20304,-0.80521,0.66144,0.17372,-0.84397,0.66144,0.10701,-0.76640,0.66144,0.12330,-0.74487,0.66144
2025-12-24 14:56:48.405,0.24929,-0.60320,0.66144,0.30512,-0.64544,0.66144,0.20304,-0.80521,0.66144,0.17372,-0.84397,0.66144,0.10701,-0.76640,0.66144,0.12330,-0.74487,0.66144
2025-12-24 14:56:48.414,0.24929,-0.60320,0.66144,0.30512,-0.64544,0.66144,0.20304,-0.80521,0.66144,0.17372,-0.84397,0.66144,0.10701,-0.76640,0.66144,0.12330,-0.74487,0.66144
2025-12-24 14:56:48.424,0.24929,-0.60320,0.66144,0.30512,-0.64544,0.66144,0.20304,-0.80521,0.66144,0.17372,-0.84397,0.66144,0.10701,-0.76640,0.66144,0.12330,-0.74487,0.66144
2025-12-24 14:56:48.425,0.24929,-0.60320,0.66144,0.30512,-0.64544,0.66144,0.20304,-0.80521,0.66144,0.17372,-0.84397,0.66144,0.10701,-0.76640,0.66144,0.12330,-0.74487,0.66144
2025-12-24 14:56:48.436,0.24929,-0.60320,0.66144,0.30512,-0.64544,0.66144,0.20304,-0.80521,0.66144,0.17372,-0.84397,0.66144,0.10701,-0.76640,0.66144,0.12330,-0.74487,0.66144
2025-12-24 14:56:48.440,0.24929,-0.60320,0.66144,0.30512,-0.64544,0.66144,0.20304,-0.80521,0.66144,0.17372,-0.84397,0.66144,0.10701,-0.76640,0.66144,0.12330,-0.74487,0.66144
2025-12-24 14:56:48.442,0.24929,-0.60320,0.66144,0.30512,-0.64544,0.66144,0.20304,-0.80521,0.66144,0.17372,-0.84397,0.66144,0.10701,-0.76640,0.66144,0.12330,-0.74487,0.66144
2025-12-24 14:56:48.449,0.24929,-0.60320,0.66144,0.30512,-0.64544,0.66144,0.20304,-0.80521,0.66144,0.17372,-0.84397,0.66144,0.10701,-0.76640,0.66144,0.12330,-0.74487,0.66144
2025-12-24 14:56:48.453,0.24929,-0.60320,0.66144,0.30512,-0.64544,0.66144,0.20304,-0.80521,0.66144,0.17372,-0.84397,0.66144,0.10701,-0.76640,0.66144,0.12330,-0.74487,0.66144
2025-12-24 14:56:48.457,0.24929,-0.60320,0.66144,0.30512,-0.64544,0.66144,0.20304,-0.80521,0.66144,0.17372,-0.84397,0.66144,0.10701,-0.76640,0.66144,0.12330,-0.74487,0.66144
2025-12-24 14:56:48.469,0.24929,-0.60320,0.66144,0.30512,-0.64544,0.66144,0.20304,-0.80521,0.66144,0.17372,-0.84397,0.66144,0.10701,-0.76640,0.66144,0.12330,-0.74487,0.66144
2025-12-24 14:56:48.469,0.24929,-0.60320,0.66144,0.30512,-0.64544,0.66144,0.20304,-0.80521,0.66144,0.17372,-0.84397,0.66144,0.10701,-0.76640,0.66144,0.12330,-0.74487,0.66144
2025-12-24 14:56:48.479,0.24929,-0.60320,0.66144,0.30512,-0.64544,0.66144,0.20304,-0.80521,0.66144,0.17372,-0.84397,0.66144,0.10701,-0.76640,0.66144,0.12330,-0.74487,0.66144
2025-12-24 14:56:48.482,0.24929,-0.60320,0.66144,0.30512,-0.64544,0.66144,0.20304,-0.80521,0.66144,0.17372,-0.84397,0.66144,0.10701,-0.76640,0.66144,0.12330,-0.74487,0.66144
2025-12-24 14:56:48.489,0.24929,-0.60320,0.66144,0.30512,-0.64544,0.66144,0.20304,-0.80521,0.66144,0.17372,-0.84397,0.66144,0.10701,-0.76640,0.66144,0.12330,-0.74487,0.66144
2025-12-24 14:56:48.499,0.24929,-0.60320,0.66144,0.30512,-0.64544,0.66144,0.20304,-0.80521,0.66144,0.17372,-0.84397,0.66144,0.10701,-0.76640,0.66144,0.12330,-0.74487,0.66144
2025-12-24 14:56:48.505,0.24929,-0.60320,0.66144,0.30512,-0.64544,0.66144,0.20304,-0.80521,0.66144,0.17372,-0.84397,0.66144,0.10701,-0.76640,0.66144,0.12330,-0.74487,0.66144
2025-12-24 14:56:48.505,0.24929,-0.60320,0.66144,0.30512,-0.64544,0.66144,0.20304,-0.80521,0.66144,0.17372,-0.84397,0.66144,0.10701,-0.76640,0.66144,0.12330,-0.74487,0.66144
2025-12-24 14:56:48.515,0.24929,-0.60320,0.66144,0.30512,-0.64544,0.66144,0.20304,-0.80521,0.66144,0.17372,-0.84397,0.66144,0.10701,-0.76640,0.66144,0.12330,-0.74487,0.66144
2025-12-24 14:56:48.515,0.24929,-0.60320,0.66144,0.30512,-0.64544,0.66144,0.20304,-0.80521,0.66144,0.17372,-0.84397,0.66144,0.10701,-0.76640,0.66144,0.12330,-0.74487,0.66144
2025-12-24 14:56:48.526,0.24929,-0.60320,0.66144,0.30512,-0.64544,0.66144,0.20304,-0.80521,0.66144,0.17372,-0.84397,0.66144,0.10701,-0.76640,0.66144,0.12330,-0.74487,0.66144
2025-12-24 14:56:48.537,0.24929,-0.60320,0.66144,0.30512,-0.64544,0.66144,0.20304,-0.80521,0.66144,0.17372,-0.84397,0.66144,0.10701,-0.76640,0.66144,0.12330,-0.74487,0.66144
2025-12-24 14:56:48.540,0.24929,-0.60320,0.66144,0.30512,-0.64544,0.66144,0.20304,-0.80521,0.66144,0.17372,-0.84397,0.66144,0.10701,-0.76640,0.66144,0.12330,-0.74487,0.66144
2025-12-24 14:56:48.540,0.24929,-0.60320,0.66144,0.30512,-0.64544,0.66144,0.20304,-0.80521,0.66144,0.17372,-0.84397,0.66144,0.10701,-0.76640,0.66144,0.12330,-0.74487,0.66144
2025-12-24 14:56:48.551,0.24929,-0.60320,0.66144,0.30512,-0.64544,0.66144,0.20304,-0.80521,0.66144,0.17372,-0.84397,0.66144,0.10701,-0.76640,0.66144,0.12330,-0.74487,0.66144
2025-12-24 14:56:48.552,0.24929,-0.60320,0.66144,0.30512,-0.64544,0.66144,0.20304,-0.80521,0.66144,0.17372,-0.84397,0.66144,0.10701,-0.76640,0.66144,0.12330,-0.74487,0.66144
2025-12-24 14:56:48.563,0.24929,-0.60320,0.66144,0.30512,-0.64544,0.66144,0.20304,-0.80521,0.66144,0.17372,-0.84397,0.66144,0.10701,-0.76640,0.66144,0.12330,-0.74487,0.66144
2025-12-24 14:56:48.572,0.24929,-0.60320,0.66144,0.30512,-0.64544,0.66144,0.20304,-0.80521,0.66144,0.17372,-0.84397,0.66144,0.10701,-0.76640,0.66144,0.12330,-0.74487,0.66144
2025-12-24 14:56:48.577,0.24929,-0.60320,0.66144,0.30512,-0.64544,0.66144,0.20304,-0.80521,0.66144,0.17372,-0.84397,0.66144,0.10701,-0.76640,0.66144,0.12330,-0.74487,0.66144
2025-12-24 14:56:48.578,0.24929,-0.60320,0.66144,0.30512,-0.64544,0.66144,0.20304,-0.80521,0.66144,0.17372,-0.84397,0.66144,0.10701,-0.76640,0.66144,0.12330,-0.74487,0.66144
2025-12-24 14:56:48.584,0.24929,-0.60320,0.66144,0.30512,-0.64544,0.66144,0.20304,-0.80521,0.66144,0.17372,-0.84397,0.66144,0.10701,-0.76640,0.66144,0.12330,-0.74487,0.66144
2025-12-24 14:56:48.590,0.24929,-0.60320,0.66144,0.30512,-0.64544,0.66144,0.20304,-0.80521,0.66144,0.17372,-0.84397,0.66144,0.10701,-0.76640,0.66144,0.12330,-0.74487,0.66144
2025-12-24 14:56:48.602,0.24929,-0.60320,0.66144,0.30512,-0.64544,0.66144,0.20304,-0.80521,0.66144,0.17372,-0.84397,0.66144,0.10701,-0.76640,0.66144,0.12330,-0.74487,0.66144
2025-12-24 14:56:48.605,0.24929,-0.60320,0.66144,0.30512,-0.64544,0.66144,0.20304,-0.80521,0.66144,0.17372,-0.84397,0.66144,0.10701,-0.76640,0.66144,0.12330,-0.74487,0.66144
2025-12-24 14:56:48.609,0.24929,-0.60320,0.66144,0.30512,-0.64544,0.66144,0.20304,-0.80521,0.66144,0.17372,-0.84397,0.66144,0.10701,-0.76640,0.66144,0.12330,-0.74487,0.66144
2025-12-24 14:56:48.616,0.24929,-0.60320,0.66144,0.30512,-0.64544,0.66144,0.20304,-0.80521,0.66144,0.17372,-0.84397,0.66144,0.10701,-0.76640,0.66144,0.12330,-0.74487,0.66144
2025-12-24 14:56:48.621,0.24929,-0.60320,0.66144,0.30512,-0.64544,0.66144,0.20304,-0.80521,0.66144,0.17372,-0.84397,0.66144,0.10701,-0.76640,0.66144,0.12330,-0.74487,0.66144
2025-12-24 14:56:48.629,0.24929,-0.60320,0.66144,0.30512,-0.64544,0.66144,0.20304,-0.80521,0.66144,0.17372,-0.84397,0.66144,0.10701,-0.76640,0.66144,0.12330,-0.74487,0.66144
2025-12-24 14:56:48.637,0.24929,-0.60320,0.66144,0.30512,-0.64544,0.66144,0.20304,-0.80521,0.66144,0.17372,-0.84397,0.66144,0.10701,-0.76640,0.66144,0.12330,-0.74487,0.66144
2025-12-24 14:56:48.640,0.24929,-0.60320,0.66144,0.30512,-0.64544,0.66144,0.20304,-0.80521,0.66144,0.17372,-0.84397,0.66144,0.10701,-0.76640,0.66144,0.12330,-0.74487,0.66144
2025-12-24 14:56:48.646,0.24929,-0.60320,0.66144,0.30512,-0.64544,0.66144,0.20304,-0.80521,0.66144,0.17372,-0.84397,0.66144,0.10701,-0.76640,0.66144,0.12330,-0.74487,0.66144
2025-12-24 14:56:48.649,0.24929,-0.60320,0.66144,0.30512,-0.64544,0.66144,0.20304,-0.80521,0.66144,0.17372,-0.84397,0.66144,0.10701,-0.76640,0.66144,0.12330,-0.74487,0.66144
2025-12-24 14:56:48.656,0.24929,-0.60320,0.66144,0.30512,-0.64544,0.66144,0.20304,-0.80521,0.66144,0.17372,-0.84397,0.66144,0.10701,-0.76640,0.66144,0.12330,-0.74487,0.66144
2025-12-24 14:56:48.670,0.24929,-0.60320,0.66144,0.30512,-0.64544,0.66144,0.20304,-0.80521,0.66144,0.17372,-0.84397,0.66144,0.10701,-0.76640,0.66144,0.12330,-0.74487,0.66144
2025-12-24 14:56:48.670,0.24929,-0.60320,0.66144,0.30512,-0.64544,0.66144,0.20304,-0.80521,0.66144,0.17372,-0.84397,0.66144,0.10701,-0.76640,0.66144,0.12330,-0.74487,0.66144
2025-12-24 14:56:48.677,0.24929,-0.60320,0.66144,0.30512,-0.64544,0.66144,0.20304,-0.80521,0.66144,0.17372,-0.84397,0.66144,0.10701,-0.76640,0.66144,0.12330,-0.74487,0.66144
2025-12-24 14:56:48.679,0.24929,-0.60320,0.66144,0.30512,-0.64544,0.66144,0.20304,-0.80521,0.66144,0.17372,-0.84397,0.66144,0.10701,-0.76640,0.66144,0.12330,-0.74487,0.66144
2025-12-24 14:56:48.691,0.24929,-0.60320,0.66144,0.30512,-0.64544,0.66144,0.20304,-0.80521,0.66144,0.17372,-0.84397,0.66144,0.10701,-0.76640,0.66144,0.12330,-0.74487,0.66144
2025-12-24 14:56:48.691,0.24929,-0.60320,0.66144,0.30512,-0.64544,0.66144,0.20304,-0.80521,0.66144,0.17372,-0.84397,0.66144,0.10701,-0.76640,0.66144,0.12330,-0.74487,0.66144
2025-12-24 14:56:48.708,0.24929,-0.60320,0.66144,0.30512,-0.64544,0.66144,0.20304,-0.80521,0.66144,0.17372,-0.84397,0.66144,0.10701,-0.76640,0.66144,0.12330,-0.74487,0.66144
2025-12-24 14:56:48.708,0.24929,-0.60320,0.66144,0.30512,-0.64544,0.66144,0.20304,-0.80521,0.66144,0.17372,-0.84397,0.66144,0.10701,-0.76640,0.66144,0.12330,-0.74487,0.66144
2025-12-24 14:56:48.716,0.24929,-0.60320,0.66144,0.30512,-0.64544,0.66144,0.20304,-0.80521,0.66144,0.17372,-0.84397,0.66144,0.10701,-0.76640,0.66144,0.12330,-0.74487,0.66144
2025-12-24 14:56:48.717,0.24929,-0.60320,0.66144,0.30512,-0.64544,0.66144,0.20304,-0.80521,0.66144,0.17372,-0.84397,0.66144,0.10701,-0.76640,0.66144,0.12330,-0.74487,0.66144
2025-12-24 14:56:48.736,0.24929,-0.60320,0.66144,0.30512,-0.64544,0.66144,0.20304,-0.80521,0.66144,0.17372,-0.84397,0.66144,0.10701,-0.76640,0.66144,0.12330,-0.74487,0.66144
2025-12-24 14:56:48.736,0.24929,-0.60320,0.66144,0.30512,-0.64544,0.66144,0.20304,-0.80521,0.66144,0.17372,-0.84397,0.66144,0.10701,-0.76640,0.66144,0.12330,-0.74487,0.66144
2025-12-24 14:56:48.736,0.24929,-0.60320,0.66144,0.30512,-0.64544,0.66144,0.20304,-0.80521,0.66144,0.17372,-0.84397,0.66144,0.10701,-0.76640,0.66144,0.12330,-0.74487,0.66144
2025-12-24 14:56:48.740,0.24929,-0.60320,0.66144,0.30512,-0.64544,0.66144,0.20304,-0.80521,0.66144,0.17372,-0.84397,0.66144,0.10701,-0.76640,0.66144,0.12330,-0.74487,0.66144
2025-12-24 14:56:48.750,0.24929,-0.60320,0.66144,0.30512,-0.64544,0.66144,0.20304,-0.80521,0.66144,0.17372,-0.84397,0.66144,0.10701,-0.76640,0.66144,0.12330,-0.74487,0.66144
2025-12-24 14:56:48.750,0.24929,-0.60320,0.66144,0.30512,-0.64544,0.66144,0.20304,-0.80521,0.66144,0.17372,-0.84397,0.66144,0.10701,-0.76640,0.66144,0.12330,-0.74487,0.66144
2025-12-24 14:56:48.761,0.24929,-0.60320,0.66144,0.30512,-0.64544,0.66144,0.20304,-0.80521,0.66144,0.17372,-0.84397,0.66144,0.10701,-0.76640,0.66144,0.12330,-0.74487,0.66144
2025-12-24 14:56:48.771,0.24929,-0.60320,0.66144,0.30512,-0.64544,0.66144,0.20304,-0.80521,0.66144,0.17372,-0.84397,0.66144,0.10701,-0.76640,0.66144,0.12330,-0.74487,0.66144
2025-12-24 14:56:48.772,0.24929,-0.60320,0.66144,0.30512,-0.64544,0.66144,0.20304,-0.80521,0.66144,0.17372,-0.84397,0.66144,0.10701,-0.76640,0.66144,0.12330,-0.74487,0.66144
2025-12-24 14:56:48.777,0.24929,-0.60320,0.66144,0.30512,-0.64544,0.66144,0.20304,-0.80521,0.66144,0.17372,-0.84397,0.66144,0.10701,-0.76640,0.66144,0.12330,-0.74487,0.66144
2025-12-24 14:56:48.783,0.24929,-0.60320,0.66144,0.30512,-0.64544,0.66144,0.20304,-0.80521,0.66144,0.17372,-0.84397,0.66144,0.10701,-0.76640,0.66144,0.12330,-0.74487,0.66144
2025-12-24 14:56:48.792,0.24929,-0.60320,0.66144,0.30512,-0.64544,0.66144,0.20304,-0.80521,0.66144,0.17372,-0.84397,0.66144,0.10701,-0.76640,0.66144,0.12330,-0.74487,0.66144
2025-12-24 14:56:48.802,0.24929,-0.60320,0.66144,0.30512,-0.64544,0.66144,0.20304,-0.80521,0.66144,0.17372,-0.84397,0.66144,0.10701,-0.76640,0.66144,0.12330,-0.74487,0.66144
2025-12-24 14:56:48.811,0.24929,-0.60320,0.66144,0.30512,-0.64544,0.66144,0.20304,-0.80521,0.66144,0.17372,-0.84397,0.66144,0.10701,-0.76640,0.66144,0.12330,-0.74487,0.66144
2025-12-24 14:56:48.815,0.24929,-0.60320,0.66144,0.30512,-0.64544,0.66144,0.20304,-0.80521,0.66144,0.17372,-0.84397,0.66144,0.10701,-0.76640,0.66144,0.12330,-0.74487,0.66144
2025-12-24 14:56:48.816,0.24929,-0.60320,0.66144,0.30512,-0.64544,0.66144,0.20304,-0.80521,0.66144,0.17372,-0.84397,0.66144,0.10701,-0.76640,0.66144,0.12330,-0.74487,0.66144
2025-12-24 14:56:48.821,0.24929,-0.60320,0.66144,0.30512,-0.64544,0.66144,0.20304,-0.80521,0.66144,0.17372,-0.84397,0.66144,0.10701,-0.76640,0.66144,0.12330,-0.74487,0.66144
2025-12-24 14:56:48.839,0.24929,-0.60320,0.66144,0.30512,-0.64544,0.66144,0.20304,-0.80521,0.66144,0.17372,-0.84397,0.66144,0.10701,-0.76640,0.66144,0.12330,-0.74487,0.66144
2025-12-24 14:56:48.840,0.24929,-0.60320,0.66144,0.30512,-0.64544,0.66144,0.20304,-0.80521,0.66144,0.17372,-0.84397,0.66144,0.10701,-0.76640,0.66144,0.12330,-0.74487,0.66144
2025-12-24 14:56:48.840,0.24929,-0.60320,0.66144,0.30512,-0.64544,0.66144,0.20304,-0.80521,0.66144,0.17372,-0.84397,0.66144,0.10701,-0.76640,0.66144,0.12330,-0.74487,0.66144
2025-12-24 14:56:48.849,0.24929,-0.60320,0.66144,0.30512,-0.64544,0.66144,0.20304,-0.80521,0.66144,0.17372,-0.84397,0.66144,0.10701,-0.76640,0.66144,0.12330,-0.74487,0.66144
2025-12-24 14:56:48.853,0.24929,-0.60320,0.66144,0.30512,-0.64544,0.66144,0.20304,-0.80521,0.66144,0.17372,-0.84397,0.66144,0.10701,-0.76640,0.66144,0.12330,-0.74487,0.66144
2025-12-24 14:56:48.853,0.24929,-0.60320,0.66144,0.30512,-0.64544,0.66144,0.20304,-0.80521,0.66144,0.17372,-0.84397,0.66144,0.10701,-0.76640,0.66144,0.12330,-0.74487,0.66144
2025-12-24 14:56:48.869,0.24929,-0.60320,0.66144,0.30512,-0.64544,0.66144,0.20304,-0.80521,0.66144,0.17372,-0.84397,0.66144,0.10701,-0.76640,0.66144,0.12330,-0.74487,0.66144
2025-12-24 14:56:48.869,0.24929,-0.60320,0.66144,0.30512,-0.64544,0.66144,0.20304,-0.80521,0.66144,0.17372,-0.84397,0.66144,0.10701,-0.76640,0.66144,0.12330,-0.74487,0.66144
2025-12-24 14:56:48.875,0.24929,-0.60320,0.66144,0.30512,-0.64544,0.66144,0.20304,-0.80521,0.66144,0.17372,-0.84397,0.66144,0.10701,-0.76640,0.66144,0.12330,-0.74487,0.66144
2025-12-24 14:56:48.875,0.24929,-0.60320,0.66144,0.30512,-0.64544,0.66144,0.20304,-0.80521,0.66144,0.17372,-0.84397,0.66144,0.10701,-0.76640,0.66144,0.12330,-0.74487,0.66144
2025-12-24 14:56:48.889,0.24929,-0.60320,0.66144,0.30512,-0.64544,0.66144,0.20304,-0.80521,0.66144,0.17372,-0.84397,0.66144,0.10701,-0.76640,0.66144,0.12330,-0.74487,0.66144
2025-12-24 14:56:48.890,0.24929,-0.60320,0.66144,0.30512,-0.64544,0.66144,0.20304,-0.80521,0.66144,0.17372,-0.84397,0.66144,0.10701,-0.76640,0.66144,0.12330,-0.74487,0.66144
2025-12-24 14:56:48.898,0.24929,-0.60320,0.66144,0.30512,-0.64544,0.66144,0.20304,-0.80521,0.66144,0.17372,-0.84397,0.66144,0.10701,-0.76640,0.66144,0.12330,-0.74487,0.66144
2025-12-24 14:56:48.904,0.24929,-0.60320,0.66144,0.30512,-0.64544,0.66144,0.20304,-0.80521,0.66144,0.17372,-0.84397,0.66144,0.10701,-0.76640,0.66144,0.12330,-0.74487,0.66144
2025-12-24 14:56:48.918,0.24929,-0.60320,0.66144,0.30512,-0.64544,0.66144,0.20304,-0.80521,0.66144,0.17372,-0.84397,0.66144,0.10701,-0.76640,0.66144,0.12330,-0.74487,0.66144
2025-12-24 14:56:48.918,0.24929,-0.60320,0.66144,0.30512,-0.64544,0.66144,0.20304,-0.80521,0.66144,0.17372,-0.84397,0.66144,0.10701,-0.76640,0.66144,0.12330,-0.74487,0.66144
2025-12-24 14:56:48.928,0.24929,-0.60320,0.66144,0.30512,-0.64544,0.66144,0.20304,-0.80521,0.66144,0.17372,-0.84397,0.66144,0.10701,-0.76640,0.66144,0.12330,-0.74487,0.66144
2025-12-24 14:56:48.934,0.24929,-0.60320,0.66144,0.30512,-0.64544,0.66144,0.20304,-0.80521,0.66144,0.17372,-0.84397,0.66144,0.10701,-0.76640,0.66144,0.12330,-0.74487,0.66144
2025-12-24 14:56:48.934,0.24929,-0.60320,0.66144,0.30512,-0.64544,0.66144,0.20304,-0.80521,0.66144,0.17372,-0.84397,0.66144,0.10701,-0.76640,0.66144,0.12330,-0.74487,0.66144
2025-12-24 14:56:48.938,0.24929,-0.60320,0.66144,0.30512,-0.64544,0.66144,0.20304,-0.80521,0.66144,0.17372,-0.84397,0.66144,0.10701,-0.76640,0.66144,0.12330,-0.74487,0.66144
2025-12-24 14:56:48.947,0.24929,-0.60320,0.66144,0.30512,-0.64544,0.66144,0.20304,-0.80521,0.66144,0.17372,-0.84397,0.66144,0.10701,-0.76640,0.66144,0.12330,-0.74487,0.66144
2025-12-24 14:56:48.950,0.24929,-0.60320,0.66144,0.30512,-0.64544,0.66144,0.20304,-0.80521,0.66144,0.17372,-0.84397,0.66144,0.10701,-0.76640,0.66144,0.12330,-0.74487,0.66144
2025-12-24 14:56:48.960,0.24929,-0.60320,0.66144,0.30512,-0.64544,0.66144,0.20304,-0.80521,0.66144,0.17372,-0.84397,0.66144,0.10701,-0.76640,0.66144,0.12330,-0.74487,0.66144
2025-12-24 14:56:48.973,0.24929,-0.60320,0.66144,0.30512,-0.64544,0.66144,0.20304,-0.80521,0.66144,0.17372,-0.84397,0.66144,0.10701,-0.76640,0.66144,0.12330,-0.74487,0.66144
2025-12-24 14:56:48.974,0.24929,-0.60320,0.66144,0.30512,-0.64544,0.66144,0.20304,-0.80521,0.66144,0.17372,-0.84397,0.66144,0.10701,-0.76640,0.66144,0.12330,-0.74487,0.66144
2025-12-24 14:56:48.979,0.24929,-0.60320,0.66144,0.30512,-0.64544,0.66144,0.20304,-0.80521,0.66144,0.17372,-0.84397,0.66144,0.10701,-0.76640,0.66144,0.12330,-0.74487,0.66144
2025-12-24 14:56:48.981,0.24929,-0.60320,0.66144,0.30512,-0.64544,0.66144,0.20304,-0.80521,0.66144,0.17372,-0.84397,0.66144,0.10701,-0.76640,0.66144,0.12330,-0.74487,0.66144
2025-12-24 14:56:48.986,0.24929,-0.60320,0.66144,0.30512,-0.64544,0.66144,0.20304,-0.80521,0.66144,0.17372,-0.84397,0.66144,0.10701,-0.76640,0.66144,0.12330,-0.74487,0.66144
2025-12-24 14:56:48.991,0.24929,-0.60320,0.66144,0.30512,-0.64544,0.66144,0.20304,-0.80521,0.66144,0.17372,-0.84397,0.66144,0.10701,-0.76640,0.66144,0.12330,-0.74487,0.66144
2025-12-24 14:56:48.999,0.24929,-0.60320,0.66144,0.30512,-0.64544,0.66144,0.20304,-0.80521,0.66144,0.17372,-0.84397,0.66144,0.10701,-0.76640,0.66144,0.12330,-0.74487,0.66144
2025-12-24 14:56:49.006,0.24929,-0.60320,0.66144,0.30512,-0.64544,0.66144,0.20304,-0.80521,0.66144,0.17372,-0.84397,0.66144,0.10701,-0.76640,0.66144,0.12330,-0.74487,0.66144
2025-12-24 14:56:49.012,0.24929,-0.60320,0.66144,0.30512,-0.64544,0.66144,0.20304,-0.80521,0.66144,0.17372,-0.84397,0.66144,0.10701,-0.76640,0.66144,0.12330,-0.74487,0.66144
2025-12-24 14:56:49.016,0.24929,-0.60320,0.66144,0.30512,-0.64544,0.66144,0.20304,-0.80521,0.66144,0.17372,-0.84397,0.66144,0.10701,-0.76640,0.66144,0.12330,-0.74487,0.66144
2025-12-24 14:56:49.025,0.24929,-0.60320,0.66144,0.30512,-0.64544,0.66144,0.20304,-0.80521,0.66144,0.17372,-0.84397,0.66144,0.10701,-0.76640,0.66144,0.12330,-0.74487,0.66144
2025-12-24 14:56:49.036,0.24929,-0.60320,0.66144,0.30512,-0.64544,0.66144,0.20304,-0.80521,0.66144,0.17372,-0.84397,0.66144,0.10701,-0.76640,0.66144,0.12330,-0.74487,0.66144
2025-12-24 14:56:49.039,0.24929,-0.60320,0.66144,0.30512,-0.64544,0.66144,0.20304,-0.80521,0.66144,0.17372,-0.84397,0.66144,0.10701,-0.76640,0.66144,0.12330,-0.74487,0.66144
2025-12-24 14:56:49.041,0.24929,-0.60320,0.66144,0.30512,-0.64544,0.66144,0.20304,-0.80521,0.66144,0.17372,-0.84397,0.66144,0.10701,-0.76640,0.66144,0.12330,-0.74487,0.66144
2025-12-24 14:56:49.049,0.24929,-0.60320,0.66144,0.30512,-0.64544,0.66144,0.20304,-0.80521,0.66144,0.17372,-0.84397,0.66144,0.10701,-0.76640,0.66144,0.12330,-0.74487,0.66144
2025-12-24 14:56:49.051,0.24929,-0.60320,0.66144,0.30512,-0.64544,0.66144,0.20304,-0.80521,0.66144,0.17372,-0.84397,0.66144,0.10701,-0.76640,0.66144,0.12330,-0.74487,0.66144
2025-12-24 14:56:49.061,0.24929,-0.60320,0.66144,0.30512,-0.64544,0.66144,0.20304,-0.80521,0.66144,0.17372,-0.84397,0.66144,0.10701,-0.76640,0.66144,0.12330,-0.74487,0.66144
2025-12-24 14:56:49.067,0.24929,-0.60320,0.66144,0.30512,-0.64544,0.66144,0.20304,-0.80521,0.66144,0.17372,-0.84397,0.66144,0.10701,-0.76640,0.66144,0.12330,-0.74487,0.66144
2025-12-24 14:56:49.073,0.24929,-0.60320,0.66144,0.30512,-0.64544,0.66144,0.20304,-0.80521,0.66144,0.17372,-0.84397,0.66144,0.10701,-0.76640,0.66144,0.12330,-0.74487,0.66144
2025-12-24 14:56:49.076,0.24929,-0.60320,0.66144,0.30512,-0.64544,0.66144,0.20304,-0.80521,0.66144,0.17372,-0.84397,0.66144,0.10701,-0.76640,0.66144,0.12330,-0.74487,0.66144
2025-12-24 14:56:49.084,0.24929,-0.60320,0.66144,0.30512,-0.64544,0.66144,0.20304,-0.80521,0.66144,0.17372,-0.84397,0.66144,0.10701,-0.76640,0.66144,0.12330,-0.74487,0.66144
2025-12-24 14:56:49.087,0.24929,-0.60320,0.66144,0.30512,-0.64544,0.66144,0.20304,-0.80521,0.66144,0.17372,-0.84397,0.66144,0.10701,-0.76640,0.66144,0.12330,-0.74487,0.66144
2025-12-24 14:56:49.099,0.24929,-0.60320,0.66144,0.30512,-0.64544,0.66144,0.20304,-0.80521,0.66144,0.17372,-0.84397,0.66144,0.10701,-0.76640,0.66144,0.12330,-0.74487,0.66144
2025-12-24 14:56:49.107,0.24929,-0.60320,0.66144,0.30512,-0.64544,0.66144,0.20304,-0.80521,0.66144,0.17372,-0.84397,0.66144,0.10701,-0.76640,0.66144,0.12330,-0.74487,0.66144
2025-12-24 14:56:49.109,0.24929,-0.60320,0.66144,0.30512,-0.64544,0.66144,0.20304,-0.80521,0.66144,0.17372,-0.84397,0.66144,0.10701,-0.76640,0.66144,0.12330,-0.74487,0.66144
2025-12-24 14:56:49.111,0.24929,-0.60320,0.66144,0.30512,-0.64544,0.66144,0.20304,-0.80521,0.66144,0.17372,-0.84397,0.66144,0.10701,-0.76640,0.66144,0.12330,-0.74487,0.66144
2025-12-24 14:56:49.122,0.24929,-0.60320,0.66144,0.30512,-0.64544,0.66144,0.20304,-0.80521,0.66144,0.17372,-0.84397,0.66144,0.10701,-0.76640,0.66144,0.12330,-0.74487,0.66144
2025-12-24 14:56:49.127,0.24929,-0.60320,0.66144,0.30512,-0.64544,0.66144,0.20304,-0.80521,0.66144,0.17372,-0.84397,0.66144,0.10701,-0.76640,0.66144,0.12330,-0.74487,0.66144
2025-12-24 14:56:49.141,0.24929,-0.60320,0.66144,0.30512,-0.64544,0.66144,0.20304,-0.80521,0.66144,0.17372,-0.84397,0.66144,0.10701,-0.76640,0.66144,0.12330,-0.74487,0.66144
2025-12-24 14:56:49.141,0.24929,-0.60320,0.66144,0.30512,-0.64544,0.66144,0.20304,-0.80521,0.66144,0.17372,-0.84397,0.66144,0.10701,-0.76640,0.66144,0.12330,-0.74487,0.66144
2025-12-24 14:56:49.145,0.24929,-0.60320,0.66144,0.30512,-0.64544,0.66144,0.20304,-0.80521,0.66144,0.17372,-0.84397,0.66144,0.10701,-0.76640,0.66144,0.12330,-0.74487,0.66144
2025-12-24 14:56:49.147,0.24929,-0.60320,0.66144,0.30512,-0.64544,0.66144,0.20304,-0.80521,0.66144,0.17372,-0.84397,0.66144,0.10701,-0.76640,0.66144,0.12330,-0.74487,0.66144
2025-12-24 14:56:49.156,0.24929,-0.60320,0.66144,0.30512,-0.64544,0.66144,0.20304,-0.80521,0.66144,0.17372,-0.84397,0.66144,0.10701,-0.76640,0.66144,0.12330,-0.74487,0.66144
2025-12-24 14:56:49.162,0.24929,-0.60320,0.66144,0.30512,-0.64544,0.66144,0.20304,-0.80521,0.66144,0.17372,-0.84397,0.66144,0.10701,-0.76640,0.66144,0.12330,-0.74487,0.66144
2025-12-24 14:56:49.169,0.24929,-0.60320,0.66144,0.30512,-0.64544,0.66144,0.20304,-0.80521,0.66144,0.17372,-0.84397,0.66144,0.10701,-0.76640,0.66144,0.12330,-0.74487,0.66144
2025-12-24 14:56:49.175,0.24929,-0.60320,0.66144,0.30512,-0.64544,0.66144,0.20304,-0.80521,0.66144,0.17372,-0.84397,0.66144,0.10701,-0.76640,0.66144,0.12330,-0.74487,0.66144
2025-12-24 14:56:49.179,0.24929,-0.60320,0.66144,0.30512,-0.64544,0.66144,0.20304,-0.80521,0.66144,0.17372,-0.84397,0.66144,0.10701,-0.76640,0.66144,0.12330,-0.74487,0.66144
2025-12-24 14:56:49.184,0.24929,-0.60320,0.66144,0.30512,-0.64544,0.66144,0.20304,-0.80521,0.66144,0.17372,-0.84397,0.66144,0.10701,-0.76640,0.66144,0.12330,-0.74487,0.66144
2025-12-24 14:56:49.192,0.24929,-0.60320,0.66144,0.30512,-0.64544,0.66144,0.20304,-0.80521,0.66144,0.17372,-0.84397,0.66144,0.10701,-0.76640,0.66144,0.12330,-0.74487,0.66144
2025-12-24 14:56:49.201,0.24929,-0.60320,0.66144,0.30512,-0.64544,0.66144,0.20304,-0.80521,0.66144,0.17372,-0.84397,0.66144,0.10701,-0.76640,0.66144,0.12330,-0.74487,0.66144
2025-12-24 14:56:49.215,0.24929,-0.60320,0.66144,0.30512,-0.64544,0.66144,0.20304,-0.80521,0.66144,0.17372,-0.84397,0.66144,0.10701,-0.76640,0.66144,0.12330,-0.74487,0.66144
2025-12-24 14:56:49.215,0.24929,-0.60320,0.66144,0.30512,-0.64544,0.66144,0.20304,-0.80521,0.66144,0.17372,-0.84397,0.66144,0.10701,-0.76640,0.66144,0.12330,-0.74487,0.66144
2025-12-24 14:56:49.215,0.24929,-0.60320,0.66144,0.30512,-0.64544,0.66144,0.20304,-0.80521,0.66144,0.17372,-0.84397,0.66144,0.10701,-0.76640,0.66144,0.12330,-0.74487,0.66144
2025-12-24 14:56:49.221,0.24929,-0.60320,0.66144,0.30512,-0.64544,0.66144,0.20304,-0.80521,0.66144,0.17372,-0.84397,0.66144,0.10701,-0.76640,0.66144,0.12330,-0.74487,0.66144
2025-12-24 14:56:49.226,0.24929,-0.60320,0.66144,0.30512,-0.64544,0.66144,0.20304,-0.80521,0.66144,0.17372,-0.84397,0.66144,0.10701,-0.76640,0.66144,0.12330,-0.74487,0.66144
2025-12-24 14:56:49.238,0.24929,-0.60320,0.66144,0.30512,-0.64544,0.66144,0.20304,-0.80521,0.66144,0.17372,-0.84397,0.66144,0.10701,-0.76640,0.66144,0.12330,-0.74487,0.66144
2025-12-24 14:56:49.240,0.24929,-0.60320,0.66144,0.30512,-0.64544,0.66144,0.20304,-0.80521,0.66144,0.17372,-0.84397,0.66144,0.10701,-0.76640,0.66144,0.12330,-0.74487,0.66144
2025-12-24 14:56:49.246,0.24929,-0.60320,0.66144,0.30512,-0.64544,0.66144,0.20304,-0.80521,0.66144,0.17372,-0.84397,0.66144,0.10701,-0.76640,0.66144,0.12330,-0.74487,0.66144
2025-12-24 14:56:49.249,0.24929,-0.60320,0.66144,0.30512,-0.64544,0.66144,0.20304,-0.80521,0.66144,0.17372,-0.84397,0.66144,0.10701,-0.76640,0.66144,0.12330,-0.74487,0.66144
2025-12-24 14:56:49.260,0.24929,-0.60320,0.66144,0.30512,-0.64544,0.66144,0.20304,-0.80521,0.66144,0.17372,-0.84397,0.66144,0.10701,-0.76640,0.66144,0.12330,-0.74487,0.66144
2025-12-24 14:56:49.271,0.24929,-0.60320,0.66144,0.30512,-0.64544,0.66144,0.20304,-0.80521,0.66144,0.17372,-0.84397,0.66144,0.10701,-0.76640,0.66144,0.12330,-0.74487,0.66144
2025-12-24 14:56:49.273,0.24929,-0.60320,0.66144,0.30512,-0.64544,0.66144,0.20304,-0.80521,0.66144,0.17372,-0.84397,0.66144,0.10701,-0.76640,0.66144,0.12330,-0.74487,0.66144
2025-12-24 14:56:49.273,0.24929,-0.60320,0.66144,0.30512,-0.64544,0.66144,0.20304,-0.80521,0.66144,0.17372,-0.84397,0.66144,0.10701,-0.76640,0.66144,0.12330,-0.74487,0.66144
2025-12-24 14:56:49.284,0.24929,-0.60320,0.66144,0.30512,-0.64544,0.66144,0.20304,-0.80521,0.66144,0.17372,-0.84397,0.66144,0.10701,-0.76640,0.66144,0.12330,-0.74487,0.66144
2025-12-24 14:56:49.284,0.24929,-0.60320,0.66144,0.30512,-0.64544,0.66144,0.20304,-0.80521,0.66144,0.17372,-0.84397,0.66144,0.10701,-0.76640,0.66144,0.12330,-0.74487,0.66144
2025-12-24 14:56:49.296,0.24929,-0.60320,0.66144,0.30512,-0.64544,0.66144,0.20304,-0.80521,0.66144,0.17372,-0.84397,0.66144,0.10701,-0.76640,0.66144,0.12330,-0.74487,0.66144
2025-12-24 14:56:49.303,0.24929,-0.60320,0.66144,0.30512,-0.64544,0.66144,0.20304,-0.80521,0.66144,0.17372,-0.84397,0.66144,0.10701,-0.76640,0.66144,0.12330,-0.74487,0.66144
2025-12-24 14:56:49.307,0.24929,-0.60320,0.66144,0.30512,-0.64544,0.66144,0.20304,-0.80521,0.66144,0.17372,-0.84397,0.66144,0.10701,-0.76640,0.66144,0.12330,-0.74487,0.66144
2025-12-24 14:56:49.307,0.24929,-0.60320,0.66144,0.30512,-0.64544,0.66144,0.20304,-0.80521,0.66144,0.17372,-0.84397,0.66144,0.10701,-0.76640,0.66144,0.12330,-0.74487,0.66144
2025-12-24 14:56:49.338,0.24929,-0.60320,0.66144,0.30512,-0.64544,0.66144,0.20304,-0.80521,0.66144,0.17372,-0.84397,0.66144,0.10701,-0.76640,0.66144,0.12330,-0.74487,0.66144
2025-12-24 14:56:49.338,0.24929,-0.60320,0.66144,0.30512,-0.64544,0.66144,0.20304,-0.80521,0.66144,0.17372,-0.84397,0.66144,0.10701,-0.76640,0.66144,0.12330,-0.74487,0.66144
2025-12-24 14:56:49.338,0.24929,-0.60320,0.66144,0.30512,-0.64544,0.66144,0.20304,-0.80521,0.66144,0.17372,-0.84397,0.66144,0.10701,-0.76640,0.66144,0.12330,-0.74487,0.66144
2025-12-24 14:56:49.338,0.24929,-0.60320,0.66144,0.30512,-0.64544,0.66144,0.20304,-0.80521,0.66144,0.17372,-0.84397,0.66144,0.10701,-0.76640,0.66144,0.12330,-0.74487,0.66144
2025-12-24 14:56:49.343,0.24929,-0.60320,0.66144,0.30512,-0.64544,0.66144,0.20304,-0.80521,0.66144,0.17372,-0.84397,0.66144,0.10701,-0.76640,0.66144,0.12330,-0.74487,0.66144
2025-12-24 14:56:49.343,0.24929,-0.60320,0.66144,0.30512,-0.64544,0.66144,0.20304,-0.80521,0.66144,0.17372,-0.84397,0.66144,0.10701,-0.76640,0.66144,0.12330,-0.74487,0.66144
2025-12-24 14:56:49.354,0.24929,-0.60320,0.66144,0.30512,-0.64544,0.66144,0.20304,-0.80521,0.66144,0.17372,-0.84397,0.66144,0.10701,-0.76640,0.66144,0.12330,-0.74487,0.66144
2025-12-24 14:56:49.355,0.24929,-0.60320,0.66144,0.30512,-0.64544,0.66144,0.20304,-0.80521,0.66144,0.17372,-0.84397,0.66144,0.10701,-0.76640,0.66144,0.12330,-0.74487,0.66144
2025-12-24 14:56:49.371,0.24929,-0.60320,0.66144,0.30512,-0.64544,0.66144,0.20304,-0.80521,0.66144,0.17372,-0.84397,0.66144,0.10701,-0.76640,0.66144,0.12330,-0.74487,0.66144
2025-12-24 14:56:49.372,0.24929,-0.60320,0.66144,0.30512,-0.64544,0.66144,0.20304,-0.80521,0.66144,0.17372,-0.84397,0.66144,0.10701,-0.76640,0.66144,0.12330,-0.74487,0.66144
2025-12-24 14:56:49.380,0.24929,-0.60320,0.66144,0.30512,-0.64544,0.66144,0.20304,-0.80521,0.66144,0.17372,-0.84397,0.66144,0.10701,-0.76640,0.66144,0.12330,-0.74487,0.66144
2025-12-24 14:56:49.384,0.24929,-0.60320,0.66144,0.30512,-0.64544,0.66144,0.20304,-0.80521,0.66144,0.17372,-0.84397,0.66144,0.10701,-0.76640,0.66144,0.12330,-0.74487,0.66144
2025-12-24 14:56:49.389,0.24929,-0.60320,0.66144,0.30512,-0.64544,0.66144,0.20304,-0.80521,0.66144,0.17372,-0.84397,0.66144,0.10701,-0.76640,0.66144,0.12330,-0.74487,0.66144
2025-12-24 14:56:49.395,0.24929,-0.60320,0.66144,0.30512,-0.64544,0.66144,0.20304,-0.80521,0.66144,0.17372,-0.84397,0.66144,0.10701,-0.76640,0.66144,0.12330,-0.74487,0.66144
2025-12-24 14:56:49.404,0.24929,-0.60320,0.66144,0.30512,-0.64544,0.66144,0.20304,-0.80521,0.66144,0.17372,-0.84397,0.66144,0.10701,-0.76640,0.66144,0.12330,-0.74487,0.66144
2025-12-24 14:56:49.406,0.24929,-0.60320,0.66144,0.30512,-0.64544,0.66144,0.20304,-0.80521,0.66144,0.17372,-0.84397,0.66144,0.10701,-0.76640,0.66144,0.12330,-0.74487,0.66144
2025-12-24 14:56:49.413,0.24929,-0.60320,0.66144,0.30512,-0.64544,0.66144,0.20304,-0.80521,0.66144,0.17372,-0.84397,0.66144,0.10701,-0.76640,0.66144,0.12330,-0.74487,0.66144
2025-12-24 14:56:49.419,0.24929,-0.60320,0.66144,0.30512,-0.64544,0.66144,0.20304,-0.80521,0.66144,0.17372,-0.84397,0.66144,0.10701,-0.76640,0.66144,0.12330,-0.74487,0.66144
2025-12-24 14:56:49.427,0.24929,-0.60320,0.66144,0.30512,-0.64544,0.66144,0.20304,-0.80521,0.66144,0.17372,-0.84397,0.66144,0.10701,-0.76640,0.66144,0.12330,-0.74487,0.66144
2025-12-24 14:56:49.439,0.24929,-0.60320,0.66144,0.30512,-0.64544,0.66144,0.20304,-0.80521,0.66144,0.17372,-0.84397,0.66144,0.10701,-0.76640,0.66144,0.12330,-0.74487,0.66144
2025-12-24 14:56:49.439,0.24929,-0.60320,0.66144,0.30512,-0.64544,0.66144,0.20304,-0.80521,0.66144,0.17372,-0.84397,0.66144,0.10701,-0.76640,0.66144,0.12330,-0.74487,0.66144
2025-12-24 14:56:49.444,0.24929,-0.60320,0.66144,0.30512,-0.64544,0.66144,0.20304,-0.80521,0.66144,0.17372,-0.84397,0.66144,0.10701,-0.76640,0.66144,0.12330,-0.74487,0.66144
2025-12-24 14:56:49.447,0.24929,-0.60320,0.66144,0.30512,-0.64544,0.66144,0.20304,-0.80521,0.66144,0.17372,-0.84397,0.66144,0.10701,-0.76640,0.66144,0.12330,-0.74487,0.66144
2025-12-24 14:56:49.460,0.24929,-0.60320,0.66144,0.30512,-0.64544,0.66144,0.20304,-0.80521,0.66144,0.17372,-0.84397,0.66144,0.10701,-0.76640,0.66144,0.12330,-0.74487,0.66144
2025-12-24 14:56:49.460,0.24929,-0.60320,0.66144,0.30512,-0.64544,0.66144,0.20304,-0.80521,0.66144,0.17372,-0.84397,0.66144,0.10701,-0.76640,0.66144,0.12330,-0.74487,0.66144
2025-12-24 14:56:49.471,0.24929,-0.60320,0.66144,0.30512,-0.64544,0.66144,0.20304,-0.80521,0.66144,0.17372,-0.84397,0.66144,0.10701,-0.76640,0.66144,0.12330,-0.74487,0.66144
2025-12-24 14:56:49.471,0.24929,-0.60320,0.66144,0.30512,-0.64544,0.66144,0.20304,-0.80521,0.66144,0.17372,-0.84397,0.66144,0.10701,-0.76640,0.66144,0.12330,-0.74487,0.66144
2025-12-24 14:56:49.482,0.24929,-0.60320,0.66144,0.30512,-0.64544,0.66144,0.20304,-0.80521,0.66144,0.17372,-0.84397,0.66144,0.10701,-0.76640,0.66144,0.12330,-0.74487,0.66144
2025-12-24 14:56:49.483,0.24929,-0.60320,0.66144,0.30512,-0.64544,0.66144,0.20304,-0.80521,0.66144,0.17372,-0.84397,0.66144,0.10701,-0.76640,0.66144,0.12330,-0.74487,0.66144
2025-12-24 14:56:49.495,0.24929,-0.60320,0.66144,0.30512,-0.64544,0.66144,0.20304,-0.80521,0.66144,0.17372,-0.84397,0.66144,0.10701,-0.76640,0.66144,0.12330,-0.74487,0.66144
2025-12-24 14:56:49.495,0.24929,-0.60320,0.66144,0.30512,-0.64544,0.66144,0.20304,-0.80521,0.66144,0.17372,-0.84397,0.66144,0.10701,-0.76640,0.66144,0.12330,-0.74487,0.66144
2025-12-24 14:56:49.506,0.24929,-0.60320,0.66144,0.30512,-0.64544,0.66144,0.20304,-0.80521,0.66144,0.17372,-0.84397,0.66144,0.10701,-0.76640,0.66144,0.12330,-0.74487,0.66144
2025-12-24 14:56:49.506,0.24929,-0.60320,0.66144,0.30512,-0.64544,0.66144,0.20304,-0.80521,0.66144,0.17372,-0.84397,0.66144,0.10701,-0.76640,0.66144,0.12330,-0.74487,0.66144
2025-12-24 14:56:49.517,0.24929,-0.60320,0.66144,0.30512,-0.64544,0.66144,0.20304,-0.80521,0.66144,0.17372,-0.84397,0.66144,0.10701,-0.76640,0.66144,0.12330,-0.74487,0.66144
2025-12-24 14:56:49.517,0.24929,-0.60320,0.66144,0.30512,-0.64544,0.66144,0.20304,-0.80521,0.66144,0.17372,-0.84397,0.66144,0.10701,-0.76640,0.66144,0.12330,-0.74487,0.66144
2025-12-24 14:56:49.550,0.24929,-0.60320,0.66144,0.30512,-0.64544,0.66144,0.20304,-0.80521,0.66144,0.17372,-0.84397,0.66144,0.10701,-0.76640,0.66144,0.12330,-0.74487,0.66144
2025-12-24 14:56:49.550,0.24929,-0.60320,0.66144,0.30512,-0.64544,0.66144,0.20304,-0.80521,0.66144,0.17372,-0.84397,0.66144,0.10701,-0.76640,0.66144,0.12330,-0.74487,0.66144
2025-12-24 14:56:49.550,0.24929,-0.60320,0.66144,0.30512,-0.64544,0.66144,0.20304,-0.80521,0.66144,0.17372,-0.84397,0.66144,0.10701,-0.76640,0.66144,0.12330,-0.74487,0.66144
2025-12-24 14:56:49.550,0.24929,-0.60320,0.66144,0.30512,-0.64544,0.66144,0.20304,-0.80521,0.66144,0.17372,-0.84397,0.66144,0.10701,-0.76640,0.66144,0.12330,-0.74487,0.66144
2025-12-24 14:56:49.550,0.24929,-0.60320,0.66144,0.30512,-0.64544,0.66144,0.20304,-0.80521,0.66144,0.17372,-0.84397,0.66144,0.10701,-0.76640,0.66144,0.12330,-0.74487,0.66144
2025-12-24 14:56:49.557,0.24929,-0.60320,0.66144,0.30512,-0.64544,0.66144,0.20304,-0.80521,0.66144,0.17372,-0.84397,0.66144,0.10701,-0.76640,0.66144,0.12330,-0.74487,0.66144
2025-12-24 14:56:49.570,0.24929,-0.60320,0.66144,0.30512,-0.64544,0.66144,0.20304,-0.80521,0.66144,0.17372,-0.84397,0.66144,0.10701,-0.76640,0.66144,0.12330,-0.74487,0.66144
2025-12-24 14:56:49.571,0.24929,-0.60320,0.66144,0.30512,-0.64544,0.66144,0.20304,-0.80521,0.66144,0.17372,-0.84397,0.66144,0.10701,-0.76640,0.66144,0.12330,-0.74487,0.66144
2025-12-24 14:56:49.576,0.24929,-0.60320,0.66144,0.30512,-0.64544,0.66144,0.20304,-0.80521,0.66144,0.17372,-0.84397,0.66144,0.10701,-0.76640,0.66144,0.12330,-0.74487,0.66144
2025-12-24 14:56:49.583,0.24929,-0.60320,0.66144,0.30512,-0.64544,0.66144,0.20304,-0.80521,0.66144,0.17372,-0.84397,0.66144,0.10701,-0.76640,0.66144,0.12330,-0.74487,0.66144
2025-12-24 14:56:49.583,0.24929,-0.60320,0.66144,0.30512,-0.64544,0.66144,0.20304,-0.80521,0.66144,0.17372,-0.84397,0.66144,0.10701,-0.76640,0.66144,0.12330,-0.74487,0.66144
2025-12-24 14:56:49.594,0.24929,-0.60320,0.66144,0.30512,-0.64544,0.66144,0.20304,-0.80521,0.66144,0.17372,-0.84397,0.66144,0.10701,-0.76640,0.66144,0.12330,-0.74487,0.66144
2025-12-24 14:56:49.601,0.24929,-0.60320,0.66144,0.30512,-0.64544,0.66144,0.20304,-0.80521,0.66144,0.17372,-0.84397,0.66144,0.10701,-0.76640,0.66144,0.12330,-0.74487,0.66144
2025-12-24 14:56:49.606,0.24929,-0.60320,0.66144,0.30512,-0.64544,0.66144,0.20304,-0.80521,0.66144,0.17372,-0.84397,0.66144,0.10701,-0.76640,0.66144,0.12330,-0.74487,0.66144
2025-12-24 14:56:49.610,0.24929,-0.60320,0.66144,0.30512,-0.64544,0.66144,0.20304,-0.80521,0.66144,0.17372,-0.84397,0.66144,0.10701,-0.76640,0.66144,0.12330,-0.74487,0.66144
2025-12-24 14:56:49.618,0.24929,-0.60320,0.66144,0.30512,-0.64544,0.66144,0.20304,-0.80521,0.66144,0.17372,-0.84397,0.66144,0.10701,-0.76640,0.66144,0.12330,-0.74487,0.66144
2025-12-24 14:56:49.621,0.24929,-0.60320,0.66144,0.30512,-0.64544,0.66144,0.20304,-0.80521,0.66144,0.17372,-0.84397,0.66144,0.10701,-0.76640,0.66144,0.12330,-0.74487,0.66144
2025-12-24 14:56:49.632,0.24929,-0.60320,0.66144,0.30512,-0.64544,0.66144,0.20304,-0.80521,0.66144,0.17372,-0.84397,0.66144,0.10701,-0.76640,0.66144,0.12330,-0.74487,0.66144
2025-12-24 14:56:49.632,0.24929,-0.60320,0.66144,0.30512,-0.64544,0.66144,0.20304,-0.80521,0.66144,0.17372,-0.84397,0.66144,0.10701,-0.76640,0.66144,0.12330,-0.74487,0.66144
2025-12-24 14:56:49.645,0.24929,-0.60320,0.66144,0.30512,-0.64544,0.66144,0.20304,-0.80521,0.66144,0.17372,-0.84397,0.66144,0.10701,-0.76640,0.66144,0.12330,-0.74487,0.66144
2025-12-24 14:56:49.646,0.24929,-0.60320,0.66144,0.30512,-0.64544,0.66144,0.20304,-0.80521,0.66144,0.17372,-0.84397,0.66144,0.10701,-0.76640,0.66144,0.12330,-0.74487,0.66144
2025-12-24 14:56:49.654,0.24929,-0.60320,0.66144,0.30512,-0.64544,0.66144,0.20304,-0.80521,0.66144,0.17372,-0.84397,0.66144,0.10701,-0.76640,0.66144,0.12330,-0.74487,0.66144
2025-12-24 14:56:49.659,0.24929,-0.60320,0.66144,0.30512,-0.64544,0.66144,0.20304,-0.80521,0.66144,0.17372,-0.84397,0.66144,0.10701,-0.76640,0.66144,0.12330,-0.74487,0.66144
2025-12-24 14:56:49.672,0.24929,-0.60320,0.66144,0.30512,-0.64544,0.66144,0.20304,-0.80521,0.66144,0.17372,-0.84397,0.66144,0.10701,-0.76640,0.66144,0.12330,-0.74487,0.66144
2025-12-24 14:56:49.672,0.24929,-0.60320,0.66144,0.30512,-0.64544,0.66144,0.20304,-0.80521,0.66144,0.17372,-0.84397,0.66144,0.10701,-0.76640,0.66144,0.12330,-0.74487,0.66144
2025-12-24 14:56:49.683,0.24929,-0.60320,0.66144,0.30512,-0.64544,0.66144,0.20304,-0.80521,0.66144,0.17372,-0.84397,0.66144,0.10701,-0.76640,0.66144,0.12330,-0.74487,0.66144
2025-12-24 14:56:49.683,0.24929,-0.60320,0.66144,0.30512,-0.64544,0.66144,0.20304,-0.80521,0.66144,0.17372,-0.84397,0.66144,0.10701,-0.76640,0.66144,0.12330,-0.74487,0.66144
2025-12-24 14:56:49.689,0.24929,-0.60320,0.66144,0.30512,-0.64544,0.66144,0.20304,-0.80521,0.66144,0.17372,-0.84397,0.66144,0.10701,-0.76640,0.66144,0.12330,-0.74487,0.66144
2025-12-24 14:56:49.689,0.24929,-0.60320,0.66144,0.30512,-0.64544,0.66144,0.20304,-0.80521,0.66144,0.17372,-0.84397,0.66144,0.10701,-0.76640,0.66144,0.12330,-0.74487,0.66144
2025-12-24 14:56:49.701,0.24929,-0.60320,0.66144,0.30512,-0.64544,0.66144,0.20304,-0.80521,0.66144,0.17372,-0.84397,0.66144,0.10701,-0.76640,0.66144,0.12330,-0.74487,0.66144
2025-12-24 14:56:49.701,0.24929,-0.60320,0.66144,0.30512,-0.64544,0.66144,0.20304,-0.80521,0.66144,0.17372,-0.84397,0.66144,0.10701,-0.76640,0.66144,0.12330,-0.74487,0.66144
2025-12-24 14:56:49.715,0.24929,-0.60320,0.66144,0.30512,-0.64544,0.66144,0.20304,-0.80521,0.66144,0.17372,-0.84397,0.66144,0.10701,-0.76640,0.66144,0.12330,-0.74487,0.66144
2025-12-24 14:56:49.715,0.24929,-0.60320,0.66144,0.30512,-0.64544,0.66144,0.20304,-0.80521,0.66144,0.17372,-0.84397,0.66144,0.10701,-0.76640,0.66144,0.12330,-0.74487,0.66144
2025-12-24 14:56:49.726,0.24929,-0.60320,0.66144,0.30512,-0.64544,0.66144,0.20304,-0.80521,0.66144,0.17372,-0.84397,0.66144,0.10701,-0.76640,0.66144,0.12330,-0.74487,0.66144
2025-12-24 14:56:49.739,0.24929,-0.60320,0.66144,0.30512,-0.64544,0.66144,0.20304,-0.80521,0.66144,0.17372,-0.84397,0.66144,0.10701,-0.76640,0.66144,0.12330,-0.74487,0.66144
2025-12-24 14:56:49.741,0.24929,-0.60320,0.66144,0.30512,-0.64544,0.66144,0.20304,-0.80521,0.66144,0.17372,-0.84397,0.66144,0.10701,-0.76640,0.66144,0.12330,-0.74487,0.66144
2025-12-24 14:56:49.751,0.24929,-0.60320,0.66144,0.30512,-0.64544,0.66144,0.20304,-0.80521,0.66144,0.17372,-0.84397,0.66144,0.10701,-0.76640,0.66144,0.12330,-0.74487,0.66144
2025-12-24 14:56:49.756,0.24929,-0.60320,0.66144,0.30512,-0.64544,0.66144,0.20304,-0.80521,0.66144,0.17372,-0.84397,0.66144,0.10701,-0.76640,0.66144,0.12330,-0.74487,0.66144
2025-12-24 14:56:49.756,0.24929,-0.60320,0.66144,0.30512,-0.64544,0.66144,0.20304,-0.80521,0.66144,0.17372,-0.84397,0.66144,0.10701,-0.76640,0.66144,0.12330,-0.74487,0.66144
2025-12-24 14:56:49.763,0.24929,-0.60320,0.66144,0.30512,-0.64544,0.66144,0.20304,-0.80521,0.66144,0.17372,-0.84397,0.66144,0.10701,-0.76640,0.66144,0.12330,-0.74487,0.66144
2025-12-24 14:56:49.769,0.24929,-0.60320,0.66144,0.30512,-0.64544,0.66144,0.20304,-0.80521,0.66144,0.17372,-0.84397,0.66144,0.10701,-0.76640,0.66144,0.12330,-0.74487,0.66144
2025-12-24 14:56:49.773,0.24929,-0.60320,0.66144,0.30512,-0.64544,0.66144,0.20304,-0.80521,0.66144,0.17372,-0.84397,0.66144,0.10701,-0.76640,0.66144,0.12330,-0.74487,0.66144
2025-12-24 14:56:49.779,0.24929,-0.60320,0.66144,0.30512,-0.64544,0.66144,0.20304,-0.80521,0.66144,0.17372,-0.84397,0.66144,0.10701,-0.76640,0.66144,0.12330,-0.74487,0.66144
2025-12-24 14:56:49.784,0.24929,-0.60320,0.66144,0.30512,-0.64544,0.66144,0.20304,-0.80521,0.66144,0.17372,-0.84397,0.66144,0.10701,-0.76640,0.66144,0.12330,-0.74487,0.66144
2025-12-24 14:56:49.791,0.24929,-0.60320,0.66144,0.30512,-0.64544,0.66144,0.20304,-0.80521,0.66144,0.17372,-0.84397,0.66144,0.10701,-0.76640,0.66144,0.12330,-0.74487,0.66144
2025-12-24 14:56:49.802,0.24929,-0.60320,0.66144,0.30512,-0.64544,0.66144,0.20304,-0.80521,0.66144,0.17372,-0.84397,0.66144,0.10701,-0.76640,0.66144,0.12330,-0.74487,0.66144
2025-12-24 14:56:49.802,0.24929,-0.60320,0.66144,0.30512,-0.64544,0.66144,0.20304,-0.80521,0.66144,0.17372,-0.84397,0.66144,0.10701,-0.76640,0.66144,0.12330,-0.74487,0.66144
2025-12-24 14:56:49.809,0.24929,-0.60320,0.66144,0.30512,-0.64544,0.66144,0.20304,-0.80521,0.66144,0.17372,-0.84397,0.66144,0.10701,-0.76640,0.66144,0.12330,-0.74487,0.66144
2025-12-24 14:56:49.819,0.24929,-0.60320,0.66144,0.30512,-0.64544,0.66144,0.20304,-0.80521,0.66144,0.17372,-0.84397,0.66144,0.10701,-0.76640,0.66144,0.12330,-0.74487,0.66144
2025-12-24 14:56:49.828,0.24929,-0.60320,0.66144,0.30512,-0.64544,0.66144,0.20304,-0.80521,0.66144,0.17372,-0.84397,0.66144,0.10701,-0.76640,0.66144,0.12330,-0.74487,0.66144
2025-12-24 14:56:49.830,0.24929,-0.60320,0.66144,0.30512,-0.64544,0.66144,0.20304,-0.80521,0.66144,0.17372,-0.84397,0.66144,0.10701,-0.76640,0.66144,0.12330,-0.74487,0.66144
2025-12-24 14:56:49.834,0.24929,-0.60320,0.66144,0.30512,-0.64544,0.66144,0.20304,-0.80521,0.66144,0.17372,-0.84397,0.66144,0.10701,-0.76640,0.66144,0.12330,-0.74487,0.66144
2025-12-24 14:56:49.851,0.24929,-0.60320,0.66144,0.30512,-0.64544,0.66144,0.20304,-0.80521,0.66144,0.17372,-0.84397,0.66144,0.10701,-0.76640,0.66144,0.12330,-0.74487,0.66144
2025-12-24 14:56:49.851,0.24929,-0.60320,0.66144,0.30512,-0.64544,0.66144,0.20304,-0.80521,0.66144,0.17372,-0.84397,0.66144,0.10701,-0.76640,0.66144,0.12330,-0.74487,0.66144
2025-12-24 14:56:49.851,0.24929,-0.60320,0.66144,0.30512,-0.64544,0.66144,0.20304,-0.80521,0.66144,0.17372,-0.84397,0.66144,0.10701,-0.76640,0.66144,0.12330,-0.74487,0.66144
2025-12-24 14:56:49.857,0.24929,-0.60320,0.66144,0.30512,-0.64544,0.66144,0.20304,-0.80521,0.66144,0.17372,-0.84397,0.66144,0.10701,-0.76640,0.66144,0.12330,-0.74487,0.66144
2025-12-24 14:56:49.870,0.24929,-0.60320,0.66144,0.30512,-0.64544,0.66144,0.20304,-0.80521,0.66144,0.17372,-0.84397,0.66144,0.10701,-0.76640,0.66144,0.12330,-0.74487,0.66144
2025-12-24 14:56:49.870,0.24929,-0.60320,0.66144,0.30512,-0.64544,0.66144,0.20304,-0.80521,0.66144,0.17372,-0.84397,0.66144,0.10701,-0.76640,0.66144,0.12330,-0.74487,0.66144
2025-12-24 14:56:49.878,0.24929,-0.60320,0.66144,0.30512,-0.64544,0.66144,0.20304,-0.80521,0.66144,0.17372,-0.84397,0.66144,0.10701,-0.76640,0.66144,0.12330,-0.74487,0.66144
2025-12-24 14:56:49.880,0.24929,-0.60320,0.66144,0.30512,-0.64544,0.66144,0.20304,-0.80521,0.66144,0.17372,-0.84397,0.66144,0.10701,-0.76640,0.66144,0.12330,-0.74487,0.66144
2025-12-24 14:56:49.904,0.24929,-0.60320,0.66144,0.30512,-0.64544,0.66144,0.20304,-0.80521,0.66144,0.17372,-0.84397,0.66144,0.10701,-0.76640,0.66144,0.12330,-0.74487,0.66144
2025-12-24 14:56:49.904,0.24929,-0.60320,0.66144,0.30512,-0.64544,0.66144,0.20304,-0.80521,0.66144,0.17372,-0.84397,0.66144,0.10701,-0.76640,0.66144,0.12330,-0.74487,0.66144
2025-12-24 14:56:49.914,0.24929,-0.60320,0.66144,0.30512,-0.64544,0.66144,0.20304,-0.80521,0.66144,0.17372,-0.84397,0.66144,0.10701,-0.76640,0.66144,0.12330,-0.74487,0.66144
2025-12-24 14:56:49.914,0.24929,-0.60320,0.66144,0.30512,-0.64544,0.66144,0.20304,-0.80521,0.66144,0.17372,-0.84397,0.66144,0.10701,-0.76640,0.66144,0.12330,-0.74487,0.66144
2025-12-24 14:56:49.914,0.24929,-0.60320,0.66144,0.30512,-0.64544,0.66144,0.20304,-0.80521,0.66144,0.17372,-0.84397,0.66144,0.10701,-0.76640,0.66144,0.12330,-0.74487,0.66144
2025-12-24 14:56:50.015,0.24929,-0.60320,0.66144,0.30512,-0.64544,0.66144,0.20304,-0.80521,0.66144,0.17372,-0.84397,0.66144,0.10701,-0.76640,0.66144,0.12330,-0.74487,0.66144
2025-12-24 14:56:50.015,0.24929,-0.60320,0.66144,0.30512,-0.64544,0.66144,0.20304,-0.80521,0.66144,0.17372,-0.84397,0.66144,0.10701,-0.76640,0.66144,0.12330,-0.74487,0.66144
2025-12-24 14:56:50.015,0.24929,-0.60320,0.66144,0.30512,-0.64544,0.66144,0.20304,-0.80521,0.66144,0.17372,-0.84397,0.66144,0.10701,-0.76640,0.66144,0.12330,-0.74487,0.66144
2025-12-24 14:56:50.015,0.24929,-0.60320,0.66144,0.30512,-0.64544,0.66144,0.20304,-0.80521,0.66144,0.17372,-0.84397,0.66144,0.10701,-0.76640,0.66144,0.12330,-0.74487,0.66144
2025-12-24 14:56:50.015,0.24929,-0.60320,0.66144,0.30512,-0.64544,0.66144,0.20304,-0.80521,0.66144,0.17372,-0.84397,0.66144,0.10701,-0.76640,0.66144,0.12330,-0.74487,0.66144
2025-12-24 14:56:50.020,0.24929,-0.60320,0.66144,0.30512,-0.64544,0.66144,0.20304,-0.80521,0.66144,0.17372,-0.84397,0.66144,0.10701,-0.76640,0.66144,0.12330,-0.74487,0.66144
2025-12-24 14:56:50.020,0.24929,-0.60320,0.66144,0.30512,-0.64544,0.66144,0.20304,-0.80521,0.66144,0.17372,-0.84397,0.66144,0.10701,-0.76640,0.66144,0.12330,-0.74487,0.66144
2025-12-24 14:56:50.020,0.24929,-0.60320,0.66144,0.30512,-0.64544,0.66144,0.20304,-0.80521,0.66144,0.17372,-0.84397,0.66144,0.10701,-0.76640,0.66144,0.12330,-0.74487,0.66144
2025-12-24 14:56:50.021,0.24929,-0.60320,0.66144,0.30512,-0.64544,0.66144,0.20304,-0.80521,0.66144,0.17372,-0.84397,0.66144,0.10701,-0.76640,0.66144,0.12330,-0.74487,0.66144
2025-12-24 14:56:50.021,0.24929,-0.60320,0.66144,0.30512,-0.64544,0.66144,0.20304,-0.80521,0.66144,0.17372,-0.84397,0.66144,0.10701,-0.76640,0.66144,0.12330,-0.74487,0.66144
2025-12-24 14:56:50.021,0.24929,-0.60320,0.66144,0.30512,-0.64544,0.66144,0.20304,-0.80521,0.66144,0.17372,-0.84397,0.66144,0.10701,-0.76640,0.66144,0.12330,-0.74487,0.66144
2025-12-24 14:56:50.021,0.24929,-0.60320,0.66144,0.30512,-0.64544,0.66144,0.20304,-0.80521,0.66144,0.17372,-0.84397,0.66144,0.10701,-0.76640,0.66144,0.12330,-0.74487,0.66144
2025-12-24 14:56:50.021,0.24929,-0.60320,0.66144,0.30512,-0.64544,0.66144,0.20304,-0.80521,0.66144,0.17372,-0.84397,0.66144,0.10701,-0.76640,0.66144,0.12330,-0.74487,0.66144
2025-12-24 14:56:50.021,0.24929,-0.60320,0.66144,0.30512,-0.64544,0.66144,0.20304,-0.80521,0.66144,0.17372,-0.84397,0.66144,0.10701,-0.76640,0.66144,0.12330,-0.74487,0.66144
2025-12-24 14:56:50.021,0.24929,-0.60320,0.66144,0.30512,-0.64544,0.66144,0.20304,-0.80521,0.66144,0.17372,-0.84397,0.66144,0.10701,-0.76640,0.66144,0.12330,-0.74487,0.66144
2025-12-24 14:56:50.021,0.24929,-0.60320,0.66144,0.30512,-0.64544,0.66144,0.20304,-0.80521,0.66144,0.17372,-0.84397,0.66144,0.10701,-0.76640,0.66144,0.12330,-0.74487,0.66144
2025-12-24 14:56:50.021,0.24929,-0.60320,0.66144,0.30512,-0.64544,0.66144,0.20304,-0.80521,0.66144,0.17372,-0.84397,0.66144,0.10701,-0.76640,0.66144,0.12330,-0.74487,0.66144
2025-12-24 14:56:50.021,0.24929,-0.60320,0.66144,0.30512,-0.64544,0.66144,0.20304,-0.80521,0.66144,0.17372,-0.84397,0.66144,0.10701,-0.76640,0.66144,0.12330,-0.74487,0.66144
2025-12-24 14:56:50.026,0.24929,-0.60320,0.66144,0.30512,-0.64544,0.66144,0.20304,-0.80521,0.66144,0.17372,-0.84397,0.66144,0.10701,-0.76640,0.66144,0.12330,-0.74487,0.66144
2025-12-24 14:56:50.038,0.24929,-0.60320,0.66144,0.30512,-0.64544,0.66144,0.20304,-0.80521,0.66144,0.17372,-0.84397,0.66144,0.10701,-0.76640,0.66144,0.12330,-0.74487,0.66144
2025-12-24 14:56:50.042,0.24929,-0.60320,0.66144,0.30512,-0.64544,0.66144,0.20304,-0.80521,0.66144,0.17372,-0.84397,0.66144,0.10701,-0.76640,0.66144,0.12330,-0.74487,0.66144
2025-12-24 14:56:50.042,0.24929,-0.60320,0.66144,0.30512,-0.64544,0.66144,0.20304,-0.80521,0.66144,0.17372,-0.84397,0.66144,0.10701,-0.76640,0.66144,0.12330,-0.74487,0.66144
2025-12-24 14:56:50.083,0.24929,-0.60320,0.66144,0.30512,-0.64544,0.66144,0.20304,-0.80521,0.66144,0.17372,-0.84397,0.66144,0.10701,-0.76640,0.66144,0.12330,-0.74487,0.66144
2025-12-24 14:56:50.083,0.24929,-0.60320,0.66144,0.30512,-0.64544,0.66144,0.20304,-0.80521,0.66144,0.17372,-0.84397,0.66144,0.10701,-0.76640,0.66144,0.12330,-0.74487,0.66144
2025-12-24 14:56:50.083,0.24929,-0.60320,0.66144,0.30512,-0.64544,0.66144,0.20304,-0.80521,0.66144,0.17372,-0.84397,0.66144,0.10701,-0.76640,0.66144,0.12330,-0.74487,0.66144
2025-12-24 14:56:50.084,0.24929,-0.60320,0.66144,0.30512,-0.64544,0.66144,0.20304,-0.80521,0.66144,0.17372,-0.84397,0.66144,0.10701,-0.76640,0.66144,0.12330,-0.74487,0.66144
2025-12-24 14:56:50.084,0.24929,-0.60320,0.66144,0.30512,-0.64544,0.66144,0.20304,-0.80521,0.66144,0.17372,-0.84397,0.66144,0.10701,-0.76640,0.66144,0.12330,-0.74487,0.66144
2025-12-24 14:56:50.084,0.24929,-0.60320,0.66144,0.30512,-0.64544,0.66144,0.20304,-0.80521,0.66144,0.17372,-0.84397,0.66144,0.10701,-0.76640,0.66144,0.12330,-0.74487,0.66144
2025-12-24 14:56:50.090,0.24929,-0.60320,0.66144,0.30512,-0.64544,0.66144,0.20304,-0.80521,0.66144,0.17372,-0.84397,0.66144,0.10701,-0.76640,0.66144,0.12330,-0.74487,0.66144
2025-12-24 14:56:50.090,0.24929,-0.60320,0.66144,0.30512,-0.64544,0.66144,0.20304,-0.80521,0.66144,0.17372,-0.84397,0.66144,0.10701,-0.76640,0.66144,0.12330,-0.74487,0.66144
2025-12-24 14:56:50.103,0.24929,-0.60320,0.66144,0.30512,-0.64544,0.66144,0.20304,-0.80521,0.66144,0.17372,-0.84397,0.66144,0.10701,-0.76640,0.66144,0.12330,-0.74487,0.66144
2025-12-24 14:56:50.103,0.24929,-0.60320,0.66144,0.30512,-0.64544,0.66144,0.20304,-0.80521,0.66144,0.17372,-0.84397,0.66144,0.10701,-0.76640,0.66144,0.12330,-0.74487,0.66144
2025-12-24 14:56:50.218,0.24929,-0.60320,0.66144,0.30512,-0.64544,0.66144,0.20304,-0.80521,0.66144,0.17372,-0.84397,0.66144,0.10701,-0.76640,0.66144,0.12330,-0.74487,0.66144
2025-12-24 14:56:50.218,0.24929,-0.60320,0.66144,0.30512,-0.64544,0.66144,0.20304,-0.80521,0.66144,0.17372,-0.84397,0.66144,0.10701,-0.76640,0.66144,0.12330,-0.74487,0.66144
2025-12-24 14:56:50.218,0.24929,-0.60320,0.66144,0.30512,-0.64544,0.66144,0.20304,-0.80521,0.66144,0.17372,-0.84397,0.66144,0.10701,-0.76640,0.66144,0.12330,-0.74487,0.66144
2025-12-24 14:56:50.218,0.24929,-0.60320,0.66144,0.30512,-0.64544,0.66144,0.20304,-0.80521,0.66144,0.17372,-0.84397,0.66144,0.10701,-0.76640,0.66144,0.12330,-0.74487,0.66144
2025-12-24 14:56:50.218,0.24929,-0.60320,0.66144,0.30512,-0.64544,0.66144,0.20304,-0.80521,0.66144,0.17372,-0.84397,0.66144,0.10701,-0.76640,0.66144,0.12330,-0.74487,0.66144
2025-12-24 14:56:50.218,0.24929,-0.60320,0.66144,0.30512,-0.64544,0.66144,0.20304,-0.80521,0.66144,0.17372,-0.84397,0.66144,0.10701,-0.76640,0.66144,0.12330,-0.74487,0.66144
2025-12-24 14:56:50.218,0.24929,-0.60320,0.66144,0.30512,-0.64544,0.66144,0.20304,-0.80521,0.66144,0.17372,-0.84397,0.66144,0.10701,-0.76640,0.66144,0.12330,-0.74487,0.66144
2025-12-24 14:56:50.218,0.24929,-0.60320,0.66144,0.30512,-0.64544,0.66144,0.20304,-0.80521,0.66144,0.17372,-0.84397,0.66144,0.10701,-0.76640,0.66144,0.12330,-0.74487,0.66144
2025-12-24 14:56:50.218,0.24929,-0.60320,0.66144,0.30512,-0.64544,0.66144,0.20304,-0.80521,0.66144,0.17372,-0.84397,0.66144,0.10701,-0.76640,0.66144,0.12330,-0.74487,0.66144
2025-12-24 14:56:50.218,0.24929,-0.60320,0.66144,0.30512,-0.64544,0.66144,0.20304,-0.80521,0.66144,0.17372,-0.84397,0.66144,0.10701,-0.76640,0.66144,0.12330,-0.74487,0.66144
2025-12-24 14:56:50.221,0.24929,-0.60320,0.66144,0.30512,-0.64544,0.66144,0.20304,-0.80521,0.66144,0.17372,-0.84397,0.66144,0.10701,-0.76640,0.66144,0.12330,-0.74487,0.66144
2025-12-24 14:56:50.221,0.24929,-0.60320,0.66144,0.30512,-0.64544,0.66144,0.20304,-0.80521,0.66144,0.17372,-0.84397,0.66144,0.10701,-0.76640,0.66144,0.12330,-0.74487,0.66144
2025-12-24 14:56:50.221,0.24929,-0.60320,0.66144,0.30512,-0.64544,0.66144,0.20304,-0.80521,0.66144,0.17372,-0.84397,0.66144,0.10701,-0.76640,0.66144,0.12330,-0.74487,0.66144
2025-12-24 14:56:50.221,0.24929,-0.60320,0.66144,0.30512,-0.64544,0.66144,0.20304,-0.80521,0.66144,0.17372,-0.84397,0.66144,0.10701,-0.76640,0.66144,0.12330,-0.74487,0.66144
2025-12-24 14:56:50.222,0.24929,-0.60320,0.66144,0.30512,-0.64544,0.66144,0.20304,-0.80521,0.66144,0.17372,-0.84397,0.66144,0.10701,-0.76640,0.66144,0.12330,-0.74487,0.66144
2025-12-24 14:56:50.222,0.24929,-0.60320,0.66144,0.30512,-0.64544,0.66144,0.20304,-0.80521,0.66144,0.17372,-0.84397,0.66144,0.10701,-0.76640,0.66144,0.12330,-0.74487,0.66144
2025-12-24 14:56:50.222,0.24929,-0.60320,0.66144,0.30512,-0.64544,0.66144,0.20304,-0.80521,0.66144,0.17372,-0.84397,0.66144,0.10701,-0.76640,0.66144,0.12330,-0.74487,0.66144
2025-12-24 14:56:50.222,0.24929,-0.60320,0.66144,0.30512,-0.64544,0.66144,0.20304,-0.80521,0.66144,0.17372,-0.84397,0.66144,0.10701,-0.76640,0.66144,0.12330,-0.74487,0.66144
2025-12-24 14:56:50.222,0.24929,-0.60320,0.66144,0.30512,-0.64544,0.66144,0.20304,-0.80521,0.66144,0.17372,-0.84397,0.66144,0.10701,-0.76640,0.66144,0.12330,-0.74487,0.66144
2025-12-24 14:56:50.224,0.24929,-0.60320,0.66144,0.30512,-0.64544,0.66144,0.20304,-0.80521,0.66144,0.17372,-0.84397,0.66144,0.10701,-0.76640,0.66144,0.12330,-0.74487,0.66144
2025-12-24 14:56:50.228,0.24929,-0.60320,0.66144,0.30512,-0.64544,0.66144,0.20304,-0.80521,0.66144,0.17372,-0.84397,0.66144,0.10701,-0.76640,0.66144,0.12330,-0.74487,0.66144
2025-12-24 14:56:50.269,0.24929,-0.60320,0.66144,0.30512,-0.64544,0.66144,0.20304,-0.80521,0.66144,0.17372,-0.84397,0.66144,0.10701,-0.76640,0.66144,0.12330,-0.74487,0.66144
2025-12-24 14:56:50.269,0.24929,-0.60320,0.66144,0.30512,-0.64544,0.66144,0.20304,-0.80521,0.66144,0.17372,-0.84397,0.66144,0.10701,-0.76640,0.66144,0.12330,-0.74487,0.66144
2025-12-24 14:56:50.271,0.24929,-0.60320,0.66144,0.30512,-0.64544,0.66144,0.20304,-0.80521,0.66144,0.17372,-0.84397,0.66144,0.10701,-0.76640,0.66144,0.12330,-0.74487,0.66144
2025-12-24 14:56:50.272,0.24929,-0.60320,0.66144,0.30512,-0.64544,0.66144,0.20304,-0.80521,0.66144,0.17372,-0.84397,0.66144,0.10701,-0.76640,0.66144,0.12330,-0.74487,0.66144
2025-12-24 14:56:50.272,0.24929,-0.60320,0.66144,0.30512,-0.64544,0.66144,0.20304,-0.80521,0.66144,0.17372,-0.84397,0.66144,0.10701,-0.76640,0.66144,0.12330,-0.74487,0.66144
2025-12-24 14:56:50.272,0.24929,-0.60320,0.66144,0.30512,-0.64544,0.66144,0.20304,-0.80521,0.66144,0.17372,-0.84397,0.66144,0.10701,-0.76640,0.66144,0.12330,-0.74487,0.66144
2025-12-24 14:56:50.274,0.24929,-0.60320,0.66144,0.30512,-0.64544,0.66144,0.20304,-0.80521,0.66144,0.17372,-0.84397,0.66144,0.10701,-0.76640,0.66144,0.12330,-0.74487,0.66144
2025-12-24 14:56:50.274,0.24929,-0.60320,0.66144,0.30512,-0.64544,0.66144,0.20304,-0.80521,0.66144,0.17372,-0.84397,0.66144,0.10701,-0.76640,0.66144,0.12330,-0.74487,0.66144
2025-12-24 14:56:50.288,0.24929,-0.60320,0.66144,0.30512,-0.64544,0.66144,0.20304,-0.80521,0.66144,0.17372,-0.84397,0.66144,0.10701,-0.76640,0.66144,0.12330,-0.74487,0.66144
2025-12-24 14:56:50.337,0.24929,-0.60320,0.66144,0.30512,-0.64544,0.66144,0.20304,-0.80521,0.66144,0.17372,-0.84397,0.66144,0.10701,-0.76640,0.66144,0.12330,-0.74487,0.66144
2025-12-24 14:56:50.338,0.24929,-0.60320,0.66144,0.30512,-0.64544,0.66144,0.20304,-0.80521,0.66144,0.17372,-0.84397,0.66144,0.10701,-0.76640,0.66144,0.12330,-0.74487,0.66144
2025-12-24 14:56:50.338,0.24929,-0.60320,0.66144,0.30512,-0.64544,0.66144,0.20304,-0.80521,0.66144,0.17372,-0.84397,0.66144,0.10701,-0.76640,0.66144,0.12330,-0.74487,0.66144
2025-12-24 14:56:50.338,0.24929,-0.60320,0.66144,0.30512,-0.64544,0.66144,0.20304,-0.80521,0.66144,0.17372,-0.84397,0.66144,0.10701,-0.76640,0.66144,0.12330,-0.74487,0.66144
2025-12-24 14:56:50.338,0.24929,-0.60320,0.66144,0.30512,-0.64544,0.66144,0.20304,-0.80521,0.66144,0.17372,-0.84397,0.66144,0.10701,-0.76640,0.66144,0.12330,-0.74487,0.66144
2025-12-24 14:56:50.338,0.24929,-0.60320,0.66144,0.30512,-0.64544,0.66144,0.20304,-0.80521,0.66144,0.17372,-0.84397,0.66144,0.10701,-0.76640,0.66144,0.12330,-0.74487,0.66144
2025-12-24 14:56:50.338,0.24929,-0.60320,0.66144,0.30512,-0.64544,0.66144,0.20304,-0.80521,0.66144,0.17372,-0.84397,0.66144,0.10701,-0.76640,0.66144,0.12330,-0.74487,0.66144
2025-12-24 14:56:50.338,0.24929,-0.60320,0.66144,0.30512,-0.64544,0.66144,0.20304,-0.80521,0.66144,0.17372,-0.84397,0.66144,0.10701,-0.76640,0.66144,0.12330,-0.74487,0.66144
2025-12-24 14:56:50.345,0.24929,-0.60320,0.66144,0.30512,-0.64544,0.66144,0.20304,-0.80521,0.66144,0.17372,-0.84397,0.66144,0.10701,-0.76640,0.66144,0.12330,-0.74487,0.66144
2025-12-24 14:56:50.345,0.24929,-0.60320,0.66144,0.30512,-0.64544,0.66144,0.20304,-0.80521,0.66144,0.17372,-0.84397,0.66144,0.10701,-0.76640,0.66144,0.12330,-0.74487,0.66144
2025-12-24 14:56:50.355,0.24929,-0.60320,0.66144,0.30512,-0.64544,0.66144,0.20304,-0.80521,0.66144,0.17372,-0.84397,0.66144,0.10701,-0.76640,0.66144,0.12330,-0.74487,0.66144
2025-12-24 14:56:50.359,0.24929,-0.60320,0.66144,0.30512,-0.64544,0.66144,0.20304,-0.80521,0.66144,0.17372,-0.84397,0.66144,0.10701,-0.76640,0.66144,0.12330,-0.74487,0.66144
2025-12-24 14:56:50.369,0.24929,-0.60320,0.66144,0.30512,-0.64544,0.66144,0.20304,-0.80521,0.66144,0.17372,-0.84397,0.66144,0.10701,-0.76640,0.66144,0.12330,-0.74487,0.66144
2025-12-24 14:56:50.371,0.24929,-0.60320,0.66144,0.30512,-0.64544,0.66144,0.20304,-0.80521,0.66144,0.17372,-0.84397,0.66144,0.10701,-0.76640,0.66144,0.12330,-0.74487,0.66144
2025-12-24 14:56:50.407,0.24929,-0.60320,0.66144,0.30512,-0.64544,0.66144,0.20304,-0.80521,0.66144,0.17372,-0.84397,0.66144,0.10701,-0.76640,0.66144,0.12330,-0.74487,0.66144
2025-12-24 14:56:50.407,0.24929,-0.60320,0.66144,0.30512,-0.64544,0.66144,0.20304,-0.80521,0.66144,0.17372,-0.84397,0.66144,0.10701,-0.76640,0.66144,0.12330,-0.74487,0.66144
2025-12-24 14:56:50.407,0.24929,-0.60320,0.66144,0.30512,-0.64544,0.66144,0.20304,-0.80521,0.66144,0.17372,-0.84397,0.66144,0.10701,-0.76640,0.66144,0.12330,-0.74487,0.66144
2025-12-24 14:56:50.407,0.24929,-0.60320,0.66144,0.30512,-0.64544,0.66144,0.20304,-0.80521,0.66144,0.17372,-0.84397,0.66144,0.10701,-0.76640,0.66144,0.12330,-0.74487,0.66144
2025-12-24 14:56:50.407,0.24929,-0.60320,0.66144,0.30512,-0.64544,0.66144,0.20304,-0.80521,0.66144,0.17372,-0.84397,0.66144,0.10701,-0.76640,0.66144,0.12330,-0.74487,0.66144
2025-12-24 14:56:50.412,0.24929,-0.60320,0.66144,0.30512,-0.64544,0.66144,0.20304,-0.80521,0.66144,0.17372,-0.84397,0.66144,0.10701,-0.76640,0.66144,0.12330,-0.74487,0.66144
2025-12-24 14:56:50.412,0.24929,-0.60320,0.66144,0.30512,-0.64544,0.66144,0.20304,-0.80521,0.66144,0.17372,-0.84397,0.66144,0.10701,-0.76640,0.66144,0.12330,-0.74487,0.66144
2025-12-24 14:56:50.441,0.24929,-0.60320,0.66144,0.30512,-0.64544,0.66144,0.20304,-0.80521,0.66144,0.17372,-0.84397,0.66144,0.10701,-0.76640,0.66144,0.12330,-0.74487,0.66144
2025-12-24 14:56:50.441,0.24929,-0.60320,0.66144,0.30512,-0.64544,0.66144,0.20304,-0.80521,0.66144,0.17372,-0.84397,0.66144,0.10701,-0.76640,0.66144,0.12330,-0.74487,0.66144
2025-12-24 14:56:50.441,0.24929,-0.60320,0.66144,0.30512,-0.64544,0.66144,0.20304,-0.80521,0.66144,0.17372,-0.84397,0.66144,0.10701,-0.76640,0.66144,0.12330,-0.74487,0.66144
2025-12-24 14:56:50.441,0.24929,-0.60320,0.66144,0.30512,-0.64544,0.66144,0.20304,-0.80521,0.66144,0.17372,-0.84397,0.66144,0.10701,-0.76640,0.66144,0.12330,-0.74487,0.66144
2025-12-24 14:56:50.441,0.24929,-0.60320,0.66144,0.30512,-0.64544,0.66144,0.20304,-0.80521,0.66144,0.17372,-0.84397,0.66144,0.10701,-0.76640,0.66144,0.12330,-0.74487,0.66144
2025-12-24 14:56:50.447,0.24929,-0.60320,0.66144,0.30512,-0.64544,0.66144,0.20304,-0.80521,0.66144,0.17372,-0.84397,0.66144,0.10701,-0.76640,0.66144,0.12330,-0.74487,0.66144
2025-12-24 14:56:50.449,0.24929,-0.60320,0.66144,0.30512,-0.64544,0.66144,0.20304,-0.80521,0.66144,0.17372,-0.84397,0.66144,0.10701,-0.76640,0.66144,0.12330,-0.74487,0.66144
2025-12-24 14:56:50.461,0.24929,-0.60320,0.66144,0.30512,-0.64544,0.66144,0.20304,-0.80521,0.66144,0.17372,-0.84397,0.66144,0.10701,-0.76640,0.66144,0.12330,-0.74487,0.66144
2025-12-24 14:56:50.461,0.24929,-0.60320,0.66144,0.30512,-0.64544,0.66144,0.20304,-0.80521,0.66144,0.17372,-0.84397,0.66144,0.10701,-0.76640,0.66144,0.12330,-0.74487,0.66144
2025-12-24 14:56:50.472,0.24929,-0.60320,0.66144,0.30512,-0.64544,0.66144,0.20304,-0.80521,0.66144,0.17372,-0.84397,0.66144,0.10701,-0.76640,0.66144,0.12330,-0.74487,0.66144
2025-12-24 14:56:50.472,0.24929,-0.60320,0.66144,0.30512,-0.64544,0.66144,0.20304,-0.80521,0.66144,0.17372,-0.84397,0.66144,0.10701,-0.76640,0.66144,0.12330,-0.74487,0.66144
2025-12-24 14:56:50.483,0.24929,-0.60320,0.66144,0.30512,-0.64544,0.66144,0.20304,-0.80521,0.66144,0.17372,-0.84397,0.66144,0.10701,-0.76640,0.66144,0.12330,-0.74487,0.66144
2025-12-24 14:56:50.485,0.24929,-0.60320,0.66144,0.30512,-0.64544,0.66144,0.20304,-0.80521,0.66144,0.17372,-0.84397,0.66144,0.10701,-0.76640,0.66144,0.12330,-0.74487,0.66144
2025-12-24 14:56:50.505,0.24929,-0.60320,0.66144,0.30512,-0.64544,0.66144,0.20304,-0.80521,0.66144,0.17372,-0.84397,0.66144,0.10701,-0.76640,0.66144,0.12330,-0.74487,0.66144
2025-12-24 14:56:50.505,0.24929,-0.60320,0.66144,0.30512,-0.64544,0.66144,0.20304,-0.80521,0.66144,0.17372,-0.84397,0.66144,0.10701,-0.76640,0.66144,0.12330,-0.74487,0.66144
2025-12-24 14:56:50.508,0.24929,-0.60320,0.66144,0.30512,-0.64544,0.66144,0.20304,-0.80521,0.66144,0.17372,-0.84397,0.66144,0.10701,-0.76640,0.66144,0.12330,-0.74487,0.66144
2025-12-24 14:56:50.509,0.24929,-0.60320,0.66144,0.30512,-0.64544,0.66144,0.20304,-0.80521,0.66144,0.17372,-0.84397,0.66144,0.10701,-0.76640,0.66144,0.12330,-0.74487,0.66144
2025-12-24 14:56:50.518,0.24929,-0.60320,0.66144,0.30512,-0.64544,0.66144,0.20304,-0.80521,0.66144,0.17372,-0.84397,0.66144,0.10701,-0.76640,0.66144,0.12330,-0.74487,0.66144
2025-12-24 14:56:50.522,0.24929,-0.60320,0.66144,0.30512,-0.64544,0.66144,0.20304,-0.80521,0.66144,0.17372,-0.84397,0.66144,0.10701,-0.76640,0.66144,0.12330,-0.74487,0.66144
2025-12-24 14:56:50.531,0.24929,-0.60320,0.66144,0.30512,-0.64544,0.66144,0.20304,-0.80521,0.66144,0.17372,-0.84397,0.66144,0.10701,-0.76640,0.66144,0.12330,-0.74487,0.66144
2025-12-24 14:56:50.537,0.24929,-0.60320,0.66144,0.30512,-0.64544,0.66144,0.20304,-0.80521,0.66144,0.17372,-0.84397,0.66144,0.10701,-0.76640,0.66144,0.12330,-0.74487,0.66144
2025-12-24 14:56:50.547,0.24929,-0.60320,0.66144,0.30512,-0.64544,0.66144,0.20304,-0.80521,0.66144,0.17372,-0.84397,0.66144,0.10701,-0.76640,0.66144,0.12330,-0.74487,0.66144
2025-12-24 14:56:50.547,0.24929,-0.60320,0.66144,0.30512,-0.64544,0.66144,0.20304,-0.80521,0.66144,0.17372,-0.84397,0.66144,0.10701,-0.76640,0.66144,0.12330,-0.74487,0.66144
2025-12-24 14:56:50.551,0.24929,-0.60320,0.66144,0.30512,-0.64544,0.66144,0.20304,-0.80521,0.66144,0.17372,-0.84397,0.66144,0.10701,-0.76640,0.66144,0.12330,-0.74487,0.66144
2025-12-24 14:56:50.570,0.24929,-0.60320,0.66144,0.30512,-0.64544,0.66144,0.20304,-0.80521,0.66144,0.17372,-0.84397,0.66144,0.10701,-0.76640,0.66144,0.12330,-0.74487,0.66144
2025-12-24 14:56:50.570,0.24929,-0.60320,0.66144,0.30512,-0.64544,0.66144,0.20304,-0.80521,0.66144,0.17372,-0.84397,0.66144,0.10701,-0.76640,0.66144,0.12330,-0.74487,0.66144
2025-12-24 14:56:50.570,0.24929,-0.60320,0.66144,0.30512,-0.64544,0.66144,0.20304,-0.80521,0.66144,0.17372,-0.84397,0.66144,0.10701,-0.76640,0.66144,0.12330,-0.74487,0.66144
2025-12-24 14:56:50.575,0.24929,-0.60320,0.66144,0.30512,-0.64544,0.66144,0.20304,-0.80521,0.66144,0.17372,-0.84397,0.66144,0.10701,-0.76640,0.66144,0.12330,-0.74487,0.66144
2025-12-24 14:56:50.585,0.24929,-0.60320,0.66144,0.30512,-0.64544,0.66144,0.20304,-0.80521,0.66144,0.17372,-0.84397,0.66144,0.10701,-0.76640,0.66144,0.12330,-0.74487,0.66144
2025-12-24 14:56:50.588,0.24929,-0.60320,0.66144,0.30512,-0.64544,0.66144,0.20304,-0.80521,0.66144,0.17372,-0.84397,0.66144,0.10701,-0.76640,0.66144,0.12330,-0.74487,0.66144
2025-12-24 14:56:50.594,0.24929,-0.60320,0.66144,0.30512,-0.64544,0.66144,0.20304,-0.80521,0.66144,0.17372,-0.84397,0.66144,0.10701,-0.76640,0.66144,0.12330,-0.74487,0.66144
2025-12-24 14:56:50.605,0.24929,-0.60320,0.66144,0.30512,-0.64544,0.66144,0.20304,-0.80521,0.66144,0.17372,-0.84397,0.66144,0.10701,-0.76640,0.66144,0.12330,-0.74487,0.66144
2025-12-24 14:56:50.610,0.24929,-0.60320,0.66144,0.30512,-0.64544,0.66144,0.20304,-0.80521,0.66144,0.17372,-0.84397,0.66144,0.10701,-0.76640,0.66144,0.12330,-0.74487,0.66144
2025-12-24 14:56:50.612,0.24929,-0.60320,0.66144,0.30512,-0.64544,0.66144,0.20304,-0.80521,0.66144,0.17372,-0.84397,0.66144,0.10701,-0.76640,0.66144,0.12330,-0.74487,0.66144
2025-12-24 14:56:50.622,0.24929,-0.60320,0.66144,0.30512,-0.64544,0.66144,0.20304,-0.80521,0.66144,0.17372,-0.84397,0.66144,0.10701,-0.76640,0.66144,0.12330,-0.74487,0.66144
2025-12-24 14:56:50.625,0.24929,-0.60320,0.66144,0.30512,-0.64544,0.66144,0.20304,-0.80521,0.66144,0.17372,-0.84397,0.66144,0.10701,-0.76640,0.66144,0.12330,-0.74487,0.66144
2025-12-24 14:56:50.634,0.24929,-0.60320,0.66144,0.30512,-0.64544,0.66144,0.20304,-0.80521,0.66144,0.17372,-0.84397,0.66144,0.10701,-0.76640,0.66144,0.12330,-0.74487,0.66144
2025-12-24 14:56:50.634,0.24929,-0.60320,0.66144,0.30512,-0.64544,0.66144,0.20304,-0.80521,0.66144,0.17372,-0.84397,0.66144,0.10701,-0.76640,0.66144,0.12330,-0.74487,0.66144
2025-12-24 14:56:50.642,0.24929,-0.60320,0.66144,0.30512,-0.64544,0.66144,0.20304,-0.80521,0.66144,0.17372,-0.84397,0.66144,0.10701,-0.76640,0.66144,0.12330,-0.74487,0.66144
2025-12-24 14:56:50.642,0.24929,-0.60320,0.66144,0.30512,-0.64544,0.66144,0.20304,-0.80521,0.66144,0.17372,-0.84397,0.66144,0.10701,-0.76640,0.66144,0.12330,-0.74487,0.66144
2025-12-24 14:56:50.656,0.24929,-0.60320,0.66144,0.30512,-0.64544,0.66144,0.20304,-0.80521,0.66144,0.17372,-0.84397,0.66144,0.10701,-0.76640,0.66144,0.12330,-0.74487,0.66144
2025-12-24 14:56:50.659,0.24929,-0.60320,0.66144,0.30512,-0.64544,0.66144,0.20304,-0.80521,0.66144,0.17372,-0.84397,0.66144,0.10701,-0.76640,0.66144,0.12330,-0.74487,0.66144
2025-12-24 14:56:50.685,0.24929,-0.60320,0.66144,0.30512,-0.64544,0.66144,0.20304,-0.80521,0.66144,0.17372,-0.84397,0.66144,0.10701,-0.76640,0.66144,0.12330,-0.74487,0.66144
2025-12-24 14:56:50.685,0.24929,-0.60320,0.66144,0.30512,-0.64544,0.66144,0.20304,-0.80521,0.66144,0.17372,-0.84397,0.66144,0.10701,-0.76640,0.66144,0.12330,-0.74487,0.66144
2025-12-24 14:56:50.685,0.24929,-0.60320,0.66144,0.30512,-0.64544,0.66144,0.20304,-0.80521,0.66144,0.17372,-0.84397,0.66144,0.10701,-0.76640,0.66144,0.12330,-0.74487,0.66144
2025-12-24 14:56:50.685,0.24929,-0.60320,0.66144,0.30512,-0.64544,0.66144,0.20304,-0.80521,0.66144,0.17372,-0.84397,0.66144,0.10701,-0.76640,0.66144,0.12330,-0.74487,0.66144
2025-12-24 14:56:50.690,0.24929,-0.60320,0.66144,0.30512,-0.64544,0.66144,0.20304,-0.80521,0.66144,0.17372,-0.84397,0.66144,0.10701,-0.76640,0.66144,0.12330,-0.74487,0.66144
2025-12-24 14:56:50.700,0.24929,-0.60320,0.66144,0.30512,-0.64544,0.66144,0.20304,-0.80521,0.66144,0.17372,-0.84397,0.66144,0.10701,-0.76640,0.66144,0.12330,-0.74487,0.66144
2025-12-24 14:56:50.707,0.24929,-0.60320,0.66144,0.30512,-0.64544,0.66144,0.20304,-0.80521,0.66144,0.17372,-0.84397,0.66144,0.10701,-0.76640,0.66144,0.12330,-0.74487,0.66144
2025-12-24 14:56:50.707,0.24929,-0.60320,0.66144,0.30512,-0.64544,0.66144,0.20304,-0.80521,0.66144,0.17372,-0.84397,0.66144,0.10701,-0.76640,0.66144,0.12330,-0.74487,0.66144
2025-12-24 14:56:50.719,0.24929,-0.60320,0.66144,0.30512,-0.64544,0.66144,0.20304,-0.80521,0.66144,0.17372,-0.84397,0.66144,0.10701,-0.76640,0.66144,0.12330,-0.74487,0.66144
2025-12-24 14:56:50.721,0.24929,-0.60320,0.66144,0.30512,-0.64544,0.66144,0.20304,-0.80521,0.66144,0.17372,-0.84397,0.66144,0.10701,-0.76640,0.66144,0.12330,-0.74487,0.66144
2025-12-24 14:56:50.735,0.24929,-0.60320,0.66144,0.30512,-0.64544,0.66144,0.20304,-0.80521,0.66144,0.17372,-0.84397,0.66144,0.10701,-0.76640,0.66144,0.12330,-0.74487,0.66144
2025-12-24 14:56:50.738,0.24929,-0.60320,0.66144,0.30512,-0.64544,0.66144,0.20304,-0.80521,0.66144,0.17372,-0.84397,0.66144,0.10701,-0.76640,0.66144,0.12330,-0.74487,0.66144
2025-12-24 14:56:50.751,0.24929,-0.60320,0.66144,0.30512,-0.64544,0.66144,0.20304,-0.80521,0.66144,0.17372,-0.84397,0.66144,0.10701,-0.76640,0.66144,0.12330,-0.74487,0.66144
2025-12-24 14:56:50.751,0.24929,-0.60320,0.66144,0.30512,-0.64544,0.66144,0.20304,-0.80521,0.66144,0.17372,-0.84397,0.66144,0.10701,-0.76640,0.66144,0.12330,-0.74487,0.66144
2025-12-24 14:56:50.754,0.24929,-0.60320,0.66144,0.30512,-0.64544,0.66144,0.20304,-0.80521,0.66144,0.17372,-0.84397,0.66144,0.10701,-0.76640,0.66144,0.12330,-0.74487,0.66144
2025-12-24 14:56:50.759,0.24929,-0.60320,0.66144,0.30512,-0.64544,0.66144,0.20304,-0.80521,0.66144,0.17372,-0.84397,0.66144,0.10701,-0.76640,0.66144,0.12330,-0.74487,0.66144
2025-12-24 14:56:50.771,0.24929,-0.60320,0.66144,0.30512,-0.64544,0.66144,0.20304,-0.80521,0.66144,0.17372,-0.84397,0.66144,0.10701,-0.76640,0.66144,0.12330,-0.74487,0.66144
2025-12-24 14:56:50.777,0.24929,-0.60320,0.66144,0.30512,-0.64544,0.66144,0.20304,-0.80521,0.66144,0.17372,-0.84397,0.66144,0.10701,-0.76640,0.66144,0.12330,-0.74487,0.66144
2025-12-24 14:56:50.777,0.24929,-0.60320,0.66144,0.30512,-0.64544,0.66144,0.20304,-0.80521,0.66144,0.17372,-0.84397,0.66144,0.10701,-0.76640,0.66144,0.12330,-0.74487,0.66144
2025-12-24 14:56:50.783,0.24929,-0.60320,0.66144,0.30512,-0.64544,0.66144,0.20304,-0.80521,0.66144,0.17372,-0.84397,0.66144,0.10701,-0.76640,0.66144,0.12330,-0.74487,0.66144
2025-12-24 14:56:50.783,0.24929,-0.60320,0.66144,0.30512,-0.64544,0.66144,0.20304,-0.80521,0.66144,0.17372,-0.84397,0.66144,0.10701,-0.76640,0.66144,0.12330,-0.74487,0.66144
2025-12-24 14:56:50.794,0.24929,-0.60320,0.66144,0.30512,-0.64544,0.66144,0.20304,-0.80521,0.66144,0.17372,-0.84397,0.66144,0.10701,-0.76640,0.66144,0.12330,-0.74487,0.66144
2025-12-24 14:56:50.802,0.24929,-0.60320,0.66144,0.30512,-0.64544,0.66144,0.20304,-0.80521,0.66144,0.17372,-0.84397,0.66144,0.10701,-0.76640,0.66144,0.12330,-0.74487,0.66144
2025-12-24 14:56:50.808,0.24929,-0.60320,0.66144,0.30512,-0.64544,0.66144,0.20304,-0.80521,0.66144,0.17372,-0.84397,0.66144,0.10701,-0.76640,0.66144,0.12330,-0.74487,0.66144
2025-12-24 14:56:51.014,0.24929,-0.60320,0.66144,0.30512,-0.64544,0.66144,0.20304,-0.80521,0.66144,0.17372,-0.84397,0.66144,0.10701,-0.76640,0.66144,0.12330,-0.74487,0.66144
2025-12-24 14:56:51.014,0.24929,-0.60320,0.66144,0.30512,-0.64544,0.66144,0.20304,-0.80521,0.66144,0.17372,-0.84397,0.66144,0.10701,-0.76640,0.66144,0.12330,-0.74487,0.66144
2025-12-24 14:56:51.014,0.24929,-0.60320,0.66144,0.30512,-0.64544,0.66144,0.20304,-0.80521,0.66144,0.17372,-0.84397,0.66144,0.10701,-0.76640,0.66144,0.12330,-0.74487,0.66144
2025-12-24 14:56:51.015,0.24929,-0.60320,0.66144,0.30512,-0.64544,0.66144,0.20304,-0.80521,0.66144,0.17372,-0.84397,0.66144,0.10701,-0.76640,0.66144,0.12330,-0.74487,0.66144
2025-12-24 14:56:51.015,0.24929,-0.60320,0.66144,0.30512,-0.64544,0.66144,0.20304,-0.80521,0.66144,0.17372,-0.84397,0.66144,0.10701,-0.76640,0.66144,0.12330,-0.74487,0.66144
2025-12-24 14:56:51.015,0.24929,-0.60320,0.66144,0.30512,-0.64544,0.66144,0.20304,-0.80521,0.66144,0.17372,-0.84397,0.66144,0.10701,-0.76640,0.66144,0.12330,-0.74487,0.66144
2025-12-24 14:56:51.015,0.24929,-0.60320,0.66144,0.30512,-0.64544,0.66144,0.20304,-0.80521,0.66144,0.17372,-0.84397,0.66144,0.10701,-0.76640,0.66144,0.12330,-0.74487,0.66144
2025-12-24 14:56:51.015,0.24929,-0.60320,0.66144,0.30512,-0.64544,0.66144,0.20304,-0.80521,0.66144,0.17372,-0.84397,0.66144,0.10701,-0.76640,0.66144,0.12330,-0.74487,0.66144
2025-12-24 14:56:51.015,0.24929,-0.60320,0.66144,0.30512,-0.64544,0.66144,0.20304,-0.80521,0.66144,0.17372,-0.84397,0.66144,0.10701,-0.76640,0.66144,0.12330,-0.74487,0.66144
2025-12-24 14:56:51.015,0.24929,-0.60320,0.66144,0.30512,-0.64544,0.66144,0.20304,-0.80521,0.66144,0.17372,-0.84397,0.66144,0.10701,-0.76640,0.66144,0.12330,-0.74487,0.66144
2025-12-24 14:56:51.015,0.24929,-0.60320,0.66144,0.30512,-0.64544,0.66144,0.20304,-0.80521,0.66144,0.17372,-0.84397,0.66144,0.10701,-0.76640,0.66144,0.12330,-0.74487,0.66144
2025-12-24 14:56:51.015,0.24929,-0.60320,0.66144,0.30512,-0.64544,0.66144,0.20304,-0.80521,0.66144,0.17372,-0.84397,0.66144,0.10701,-0.76640,0.66144,0.12330,-0.74487,0.66144
2025-12-24 14:56:51.015,0.24929,-0.60320,0.66144,0.30512,-0.64544,0.66144,0.20304,-0.80521,0.66144,0.17372,-0.84397,0.66144,0.10701,-0.76640,0.66144,0.12330,-0.74487,0.66144
2025-12-24 14:56:51.017,0.24929,-0.60320,0.66144,0.30512,-0.64544,0.66144,0.20304,-0.80521,0.66144,0.17372,-0.84397,0.66144,0.10701,-0.76640,0.66144,0.12330,-0.74487,0.66144
2025-12-24 14:56:51.017,0.24929,-0.60320,0.66144,0.30512,-0.64544,0.66144,0.20304,-0.80521,0.66144,0.17372,-0.84397,0.66144,0.10701,-0.76640,0.66144,0.12330,-0.74487,0.66144
2025-12-24 14:56:51.017,0.24929,-0.60320,0.66144,0.30512,-0.64544,0.66144,0.20304,-0.80521,0.66144,0.17372,-0.84397,0.66144,0.10701,-0.76640,0.66144,0.12330,-0.74487,0.66144
2025-12-24 14:56:51.017,0.24929,-0.60320,0.66144,0.30512,-0.64544,0.66144,0.20304,-0.80521,0.66144,0.17372,-0.84397,0.66144,0.10701,-0.76640,0.66144,0.12330,-0.74487,0.66144
2025-12-24 14:56:51.017,0.24929,-0.60320,0.66144,0.30512,-0.64544,0.66144,0.20304,-0.80521,0.66144,0.17372,-0.84397,0.66144,0.10701,-0.76640,0.66144,0.12330,-0.74487,0.66144
2025-12-24 14:56:51.017,0.24929,-0.60320,0.66144,0.30512,-0.64544,0.66144,0.20304,-0.80521,0.66144,0.17372,-0.84397,0.66144,0.10701,-0.76640,0.66144,0.12330,-0.74487,0.66144
2025-12-24 14:56:51.017,0.24929,-0.60320,0.66144,0.30512,-0.64544,0.66144,0.20304,-0.80521,0.66144,0.17372,-0.84397,0.66144,0.10701,-0.76640,0.66144,0.12330,-0.74487,0.66144
2025-12-24 14:56:51.017,0.24929,-0.60320,0.66144,0.30512,-0.64544,0.66144,0.20304,-0.80521,0.66144,0.17372,-0.84397,0.66144,0.10701,-0.76640,0.66144,0.12330,-0.74487,0.66144
2025-12-24 14:56:51.017,0.24929,-0.60320,0.66144,0.30512,-0.64544,0.66144,0.20304,-0.80521,0.66144,0.17372,-0.84397,0.66144,0.10701,-0.76640,0.66144,0.12330,-0.74487,0.66144
2025-12-24 14:56:51.017,0.24929,-0.60320,0.66144,0.30512,-0.64544,0.66144,0.20304,-0.80521,0.66144,0.17372,-0.84397,0.66144,0.10701,-0.76640,0.66144,0.12330,-0.74487,0.66144
2025-12-24 14:56:51.017,0.24929,-0.60320,0.66144,0.30512,-0.64544,0.66144,0.20304,-0.80521,0.66144,0.17372,-0.84397,0.66144,0.10701,-0.76640,0.66144,0.12330,-0.74487,0.66144
2025-12-24 14:56:51.017,0.24929,-0.60320,0.66144,0.30512,-0.64544,0.66144,0.20304,-0.80521,0.66144,0.17372,-0.84397,0.66144,0.10701,-0.76640,0.66144,0.12330,-0.74487,0.66144
2025-12-24 14:56:51.017,0.24929,-0.60320,0.66144,0.30512,-0.64544,0.66144,0.20304,-0.80521,0.66144,0.17372,-0.84397,0.66144,0.10701,-0.76640,0.66144,0.12330,-0.74487,0.66144
2025-12-24 14:56:51.017,0.24929,-0.60320,0.66144,0.30512,-0.64544,0.66144,0.20304,-0.80521,0.66144,0.17372,-0.84397,0.66144,0.10701,-0.76640,0.66144,0.12330,-0.74487,0.66144
2025-12-24 14:56:51.017,0.24929,-0.60320,0.66144,0.30512,-0.64544,0.66144,0.20304,-0.80521,0.66144,0.17372,-0.84397,0.66144,0.10701,-0.76640,0.66144,0.12330,-0.74487,0.66144
2025-12-24 14:56:51.019,0.24929,-0.60320,0.66144,0.30512,-0.64544,0.66144,0.20304,-0.80521,0.66144,0.17372,-0.84397,0.66144,0.10701,-0.76640,0.66144,0.12330,-0.74487,0.66144
2025-12-24 14:56:51.019,0.24929,-0.60320,0.66144,0.30512,-0.64544,0.66144,0.20304,-0.80521,0.66144,0.17372,-0.84397,0.66144,0.10701,-0.76640,0.66144,0.12330,-0.74487,0.66144
2025-12-24 14:56:51.019,0.24929,-0.60320,0.66144,0.30512,-0.64544,0.66144,0.20304,-0.80521,0.66144,0.17372,-0.84397,0.66144,0.10701,-0.76640,0.66144,0.12330,-0.74487,0.66144
2025-12-24 14:56:51.019,0.24929,-0.60320,0.66144,0.30512,-0.64544,0.66144,0.20304,-0.80521,0.66144,0.17372,-0.84397,0.66144,0.10701,-0.76640,0.66144,0.12330,-0.74487,0.66144
2025-12-24 14:56:51.019,0.24929,-0.60320,0.66144,0.30512,-0.64544,0.66144,0.20304,-0.80521,0.66144,0.17372,-0.84397,0.66144,0.10701,-0.76640,0.66144,0.12330,-0.74487,0.66144
2025-12-24 14:56:51.019,0.24929,-0.60320,0.66144,0.30512,-0.64544,0.66144,0.20304,-0.80521,0.66144,0.17372,-0.84397,0.66144,0.10701,-0.76640,0.66144,0.12330,-0.74487,0.66144
2025-12-24 14:56:51.022,0.24929,-0.60320,0.66144,0.30512,-0.64544,0.66144,0.20304,-0.80521,0.66144,0.17372,-0.84397,0.66144,0.10701,-0.76640,0.66144,0.12330,-0.74487,0.66144
2025-12-24 14:56:51.022,0.24929,-0.60320,0.66144,0.30512,-0.64544,0.66144,0.20304,-0.80521,0.66144,0.17372,-0.84397,0.66144,0.10701,-0.76640,0.66144,0.12330,-0.74487,0.66144
2025-12-24 14:56:51.031,0.24929,-0.60320,0.66144,0.30512,-0.64544,0.66144,0.20304,-0.80521,0.66144,0.17372,-0.84397,0.66144,0.10701,-0.76640,0.66144,0.12330,-0.74487,0.66144
2025-12-24 14:56:51.039,0.24929,-0.60320,0.66144,0.30512,-0.64544,0.66144,0.20304,-0.80521,0.66144,0.17372,-0.84397,0.66144,0.10701,-0.76640,0.66144,0.12330,-0.74487,0.66144
2025-12-24 14:56:51.040,0.24929,-0.60320,0.66144,0.30512,-0.64544,0.66144,0.20304,-0.80521,0.66144,0.17372,-0.84397,0.66144,0.10701,-0.76640,0.66144,0.12330,-0.74487,0.66144
2025-12-24 14:56:51.040,0.24929,-0.60320,0.66144,0.30512,-0.64544,0.66144,0.20304,-0.80521,0.66144,0.17372,-0.84397,0.66144,0.10701,-0.76640,0.66144,0.12330,-0.74487,0.66144
2025-12-24 14:56:51.055,0.24929,-0.60320,0.66144,0.30512,-0.64544,0.66144,0.20304,-0.80521,0.66144,0.17372,-0.84397,0.66144,0.10701,-0.76640,0.66144,0.12330,-0.74487,0.66144
2025-12-24 14:56:51.055,0.24929,-0.60320,0.66144,0.30512,-0.64544,0.66144,0.20304,-0.80521,0.66144,0.17372,-0.84397,0.66144,0.10701,-0.76640,0.66144,0.12330,-0.74487,0.66144
2025-12-24 14:56:51.068,0.24929,-0.60320,0.66144,0.30512,-0.64544,0.66144,0.20304,-0.80521,0.66144,0.17372,-0.84397,0.66144,0.10701,-0.76640,0.66144,0.12330,-0.74487,0.66144
2025-12-24 14:56:51.068,0.24929,-0.60320,0.66144,0.30512,-0.64544,0.66144,0.20304,-0.80521,0.66144,0.17372,-0.84397,0.66144,0.10701,-0.76640,0.66144,0.12330,-0.74487,0.66144
2025-12-24 14:56:51.077,0.24929,-0.60320,0.66144,0.30512,-0.64544,0.66144,0.20304,-0.80521,0.66144,0.17372,-0.84397,0.66144,0.10701,-0.76640,0.66144,0.12330,-0.74487,0.66144
2025-12-24 14:56:51.082,0.24929,-0.60320,0.66144,0.30512,-0.64544,0.66144,0.20304,-0.80521,0.66144,0.17372,-0.84397,0.66144,0.10701,-0.76640,0.66144,0.12330,-0.74487,0.66144
2025-12-24 14:56:51.089,0.24929,-0.60320,0.66144,0.30512,-0.64544,0.66144,0.20304,-0.80521,0.66144,0.17372,-0.84397,0.66144,0.10701,-0.76640,0.66144,0.12330,-0.74487,0.66144
2025-12-24 14:56:51.127,0.24929,-0.60320,0.66144,0.30512,-0.64544,0.66144,0.20304,-0.80521,0.66144,0.17372,-0.84397,0.66144,0.10701,-0.76640,0.66144,0.12330,-0.74487,0.66144
2025-12-24 14:56:51.127,0.24929,-0.60320,0.66144,0.30512,-0.64544,0.66144,0.20304,-0.80521,0.66144,0.17372,-0.84397,0.66144,0.10701,-0.76640,0.66144,0.12330,-0.74487,0.66144
2025-12-24 14:56:51.127,0.24929,-0.60320,0.66144,0.30512,-0.64544,0.66144,0.20304,-0.80521,0.66144,0.17372,-0.84397,0.66144,0.10701,-0.76640,0.66144,0.12330,-0.74487,0.66144
2025-12-24 14:56:51.127,0.24929,-0.60320,0.66144,0.30512,-0.64544,0.66144,0.20304,-0.80521,0.66144,0.17372,-0.84397,0.66144,0.10701,-0.76640,0.66144,0.12330,-0.74487,0.66144
2025-12-24 14:56:51.127,0.24929,-0.60320,0.66144,0.30512,-0.64544,0.66144,0.20304,-0.80521,0.66144,0.17372,-0.84397,0.66144,0.10701,-0.76640,0.66144,0.12330,-0.74487,0.66144
2025-12-24 14:56:51.127,0.24929,-0.60320,0.66144,0.30512,-0.64544,0.66144,0.20304,-0.80521,0.66144,0.17372,-0.84397,0.66144,0.10701,-0.76640,0.66144,0.12330,-0.74487,0.66144
2025-12-24 14:56:51.135,0.24929,-0.60320,0.66144,0.30512,-0.64544,0.66144,0.20304,-0.80521,0.66144,0.17372,-0.84397,0.66144,0.10701,-0.76640,0.66144,0.12330,-0.74487,0.66144
2025-12-24 14:56:51.138,0.24929,-0.60320,0.66144,0.30512,-0.64544,0.66144,0.20304,-0.80521,0.66144,0.17372,-0.84397,0.66144,0.10701,-0.76640,0.66144,0.12330,-0.74487,0.66144
2025-12-24 14:56:51.138,0.24929,-0.60320,0.66144,0.30512,-0.64544,0.66144,0.20304,-0.80521,0.66144,0.17372,-0.84397,0.66144,0.10701,-0.76640,0.66144,0.12330,-0.74487,0.66144
2025-12-24 14:56:51.146,0.24929,-0.60320,0.66144,0.30512,-0.64544,0.66144,0.20304,-0.80521,0.66144,0.17372,-0.84397,0.66144,0.10701,-0.76640,0.66144,0.12330,-0.74487,0.66144
2025-12-24 14:56:51.178,0.24929,-0.60320,0.66144,0.30512,-0.64544,0.66144,0.20304,-0.80521,0.66144,0.17372,-0.84397,0.66144,0.10701,-0.76640,0.66144,0.12330,-0.74487,0.66144
2025-12-24 14:56:51.178,0.24929,-0.60320,0.66144,0.30512,-0.64544,0.66144,0.20304,-0.80521,0.66144,0.17372,-0.84397,0.66144,0.10701,-0.76640,0.66144,0.12330,-0.74487,0.66144
2025-12-24 14:56:51.178,0.24929,-0.60320,0.66144,0.30512,-0.64544,0.66144,0.20304,-0.80521,0.66144,0.17372,-0.84397,0.66144,0.10701,-0.76640,0.66144,0.12330,-0.74487,0.66144
2025-12-24 14:56:51.178,0.24929,-0.60320,0.66144,0.30512,-0.64544,0.66144,0.20304,-0.80521,0.66144,0.17372,-0.84397,0.66144,0.10701,-0.76640,0.66144,0.12330,-0.74487,0.66144
2025-12-24 14:56:51.201,0.24929,-0.60320,0.66144,0.30512,-0.64544,0.66144,0.20304,-0.80521,0.66144,0.17372,-0.84397,0.66144,0.10701,-0.76640,0.66144,0.12330,-0.74487,0.66144
2025-12-24 14:56:51.206,0.24929,-0.60320,0.66144,0.30512,-0.64544,0.66144,0.20304,-0.80521,0.66144,0.17372,-0.84397,0.66144,0.10701,-0.76640,0.66144,0.12330,-0.74487,0.66144
2025-12-24 14:56:51.206,0.24929,-0.60320,0.66144,0.30512,-0.64544,0.66144,0.20304,-0.80521,0.66144,0.17372,-0.84397,0.66144,0.10701,-0.76640,0.66144,0.12330,-0.74487,0.66144
2025-12-24 14:56:51.206,0.24929,-0.60320,0.66144,0.30512,-0.64544,0.66144,0.20304,-0.80521,0.66144,0.17372,-0.84397,0.66144,0.10701,-0.76640,0.66144,0.12330,-0.74487,0.66144
2025-12-24 14:56:51.206,0.24929,-0.60320,0.66144,0.30512,-0.64544,0.66144,0.20304,-0.80521,0.66144,0.17372,-0.84397,0.66144,0.10701,-0.76640,0.66144,0.12330,-0.74487,0.66144
2025-12-24 14:56:51.206,0.24929,-0.60320,0.66144,0.30512,-0.64544,0.66144,0.20304,-0.80521,0.66144,0.17372,-0.84397,0.66144,0.10701,-0.76640,0.66144,0.12330,-0.74487,0.66144
2025-12-24 14:56:51.239,0.24929,-0.60320,0.66144,0.30512,-0.64544,0.66144,0.20304,-0.80521,0.66144,0.17372,-0.84397,0.66144,0.10701,-0.76640,0.66144,0.12330,-0.74487,0.66144
2025-12-24 14:56:51.241,0.24929,-0.60320,0.66144,0.30512,-0.64544,0.66144,0.20304,-0.80521,0.66144,0.17372,-0.84397,0.66144,0.10701,-0.76640,0.66144,0.12330,-0.74487,0.66144
2025-12-24 14:56:51.241,0.24929,-0.60320,0.66144,0.30512,-0.64544,0.66144,0.20304,-0.80521,0.66144,0.17372,-0.84397,0.66144,0.10701,-0.76640,0.66144,0.12330,-0.74487,0.66144
2025-12-24 14:56:51.241,0.24929,-0.60320,0.66144,0.30512,-0.64544,0.66144,0.20304,-0.80521,0.66144,0.17372,-0.84397,0.66144,0.10701,-0.76640,0.66144,0.12330,-0.74487,0.66144
2025-12-24 14:56:51.241,0.24929,-0.60320,0.66144,0.30512,-0.64544,0.66144,0.20304,-0.80521,0.66144,0.17372,-0.84397,0.66144,0.10701,-0.76640,0.66144,0.12330,-0.74487,0.66144
2025-12-24 14:56:51.241,0.24929,-0.60320,0.66144,0.30512,-0.64544,0.66144,0.20304,-0.80521,0.66144,0.17372,-0.84397,0.66144,0.10701,-0.76640,0.66144,0.12330,-0.74487,0.66144
2025-12-24 14:56:51.252,0.24929,-0.60320,0.66144,0.30512,-0.64544,0.66144,0.20304,-0.80521,0.66144,0.17372,-0.84397,0.66144,0.10701,-0.76640,0.66144,0.12330,-0.74487,0.66144
2025-12-24 14:56:51.252,0.24929,-0.60320,0.66144,0.30512,-0.64544,0.66144,0.20304,-0.80521,0.66144,0.17372,-0.84397,0.66144,0.10701,-0.76640,0.66144,0.12330,-0.74487,0.66144
2025-12-24 14:56:51.263,0.24929,-0.60320,0.66144,0.30512,-0.64544,0.66144,0.20304,-0.80521,0.66144,0.17372,-0.84397,0.66144,0.10701,-0.76640,0.66144,0.12330,-0.74487,0.66144
2025-12-24 14:56:51.269,0.24929,-0.60320,0.66144,0.30512,-0.64544,0.66144,0.20304,-0.80521,0.66144,0.17372,-0.84397,0.66144,0.10701,-0.76640,0.66144,0.12330,-0.74487,0.66144
2025-12-24 14:56:51.273,0.24929,-0.60320,0.66144,0.30512,-0.64544,0.66144,0.20304,-0.80521,0.66144,0.17372,-0.84397,0.66144,0.10701,-0.76640,0.66144,0.12330,-0.74487,0.66144
2025-12-24 14:56:51.278,0.24929,-0.60320,0.66144,0.30512,-0.64544,0.66144,0.20304,-0.80521,0.66144,0.17372,-0.84397,0.66144,0.10701,-0.76640,0.66144,0.12330,-0.74487,0.66144
2025-12-24 14:56:51.289,0.24929,-0.60320,0.66144,0.30512,-0.64544,0.66144,0.20304,-0.80521,0.66144,0.17372,-0.84397,0.66144,0.10701,-0.76640,0.66144,0.12330,-0.74487,0.66144
2025-12-24 14:56:51.289,0.24929,-0.60320,0.66144,0.30512,-0.64544,0.66144,0.20304,-0.80521,0.66144,0.17372,-0.84397,0.66144,0.10701,-0.76640,0.66144,0.12330,-0.74487,0.66144
2025-12-24 14:56:51.301,0.24929,-0.60320,0.66144,0.30512,-0.64544,0.66144,0.20304,-0.80521,0.66144,0.17372,-0.84397,0.66144,0.10701,-0.76640,0.66144,0.12330,-0.74487,0.66144
2025-12-24 14:56:51.301,0.24929,-0.60320,0.66144,0.30512,-0.64544,0.66144,0.20304,-0.80521,0.66144,0.17372,-0.84397,0.66144,0.10701,-0.76640,0.66144,0.12330,-0.74487,0.66144
2025-12-24 14:56:51.311,0.24929,-0.60320,0.66144,0.30512,-0.64544,0.66144,0.20304,-0.80521,0.66144,0.17372,-0.84397,0.66144,0.10701,-0.76640,0.66144,0.12330,-0.74487,0.66144
2025-12-24 14:56:51.314,0.24929,-0.60320,0.66144,0.30512,-0.64544,0.66144,0.20304,-0.80521,0.66144,0.17372,-0.84397,0.66144,0.10701,-0.76640,0.66144,0.12330,-0.74487,0.66144
2025-12-24 14:56:51.323,0.24929,-0.60320,0.66144,0.30512,-0.64544,0.66144,0.20304,-0.80521,0.66144,0.17372,-0.84397,0.66144,0.10701,-0.76640,0.66144,0.12330,-0.74487,0.66144
2025-12-24 14:56:51.326,0.24929,-0.60320,0.66144,0.30512,-0.64544,0.66144,0.20304,-0.80521,0.66144,0.17372,-0.84397,0.66144,0.10701,-0.76640,0.66144,0.12330,-0.74487,0.66144
2025-12-24 14:56:51.337,0.24929,-0.60320,0.66144,0.30512,-0.64544,0.66144,0.20304,-0.80521,0.66144,0.17372,-0.84397,0.66144,0.10701,-0.76640,0.66144,0.12330,-0.74487,0.66144
2025-12-24 14:56:51.339,0.24929,-0.60320,0.66144,0.30512,-0.64544,0.66144,0.20304,-0.80521,0.66144,0.17372,-0.84397,0.66144,0.10701,-0.76640,0.66144,0.12330,-0.74487,0.66144
2025-12-24 14:56:51.343,0.24929,-0.60320,0.66144,0.30512,-0.64544,0.66144,0.20304,-0.80521,0.66144,0.17372,-0.84397,0.66144,0.10701,-0.76640,0.66144,0.12330,-0.74487,0.66144
2025-12-24 14:56:51.349,0.24929,-0.60320,0.66144,0.30512,-0.64544,0.66144,0.20304,-0.80521,0.66144,0.17372,-0.84397,0.66144,0.10701,-0.76640,0.66144,0.12330,-0.74487,0.66144
2025-12-24 14:56:51.355,0.24929,-0.60320,0.66144,0.30512,-0.64544,0.66144,0.20304,-0.80521,0.66144,0.17372,-0.84397,0.66144,0.10701,-0.76640,0.66144,0.12330,-0.74487,0.66144
2025-12-24 14:56:51.364,0.24929,-0.60320,0.66144,0.30512,-0.64544,0.66144,0.20304,-0.80521,0.66144,0.17372,-0.84397,0.66144,0.10701,-0.76640,0.66144,0.12330,-0.74487,0.66144
2025-12-24 14:56:51.368,0.24929,-0.60320,0.66144,0.30512,-0.64544,0.66144,0.20304,-0.80521,0.66144,0.17372,-0.84397,0.66144,0.10701,-0.76640,0.66144,0.12330,-0.74487,0.66144
2025-12-24 14:56:51.376,0.24929,-0.60320,0.66144,0.30512,-0.64544,0.66144,0.20304,-0.80521,0.66144,0.17372,-0.84397,0.66144,0.10701,-0.76640,0.66144,0.12330,-0.74487,0.66144
2025-12-24 14:56:51.381,0.24929,-0.60320,0.66144,0.30512,-0.64544,0.66144,0.20304,-0.80521,0.66144,0.17372,-0.84397,0.66144,0.10701,-0.76640,0.66144,0.12330,-0.74487,0.66144
2025-12-24 14:56:51.402,0.24929,-0.60320,0.66144,0.30512,-0.64544,0.66144,0.20304,-0.80521,0.66144,0.17372,-0.84397,0.66144,0.10701,-0.76640,0.66144,0.12330,-0.74487,0.66144
2025-12-24 14:56:51.402,0.24929,-0.60320,0.66144,0.30512,-0.64544,0.66144,0.20304,-0.80521,0.66144,0.17372,-0.84397,0.66144,0.10701,-0.76640,0.66144,0.12330,-0.74487,0.66144
2025-12-24 14:56:51.402,0.24929,-0.60320,0.66144,0.30512,-0.64544,0.66144,0.20304,-0.80521,0.66144,0.17372,-0.84397,0.66144,0.10701,-0.76640,0.66144,0.12330,-0.74487,0.66144
2025-12-24 14:56:51.402,0.24929,-0.60320,0.66144,0.30512,-0.64544,0.66144,0.20304,-0.80521,0.66144,0.17372,-0.84397,0.66144,0.10701,-0.76640,0.66144,0.12330,-0.74487,0.66144
2025-12-24 14:56:51.413,0.24929,-0.60320,0.66144,0.30512,-0.64544,0.66144,0.20304,-0.80521,0.66144,0.17372,-0.84397,0.66144,0.10701,-0.76640,0.66144,0.12330,-0.74487,0.66144
2025-12-24 14:56:51.416,0.24929,-0.60320,0.66144,0.30512,-0.64544,0.66144,0.20304,-0.80521,0.66144,0.17372,-0.84397,0.66144,0.10701,-0.76640,0.66144,0.12330,-0.74487,0.66144
2025-12-24 14:56:51.426,0.24929,-0.60320,0.66144,0.30512,-0.64544,0.66144,0.20304,-0.80521,0.66144,0.17372,-0.84397,0.66144,0.10701,-0.76640,0.66144,0.12330,-0.74487,0.66144
2025-12-24 14:56:51.426,0.24929,-0.60320,0.66144,0.30512,-0.64544,0.66144,0.20304,-0.80521,0.66144,0.17372,-0.84397,0.66144,0.10701,-0.76640,0.66144,0.12330,-0.74487,0.66144
2025-12-24 14:56:51.439,0.24929,-0.60320,0.66144,0.30512,-0.64544,0.66144,0.20304,-0.80521,0.66144,0.17372,-0.84397,0.66144,0.10701,-0.76640,0.66144,0.12330,-0.74487,0.66144
2025-12-24 14:56:51.439,0.24929,-0.60320,0.66144,0.30512,-0.64544,0.66144,0.20304,-0.80521,0.66144,0.17372,-0.84397,0.66144,0.10701,-0.76640,0.66144,0.12330,-0.74487,0.66144
2025-12-24 14:56:51.452,0.24929,-0.60320,0.66144,0.30512,-0.64544,0.66144,0.20304,-0.80521,0.66144,0.17372,-0.84397,0.66144,0.10701,-0.76640,0.66144,0.12330,-0.74487,0.66144
2025-12-24 14:56:51.452,0.24929,-0.60320,0.66144,0.30512,-0.64544,0.66144,0.20304,-0.80521,0.66144,0.17372,-0.84397,0.66144,0.10701,-0.76640,0.66144,0.12330,-0.74487,0.66144
2025-12-24 14:56:51.461,0.24929,-0.60320,0.66144,0.30512,-0.64544,0.66144,0.20304,-0.80521,0.66144,0.17372,-0.84397,0.66144,0.10701,-0.76640,0.66144,0.12330,-0.74487,0.66144
2025-12-24 14:56:51.464,0.24929,-0.60320,0.66144,0.30512,-0.64544,0.66144,0.20304,-0.80521,0.66144,0.17372,-0.84397,0.66144,0.10701,-0.76640,0.66144,0.12330,-0.74487,0.66144
2025-12-24 14:56:51.473,0.24929,-0.60320,0.66144,0.30512,-0.64544,0.66144,0.20304,-0.80521,0.66144,0.17372,-0.84397,0.66144,0.10701,-0.76640,0.66144,0.12330,-0.74487,0.66144
2025-12-24 14:56:51.475,0.24929,-0.60320,0.66144,0.30512,-0.64544,0.66144,0.20304,-0.80521,0.66144,0.17372,-0.84397,0.66144,0.10701,-0.76640,0.66144,0.12330,-0.74487,0.66144
2025-12-24 14:56:51.487,0.24929,-0.60320,0.66144,0.30512,-0.64544,0.66144,0.20304,-0.80521,0.66144,0.17372,-0.84397,0.66144,0.10701,-0.76640,0.66144,0.12330,-0.74487,0.66144
2025-12-24 14:56:51.487,0.24929,-0.60320,0.66144,0.30512,-0.64544,0.66144,0.20304,-0.80521,0.66144,0.17372,-0.84397,0.66144,0.10701,-0.76640,0.66144,0.12330,-0.74487,0.66144
2025-12-24 14:56:51.497,0.24929,-0.60320,0.66144,0.30512,-0.64544,0.66144,0.20304,-0.80521,0.66144,0.17372,-0.84397,0.66144,0.10701,-0.76640,0.66144,0.12330,-0.74487,0.66144
2025-12-24 14:56:51.501,0.24929,-0.60320,0.66144,0.30512,-0.64544,0.66144,0.20304,-0.80521,0.66144,0.17372,-0.84397,0.66144,0.10701,-0.76640,0.66144,0.12330,-0.74487,0.66144
2025-12-24 14:56:51.508,0.24929,-0.60320,0.66144,0.30512,-0.64544,0.66144,0.20304,-0.80521,0.66144,0.17372,-0.84397,0.66144,0.10701,-0.76640,0.66144,0.12330,-0.74487,0.66144
2025-12-24 14:56:51.517,0.24929,-0.60320,0.66144,0.30512,-0.64544,0.66144,0.20304,-0.80521,0.66144,0.17372,-0.84397,0.66144,0.10701,-0.76640,0.66144,0.12330,-0.74487,0.66144
2025-12-24 14:56:51.519,0.24929,-0.60320,0.66144,0.30512,-0.64544,0.66144,0.20304,-0.80521,0.66144,0.17372,-0.84397,0.66144,0.10701,-0.76640,0.66144,0.12330,-0.74487,0.66144
2025-12-24 14:56:51.524,0.24929,-0.60320,0.66144,0.30512,-0.64544,0.66144,0.20304,-0.80521,0.66144,0.17372,-0.84397,0.66144,0.10701,-0.76640,0.66144,0.12330,-0.74487,0.66144
2025-12-24 14:56:51.535,0.24929,-0.60320,0.66144,0.30512,-0.64544,0.66144,0.20304,-0.80521,0.66144,0.17372,-0.84397,0.66144,0.10701,-0.76640,0.66144,0.12330,-0.74487,0.66144
2025-12-24 14:56:51.541,0.24929,-0.60320,0.66144,0.30512,-0.64544,0.66144,0.20304,-0.80521,0.66144,0.17372,-0.84397,0.66144,0.10701,-0.76640,0.66144,0.12330,-0.74487,0.66144
2025-12-24 14:56:51.542,0.24929,-0.60320,0.66144,0.30512,-0.64544,0.66144,0.20304,-0.80521,0.66144,0.17372,-0.84397,0.66144,0.10701,-0.76640,0.66144,0.12330,-0.74487,0.66144
2025-12-24 14:56:51.550,0.24929,-0.60320,0.66144,0.30512,-0.64544,0.66144,0.20304,-0.80521,0.66144,0.17372,-0.84397,0.66144,0.10701,-0.76640,0.66144,0.12330,-0.74487,0.66144
2025-12-24 14:56:51.552,0.24929,-0.60320,0.66144,0.30512,-0.64544,0.66144,0.20304,-0.80521,0.66144,0.17372,-0.84397,0.66144,0.10701,-0.76640,0.66144,0.12330,-0.74487,0.66144
2025-12-24 14:56:51.561,0.24929,-0.60320,0.66144,0.30512,-0.64544,0.66144,0.20304,-0.80521,0.66144,0.17372,-0.84397,0.66144,0.10701,-0.76640,0.66144,0.12330,-0.74487,0.66144
2025-12-24 14:56:51.567,0.24929,-0.60320,0.66144,0.30512,-0.64544,0.66144,0.20304,-0.80521,0.66144,0.17372,-0.84397,0.66144,0.10701,-0.76640,0.66144,0.12330,-0.74487,0.66144
2025-12-24 14:56:51.573,0.24929,-0.60320,0.66144,0.30512,-0.64544,0.66144,0.20304,-0.80521,0.66144,0.17372,-0.84397,0.66144,0.10701,-0.76640,0.66144,0.12330,-0.74487,0.66144
2025-12-24 14:56:51.578,0.24929,-0.60320,0.66144,0.30512,-0.64544,0.66144,0.20304,-0.80521,0.66144,0.17372,-0.84397,0.66144,0.10701,-0.76640,0.66144,0.12330,-0.74487,0.66144
2025-12-24 14:56:51.589,0.24929,-0.60320,0.66144,0.30512,-0.64544,0.66144,0.20304,-0.80521,0.66144,0.17372,-0.84397,0.66144,0.10701,-0.76640,0.66144,0.12330,-0.74487,0.66144
2025-12-24 14:56:51.606,0.24929,-0.60320,0.66144,0.30512,-0.64544,0.66144,0.20304,-0.80521,0.66144,0.17372,-0.84397,0.66144,0.10701,-0.76640,0.66144,0.12330,-0.74487,0.66144
2025-12-24 14:56:51.610,0.24929,-0.60320,0.66144,0.30512,-0.64544,0.66144,0.20304,-0.80521,0.66144,0.17372,-0.84397,0.66144,0.10701,-0.76640,0.66144,0.12330,-0.74487,0.66144
2025-12-24 14:56:51.625,0.24929,-0.60320,0.66144,0.30512,-0.64544,0.66144,0.20304,-0.80521,0.66144,0.17372,-0.84397,0.66144,0.10701,-0.76640,0.66144,0.12330,-0.74487,0.66144
2025-12-24 14:56:51.636,0.24929,-0.60320,0.66144,0.30512,-0.64544,0.66144,0.20304,-0.80521,0.66144,0.17372,-0.84397,0.66144,0.10701,-0.76640,0.66144,0.12330,-0.74487,0.66144
2025-12-24 14:56:51.636,0.24929,-0.60320,0.66144,0.30512,-0.64544,0.66144,0.20304,-0.80521,0.66144,0.17372,-0.84397,0.66144,0.10701,-0.76640,0.66144,0.12330,-0.74487,0.66144
2025-12-24 14:56:51.636,0.24929,-0.60320,0.66144,0.30512,-0.64544,0.66144,0.20304,-0.80521,0.66144,0.17372,-0.84397,0.66144,0.10701,-0.76640,0.66144,0.12330,-0.74487,0.66144
2025-12-24 14:56:51.636,0.24929,-0.60320,0.66144,0.30512,-0.64544,0.66144,0.20304,-0.80521,0.66144,0.17372,-0.84397,0.66144,0.10701,-0.76640,0.66144,0.12330,-0.74487,0.66144
2025-12-24 14:56:51.636,0.24929,-0.60320,0.66144,0.30512,-0.64544,0.66144,0.20304,-0.80521,0.66144,0.17372,-0.84397,0.66144,0.10701,-0.76640,0.66144,0.12330,-0.74487,0.66144
2025-12-24 14:56:51.640,0.24929,-0.60320,0.66144,0.30512,-0.64544,0.66144,0.20304,-0.80521,0.66144,0.17372,-0.84397,0.66144,0.10701,-0.76640,0.66144,0.12330,-0.74487,0.66144
2025-12-24 14:56:51.647,0.24929,-0.60320,0.66144,0.30512,-0.64544,0.66144,0.20304,-0.80521,0.66144,0.17372,-0.84397,0.66144,0.10701,-0.76640,0.66144,0.12330,-0.74487,0.66144
2025-12-24 14:56:51.649,0.24929,-0.60320,0.66144,0.30512,-0.64544,0.66144,0.20304,-0.80521,0.66144,0.17372,-0.84397,0.66144,0.10701,-0.76640,0.66144,0.12330,-0.74487,0.66144
2025-12-24 14:56:51.656,0.24929,-0.60320,0.66144,0.30512,-0.64544,0.66144,0.20304,-0.80521,0.66144,0.17372,-0.84397,0.66144,0.10701,-0.76640,0.66144,0.12330,-0.74487,0.66144
2025-12-24 14:56:51.661,0.24929,-0.60320,0.66144,0.30512,-0.64544,0.66144,0.20304,-0.80521,0.66144,0.17372,-0.84397,0.66144,0.10701,-0.76640,0.66144,0.12330,-0.74487,0.66144
2025-12-24 14:56:51.672,0.24929,-0.60320,0.66144,0.30512,-0.64544,0.66144,0.20304,-0.80521,0.66144,0.17372,-0.84397,0.66144,0.10701,-0.76640,0.66144,0.12330,-0.74487,0.66144
2025-12-24 14:56:51.675,0.24929,-0.60320,0.66144,0.30512,-0.64544,0.66144,0.20304,-0.80521,0.66144,0.17372,-0.84397,0.66144,0.10701,-0.76640,0.66144,0.12330,-0.74487,0.66144
2025-12-24 14:56:51.680,0.24929,-0.60320,0.66144,0.30512,-0.64544,0.66144,0.20304,-0.80521,0.66144,0.17372,-0.84397,0.66144,0.10701,-0.76640,0.66144,0.12330,-0.74487,0.66144
2025-12-24 14:56:51.686,0.24929,-0.60320,0.66144,0.30512,-0.64544,0.66144,0.20304,-0.80521,0.66144,0.17372,-0.84397,0.66144,0.10701,-0.76640,0.66144,0.12330,-0.74487,0.66144
2025-12-24 14:56:51.704,0.24929,-0.60320,0.66144,0.30512,-0.64544,0.66144,0.20304,-0.80521,0.66144,0.17372,-0.84397,0.66144,0.10701,-0.76640,0.66144,0.12330,-0.74487,0.66144
2025-12-24 14:56:51.704,0.24929,-0.60320,0.66144,0.30512,-0.64544,0.66144,0.20304,-0.80521,0.66144,0.17372,-0.84397,0.66144,0.10701,-0.76640,0.66144,0.12330,-0.74487,0.66144
