time,f1,f2,f3,f4,COPx,COPy,W,W_sync
1766568368.240273,-0.17739295959472656,0.28915882110595703,-0.24740219116210938,0.3485298156738281,0.0,0.0,0.21289348602294922,1
1766568368.3073673,-0.17803287506103516,0.2921323776245117,-0.2455615997314453,0.34868431091308594,0.0,0.0,0.2172222137451172,1
1766568368.3083816,-0.1794595718383789,0.29328322410583496,-0.24744033813476562,0.34991455078125,0.0,0.0,0.21629786491394043,1
1766568368.3083816,-0.18062973022460938,0.29291868209838867,-0.24954891204833984,0.3480110168457031,0.0,0.0,0.21075105667114258,1
1766568368.3093843,-0.17947769165039062,0.29023313522338867,-0.24895477294921875,0.34862709045410156,0.0,0.0,0.21042776107788086,1
1766568368.31054,-0.1795330047607422,0.28887128829956055,-0.24680709838867188,0.3482627868652344,0.0,0.0,0.21079397201538086,1
1766568368.3160806,-0.1790943145751953,0.28871774673461914,-0.24699974060058594,0.3469352722167969,0.0,0.0,0.20955896377563477,1
1766568368.328026,-0.17966079711914062,0.2883915901184082,-0.24699974060058594,0.3485298156738281,0.0,0.0,0.21026086807250977,1
1766568368.3387835,-0.1809406280517578,0.2909431457519531,-0.24843788146972656,0.34847259521484375,0.0,0.0,0.2100372314453125,1
1766568368.3614173,-0.17933082580566406,0.29184460639953613,-0.24962615966796875,0.34716796875,0.0,0.0,0.21005558967590332,1
1766568368.3628213,-0.17702674865722656,0.2901756763458252,-0.24874401092529297,0.34541893005371094,0.0,0.0,0.2098238468170166,1
1766568368.3755093,-0.17699050903320312,0.29021406173706055,-0.24446868896484375,0.34564971923828125,0.0,0.0,0.21440458297729492,1
1766568368.393776,-0.18088531494140625,0.28938913345336914,-0.24421977996826172,0.348876953125,0.0,0.0,0.21316099166870117,1
1766568368.4223282,-0.17823410034179688,0.2906169891357422,-0.24475669860839844,0.34943389892578125,0.0,0.0,0.21706008911132812,1
1766568368.425738,-0.1768627166748047,0.2911539077758789,-0.2463092803955078,0.3485870361328125,0.0,0.0,0.2165689468383789,1
1766568368.439706,-0.1784534454345703,0.290271520614624,-0.24803447723388672,0.347686767578125,0.0,0.0,0.211470365524292,1
1766568368.4408076,-0.17883777618408203,0.2887754440307617,-0.2501239776611328,0.3489723205566406,0.0,0.0,0.2087860107421875,1
1766568368.4506583,-0.17929458618164062,0.2899646759033203,-0.24933815002441406,0.350433349609375,0.0,0.0,0.21176528930664062,1
1766568368.4731898,-0.17819786071777344,0.28866028785705566,-0.24939537048339844,0.35135459899902344,0.0,0.0,0.21242165565490723,1
1766568368.475469,-0.1779956817626953,0.2890055179595947,-0.249664306640625,0.34966278076171875,0.0,0.0,0.21100831031799316,1
1766568368.4955363,-0.18115997314453125,0.2889671325683594,-0.2480154037475586,0.3491840362548828,0.0,0.0,0.20897579193115234,1
1766568368.4995706,-0.1808309555053711,0.2888522148132324,-0.24859046936035156,0.3502979278564453,0.0,0.0,0.20972871780395508,1
1766568368.5105815,-0.1783437728881836,0.29215145111083984,-0.2477855682373047,0.34981727600097656,0.0,0.0,0.21583938598632812,1
1766568368.5262036,-0.1787090301513672,0.2912883758544922,-0.24588775634765625,0.34943389892578125,0.0,0.0,0.21612548828125,1
1766568368.5376785,-0.17905712127685547,0.2909238338470459,-0.2477092742919922,0.3469352722167969,0.0,0.0,0.21109271049499512,1
1766568368.551522,-0.17913055419921875,0.29142236709594727,-0.2465200424194336,0.3473014831542969,0.0,0.0,0.2130732536315918,1
1766568368.5645523,-0.17726516723632812,0.29134583473205566,-0.25006675720214844,0.3468971252441406,0.0,0.0,0.21091103553771973,1
1766568368.573322,-0.17839813232421875,0.2877779006958008,-0.24730682373046875,0.34668731689453125,0.0,0.0,0.20876026153564453,1
1766568368.5881057,-0.17998981475830078,0.2889096736907959,-0.24655914306640625,0.3484535217285156,0.0,0.0,0.2108142375946045,1
1766568368.600034,-0.18086814880371094,0.29253506660461426,-0.2469615936279297,0.3492603302001953,0.0,0.0,0.21396565437316895,1
1766568368.6249068,-0.17832565307617188,0.2918062210083008,-0.24744033813476562,0.3516998291015625,0.0,0.0,0.21774005889892578,1
1766568368.6249068,-0.17741107940673828,0.29082775115966797,-0.24721050262451172,0.3494529724121094,0.0,0.0,0.21565914154052734,1
1766568368.6355557,-0.177154541015625,0.28910160064697266,-0.24880123138427734,0.35002899169921875,0.0,0.0,0.21317481994628906,1
1766568368.6473856,-0.17951393127441406,0.28917813301086426,-0.24851417541503906,0.3483772277832031,0.0,0.0,0.20952725410461426,1
1766568368.6603076,-0.1814708709716797,0.29088544845581055,-0.24916553497314453,0.3464946746826172,0.0,0.0,0.20674371719360352,1
1766568368.673331,-0.17986106872558594,0.29050159454345703,-0.2495880126953125,0.3474922180175781,0.0,0.0,0.20854473114013672,1
1766568368.694357,-0.17878246307373047,0.2898879051208496,-0.2477855682373047,0.35166168212890625,0.0,0.0,0.2149815559387207,1
1766568368.6979878,-0.17858123779296875,0.289370059967041,-0.24782371520996094,0.3505668640136719,0.0,0.0,0.2135319709777832,1
1766568368.7248924,-0.17720985412597656,0.28889036178588867,-0.24849510192871094,0.3499336242675781,0.0,0.0,0.2131190299987793,1
1766568368.726898,-0.17828941345214844,0.2893509864807129,-0.24774742126464844,0.34772491455078125,0.0,0.0,0.21103906631469727,1
1766568368.7431903,-0.17942237854003906,0.2891974449157715,-0.2486858367919922,0.3476276397705078,0.0,0.0,0.20871686935424805,1
1766568368.7454865,-0.17821598052978516,0.2881808280944824,-0.24872493743896484,0.3489723205566406,0.0,0.0,0.21021223068237305,1
1766568368.7594194,-0.17611312866210938,0.2874901294708252,-0.24947261810302734,0.3479728698730469,0.0,0.0,0.20987725257873535,1
1766568368.7737043,-0.17772197723388672,0.2907896041870117,-0.2477283477783203,0.3472251892089844,0.0,0.0,0.21256446838378906,1
1766568368.792492,-0.17942237854003906,0.2885260581970215,-0.24634742736816406,0.34661102294921875,0.0,0.0,0.2093672752380371,1
1766568368.7991407,-0.177337646484375,0.29015636444091797,-0.2471332550048828,0.34676361083984375,0.0,0.0,0.2124490737915039,1
1766568368.8098307,-0.17755699157714844,0.290271520614624,-0.24814987182617188,0.34868431091308594,0.0,0.0,0.21324896812438965,1
1766568368.8254359,-0.1785268783569336,0.2901949882507324,-0.24763202667236328,0.3491649627685547,0.0,0.0,0.21320104598999023,1
1766568368.8392603,-0.17858123779296875,0.29090452194213867,-0.2493572235107422,0.3476676940917969,0.0,0.0,0.2106337547302246,1
1766568368.846923,-0.1776123046875,0.29057836532592773,-0.2464437484741211,0.34954833984375,0.0,0.0,0.21607065200805664,1
1766568368.858069,-0.17506980895996094,0.2911348342895508,-0.2442779541015625,0.3506431579589844,0.0,0.0,0.22243022918701172,1
1766568368.8684525,-0.17805099487304688,0.2896575927734375,-0.24575328826904297,0.3482818603515625,0.0,0.0,0.21413516998291016,1
1766568368.8887246,-0.17997169494628906,0.28864097595214844,-0.2434530258178711,0.3468971252441406,0.0,0.0,0.2121133804321289,1
1766568368.8968637,-0.17860031127929688,0.2927844524383545,-0.24456501007080078,0.34818458557128906,0.0,0.0,0.2178037166595459,1
1766568368.908025,-0.17728233337402344,0.2916145324707031,-0.24692344665527344,0.3452644348144531,0.0,0.0,0.21267318725585938,1
1766568368.9230282,-0.17966079711914062,0.2896575927734375,-0.24776649475097656,0.345458984375,0.0,0.0,0.2076892852783203,1
1766568368.9326026,-0.17975234985351562,0.2916145324707031,-0.24782371520996094,0.34728240966796875,0.0,0.0,0.2113208770751953,1
1766568368.9442542,-0.1770458221435547,0.2905402183532715,-0.24565696716308594,0.34820556640625,0.0,0.0,0.21604299545288086,1
1766568368.9581964,-0.17682647705078125,0.2875094413757324,-0.24837970733642578,0.34735870361328125,0.0,0.0,0.20966196060180664,1
1766568368.9692461,-0.17691707611083984,0.2894468307495117,-0.2489166259765625,0.34588050842285156,0.0,0.0,0.20949363708496094,1
1766568368.9824023,-0.1763134002685547,0.2889096736907959,-0.24872493743896484,0.3495292663574219,0.0,0.0,0.21340060234069824,1
1766568368.9935505,-0.17547225952148438,0.28933167457580566,-0.24749755859375,0.34820556640625,0.0,0.0,0.2145674228668213,1
1766568369.0069299,-0.17710018157958984,0.2878546714782715,-0.2452545166015625,0.3464374542236328,0.0,0.0,0.21193742752075195,1
1766568369.0280652,-0.17620468139648438,0.2892165184020996,-0.24740219116210938,0.346954345703125,0.0,0.0,0.21256399154663086,1
1766568369.029571,-0.1764049530029297,0.29090452194213867,-0.24918556213378906,0.3487815856933594,0.0,0.0,0.2140955924987793,1
1766568369.043725,-0.17684364318847656,0.2895810604095459,-0.24721050262451172,0.3477439880371094,0.0,0.0,0.213270902633667,1
1766568369.0588632,-0.17746543884277344,0.2905592918395996,-0.24776649475097656,0.3459949493408203,0.0,0.0,0.21132230758666992,1
1766568369.069871,-0.1783618927001953,0.28827667236328125,-0.2491464614868164,0.34505462646484375,0.0,0.0,0.20582294464111328,1
1766568369.080522,-0.17922210693359375,0.2898111343383789,-0.2469806671142578,0.3461875915527344,0.0,0.0,0.20979595184326172,1
1766568369.093913,-0.17772197723388672,0.2886028289794922,-0.24807357788085938,0.3450164794921875,0.0,0.0,0.2078237533569336,1
1766568369.1064863,-0.17819786071777344,0.29065513610839844,-0.24843788146972656,0.3448810577392578,0.0,0.0,0.20890045166015625,1
1766568369.1191075,-0.17956924438476562,0.29006052017211914,-0.24947261810302734,0.3459758758544922,0.0,0.0,0.20699453353881836,1
1766568369.128213,-0.17774009704589844,0.28866028785705566,-0.25031566619873047,0.3479156494140625,0.0,0.0,0.20852017402648926,1
1766568369.1427658,-0.17995262145996094,0.2903099060058594,-0.248321533203125,0.3449592590332031,0.0,0.0,0.20699501037597656,1
1766568369.1535523,-0.18008136749267578,0.28933167457580566,-0.24859046936035156,0.34468841552734375,0.0,0.0,0.20534825325012207,1
1766568369.1678572,-0.1797332763671875,0.28722143173217773,-0.24632835388183594,0.3463783264160156,0.0,0.0,0.20753812789916992,1
1766568369.1807113,-0.17803287506103516,0.28879451751708984,-0.2477283477783203,0.3478202819824219,0.0,0.0,0.21085357666015625,1
1766568369.1918976,-0.17748451232910156,0.29163360595703125,-0.24905014038085938,0.34430503845214844,0.0,0.0,0.20940399169921875,1
1766568369.2048008,-0.177154541015625,0.28889036178588867,-0.25238609313964844,0.3448047637939453,0.0,0.0,0.20415449142456055,1
1766568369.2241457,-0.17748451232910156,0.28866028785705566,-0.25163841247558594,0.34699440002441406,0.0,0.0,0.20653176307678223,1
1766568369.2295408,-0.1761493682861328,0.28902482986450195,-0.24878215789794922,0.3502979278564453,0.0,0.0,0.21439123153686523,1
1766568369.2433732,-0.1767711639404297,0.2889671325683594,-0.24849510192871094,0.34979820251464844,0.0,0.0,0.2134990692138672,1
1766568369.2606885,-0.17772197723388672,0.2903289794921875,-0.24692344665527344,0.3455162048339844,0.0,0.0,0.21119976043701172,1
1766568369.2659004,-0.17746543884277344,0.29090452194213867,-0.24437332153320312,0.34572601318359375,0.0,0.0,0.21479177474975586,1
1766568369.2797766,-0.17923927307128906,0.2903289794921875,-0.24575328826904297,0.3467826843261719,0.0,0.0,0.21211910247802734,1
1766568369.292633,-0.17790508270263672,0.28789281845092773,-0.24849510192871094,0.34757041931152344,0.0,0.0,0.20906305313110352,1
1766568369.3090339,-0.17750263214111328,0.28961944580078125,-0.24721050262451172,0.3493003845214844,0.0,0.0,0.21420669555664062,1
1766568369.3236904,-0.17572784423828125,0.28873682022094727,-0.24613666534423828,0.34758949279785156,0.0,0.0,0.2144618034362793,1
1766568369.330933,-0.1760387420654297,0.2897343635559082,-0.24596405029296875,0.34432411193847656,0.0,0.0,0.21205568313598633,1
1766568369.3405962,-0.17774009704589844,0.2914609909057617,-0.2485332489013672,0.3453807830810547,0.0,0.0,0.21056842803955078,1
1766568369.3596485,-0.1782703399658203,0.29013729095458984,-0.24889755249023438,0.34735870361328125,0.0,0.0,0.2103281021118164,1
1766568369.3660736,-0.1786365509033203,0.28969621658325195,-0.24841785430908203,0.34735870361328125,0.0,0.0,0.21000051498413086,1
1766568369.3830996,-0.17786788940429688,0.2883725166320801,-0.24648189544677734,0.34676361083984375,0.0,0.0,0.2107863426208496,1
1766568369.3918402,-0.17689895629882812,0.2883148193359375,-0.245849609375,0.34743499755859375,0.0,0.0,0.21300125122070312,1
1766568369.4036746,-0.17655181884765625,0.28894805908203125,-0.24663543701171875,0.34716796875,0.0,0.0,0.21292877197265625,1
1766568369.4216616,-0.18022727966308594,0.28977298736572266,-0.2469034194946289,0.34712982177734375,0.0,0.0,0.20977210998535156,1
1766568369.428527,-0.177520751953125,0.29082775115966797,-0.24841785430908203,0.34438323974609375,0.0,0.0,0.2092723846435547,1
1766568369.4613504,-0.17724609375,0.28827667236328125,-0.24686527252197266,0.3452262878417969,0.0,0.0,0.20939159393310547,1
1766568369.4613504,-0.17748451232910156,0.28752851486206055,-0.24874401092529297,0.3463401794433594,0.0,0.0,0.2076401710510254,1
1766568369.4651077,-0.17865467071533203,0.28806543350219727,-0.2478618621826172,0.3473777770996094,0.0,0.0,0.20892667770385742,1
1766568369.4726691,-0.177154541015625,0.290712833404541,-0.24803447723388672,0.3463592529296875,0.0,0.0,0.2118830680847168,1
1766568369.4903085,-0.17547225952148438,0.2903482913970947,-0.2486095428466797,0.34624481201171875,0.0,0.0,0.21251130104064941,1
1766568369.5112014,-0.1759662628173828,0.2881040573120117,-0.24680709838867188,0.3477821350097656,0.0,0.0,0.21311283111572266,1
1766568369.5146658,-0.17629528045654297,0.28902482986450195,-0.24648189544677734,0.3483772277832031,0.0,0.0,0.21462488174438477,1
1766568369.5256007,-0.17755699157714844,0.2900989055633545,-0.2475748062133789,0.3483009338378906,0.0,0.0,0.21326804161071777,1
1766568369.539111,-0.1785449981689453,0.2912306785583496,-0.24749755859375,0.34735870361328125,0.0,0.0,0.21254682540893555,1
1766568369.5568516,-0.1790027618408203,0.290041446685791,-0.24791908264160156,0.34645652770996094,0.0,0.0,0.20957612991333008,1
1766568369.572615,-0.18062973022460938,0.28841090202331543,-0.2487049102783203,0.34720611572265625,0.0,0.0,0.206282377243042,1
1766568369.5858028,-0.17702674865722656,0.290041446685791,-0.24699974060058594,0.34764671325683594,0.0,0.0,0.21366167068481445,1
1766568369.5858028,-0.17574691772460938,0.28781604766845703,-0.24903106689453125,0.34707069396972656,0.0,0.0,0.21010875701904297,1
1766568369.6015716,-0.1787090301513672,0.28956174850463867,-0.25008583068847656,0.3478584289550781,0.0,0.0,0.20862531661987305,1
1766568369.6135855,-0.17947769165039062,0.2875094413757324,-0.2480154037475586,0.34624481201171875,0.0,0.0,0.20626115798950195,1
1766568369.6249,-0.1795330047607422,0.28655004501342773,-0.2485332489013672,0.34720611572265625,0.0,0.0,0.2056899070739746,1
1766568369.6544836,-0.1783618927001953,0.289600133895874,-0.24763202667236328,0.347991943359375,0.0,0.0,0.21159815788269043,1
1766568369.655496,-0.17717361450195312,0.2929379940032959,-0.24684619903564453,0.3465728759765625,0.0,0.0,0.21549105644226074,1
1766568369.6772664,-0.17708206176757812,0.28983020782470703,-0.2501049041748047,0.3457832336425781,0.0,0.0,0.20842647552490234,1
1766568369.6772664,-0.177978515625,0.28889036178588867,-0.2501049041748047,0.3463592529296875,0.0,0.0,0.20716619491577148,1
1766568369.6880288,-0.17887401580810547,0.28887128829956055,-0.24885940551757812,0.3467826843261719,0.0,0.0,0.20792055130004883,1
1766568369.7000515,-0.17600250244140625,0.28856420516967773,-0.2486095428466797,0.3455162048339844,0.0,0.0,0.20946836471557617,1
1766568369.7130954,-0.17378997802734375,0.29036760330200195,-0.248321533203125,0.3456687927246094,0.0,0.0,0.21392488479614258,1
1766568369.7221534,-0.177337646484375,0.28990697860717773,-0.24926185607910156,0.3464374542236328,0.0,0.0,0.20974493026733398,1
1766568369.7543547,-0.177978515625,0.28819990158081055,-0.24841785430908203,0.3484153747558594,0.0,0.0,0.2102189064025879,1
1766568369.7553663,-0.1783437728881836,0.2903482913970947,-0.24586868286132812,0.348876953125,0.0,0.0,0.215012788772583,1
1766568369.7625213,-0.17779541015625,0.2892742156982422,-0.24646282196044922,0.348876953125,0.0,0.0,0.21389293670654297,1
1766568369.7748897,-0.17786788940429688,0.29119229316711426,-0.2469034194946289,0.3473396301269531,0.0,0.0,0.2137606143951416,1
1766568369.796075,-0.17812442779541016,0.28948497772216797,-0.24669265747070312,0.3462066650390625,0.0,0.0,0.2108745574951172,1
1766568369.799098,-0.17545413970947266,0.28992629051208496,-0.24811172485351562,0.3468780517578125,0.0,0.0,0.21323847770690918,1
1766568369.811793,-0.17735671997070312,0.28773951530456543,-0.2475748062133789,0.3476276397705078,0.0,0.0,0.2104356288909912,1
1766568369.8241205,-0.1781787872314453,0.28768205642700195,-0.24790000915527344,0.3437671661376953,0.0,0.0,0.20537042617797852,1
1766568369.8354201,-0.17730140686035156,0.29199790954589844,-0.2475748062133789,0.3421344757080078,0.0,0.0,0.20925617218017578,1
1766568369.857256,-0.1779956817626953,0.2918252944946289,-0.2477283477783203,0.3449592590332031,0.0,0.0,0.2110605239868164,1
1766568369.8617923,-0.1791849136352539,0.2909431457519531,-0.2465972900390625,0.34854888916015625,0.0,0.0,0.21370983123779297,1
1766568369.8762848,-0.17993545532226562,0.28910160064697266,-0.24878215789794922,0.34572601318359375,0.0,0.0,0.20611000061035156,1
1766568369.8886287,-0.17947769165039062,0.2886028289794922,-0.24981689453125,0.3450355529785156,0.0,0.0,0.2043437957763672,1
1766568369.8968017,-0.17988014221191406,0.28879451751708984,-0.24744033813476562,0.3448619842529297,0.0,0.0,0.20633602142333984,1
1766568369.9105475,-0.1782522201538086,0.29044437408447266,-0.24671173095703125,0.34438323974609375,0.0,0.0,0.20986366271972656,1
1766568369.9237561,-0.17675209045410156,0.28915882110595703,-0.24755477905273438,0.3445930480957031,0.0,0.0,0.20944499969482422,1
1766568369.9337275,-0.17532634735107422,0.28866028785705566,-0.24818801879882812,0.3441123962402344,0.0,0.0,0.2092583179473877,1
1766568369.9520788,-0.1776123046875,0.290271520614624,-0.24661636352539062,0.3447074890136719,0.0,0.0,0.21075034141540527,1
1766568369.960092,-0.1767892837524414,0.29140329360961914,-0.245025634765625,0.3465728759765625,0.0,0.0,0.21616125106811523,1
1766568369.9729028,-0.17700862884521484,0.29052090644836426,-0.24661636352539062,0.3466682434082031,0.0,0.0,0.21356415748596191,1
1766568369.9897542,-0.17764854431152344,0.2892742156982422,-0.24751663208007812,0.3457450866699219,0.0,0.0,0.2098541259765625,1
1766568369.99715,-0.17717361450195312,0.2896385192871094,-0.24738311767578125,0.3457069396972656,0.0,0.0,0.21078872680664062,1
1766568370.007953,-0.17784976959228516,0.28931236267089844,-0.24811172485351562,0.3453235626220703,0.0,0.0,0.20867443084716797,1
1766568370.022695,-0.1785268783569336,0.29042506217956543,-0.2494335174560547,0.3467826843261719,0.0,0.0,0.20924735069274902,1
1766568370.0333838,-0.17786788940429688,0.28946590423583984,-0.24897384643554688,0.3459949493408203,0.0,0.0,0.2086191177368164,1
1766568370.0529463,-0.1786174774169922,0.2904825210571289,-0.24813079833984375,0.3457832336425781,0.0,0.0,0.2095174789428711,1
1766568370.0900712,-0.17753887176513672,0.28827667236328125,-0.2481689453125,0.3463401794433594,0.0,0.0,0.2089090347290039,1
1766568370.0900712,-0.17583847045898438,0.28894805908203125,-0.2484569549560547,0.3453998565673828,0.0,0.0,0.210052490234375,1
1766568370.090479,-0.17618560791015625,0.28572535514831543,-0.24979782104492188,0.34593772888183594,0.0,0.0,0.20567965507507324,1
1766568370.0972393,-0.17673492431640625,0.2900223731994629,-0.247344970703125,0.3468780517578125,0.0,0.0,0.21282052993774414,1
1766568370.1075423,-0.17724609375,0.29057836532592773,-0.2468271255493164,0.34661102294921875,0.0,0.0,0.21311616897583008,1
1766568370.1255715,-0.17865467071533203,0.2876627445220947,-0.2471914291381836,0.3472251892089844,0.0,0.0,0.20904183387756348,1
1766568370.152629,-0.17832565307617188,0.2867419719696045,-0.24744033813476562,0.344940185546875,0.0,0.0,0.205916166305542,1
1766568370.1539214,-0.17699050903320312,0.28775882720947266,-0.2463855743408203,0.3467254638671875,0.0,0.0,0.21110820770263672,1
1766568370.1653872,-0.17726516723632812,0.2911348342895508,-0.24747848510742188,0.3477439880371094,0.0,0.0,0.21413516998291016,1
1766568370.1712325,-0.17724609375,0.2908470630645752,-0.24676895141601562,0.346954345703125,0.0,0.0,0.21378636360168457,1
1766568370.1900818,-0.1764965057373047,0.29029083251953125,-0.2477283477783203,0.344573974609375,0.0,0.0,0.21063995361328125,1
1766568370.1955423,-0.17755699157714844,0.2902524471282959,-0.249664306640625,0.3456687927246094,0.0,0.0,0.20869994163513184,1
1766568370.2196453,-0.17759418487548828,0.2889671325683594,-0.2499713897705078,0.3455352783203125,0.0,0.0,0.20693683624267578,1
1766568370.229219,-0.17759418487548828,0.28848743438720703,-0.24531269073486328,0.3455162048339844,0.0,0.0,0.21109676361083984,1
1766568370.233407,-0.17717361450195312,0.2901182174682617,-0.24745941162109375,0.34549713134765625,0.0,0.0,0.2109823226928711,1
1766568370.2428358,-0.17671585083007812,0.2907702922821045,-0.24579238891601562,0.3451690673828125,0.0,0.0,0.21343111991882324,1
1766568370.27363,-0.1749420166015625,0.2881615161895752,-0.24475669860839844,0.3447856903076172,0.0,0.0,0.21324849128723145,1
1766568370.27363,-0.1763134002685547,0.28848743438720703,-0.24437332153320312,0.34576416015625,0.0,0.0,0.21356487274169922,1
1766568370.2866786,-0.17693519592285156,0.2864542007446289,-0.24429702758789062,0.3453025817871094,0.0,0.0,0.2105245590209961,1
1766568370.2936685,-0.17514324188232422,0.28708744049072266,-0.2446422576904297,0.3450355529785156,0.0,0.0,0.21233749389648438,1
1766568370.304643,-0.17518043518066406,0.28931236267089844,-0.24506378173828125,0.34764671325683594,0.0,0.0,0.21671485900878906,1
1766568370.320764,-0.17850875854492188,0.29013729095458984,-0.24496746063232422,0.3462257385253906,0.0,0.0,0.21288681030273438,1
1766568370.331971,-0.17887401580810547,0.2897343635559082,-0.24632835388183594,0.3446502685546875,0.0,0.0,0.2091822624206543,1
1766568370.3407698,-0.17814254760742188,0.29000306129455566,-0.2471141815185547,0.3447074890136719,0.0,0.0,0.20945382118225098,1
1766568370.3567908,-0.17920303344726562,0.28819990158081055,-0.2476511001586914,0.34543800354003906,0.0,0.0,0.20678377151489258,1
1766568370.3689322,-0.17750263214111328,0.2880079746246338,-0.24763202667236328,0.3465728759765625,0.0,0.0,0.20944619178771973,1
1766568370.3817484,-0.1768627166748047,0.28752851486206055,-0.24559974670410156,0.3438262939453125,0.0,0.0,0.2088923454284668,1
1766568370.392752,-0.17711830139160156,0.2865309715270996,-0.24761295318603516,0.3438835144042969,0.0,0.0,0.20568323135375977,1
1766568370.4054568,-0.17682647705078125,0.28977298736572266,-0.24763202667236328,0.34609222412109375,0.0,0.0,0.21140670776367188,1
1766568370.4207914,-0.17823410034179688,0.29103899002075195,-0.24456501007080078,0.34808921813964844,0.0,0.0,0.21632909774780273,1
1766568370.4319031,-0.176971435546875,0.290041446685791,-0.24492931365966797,0.3483009338378906,0.0,0.0,0.21644163131713867,1
1766568370.4427314,-0.17634963989257812,0.2918829917907715,-0.2485523223876953,0.3471488952636719,0.0,0.0,0.21412992477416992,1
1766568370.4580708,-0.1754913330078125,0.29109644889831543,-0.24761295318603516,0.3445167541503906,0.0,0.0,0.2125089168548584,1
1766568370.4813347,-0.1761493682861328,0.2929379940032959,-0.24673080444335938,0.34416961669921875,0.0,0.0,0.21422743797302246,1
1766568370.490506,-0.17602157592773438,0.2927079200744629,-0.2491464614868164,0.346649169921875,0.0,0.0,0.2141890525817871,1
1766568370.49252,-0.1765880584716797,0.28940820693969727,-0.24795818328857422,0.3466300964355469,0.0,0.0,0.21149206161499023,1
1766568370.5046737,-0.1753082275390625,0.2877202033996582,-0.24586868286132812,0.34401702880859375,0.0,0.0,0.21056032180786133,1
1766568370.5180278,-0.17625904083251953,0.28887128829956055,-0.2478809356689453,0.34246063232421875,0.0,0.0,0.20719194412231445,1
1766568370.5288172,-0.17627716064453125,0.2886219024658203,-0.2481689453125,0.3459186553955078,0.0,0.0,0.21009445190429688,1
1766568370.5423698,-0.17556381225585938,0.2890629768371582,-0.2472677230834961,0.34787750244140625,0.0,0.0,0.21410894393920898,1
1766568370.5587041,-0.17536258697509766,0.28724074363708496,-0.2445068359375,0.3451690673828125,0.0,0.0,0.2125403881072998,1
1766568370.5694149,-0.1756000518798828,0.28737497329711914,-0.24418163299560547,0.3456306457519531,0.0,0.0,0.21322393417358398,1
1766568370.5798206,-0.17675209045410156,0.28687620162963867,-0.24619483947753906,0.3450164794921875,0.0,0.0,0.20894575119018555,1
1766568370.5917423,-0.17823410034179688,0.2868380546569824,-0.24669265747070312,0.34557342529296875,0.0,0.0,0.20748472213745117,1
1766568370.6050882,-0.17783164978027344,0.289370059967041,-0.24648189544677734,0.3465728759765625,0.0,0.0,0.21162939071655273,1
1766568370.6157932,-0.17505168914794922,0.28933167457580566,-0.24791908264160156,0.3451690673828125,0.0,0.0,0.21152997016906738,1
1766568370.6274948,-0.17525291442871094,0.28915882110595703,-0.24604034423828125,0.3479728698730469,0.0,0.0,0.21583843231201172,1
1766568370.641698,-0.17501544952392578,0.2883915901184082,-0.24538898468017578,0.3459758758544922,0.0,0.0,0.21396303176879883,1
1766568370.6558034,-0.17702674865722656,0.2904825210571289,-0.24485206604003906,0.3441505432128906,0.0,0.0,0.2127542495727539,1
1766568370.66785,-0.17602157592773438,0.2896385192871094,-0.2480154037475586,0.3424034118652344,0.0,0.0,0.20800495147705078,1
1766568370.6771948,-0.1754169464111328,0.2868952751159668,-0.24634742736816406,0.3438835144042969,0.0,0.0,0.2090144157409668,1
1766568370.6890762,-0.1756916046142578,0.2883725166320801,-0.2464437484741211,0.3456306457519531,0.0,0.0,0.2118678092956543,1
1766568370.7028553,-0.17432022094726562,0.2901756763458252,-0.24535083770751953,0.3468017578125,0.0,0.0,0.21730637550354004,1
1766568370.7205875,-0.1755828857421875,0.2896769046783447,-0.24538898468017578,0.34394073486328125,0.0,0.0,0.2126457691192627,1
1766568370.7257922,-0.17720985412597656,0.28610897064208984,-0.24531269073486328,0.3441886901855469,0.0,0.0,0.20777511596679688,1
1766568370.7395244,-0.1751251220703125,0.28687620162963867,-0.24709510803222656,0.3451499938964844,0.0,0.0,0.20980596542358398,1
1766568370.753031,-0.17442989349365234,0.28858351707458496,-0.24655914306640625,0.34445953369140625,0.0,0.0,0.21205401420593262,1
1766568370.7646925,-0.1768627166748047,0.2895042896270752,-0.24774742126464844,0.3443431854248047,0.0,0.0,0.20923733711242676,1
1766568370.7779999,-0.17724609375,0.29199790954589844,-0.24571514129638672,0.3463401794433594,0.0,0.0,0.2153768539428711,1
1766568370.7886126,-0.17583847045898438,0.28773951530456543,-0.245025634765625,0.34576416015625,0.0,0.0,0.21263957023620605,1
1766568370.8035002,-0.17735671997070312,0.2899456024169922,-0.2431468963623047,0.3458995819091797,0.0,0.0,0.21534156799316406,1
1766568370.814595,-0.1792583465576172,0.2924008369445801,-0.2454090118408203,0.34370994567871094,0.0,0.0,0.21144342422485352,1
1766568370.8264074,-0.17966079711914062,0.2896769046783447,-0.24688434600830078,0.3433837890625,0.0,0.0,0.20651555061340332,1
1766568370.8400006,-0.17748451232910156,0.28923559188842773,-0.24732589721679688,0.3428077697753906,0.0,0.0,0.20723295211791992,1
1766568370.8545873,-0.1753997802734375,0.2911348342895508,-0.248321533203125,0.341461181640625,0.0,0.0,0.20887470245361328,1
1766568370.8649647,-0.1766977310180664,0.29015636444091797,-0.24688434600830078,0.34134674072265625,0.0,0.0,0.20792102813720703,1
1766568370.8761897,-0.17607593536376953,0.2889671325683594,-0.2453317642211914,0.3423271179199219,0.0,0.0,0.2098865509033203,1
1766568370.8886063,-0.17742919921875,0.2886795997619629,-0.2470378875732422,0.3455543518066406,0.0,0.0,0.20976686477661133,1
1766568370.9001007,-0.1794414520263672,0.2896769046783447,-0.24749755859375,0.34647560119628906,0.0,0.0,0.2092134952545166,1
1766568370.9211266,-0.17819786071777344,0.28881359100341797,-0.24686527252197266,0.3434028625488281,0.0,0.0,0.2071533203125,1
1766568370.9282727,-0.17486953735351562,0.28984951972961426,-0.24642372131347656,0.3401374816894531,0.0,0.0,0.2086937427520752,1
1766568370.9376564,-0.17600250244140625,0.29090452194213867,-0.24745941162109375,0.3431529998779297,0.0,0.0,0.21059560775756836,1
1766568370.9524484,-0.17786788940429688,0.2876243591308594,-0.24575328826904297,0.343017578125,0.0,0.0,0.20702075958251953,1
1766568370.9672618,-0.17646026611328125,0.28961944580078125,-0.24558067321777344,0.34305572509765625,0.0,0.0,0.2106342315673828,1
1766568370.975157,-0.17554569244384766,0.2892165184020996,-0.24650096893310547,0.344940185546875,0.0,0.0,0.21211004257202148,1
1766568370.9900708,-0.17536258697509766,0.289600133895874,-0.24678802490234375,0.34430503845214844,0.0,0.0,0.21175456047058105,1
1766568370.9992256,-0.17673492431640625,0.28789281845092773,-0.2494525909423828,0.3455352783203125,0.0,0.0,0.20724058151245117,1
1766568371.011029,-0.17581939697265625,0.28603219985961914,-0.2494335174560547,0.3459758758544922,0.0,0.0,0.2067551612854004,1
1766568371.0223916,-0.17750263214111328,0.28559112548828125,-0.2474212646484375,0.34259605407714844,0.0,0.0,0.2032632827758789,1
1766568371.0367699,-0.17741107940673828,0.2874326705932617,-0.24736404418945312,0.3418846130371094,0.0,0.0,0.2045421600341797,1
1766568371.0506575,-0.177337646484375,0.2881808280944824,-0.2469615936279297,0.34253692626953125,0.0,0.0,0.20641851425170898,1
1766568371.0619962,-0.17505168914794922,0.2874133586883545,-0.24542808532714844,0.3420581817626953,0.0,0.0,0.20899176597595215,1
1766568371.0766563,-0.1745586395263672,0.2894468307495117,-0.24590682983398438,0.3436717987060547,0.0,0.0,0.21265316009521484,1
1766568371.0872443,-0.1764240264892578,0.28998374938964844,-0.24632835388183594,0.3445549011230469,0.0,0.0,0.21178627014160156,1
1766568371.099471,-0.17746543884277344,0.289370059967041,-0.24650096893310547,0.34580230712890625,0.0,0.0,0.21120595932006836,1
1766568371.1115348,-0.17896556854248047,0.28814220428466797,-0.2460794448852539,0.3452644348144531,0.0,0.0,0.20836162567138672,1
1766568371.1284716,-0.17814254760742188,0.28708744049072266,-0.24439239501953125,0.34370994567871094,0.0,0.0,0.20826244354248047,1
1766568371.1365163,-0.17629528045654297,0.2897920608520508,-0.24573421478271484,0.344573974609375,0.0,0.0,0.21233654022216797,1
1766568371.1542814,-0.17463111877441406,0.2889671325683594,-0.24745941162109375,0.3441886901855469,0.0,0.0,0.21106529235839844,1
1766568371.1603396,-0.17547225952148438,0.28595542907714844,-0.24728775024414062,0.3445167541503906,0.0,0.0,0.20771217346191406,1
1766568371.1727424,-0.17598438262939453,0.2876434326171875,-0.2463092803955078,0.34313392639160156,0.0,0.0,0.20848369598388672,1
1766568371.1885283,-0.17499732971191406,0.28678035736083984,-0.24724864959716797,0.3443431854248047,0.0,0.0,0.2088775634765625,1
1766568371.1992974,-0.17534446716308594,0.28798890113830566,-0.24736404418945312,0.3439788818359375,0.0,0.0,0.2092592716217041,1
1766568371.2054584,-0.17490577697753906,0.28781604766845703,-0.2476511001586914,0.3434410095214844,0.0,0.0,0.20870018005371094,1
1766568371.222778,-0.1733875274658203,0.28923559188842773,-0.24805450439453125,0.34357452392578125,0.0,0.0,0.21136808395385742,1
1766568371.2349117,-0.17563724517822266,0.2894275188446045,-0.24500560760498047,0.3439216613769531,0.0,0.0,0.2127063274383545,1
1766568371.243777,-0.1758747100830078,0.28902482986450195,-0.24565696716308594,0.34536170959472656,0.0,0.0,0.21285486221313477,1
1766568371.2565484,-0.17481422424316406,0.2871065139770508,-0.24722957611083984,0.3461494445800781,0.0,0.0,0.211212158203125,1
1766568371.27591,-0.1741924285888672,0.28670358657836914,-0.24956893920898438,0.3448047637939453,0.0,0.0,0.2077469825744629,1
1766568371.2851372,-0.1759662628173828,0.28983020782470703,-0.24736404418945312,0.3416175842285156,0.0,0.0,0.20811748504638672,1
1766568371.3044624,-0.17609405517578125,0.28729820251464844,-0.2467498779296875,0.3429222106933594,0.0,0.0,0.20737648010253906,1
1766568371.3061852,-0.1743936538696289,0.2856292724609375,-0.24462223052978516,0.3441886901855469,0.0,0.0,0.2108020782470703,1
1766568371.322031,-0.17477798461914062,0.28881359100341797,-0.2424945831298828,0.3428840637207031,0.0,0.0,0.21442508697509766,1
1766568371.333847,-0.17598438262939453,0.28889036178588867,-0.2431468963623047,0.3444404602050781,0.0,0.0,0.21419954299926758,1
1766568371.3544986,-0.17516136169433594,0.28791213035583496,-0.24544715881347656,0.3464183807373047,0.0,0.0,0.21372199058532715,1
1766568371.359353,-0.1755828857421875,0.2858595848083496,-0.24776649475097656,0.34691619873046875,0.0,0.0,0.2094264030456543,1
1766568371.3688242,-0.17525291442871094,0.2891397476196289,-0.2468271255493164,0.34394073486328125,0.0,0.0,0.2110004425048828,1
1766568371.390087,-0.17333221435546875,0.2874326705932617,-0.24500560760498047,0.3434028625488281,0.0,0.0,0.21249771118164062,1
1766568371.39566,-0.17358875274658203,0.2860898971557617,-0.24805450439453125,0.3434028625488281,0.0,0.0,0.20784950256347656,1
1766568371.408138,-0.17671585083007812,0.2876434326171875,-0.2492237091064453,0.3410205841064453,0.0,0.0,0.20272445678710938,1
1766568371.4217465,-0.17737388610839844,0.28948497772216797,-0.24669265747070312,0.34357452392578125,0.0,0.0,0.20899295806884766,1
1766568371.4339144,-0.17483234405517578,0.2872023582458496,-0.24805450439453125,0.34543800354003906,0.0,0.0,0.20975351333618164,1
1766568371.4448614,-0.1739368438720703,0.28835344314575195,-0.24655914306640625,0.34461212158203125,0.0,0.0,0.21246957778930664,1
1766568371.4590592,-0.17505168914794922,0.28984951972961426,-0.2457733154296875,0.34534263610839844,0.0,0.0,0.21436715126037598,1
1766568371.467604,-0.17666053771972656,0.2896385192871094,-0.2439708709716797,0.3432483673095703,0.0,0.0,0.21225547790527344,1
1766568371.4948719,-0.17442989349365234,0.28633928298950195,-0.2441234588623047,0.34130859375,0.0,0.0,0.20909452438354492,1
1766568371.50212,-0.1705341339111328,0.28545665740966797,-0.24410438537597656,0.3436908721923828,0.0,0.0,0.2145090103149414,1
1766568371.5076597,-0.17196083068847656,0.28925490379333496,-0.2447948455810547,0.3447074890136719,0.0,0.0,0.21720671653747559,1
1766568371.5220485,-0.1742839813232422,0.2889096736907959,-0.24512100219726562,0.34409332275390625,0.0,0.0,0.21359801292419434,1
1766568371.5317109,-0.17786788940429688,0.2882957458496094,-0.24437332153320312,0.345245361328125,0.0,0.0,0.21129989624023438,1
1766568371.5582604,-0.17803287506103516,0.28783535957336426,-0.24536991119384766,0.34543800354003906,0.0,0.0,0.2098705768585205,1
1766568371.5592613,-0.17753887176513672,0.28871774673461914,-0.24751663208007812,0.344573974609375,0.0,0.0,0.2082362174987793,1
1766568371.5671763,-0.17602157592773438,0.2875094413757324,-0.24857139587402344,0.34430503845214844,0.0,0.0,0.20722150802612305,1
1766568371.5900133,-0.17349720001220703,0.28954267501831055,-0.2471332550048828,0.3432483673095703,0.0,0.0,0.21216058731079102,1
1766568371.592934,-0.17404556274414062,0.287585973739624,-0.2462902069091797,0.3439788818359375,0.0,0.0,0.2112290859222412,1
1766568371.6070974,-0.17865467071533203,0.28796958923339844,-0.2467498779296875,0.34543800354003906,0.0,0.0,0.20800304412841797,1
1766568371.6224735,-0.1782522201538086,0.2896385192871094,-0.24650096893310547,0.3453235626220703,0.0,0.0,0.21020889282226562,1
1766568371.6317208,-0.1765880584716797,0.29000306129455566,-0.24916553497314453,0.34647560119628906,0.0,0.0,0.2107250690460205,1
1766568371.6450098,-0.17459487915039062,0.28754758834838867,-0.24728775024414062,0.34490013122558594,0.0,0.0,0.21056509017944336,1
1766568371.655637,-0.17174148559570312,0.28656935691833496,-0.24688434600830078,0.3438262939453125,0.0,0.0,0.21176981925964355,1
1766568371.6678998,-0.1745586395263672,0.2865886688232422,-0.2447185516357422,0.3456878662109375,0.0,0.0,0.2129993438720703,1
1766568371.6937559,-0.17561912536621094,0.29119229316711426,-0.24364471435546875,0.34416961669921875,0.0,0.0,0.21609807014465332,1
1766568371.6942792,-0.17607593536376953,0.29276514053344727,-0.24531269073486328,0.34409332275390625,0.0,0.0,0.2154698371887207,1
1766568371.71237,-0.17490577697753906,0.29140329360961914,-0.24755477905273438,0.344573974609375,0.0,0.0,0.2135167121887207,1
1766568371.721316,-0.1764965057373047,0.2891397476196289,-0.24828338623046875,0.34259605407714844,0.0,0.0,0.2069559097290039,1
1766568371.730345,-0.17739295959472656,0.2884492874145508,-0.24686527252197266,0.3436126708984375,0.0,0.0,0.20780372619628906,1
1766568371.7396,-0.176971435546875,0.2884492874145508,-0.24469947814941406,0.34319114685058594,0.0,0.0,0.20996952056884766,1
1766568371.754672,-0.1764965057373047,0.28731751441955566,-0.24699974060058594,0.3418846130371094,0.0,0.0,0.20570588111877441,1
1766568371.7669423,-0.1748504638671875,0.2880847454071045,-0.24872493743896484,0.3431720733642578,0.0,0.0,0.20768141746520996,1
1766568371.7796268,-0.17386245727539062,0.2873365879058838,-0.2462902069091797,0.3433265686035156,0.0,0.0,0.2105104923248291,1
1766568371.792246,-0.1733875274658203,0.28664612770080566,-0.24529266357421875,0.3458213806152344,0.0,0.0,0.21378731727600098,1
1766568371.8049176,-0.1748504638671875,0.2875666618347168,-0.2465972900390625,0.34357452392578125,0.0,0.0,0.20969343185424805,1
1766568371.8225007,-0.1741924285888672,0.28649258613586426,-0.24761295318603516,0.3421745300292969,0.0,0.0,0.2068617343902588,1
1766568371.840545,-0.17479515075683594,0.2856869697570801,-0.24728775024414062,0.34230804443359375,0.0,0.0,0.20591211318969727,1
1766568371.841567,-0.17581939697265625,0.28633928298950195,-0.24640464782714844,0.3447856903076172,0.0,0.0,0.20890092849731445,1
1766568371.857228,-0.1730213165283203,0.28843021392822266,-0.24701881408691406,0.345611572265625,0.0,0.0,0.21400165557861328,1
1766568371.8628473,-0.1745586395263672,0.2879505157470703,-0.2460794448852539,0.34422874450683594,0.0,0.0,0.21154117584228516,1
1766568371.8765419,-0.17518043518066406,0.28687620162963867,-0.24571514129638672,0.3425559997558594,0.0,0.0,0.20853662490844727,1
1766568371.8914413,-0.1771373748779297,0.2871832847595215,-0.2445840835571289,0.34267234802246094,0.0,0.0,0.20813417434692383,1
1766568371.901829,-0.17750263214111328,0.2872791290283203,-0.24586868286132812,0.34305572509765625,0.0,0.0,0.20696353912353516,1
1766568371.9272048,-0.17505168914794922,0.28639674186706543,-0.24469947814941406,0.34321022033691406,0.0,0.0,0.2098557949066162,1
1766568371.9282153,-0.17547225952148438,0.2888522148132324,-0.24617576599121094,0.3417701721191406,0.0,0.0,0.20897436141967773,1
1766568371.9415689,-0.17510604858398438,0.28948497772216797,-0.24542808532714844,0.34275054931640625,0.0,0.0,0.2117013931274414,1
1766568371.9523845,-0.17711830139160156,0.2870488166809082,-0.24579238891601562,0.3422508239746094,0.0,0.0,0.2063889503479004,1
1766568371.964604,-0.17699050903320312,0.28956174850463867,-0.24508285522460938,0.34008026123046875,0.0,0.0,0.20756864547729492,1
1766568371.987159,-0.17481422424316406,0.2856485843658447,-0.2439899444580078,0.3410015106201172,0.0,0.0,0.20784592628479004,1
1766568371.9932249,-0.1759481430053711,0.28672266006469727,-0.2471914291381836,0.34372901916503906,0.0,0.0,0.20731210708618164,1
1766568372.0040262,-0.1744842529296875,0.2893509864807129,-0.24640464782714844,0.3437671661376953,0.0,0.0,0.21222925186157227,1
1766568372.0218039,-0.17459487915039062,0.28925490379333496,-0.2465200424194336,0.344207763671875,0.0,0.0,0.21234774589538574,1
1766568372.025124,-0.17583847045898438,0.28850674629211426,-0.24730682373046875,0.3447265625,0.0,0.0,0.21008801460266113,1
1766568372.0386913,-0.17741107940673828,0.28708744049072266,-0.24811172485351562,0.3432292938232422,0.0,0.0,0.20479393005371094,1
1766568372.0551252,-0.17724609375,0.28775882720947266,-0.24552345275878906,0.3419227600097656,0.0,0.0,0.20691204071044922,1
1766568372.0647745,-0.17644119262695312,0.28925490379333496,-0.24320411682128906,0.34405517578125,0.0,0.0,0.21366477012634277,1
1766568372.0746572,-0.17397308349609375,0.2874326705932617,-0.2412099838256836,0.3431129455566406,0.0,0.0,0.215362548828125,1
1766568372.0895014,-0.17305850982666016,0.28768205642700195,-0.24220657348632812,0.34090423583984375,0.0,0.0,0.21332120895385742,1
1766568372.1002107,-0.17380809783935547,0.28773951530456543,-0.24448776245117188,0.3435173034667969,0.0,0.0,0.21296095848083496,1
1766568372.1147165,-0.17527198791503906,0.2877779006958008,-0.24579238891601562,0.34326934814453125,0.0,0.0,0.20998287200927734,1
1766568372.1249797,-0.17607593536376953,0.2884492874145508,-0.24634742736816406,0.342864990234375,0.0,0.0,0.2088909149169922,1
1766568372.1367254,-0.17497825622558594,0.2891206741333008,-0.24527359008789062,0.3421745300292969,0.0,0.0,0.2110433578491211,1
1766568372.1542149,-0.1741189956665039,0.28843021392822266,-0.24347209930419922,0.34194183349609375,0.0,0.0,0.21278095245361328,1
1766568372.1634443,-0.17572784423828125,0.2860705852508545,-0.2438945770263672,0.3423271179199219,0.0,0.0,0.20877528190612793,1
1766568372.173842,-0.17616748809814453,0.2883148193359375,-0.24575328826904297,0.34271240234375,0.0,0.0,0.2091064453125,1
1766568372.187066,-0.1759481430053711,0.2906937599182129,-0.24648189544677734,0.3406944274902344,0.0,0.0,0.20895814895629883,1
1766568372.1992433,-0.17468643188476562,0.2884683609008789,-0.24586868286132812,0.34234619140625,0.0,0.0,0.21025943756103516,1
1766568372.2074993,-0.17119312286376953,0.28791213035583496,-0.24542808532714844,0.3434791564941406,0.0,0.0,0.21477007865905762,1
1766568372.2246492,-0.17232704162597656,0.2881808280944824,-0.245849609375,0.3410987854003906,0.0,0.0,0.21110296249389648,1
1766568372.2350056,-0.1737346649169922,0.2871255874633789,-0.24680709838867188,0.3402137756347656,0.0,0.0,0.20679759979248047,1
1766568372.2577252,-0.1743755340576172,0.2871065139770508,-0.24728775024414062,0.34234619140625,0.0,0.0,0.20778942108154297,1
1766568372.258353,-0.17563724517822266,0.28954267501831055,-0.24581146240234375,0.34394073486328125,0.0,0.0,0.2120347023010254,1
1766568372.2776194,-0.17271041870117188,0.2874326705932617,-0.24715232849121094,0.34261512756347656,0.0,0.0,0.21018505096435547,1
1766568372.2878137,-0.1755828857421875,0.2867419719696045,-0.24627113342285156,0.34259605407714844,0.0,0.0,0.20748400688171387,1
1766568372.301344,-0.17607593536376953,0.2905402183532715,-0.2462329864501953,0.3449211120605469,0.0,0.0,0.21315240859985352,1
1766568372.3117325,-0.17572784423828125,0.2879314422607422,-0.2459259033203125,0.3435173034667969,0.0,0.0,0.2097949981689453,1
1766568372.322386,-0.17496109008789062,0.288027286529541,-0.24646282196044922,0.3417320251464844,0.0,0.0,0.20833539962768555,1
1766568372.358577,-0.17479515075683594,0.2891206741333008,-0.24462223052978516,0.3419609069824219,0.0,0.0,0.21166419982910156,1
1766568372.358577,-0.1740283966064453,0.28783535957336426,-0.24351119995117188,0.34497833251953125,0.0,0.0,0.21527409553527832,1
1766568372.3662484,-0.1755084991455078,0.2876243591308594,-0.2446613311767578,0.3456687927246094,0.0,0.0,0.21312332153320312,1
1766568372.3729672,-0.17514324188232422,0.28693389892578125,-0.24519729614257812,0.34484291076660156,0.0,0.0,0.21143627166748047,1
1766568372.3889327,-0.1738452911376953,0.28739404678344727,-0.2477092742919922,0.3436317443847656,0.0,0.0,0.2094712257385254,1
1766568372.4093852,-0.1744670867919922,0.2902524471282959,-0.2475748062133789,0.34234619140625,0.0,0.0,0.2105567455291748,1
1766568372.4231582,-0.17289352416992188,0.2876627445220947,-0.24680709838867188,0.34008026123046875,0.0,0.0,0.20804238319396973,1
1766568372.4294548,-0.17554569244384766,0.2879505157470703,-0.24408531188964844,0.3405418395996094,0.0,0.0,0.2088613510131836,1
1766568372.439053,-0.17823410034179688,0.2885260581970215,-0.24416255950927734,0.3394279479980469,0.0,0.0,0.20555734634399414,1
1766568372.454436,-0.17602157592773438,0.28633928298950195,-0.2448139190673828,0.3419990539550781,0.0,0.0,0.2075028419494629,1
1766568372.4599006,-0.17481422424316406,0.2890629768371582,-0.24790000915527344,0.34305572509765625,0.0,0.0,0.20940446853637695,1
1766568372.4717999,-0.17543601989746094,0.28843021392822266,-0.2457733154296875,0.3422698974609375,0.0,0.0,0.20949077606201172,1
1766568372.4864924,-0.1764965057373047,0.28881359100341797,-0.24575328826904297,0.3429412841796875,0.0,0.0,0.2095050811767578,1
1766568372.5014317,-0.17528915405273438,0.28827667236328125,-0.24351119995117188,0.34484291076660156,0.0,0.0,0.21431922912597656,1
1766568372.5092251,-0.17536258697509766,0.28819990158081055,-0.24266719818115234,0.3450355529785156,0.0,0.0,0.21520566940307617,1
1766568372.5221066,-0.17627716064453125,0.2895042896270752,-0.24410438537597656,0.34238433837890625,0.0,0.0,0.21150708198547363,1
1766568372.544473,-0.17572784423828125,0.2898879051208496,-0.24483299255371094,0.3436717987060547,0.0,0.0,0.2129988670349121,1
1766568372.547248,-0.1743755340576172,0.2889096736907959,-0.2455615997314453,0.3433837890625,0.0,0.0,0.2123563289642334,1
1766568372.5559886,-0.1741189956665039,0.28873682022094727,-0.24609851837158203,0.3427886962890625,0.0,0.0,0.21130800247192383,1
1766568372.5759425,-0.17772197723388672,0.2891206741333008,-0.2440471649169922,0.34442138671875,0.0,0.0,0.21177291870117188,1
1766568372.59004,-0.1747589111328125,0.2870488166809082,-0.24395179748535156,0.3428459167480469,0.0,0.0,0.21118402481079102,1
1766568372.5939245,-0.17444801330566406,0.28693389892578125,-0.24425888061523438,0.34259605407714844,0.0,0.0,0.21082305908203125,1
1766568372.6085742,-0.17634963989257812,0.2874133586883545,-0.24395179748535156,0.3414421081542969,0.0,0.0,0.20855402946472168,1
1766568372.620819,-0.17625904083251953,0.2891974449157715,-0.24393272399902344,0.3405799865722656,0.0,0.0,0.20958566665649414,1
1766568372.6340857,-0.1761493682861328,0.28670358657836914,-0.2449483871459961,0.3425559997558594,0.0,0.0,0.2081618309020996,1
1766568372.6448638,-0.17433929443359375,0.28603219985961914,-0.24602127075195312,0.3451690673828125,0.0,0.0,0.21084070205688477,1
1766568372.657792,-0.17459487915039062,0.2872023582458496,-0.24523544311523438,0.3461494445800781,0.0,0.0,0.21352148056030273,1
1766568372.668685,-0.1743021011352539,0.28747081756591797,-0.24586868286132812,0.3434600830078125,0.0,0.0,0.21076011657714844,1
1766568372.685882,-0.17538070678710938,0.2859363555908203,-0.24490928649902344,0.3434410095214844,0.0,0.0,0.20908737182617188,1
1766568372.6975033,-0.1744842529296875,0.2886028289794922,-0.2457733154296875,0.3433837890625,0.0,0.0,0.2117290496826172,1
1766568372.7109022,-0.17344284057617188,0.2887754440307617,-0.2474212646484375,0.3438835144042969,0.0,0.0,0.21179485321044922,1
1766568372.7227774,-0.1743021011352539,0.2887561321258545,-0.24830245971679688,0.3430366516113281,0.0,0.0,0.20918822288513184,1
1766568372.7325318,-0.17527198791503906,0.28887128829956055,-0.24784278869628906,0.3433837890625,0.0,0.0,0.20914030075073242,1
1766568372.7569723,-0.17499732971191406,0.28551435470581055,-0.24439239501953125,0.3436317443847656,0.0,0.0,0.20975637435913086,1
1766568372.7569723,-0.1748504638671875,0.28701066970825195,-0.24297332763671875,0.3453025817871094,0.0,0.0,0.21448945999145508,1
1766568372.7675211,-0.1738262176513672,0.2874133586883545,-0.24123001098632812,0.34899139404296875,0.0,0.0,0.22134852409362793,1
1766568372.7885096,-0.1757831573486328,0.28754758834838867,-0.24236106872558594,0.3424415588378906,0.0,0.0,0.21184492111206055,1
1766568372.7899306,-0.17408275604248047,0.28693389892578125,-0.244354248046875,0.34046363830566406,0.0,0.0,0.20896053314208984,1
1766568372.810894,-0.17183303833007812,0.2883148193359375,-0.24517822265625,0.339599609375,0.0,0.0,0.21090316772460938,1
1766568372.8224108,-0.17276573181152344,0.2876434326171875,-0.2447376251220703,0.3411369323730469,0.0,0.0,0.21127700805664062,1
1766568372.830554,-0.17459487915039062,0.2856485843658447,-0.2455425262451172,0.34269142150878906,0.0,0.0,0.20820260047912598,1
1766568372.8447251,-0.17433929443359375,0.2862238883972168,-0.2452545166015625,0.3424415588378906,0.0,0.0,0.20907163619995117,1
1766568372.8566446,-0.17536258697509766,0.2859363555908203,-0.24728775024414062,0.34178924560546875,0.0,0.0,0.20507526397705078,1
1766568372.868674,-0.17819786071777344,0.28781604766845703,-0.24843788146972656,0.34142303466796875,0.0,0.0,0.20260334014892578,1
1766568372.8805537,-0.17647838592529297,0.2892742156982422,-0.24431610107421875,0.342498779296875,0.0,0.0,0.21097850799560547,1
1766568372.8944068,-0.17609405517578125,0.28528404235839844,-0.2446613311767578,0.34370994567871094,0.0,0.0,0.2082386016845703,1
1766568372.9060276,-0.17527198791503906,0.28373026847839355,-0.24632835388183594,0.3434028625488281,0.0,0.0,0.20553278923034668,1
1766568372.9243224,-0.1733694076538086,0.2846510410308838,-0.24517822265625,0.34438323974609375,0.0,0.0,0.21048665046691895,1
1766568372.9316008,-0.1730947494506836,0.28553342819213867,-0.2438945770263672,0.34461212158203125,0.0,0.0,0.21315622329711914,1
1766568372.940916,-0.1733694076538086,0.2865309715270996,-0.2453317642211914,0.3427886962890625,0.0,0.0,0.2106184959411621,1
1766568372.9575121,-0.17155838012695312,0.28925490379333496,-0.2465200424194336,0.3410987854003906,0.0,0.0,0.21227526664733887,1
1766568372.970215,-0.17307662963867188,0.2841525077819824,-0.24606037139892578,0.3390617370605469,0.0,0.0,0.20407724380493164,1
1766568372.9881153,-0.17269325256347656,0.2825026512145996,-0.2447185516357422,0.340118408203125,0.0,0.0,0.20520925521850586,1
1766568372.9915538,-0.1714496612548828,0.28336572647094727,-0.24448776245117188,0.3381195068359375,0.0,0.0,0.20554780960083008,1
1766568373.0024054,-0.1734609603881836,0.2870488166809082,-0.245025634765625,0.3404064178466797,0.0,0.0,0.2089686393737793,1
1766568373.019113,-0.17505168914794922,0.28380703926086426,-0.24454593658447266,0.3436126708984375,0.0,0.0,0.20782208442687988,1
1766568373.028998,-0.17691707611083984,0.2832508087158203,-0.24559974670410156,0.345611572265625,0.0,0.0,0.2063455581665039,1
1766568373.057004,-0.17545413970947266,0.2872791290283203,-0.2459259033203125,0.34442138671875,0.0,0.0,0.21032047271728516,1
1766568373.0590317,-0.17368030548095703,0.28850674629211426,-0.2421875,0.3438835144042969,0.0,0.0,0.2165224552154541,1
1766568373.0796967,-0.17519760131835938,0.28455519676208496,-0.24416255950927734,0.3453235626220703,0.0,0.0,0.21051859855651855,1
1766568373.0796967,-0.17499732971191406,0.2874901294708252,-0.24552345275878906,0.3428459167480469,0.0,0.0,0.20981526374816895,1
1766568373.0966718,-0.17459487915039062,0.28775882720947266,-0.24747848510742188,0.3413848876953125,0.0,0.0,0.20707035064697266,1
1766568373.1035173,-0.17426490783691406,0.2869529724121094,-0.24519729614257812,0.34305572509765625,0.0,0.0,0.21054649353027344,1
1766568373.119801,-0.17505168914794922,0.28687620162963867,-0.24297332763671875,0.34194183349609375,0.0,0.0,0.21079301834106445,1
1766568373.1274824,-0.1754913330078125,0.28610897064208984,-0.24274444580078125,0.3399848937988281,0.0,0.0,0.20785808563232422,1
1766568373.1400774,-0.17463111877441406,0.28679943084716797,-0.24581146240234375,0.339752197265625,0.0,0.0,0.20610904693603516,1
1766568373.167249,-0.17285728454589844,0.28478527069091797,-0.24611759185791016,0.34130859375,0.0,0.0,0.20711898803710938,1
1766568373.167249,-0.1717233657836914,0.2860898971557617,-0.24512100219726562,0.3417510986328125,0.0,0.0,0.2109966278076172,1
1766568373.1896646,-0.17459487915039062,0.2842097282409668,-0.2444305419921875,0.3430747985839844,0.0,0.0,0.20825910568237305,1
1766568373.1906676,-0.1743755340576172,0.2817544937133789,-0.24688434600830078,0.3440742492675781,0.0,0.0,0.20456886291503906,1
1766568373.2023358,-0.1734609603881836,0.28419065475463867,-0.24571514129638672,0.3435173034667969,0.0,0.0,0.20853185653686523,1
1766568373.2220187,-0.1732959747314453,0.28649258613586426,-0.24446868896484375,0.3439788818359375,0.0,0.0,0.2127068042755127,1
1766568373.2366562,-0.17424774169921875,0.2876627445220947,-0.24224472045898438,0.3436126708984375,0.0,0.0,0.2147829532623291,1
1766568373.2366562,-0.17404556274414062,0.2867612838745117,-0.24370193481445312,0.3424034118652344,0.0,0.0,0.21141719818115234,1
1766568373.2537801,-0.1742105484008789,0.286684513092041,-0.24485206604003906,0.3422889709472656,0.0,0.0,0.20991086959838867,1
1766568373.2654052,-0.17483234405517578,0.28729820251464844,-0.24837970733642578,0.3389091491699219,0.0,0.0,0.20299530029296875,1
1766568373.274747,-0.17333221435546875,0.28587865829467773,-0.24795818328857422,0.34015655517578125,0.0,0.0,0.20474481582641602,1
1766568373.293092,-0.17192459106445312,0.28685712814331055,-0.24366378784179688,0.34059906005859375,0.0,0.0,0.2118678092956543,1
1766568373.3006835,-0.1741924285888672,0.286013126373291,-0.24364471435546875,0.34030914306640625,0.0,0.0,0.20848512649536133,1
1766568373.315214,-0.17501544952392578,0.28722143173217773,-0.24362564086914062,0.3431129455566406,0.0,0.0,0.21169328689575195,1
1766568373.3238015,-0.17340564727783203,0.2892742156982422,-0.2454090118408203,0.3418846130371094,0.0,0.0,0.21234416961669922,1
1766568373.3391473,-0.17203426361083984,0.28812313079833984,-0.2441234588623047,0.3408851623535156,0.0,0.0,0.21285057067871094,1
1766568373.3573606,-0.17192459106445312,0.2849578857421875,-0.24477577209472656,0.34063720703125,0.0,0.0,0.2088947296142578,1
1766568373.3786228,-0.17241859436035156,0.28595542907714844,-0.24408531188964844,0.3422126770019531,0.0,0.0,0.21166419982910156,1
1766568373.3786228,-0.17205238342285156,0.28731751441955566,-0.24132537841796875,0.3402137756347656,0.0,0.0,0.21415352821350098,1
1766568373.3899066,-0.17221641540527344,0.2890629768371582,-0.2421112060546875,0.3402519226074219,0.0,0.0,0.21498727798461914,1
1766568373.4013147,-0.1741008758544922,0.28940820693969727,-0.24289703369140625,0.339447021484375,0.0,0.0,0.21185731887817383,1
1766568373.412946,-0.17470455169677734,0.2903866767883301,-0.2461566925048828,0.3379478454589844,0.0,0.0,0.2074732780456543,1
1766568373.4256282,-0.1759481430053711,0.28889036178588867,-0.24544715881347656,0.3409233093261719,0.0,0.0,0.2084183692932129,1
1766568373.4382317,-0.17492389678955078,0.2881040573120117,-0.24423885345458984,0.3410015106201172,0.0,0.0,0.20994281768798828,1
1766568373.452078,-0.17221641540527344,0.284670352935791,-0.2442779541015625,0.339080810546875,0.0,0.0,0.20725679397583008,1
1766568373.4653678,-0.1719970703125,0.2845935821533203,-0.24358749389648438,0.3394279479980469,0.0,0.0,0.2084369659423828,1
1766568373.4759064,-0.1731128692626953,0.28371095657348633,-0.2446422576904297,0.34119415283203125,0.0,0.0,0.20714998245239258,1
1766568373.4903936,-0.172821044921875,0.2867612838745117,-0.2431659698486328,0.34282684326171875,0.0,0.0,0.21360111236572266,1
1766568373.4995267,-0.17247295379638672,0.28814220428466797,-0.24214935302734375,0.34378623962402344,0.0,0.0,0.21730613708496094,1
1766568373.5127726,-0.17234516143798828,0.28791213035583496,-0.2433948516845703,0.3427314758300781,0.0,0.0,0.2149035930633545,1
1766568373.5263689,-0.17157745361328125,0.2867419719696045,-0.2442779541015625,0.3431529998779297,0.0,0.0,0.21403956413269043,1
1766568373.5340896,-0.1708822250366211,0.287355899810791,-0.24519729614257812,0.3420581817626953,0.0,0.0,0.2133345603942871,1
1766568373.551289,-0.1735706329345703,0.2889671325683594,-0.2439708709716797,0.3422889709472656,0.0,0.0,0.213714599609375,1
1766568373.5610795,-0.17247295379638672,0.2845935821533203,-0.24452590942382812,0.3435554504394531,0.0,0.0,0.2111501693725586,1
1766568373.5743706,-0.1730213165283203,0.28342342376708984,-0.24596405029296875,0.3412513732910156,0.0,0.0,0.2056894302368164,1
1766568373.58797,-0.1739368438720703,0.2849771976470947,-0.2453317642211914,0.34044456481933594,0.0,0.0,0.20615315437316895,1
1766568373.6000986,-0.1756000518798828,0.2878546714782715,-0.24333763122558594,0.340118408203125,0.0,0.0,0.20903539657592773,1
1766568373.628787,-0.17488670349121094,0.2888329029083252,-0.2425708770751953,0.34157752990722656,0.0,0.0,0.2129528522491455,1
1766568373.628787,-0.1736431121826172,0.2885260581970215,-0.24498653411865234,0.3432292938232422,0.0,0.0,0.21312570571899414,1
1766568373.636047,-0.17216205596923828,0.2886219024658203,-0.24558067321777344,0.3444976806640625,0.0,0.0,0.2153768539428711,1
1766568373.64955,-0.17073631286621094,0.2871065139770508,-0.2436065673828125,0.3448810577392578,0.0,0.0,0.21764469146728516,1
1766568373.6590207,-0.17219924926757812,0.286914587020874,-0.243682861328125,0.3436717987060547,0.0,0.0,0.21470427513122559,1
1766568373.6688197,-0.17287540435791016,0.2863774299621582,-0.24736404418945312,0.3444023132324219,0.0,0.0,0.2105402946472168,1
1766568373.6906905,-0.17260169982910156,0.2877779006958008,-0.24429702758789062,0.3443431854248047,0.0,0.0,0.21522235870361328,1
1766568373.6988823,-0.17274761199951172,0.2873365879058838,-0.2444305419921875,0.341156005859375,0.0,0.0,0.21131443977355957,1
1766568373.708837,-0.1735515594482422,0.28536081314086914,-0.2460794448852539,0.3428840637207031,0.0,0.0,0.20861387252807617,1
1766568373.7224727,-0.17241859436035156,0.28672266006469727,-0.24295425415039062,0.3418846130371094,0.0,0.0,0.21323442459106445,1
1766568373.7556813,-0.17313194274902344,0.2851881980895996,-0.24439239501953125,0.34171295166015625,0.0,0.0,0.20937681198120117,1
1766568373.7556813,-0.17413711547851562,0.285341739654541,-0.24606037139892578,0.34416961669921875,0.0,0.0,0.20931386947631836,1
1766568373.7610908,-0.1734609603881836,0.28298234939575195,-0.2454090118408203,0.3451881408691406,0.0,0.0,0.20930051803588867,1
1766568373.7751713,-0.17671585083007812,0.2843441963195801,-0.2452545166015625,0.34269142150878906,0.0,0.0,0.20506525039672852,1
1766568373.7885919,-0.17481422424316406,0.2862815856933594,-0.2446422576904297,0.3412322998046875,0.0,0.0,0.20805740356445312,1
1766568373.7940145,-0.1734790802001953,0.2863006591796875,-0.24571514129638672,0.3410987854003906,0.0,0.0,0.2082052230834961,1
1766568373.8119261,-0.17205238342285156,0.2841331958770752,-0.24456501007080078,0.34111785888671875,0.0,0.0,0.2086336612701416,1
1766568373.8237464,-0.17121124267578125,0.2843058109283447,-0.24673080444335938,0.3437671661376953,0.0,0.0,0.21013092994689941,1
1766568373.8344717,-0.17011451721191406,0.28597450256347656,-0.24366378784179688,0.3440361022949219,0.0,0.0,0.2162322998046875,1
1766568373.8555756,-0.17342376708984375,0.28587865829467773,-0.24305057525634766,0.3452644348144531,0.0,0.0,0.21466875076293945,1
1766568373.8594496,-0.17026042938232422,0.28827667236328125,-0.24586868286132812,0.34321022033691406,0.0,0.0,0.21535778045654297,1
1766568373.8705807,-0.17150402069091797,0.2885260581970215,-0.2447185516357422,0.3435173034667969,0.0,0.0,0.2158207893371582,1
1766568373.892195,-0.17377185821533203,0.28551435470581055,-0.24663543701171875,0.3449974060058594,0.0,0.0,0.21010446548461914,1
1766568373.8973916,-0.17267417907714844,0.286013126373291,-0.24655914306640625,0.3432483673095703,0.0,0.0,0.21002817153930664,1
1766568373.9087417,-0.17247295379638672,0.2856292724609375,-0.2448711395263672,0.3435935974121094,0.0,0.0,0.21187877655029297,1
1766568373.9215884,-0.1755084991455078,0.2871065139770508,-0.2427053451538086,0.3445549011230469,0.0,0.0,0.21344757080078125,1
1766568373.940341,-0.17737388610839844,0.2867419719696045,-0.2430887222290039,0.34416961669921875,0.0,0.0,0.2104489803314209,1
1766568373.946072,-0.1744670867919922,0.28656935691833496,-0.24477577209472656,0.3399639129638672,0.0,0.0,0.2072904109954834,1
1766568373.9659095,-0.1754913330078125,0.28975367546081543,-0.2448902130126953,0.3418464660644531,0.0,0.0,0.21121859550476074,1
1766568373.9737341,-0.17589378356933594,0.29142236709594727,-0.24521636962890625,0.3431129455566406,0.0,0.0,0.2134251594543457,1
1766568373.986742,-0.1736621856689453,0.2882957458496094,-0.24429702758789062,0.3458595275878906,0.0,0.0,0.21619606018066406,1
1766568374.0011036,-0.17236328125,0.2836918830871582,-0.2456378936767578,0.34238433837890625,0.0,0.0,0.20807504653930664,1
1766568374.006738,-0.17218017578125,0.2830204963684082,-0.24596405029296875,0.3419227600097656,0.0,0.0,0.20679903030395508,1
1766568374.0235233,-0.17291259765625,0.28605127334594727,-0.2469806671142578,0.3400230407714844,0.0,0.0,0.20618104934692383,1
1766568374.0313191,-0.17243671417236328,0.28708744049072266,-0.24814987182617188,0.3397331237792969,0.0,0.0,0.20623397827148438,1
1766568374.0433588,-0.17342376708984375,0.28587865829467773,-0.24492931365966797,0.3412322998046875,0.0,0.0,0.20875787734985352,1
1766568374.056435,-0.1712665557861328,0.287355899810791,-0.24410438537597656,0.33963775634765625,0.0,0.0,0.2116227149963379,1
1766568374.0675783,-0.17157745361328125,0.28499650955200195,-0.24498653411865234,0.3393115997314453,0.0,0.0,0.20774412155151367,1
1766568374.0886645,-0.17110157012939453,0.2865309715270996,-0.24377918243408203,0.34105873107910156,0.0,0.0,0.2127089500427246,1
1766568374.0936942,-0.17239952087402344,0.2888522148132324,-0.24444961547851562,0.34380531311035156,0.0,0.0,0.21580839157104492,1
1766568374.1066244,-0.1741008758544922,0.29052090644836426,-0.24232196807861328,0.3460350036621094,0.0,0.0,0.22013306617736816,1
1766568374.123268,-0.1738262176513672,0.2897920608520508,-0.24462223052978516,0.3422889709472656,0.0,0.0,0.21363258361816406,1
1766568374.1314037,-0.1753082275390625,0.286013126373291,-0.24722957611083984,0.3424797058105469,0.0,0.0,0.20595502853393555,1
1766568374.1434975,-0.17254638671875,0.2860705852508545,-0.24586868286132812,0.3432483673095703,0.0,0.0,0.21090388298034668,1
1766568374.1562374,-0.17501544952392578,0.2872600555419922,-0.24709510803222656,0.341461181640625,0.0,0.0,0.20661067962646484,1
1766568374.1678653,-0.17499732971191406,0.2863199710845947,-0.24650096893310547,0.3405017852783203,0.0,0.0,0.2053234577178955,1
1766568374.1908443,-0.17335128784179688,0.28856420516967773,-0.2454662322998047,0.3419227600097656,0.0,0.0,0.2116694450378418,1
1766568374.1908443,-0.17137527465820312,0.28572535514831543,-0.24663543701171875,0.34207725524902344,0.0,0.0,0.209791898727417,1
1766568374.2053468,-0.17196083068847656,0.2858595848083496,-0.2442007064819336,0.34209632873535156,0.0,0.0,0.21179437637329102,1
1766568374.2222948,-0.17349720001220703,0.2876434326171875,-0.24387550354003906,0.3434028625488281,0.0,0.0,0.21367359161376953,1
1766568374.2285306,-0.1736431121826172,0.2863583564758301,-0.24370193481445312,0.34096336364746094,0.0,0.0,0.2099766731262207,1
1766568374.2442536,-0.17353439331054688,0.2860898971557617,-0.24140167236328125,0.3412322998046875,0.0,0.0,0.2123861312866211,1
1766568374.264655,-0.17236328125,0.28679943084716797,-0.24485206604003906,0.33971405029296875,0.0,0.0,0.20929813385009766,1
1766568374.2751107,-0.17291259765625,0.2869720458984375,-0.2459259033203125,0.33837127685546875,0.0,0.0,0.20650482177734375,1
1766568374.2899618,-0.17185115814208984,0.2854759693145752,-0.24606037139892578,0.3389091491699219,0.0,0.0,0.20647358894348145,1
1766568374.2899618,-0.17413711547851562,0.2863583564758301,-0.24387550354003906,0.3404254913330078,0.0,0.0,0.2087712287902832,1
1766568374.3046787,-0.17380809783935547,0.2843441963195801,-0.24544715881347656,0.3424797058105469,0.0,0.0,0.20756864547729492,1
1766568374.3221822,-0.17333221435546875,0.28419065475463867,-0.24514007568359375,0.3427696228027344,0.0,0.0,0.20848798751831055,1
1766568374.3284209,-0.1738262176513672,0.28461265563964844,-0.2455425262451172,0.34052276611328125,0.0,0.0,0.2057666778564453,1
1766568374.341937,-0.17488670349121094,0.28545665740966797,-0.2432422637939453,0.3388500213623047,0.0,0.0,0.2061777114868164,1
1766568374.3579593,-0.17510604858398438,0.2882957458496094,-0.24214935302734375,0.3390617370605469,0.0,0.0,0.21010208129882812,1
1766568374.3671558,-0.1746673583984375,0.2889096736907959,-0.24343395233154297,0.34197998046875,0.0,0.0,0.21278834342956543,1
1766568374.3786542,-0.17368030548095703,0.2880847454071045,-0.24514007568359375,0.3428840637207031,0.0,0.0,0.21214842796325684,1
1766568374.3929,-0.17325973510742188,0.2841525077819824,-0.24535083770751953,0.343017578125,0.0,0.0,0.20855951309204102,1
1766568374.4037366,-0.17340564727783203,0.28520727157592773,-0.2432994842529297,0.3394660949707031,0.0,0.0,0.20796823501586914,1
1766568374.4166977,-0.17342376708984375,0.28553342819213867,-0.24184226989746094,0.341156005859375,0.0,0.0,0.21142339706420898,1
1766568374.4272776,-0.17219924926757812,0.28486204147338867,-0.24351119995117188,0.3413658142089844,0.0,0.0,0.21051740646362305,1
1766568374.4385765,-0.1711750030517578,0.2841331958770752,-0.2447185516357422,0.3419227600097656,0.0,0.0,0.21016240119934082,1
1766568374.4582717,-0.17122936248779297,0.284670352935791,-0.24220657348632812,0.33927154541015625,0.0,0.0,0.21050596237182617,1
1766568374.4659812,-0.172637939453125,0.2858405113220215,-0.24155521392822266,0.3394279479980469,0.0,0.0,0.2110753059387207,1
1766568374.477275,-0.17358875274658203,0.2863583564758301,-0.2424755096435547,0.33719825744628906,0.0,0.0,0.20749235153198242,1
1766568374.4889143,-0.17276573181152344,0.2859363555908203,-0.24460315704345703,0.3373527526855469,0.0,0.0,0.20592021942138672,1
1766568374.50215,-0.1710834503173828,0.28701066970825195,-0.2445068359375,0.33904266357421875,0.0,0.0,0.2104630470275879,1
1766568374.5255795,-0.17251014709472656,0.2865118980407715,-0.245849609375,0.3398094177246094,0.0,0.0,0.2079615592956543,1
1766568374.5255795,-0.17307662963867188,0.28537988662719727,-0.24468040466308594,0.3410987854003906,0.0,0.0,0.20872163772583008,1
1766568374.5411873,-0.1738262176513672,0.28626251220703125,-0.2423992156982422,0.3399639129638672,0.0,0.0,0.21000099182128906,1
1766568374.5570283,-0.1719799041748047,0.284900426864624,-0.2455615997314453,0.3405418395996094,0.0,0.0,0.2079007625579834,1
1766568374.5661829,-0.17371749877929688,0.2872023582458496,-0.24678802490234375,0.34234619140625,0.0,0.0,0.20904302597045898,1
1766568374.5752826,-0.17472267150878906,0.2896769046783447,-0.24654006958007812,0.3421344757080078,0.0,0.0,0.21054863929748535,1
1766568374.591821,-0.17186927795410156,0.28714466094970703,-0.24448776245117188,0.3409233093261719,0.0,0.0,0.21171092987060547,1
1766568374.6037428,-0.16954708099365234,0.2856485843658447,-0.24431610107421875,0.34269142150878906,0.0,0.0,0.2144768238067627,1
1766568374.6146624,-0.17362594604492188,0.28574442863464355,-0.2448902130126953,0.34096336364746094,0.0,0.0,0.2081916332244873,1
1766568374.62473,-0.17333221435546875,0.28572535514831543,-0.24283981323242188,0.3392333984375,0.0,0.0,0.2087867259979248,1
1766568374.6393776,-0.17225360870361328,0.28417158126831055,-0.24224472045898438,0.3412132263183594,0.0,0.0,0.21088647842407227,1
1766568374.6521413,-0.172454833984375,0.2850155830383301,-0.2439708709716797,0.33986854553222656,0.0,0.0,0.20845842361450195,1
1766568374.6624072,-0.1732778549194336,0.28572535514831543,-0.24431610107421875,0.3416938781738281,0.0,0.0,0.2098252773284912,1
1766568374.673999,-0.17239952087402344,0.2870297431945801,-0.24379825592041016,0.3427886962890625,0.0,0.0,0.21362066268920898,1
1766568374.6851783,-0.1713581085205078,0.28768205642700195,-0.24366378784179688,0.3393688201904297,0.0,0.0,0.21202898025512695,1
1766568374.700455,-0.1714496612548828,0.2867419719696045,-0.2439136505126953,0.3392143249511719,0.0,0.0,0.21059298515319824,1
1766568374.7131362,-0.17249107360839844,0.2876243591308594,-0.2446613311767578,0.3404064178466797,0.0,0.0,0.2108783721923828,1
1766568374.7235904,-0.17265605926513672,0.28754758834838867,-0.2452545166015625,0.34215354919433594,0.0,0.0,0.2117905616760254,1
1766568374.7350066,-0.17230796813964844,0.28961944580078125,-0.24385547637939453,0.34271240234375,0.0,0.0,0.21616840362548828,1
1766568374.7549036,-0.17210769653320312,0.28679943084716797,-0.24506378173828125,0.3427696228027344,0.0,0.0,0.21239757537841797,1
1766568374.762499,-0.17254638671875,0.28722143173217773,-0.24657821655273438,0.3400421142578125,0.0,0.0,0.20813894271850586,1
1766568374.7815917,-0.17258262634277344,0.2860898971557617,-0.246002197265625,0.3406181335449219,0.0,0.0,0.20812320709228516,1
1766568374.7919118,-0.17121124267578125,0.28559112548828125,-0.24483299255371094,0.34271240234375,0.0,0.0,0.21225929260253906,1
1766568374.8023558,-0.17280197143554688,0.2871832847595215,-0.24454593658447266,0.3401947021484375,0.0,0.0,0.21003007888793945,1
1766568374.8213503,-0.17287540435791016,0.2877969741821289,-0.2439899444580078,0.3383903503417969,0.0,0.0,0.2093219757080078,1
1766568374.824576,-0.1710643768310547,0.28915882110595703,-0.2425518035888672,0.33940696716308594,0.0,0.0,0.2149496078491211,1
1766568374.836778,-0.1718149185180664,0.28841090202331543,-0.2432994842529297,0.3404064178466797,0.0,0.0,0.21370291709899902,1
1766568374.857937,-0.17102813720703125,0.2837495803833008,-0.2433757781982422,0.34067535400390625,0.0,0.0,0.2100210189819336,1
1766568374.8642106,-0.172271728515625,0.2839796543121338,-0.24425888061523438,0.3410015106201172,0.0,0.0,0.2084505558013916,1
1766568374.8735166,-0.17260169982910156,0.28559112548828125,-0.24590682983398438,0.34059906005859375,0.0,0.0,0.20768165588378906,1
1766568374.8885567,-0.17031478881835938,0.28252172470092773,-0.2449483871459961,0.3424415588378906,0.0,0.0,0.2097001075744629,1
1766568374.898897,-0.17201614379882812,0.2850923538208008,-0.24506378173828125,0.3417320251464844,0.0,0.0,0.20974445343017578,1
1766568374.9114134,-0.1739368438720703,0.2839031219482422,-0.2439899444580078,0.34261512756347656,0.0,0.0,0.20859146118164062,1
1766568374.9243503,-0.17176055908203125,0.2839221954345703,-0.24462223052978516,0.3426342010498047,0.0,0.0,0.2101736068725586,1
1766568374.9366395,-0.1714496612548828,0.28620481491088867,-0.24680709838867188,0.3432884216308594,0.0,0.0,0.21123647689819336,1
1766568374.9462187,-0.172637939453125,0.2860705852508545,-0.24441146850585938,0.3406944274902344,0.0,0.0,0.2097156047821045,1
1766568374.958496,-0.17304039001464844,0.28641605377197266,-0.2437591552734375,0.33971405029296875,0.0,0.0,0.20933055877685547,1
1766568374.9789584,-0.17316818237304688,0.28612804412841797,-0.24609851837158203,0.33984947204589844,0.0,0.0,0.2067108154296875,1
1766568374.9899466,-0.17435646057128906,0.2864542007446289,-0.24527359008789062,0.34063720703125,0.0,0.0,0.20746135711669922,1
1766568374.9966633,-0.17258262634277344,0.28528404235839844,-0.24456501007080078,0.34150123596191406,0.0,0.0,0.20963764190673828,1
1766568375.0105035,-0.172821044921875,0.286684513092041,-0.24598312377929688,0.34063720703125,0.0,0.0,0.20851755142211914,1
1766568375.023763,-0.17395401000976562,0.28754758834838867,-0.24583053588867188,0.3435935974121094,0.0,0.0,0.21135663986206055,1
1766568375.0378942,-0.17506980895996094,0.2857060432434082,-0.24625205993652344,0.3433074951171875,0.0,0.0,0.20769166946411133,1
1766568375.0503798,-0.172821044921875,0.28752851486206055,-0.24370193481445312,0.34008026123046875,0.0,0.0,0.21108579635620117,1
1766568375.061728,-0.17183303833007812,0.2865309715270996,-0.24797725677490234,0.34027099609375,0.0,0.0,0.20699167251586914,1
1766568375.072501,-0.17102813720703125,0.285571813583374,-0.2484569549560547,0.3417701721191406,0.0,0.0,0.2078568935394287,1
1766568375.0901434,-0.1714496612548828,0.28328895568847656,-0.24648189544677734,0.3412513732910156,0.0,0.0,0.20660877227783203,1
1766568375.0931685,-0.17066192626953125,0.283998966217041,-0.24538898468017578,0.3430938720703125,0.0,0.0,0.21104192733764648,1
1766568375.1087801,-0.1688518524169922,0.28505396842956543,-0.2448139190673828,0.3404064178466797,0.0,0.0,0.21179461479187012,1
1766568375.1239533,-0.16994953155517578,0.2875094413757324,-0.2433185577392578,0.340789794921875,0.0,0.0,0.21503114700317383,1
1766568375.1323678,-0.1718883514404297,0.2878737449645996,-0.24421977996826172,0.34171295166015625,0.0,0.0,0.21347856521606445,1
1766568375.1433206,-0.1738262176513672,0.2883341312408447,-0.24475669860839844,0.3411750793457031,0.0,0.0,0.21092629432678223,1
1766568375.1590047,-0.17243671417236328,0.28745174407958984,-0.24500560760498047,0.3382740020751953,0.0,0.0,0.2082834243774414,1
1766568375.1890686,-0.17009544372558594,0.2878546714782715,-0.2454853057861328,0.3372955322265625,0.0,0.0,0.20956945419311523,1
1766568375.1890686,-0.17102813720703125,0.28931236267089844,-0.24514007568359375,0.3395233154296875,0.0,0.0,0.21266746520996094,1
1766568375.1995707,-0.1691446304321289,0.2863199710845947,-0.2456188201904297,0.3389472961425781,0.0,0.0,0.21050381660461426,1
1766568375.2059672,-0.16945552825927734,0.2859363555908203,-0.2452545166015625,0.3390617370605469,0.0,0.0,0.21028804779052734,1
1766568375.2281938,-0.17212581634521484,0.2876434326171875,-0.24485206604003906,0.336334228515625,0.0,0.0,0.2069997787475586,1
1766568375.23915,-0.17229080200195312,0.28806543350219727,-0.24418163299560547,0.33710289001464844,0.0,0.0,0.2086958885192871,1
1766568375.2454617,-0.17122936248779297,0.2874901294708252,-0.24529266357421875,0.3389091491699219,0.0,0.0,0.20987725257873535,1
1766568375.2590094,-0.1720714569091797,0.2883341312408447,-0.2456960678100586,0.3390998840332031,0.0,0.0,0.20966649055480957,1
1766568375.2690985,-0.17113876342773438,0.289370059967041,-0.2433185577392578,0.34063720703125,0.0,0.0,0.21554994583129883,1
1766568375.3198006,-0.16962051391601562,0.28664612770080566,-0.2434530258178711,0.3426532745361328,0.0,0.0,0.21622586250305176,1
1766568375.3198006,-0.1710834503173828,0.2844400405883789,-0.24498653411865234,0.3416557312011719,0.0,0.0,0.21002578735351562,1
1766568375.3198006,-0.17404556274414062,0.28455519676208496,-0.24717140197753906,0.3414421081542969,0.0,0.0,0.20478034019470215,1
1766568375.3198006,-0.17408275604248047,0.28284788131713867,-0.24642372131347656,0.34105873107910156,0.0,0.0,0.2034001350402832,1
1766568375.3309288,-0.1743755340576172,0.2835960388183594,-0.2447185516357422,0.3425769805908203,0.0,0.0,0.2070789337158203,1
1766568375.3452234,-0.17426490783691406,0.28662681579589844,-0.2433948516845703,0.3428840637207031,0.0,0.0,0.2118511199951172,1
1766568375.3604138,-0.1743936538696289,0.28486204147338867,-0.24295425415039062,0.3406562805175781,0.0,0.0,0.20817041397094727,1
1766568375.3698652,-0.1738262176513672,0.2863199710845947,-0.24349117279052734,0.34082794189453125,0.0,0.0,0.20983052253723145,1
1766568375.3899314,-0.17305850982666016,0.2865309715270996,-0.24222564697265625,0.34103965759277344,0.0,0.0,0.21228647232055664,1
1766568375.3919365,-0.1733875274658203,0.28626251220703125,-0.2454853057861328,0.33971405029296875,0.0,0.0,0.20710372924804688,1
1766568375.4026597,-0.1744842529296875,0.2876243591308594,-0.24454593658447266,0.33986854553222656,0.0,0.0,0.20846271514892578,1
1766568375.4201505,-0.17395401000976562,0.2872791290283203,-0.24224472045898438,0.34103965759277344,0.0,0.0,0.21212005615234375,1
1766568375.4361296,-0.1717052459716797,0.2863199710845947,-0.2441234588623047,0.3374481201171875,0.0,0.0,0.20793938636779785,1
1766568375.4442945,-0.172271728515625,0.28731751441955566,-0.24326133728027344,0.338714599609375,0.0,0.0,0.21049904823303223,1
1766568375.4615417,-0.1708087921142578,0.2892932891845703,-0.2424182891845703,0.3408660888671875,0.0,0.0,0.2169322967529297,1
1766568375.4673078,-0.1720714569091797,0.2861473560333252,-0.24287796020507812,0.3421745300292969,0.0,0.0,0.21337246894836426,1
1766568375.4813974,-0.17251014709472656,0.28559112548828125,-0.24170875549316406,0.3428459167480469,0.0,0.0,0.2142181396484375,1
1766568375.492615,-0.1716136932373047,0.2877969741821289,-0.2440471649169922,0.34130859375,0.0,0.0,0.21344470977783203,1
1766568375.50342,-0.1720714569091797,0.2866077423095703,-0.24625205993652344,0.3401947021484375,0.0,0.0,0.2084789276123047,1
1766568375.521703,-0.17450332641601562,0.28783535957336426,-0.24429702758789062,0.339447021484375,0.0,0.0,0.208482027053833,1
1766568375.5328374,-0.1736621856689453,0.28729820251464844,-0.24519729614257812,0.33892822265625,0.0,0.0,0.207366943359375,1
1766568375.5435538,-0.17406463623046875,0.28910160064697266,-0.24795818328857422,0.3401374816894531,0.0,0.0,0.2072162628173828,1
1766568375.5527222,-0.1743021011352539,0.2868380546569824,-0.24721050262451172,0.3419990539550781,0.0,0.0,0.20732450485229492,1
1766568375.5646963,-0.1736621856689453,0.2869720458984375,-0.24410438537597656,0.34194183349609375,0.0,0.0,0.21114730834960938,1
1766568375.6051955,-0.17274761199951172,0.2851114273071289,-0.24276351928710938,0.3372173309326172,0.0,0.0,0.206817626953125,1
1766568375.6051955,-0.17139434814453125,0.2842097282409668,-0.2436065673828125,0.336181640625,0.0,0.0,0.20539045333862305,1
1766568375.6051955,-0.17256450653076172,0.2835383415222168,-0.247344970703125,0.33800506591796875,0.0,0.0,0.20163393020629883,1
1766568375.6646707,-0.17238235473632812,0.28445911407470703,-0.2459259033203125,0.3378143310546875,0.0,0.0,0.2039651870727539,1
1766568375.6646707,-0.1735515594482422,0.2849388122558594,-0.2461566925048828,0.3385810852050781,0.0,0.0,0.2038116455078125,1
1766568375.6675296,-0.17183303833007812,0.28649258613586426,-0.24654006958007812,0.34000396728515625,0.0,0.0,0.20812344551086426,1
1766568375.6675296,-0.17353439331054688,0.2866652011871338,-0.2454090118408203,0.3408088684082031,0.0,0.0,0.20853066444396973,1
1766568375.6685433,-0.17380809783935547,0.2851691246032715,-0.24305057525634766,0.3395805358886719,0.0,0.0,0.20789098739624023,1
1766568375.6741197,-0.17335128784179688,0.28491973876953125,-0.24460315704345703,0.33948516845703125,0.0,0.0,0.2064504623413086,1
1766568375.6899996,-0.1732778549194336,0.28290557861328125,-0.24425888061523438,0.33927154541015625,0.0,0.0,0.20464038848876953,1
1766568375.7031658,-0.17285728454589844,0.28303956985473633,-0.2424945831298828,0.3404064178466797,0.0,0.0,0.20809412002563477,1
1766568375.715367,-0.1700592041015625,0.28259849548339844,-0.2417469024658203,0.3405017852783203,0.0,0.0,0.21129417419433594,1
1766568375.727292,-0.1706075668334961,0.2842097282409668,-0.24199676513671875,0.34103965759277344,0.0,0.0,0.2126450538635254,1
1766568375.7403374,-0.17077255249023438,0.28580188751220703,-0.24059677124023438,0.3407707214355469,0.0,0.0,0.21520328521728516,1
1766568375.7547345,-0.17386245727539062,0.28806543350219727,-0.24191951751708984,0.34171295166015625,0.0,0.0,0.21399641036987305,1
1766568375.7651203,-0.17499732971191406,0.2868952751159668,-0.24410438537597656,0.34127044677734375,0.0,0.0,0.20906400680541992,1
1766568375.7799315,-0.1743936538696289,0.2852649688720703,-0.24462223052978516,0.3400421142578125,0.0,0.0,0.20629119873046875,1
1766568375.7921546,-0.172821044921875,0.2854759693145752,-0.2438364028930664,0.33889007568359375,0.0,0.0,0.20770859718322754,1
1766568375.8002071,-0.17368030548095703,0.2887754440307617,-0.2457733154296875,0.33896636962890625,0.0,0.0,0.20828819274902344,1
1766568375.8147993,-0.17499732971191406,0.2876627445220947,-0.24609851837158203,0.34046363830566406,0.0,0.0,0.2070305347442627,1
1766568375.825408,-0.17269325256347656,0.28530311584472656,-0.24456501007080078,0.3406944274902344,0.0,0.0,0.2087392807006836,1
1766568375.8566322,-0.1708087921142578,0.28603219985961914,-0.2424755096435547,0.3412132263183594,0.0,0.0,0.21396112442016602,1
1766568375.8566322,-0.17221641540527344,0.28626251220703125,-0.24468040466308594,0.3397331237792969,0.0,0.0,0.20909881591796875,1
1766568375.8628266,-0.17276573181152344,0.2861473560333252,-0.24531269073486328,0.3394279479980469,0.0,0.0,0.20749688148498535,1
1766568375.8766232,-0.1732959747314453,0.2861666679382324,-0.2439708709716797,0.3373908996582031,0.0,0.0,0.20629072189331055,1
1766568375.8905923,-0.16993141174316406,0.28476619720458984,-0.24613666534423828,0.3400993347167969,0.0,0.0,0.20879745483398438,1
1766568375.9016442,-0.17168617248535156,0.28424835205078125,-0.2454853057861328,0.33948516845703125,0.0,0.0,0.20656204223632812,1
1766568375.9135196,-0.1732778549194336,0.28672266006469727,-0.24498653411865234,0.3398876190185547,0.0,0.0,0.20834589004516602,1
1766568375.9260771,-0.17216205596923828,0.286013126373291,-0.24213027954101562,0.34142303466796875,0.0,0.0,0.21314382553100586,1
1766568375.9369724,-0.17121124267578125,0.28685712814331055,-0.24065399169921875,0.34119415283203125,0.0,0.0,0.2161860466003418,1
1766568375.9566593,-0.17040634155273438,0.2865886688232422,-0.24318504333496094,0.3404827117919922,0.0,0.0,0.21347999572753906,1
1766568375.963183,-0.17049789428710938,0.28701066970825195,-0.24433517456054688,0.3399639129638672,0.0,0.0,0.2121415138244629,1
1766568375.977757,-0.1709003448486328,0.2874133586883545,-0.24448776245117188,0.34082794189453125,0.0,0.0,0.21285319328308105,1
1766568375.9891074,-0.17296695709228516,0.28419065475463867,-0.24379825592041016,0.3404254913330078,0.0,0.0,0.20785093307495117,1
1766568375.9989045,-0.17214393615722656,0.2837686538696289,-0.24318504333496094,0.3409442901611328,0.0,0.0,0.20938396453857422,1
1766568376.0128045,-0.17141246795654297,0.2839031219482422,-0.24400901794433594,0.340118408203125,0.0,0.0,0.20860004425048828,1
1766568376.0229137,-0.1708087921142578,0.28605127334594727,-0.244354248046875,0.3401756286621094,0.0,0.0,0.21106386184692383,1
1766568376.0383365,-0.171905517578125,0.2844209671020508,-0.24759387969970703,0.34008026123046875,0.0,0.0,0.2050018310546875,1
1766568376.0593324,-0.17119312286376953,0.2856485843658447,-0.24632835388183594,0.3427696228027344,0.0,0.0,0.21089673042297363,1
1766568376.0627625,-0.17066192626953125,0.28403711318969727,-0.24722957611083984,0.3423652648925781,0.0,0.0,0.2085108757019043,1
1766568376.0749257,-0.17230796813964844,0.28553342819213867,-0.24558067321777344,0.34015655517578125,0.0,0.0,0.20780134201049805,1
1766568376.0876892,-0.17201614379882812,0.28499650955200195,-0.24517822265625,0.3417701721191406,0.0,0.0,0.20957231521606445,1
1766568376.0990336,-0.17016887664794922,0.2842674255371094,-0.24590682983398438,0.34282684326171875,0.0,0.0,0.21101856231689453,1
1766568376.1082768,-0.1712665557861328,0.2871065139770508,-0.24544715881347656,0.3418464660644531,0.0,0.0,0.21223926544189453,1
1766568376.124227,-0.16962051391601562,0.2872600555419922,-0.24454593658447266,0.3421154022216797,0.0,0.0,0.2152090072631836,1
1766568376.1356418,6.847494125366211,0.2870297431945801,-0.24544715881347656,0.34155845642089844,-27.677949905395508,20.441726684570312,7.230635166168213,1
1766568376.1564596,28.82065200805664,0.2859172821044922,-0.2425708770751953,0.3430747985839844,-27.91689109802246,20.8554744720459,29.207073211669922,1
1766568376.1579864,-0.17278385162353516,0.28351926803588867,-0.24408531188964844,0.34319114685058594,0.0,0.0,0.20984125137329102,1
1766568376.1694822,-0.17404556274414062,0.282214879989624,-0.24492931365966797,0.3411750793457031,0.0,0.0,0.20441508293151855,1
1766568376.1910462,-0.17274761199951172,0.2870297431945801,-0.24429702758789062,0.34319114685058594,0.0,0.0,0.21317625045776367,1
1766568376.1992018,-0.16982078552246094,0.2866652011871338,-0.24297332763671875,0.341827392578125,0.0,0.0,0.2156984806060791,1
1766568376.207687,-0.17254638671875,0.28545665740966797,-0.2439708709716797,0.3421154022216797,0.0,0.0,0.21105480194091797,1
1766568376.2249472,-0.17477798461914062,0.2847471237182617,-0.24571514129638672,0.34370994567871094,0.0,0.0,0.2079639434814453,1
1766568376.2367735,-0.1745758056640625,0.2854185104370117,-0.24579238891601562,0.34223175048828125,0.0,0.0,0.20728206634521484,1
1766568376.2472239,-0.1714305877685547,0.28545665740966797,-0.2456960678100586,0.34313392639160156,0.0,0.0,0.21146392822265625,1
1766568376.2582169,-0.17164993286132812,0.2842674255371094,-0.24490928649902344,0.3411369323730469,0.0,0.0,0.2088451385498047,1
1766568376.2720006,-0.17201614379882812,0.2853224277496338,-0.2449483871459961,0.33860015869140625,0.0,0.0,0.20695805549621582,1
1766568376.2871344,-0.1717967987060547,0.28724074363708496,-0.24446868896484375,0.3395042419433594,0.0,0.0,0.2104794979095459,1
1766568376.2973115,-0.17148590087890625,0.28850674629211426,-0.24707603454589844,0.3416748046875,0.0,0.0,0.21161961555480957,1
1766568376.3093524,-0.17026042938232422,0.28781604766845703,-0.2474212646484375,0.3396759033203125,0.0,0.0,0.2098102569580078,1
1766568376.3227873,-0.1702423095703125,0.2875666618347168,-0.2456188201904297,0.33875465393066406,0.0,0.0,0.21046018600463867,1
1766568376.3352363,-0.17324066162109375,0.2841525077819824,-0.24364471435546875,0.3414421081542969,0.0,0.0,0.2087092399597168,1
1766568376.346042,-0.17349720001220703,0.28200387954711914,-0.2454090118408203,0.3417320251464844,0.0,0.0,0.20482969284057617,1
1766568376.359243,-0.172271728515625,0.28223419189453125,-0.24446868896484375,0.3385429382324219,0.0,0.0,0.20403671264648438,1
1766568376.3704748,-0.17091846466064453,0.2838263511657715,-0.24161338806152344,0.3404827117919922,0.0,0.0,0.2117772102355957,1
1766568376.3892565,-0.1694927215576172,0.2852458953857422,-0.23998260498046875,0.34171295166015625,0.0,0.0,0.2174835205078125,1
1766568376.3965347,-0.17119312286376953,0.2862238883972168,-0.24266719818115234,0.3410205841064453,0.0,0.0,0.21338415145874023,1
1766568376.4085824,-0.17294883728027344,0.286914587020874,-0.2440662384033203,0.3387737274169922,0.0,0.0,0.20867323875427246,1
1766568376.4199467,-0.17157745361328125,0.28641605377197266,-0.2427053451538086,0.33764076232910156,0.0,0.0,0.20977401733398438,1
1766568376.4322212,-0.17368030548095703,0.28432512283325195,-0.24140167236328125,0.33994483947753906,0.0,0.0,0.20918798446655273,1
1766568376.4463594,-0.17404556274414062,0.2854952812194824,-0.246673583984375,0.3411369323730469,0.0,0.0,0.20591306686401367,1
1766568376.459214,-0.17404556274414062,0.2867419719696045,-0.24949169158935547,0.33823585510253906,0.0,0.0,0.20144057273864746,1
1766568376.4816775,-0.1731863021850586,0.2850155830383301,-0.24634742736816406,0.33831214904785156,0.0,0.0,0.20379400253295898,1
1766568376.483196,-0.1737537384033203,0.28303956985473633,-0.2445840835571289,0.340118408203125,0.0,0.0,0.2048201560974121,1
1766568376.5025249,-0.17322349548339844,0.28486204147338867,-0.24236106872558594,0.3407707214355469,0.0,0.0,0.21004819869995117,1
1766568376.5106127,-0.1730213165283203,0.28574442863464355,-0.24372100830078125,0.3412132263183594,0.0,0.0,0.21021533012390137,1
1766568376.5330598,-0.171905517578125,0.28850674629211426,-0.24492931365966797,0.34075164794921875,0.0,0.0,0.21242356300354004,1
1766568376.5391335,-0.1718883514404297,0.28737497329711914,-0.2448711395263672,0.3402137756347656,0.0,0.0,0.2108292579650879,1
1766568376.5446591,-0.17486953735351562,0.2888329029083252,-0.2447948455810547,0.3404254913330078,0.0,0.0,0.2095940113067627,1
1766568376.5569966,-0.17527198791503906,0.2881615161895752,-0.2462139129638672,0.3384666442871094,0.0,0.0,0.20514225959777832,1
1766568376.5703158,-0.1737537384033203,0.2863199710845947,-0.24648189544677734,0.3387928009033203,0.0,0.0,0.20487713813781738,1
1766568376.581527,-0.1731128692626953,0.28670358657836914,-0.2484760284423828,0.3408660888671875,0.0,0.0,0.20598077774047852,1
1766568376.5956988,-0.17360687255859375,0.28566789627075195,-0.24736404418945312,0.33971405029296875,0.0,0.0,0.20441102981567383,1
1766568376.605567,-0.17239952087402344,0.286684513092041,-0.24579238891601562,0.3364295959472656,0.0,0.0,0.20492219924926758,1
1766568376.6226645,-0.17276573181152344,0.2886028289794922,-0.24517822265625,0.33748626708984375,0.0,0.0,0.2081451416015625,1
1766568376.6317024,-0.1739177703857422,0.2858405113220215,-0.24433517456054688,0.3390617370605469,0.0,0.0,0.2066493034362793,1
1766568376.6415248,-0.17315006256103516,0.2848811149597168,-0.24299240112304688,0.33785247802734375,0.0,0.0,0.20659112930297852,1
1766568376.6569958,-0.17386245727539062,0.28582119941711426,-0.24251365661621094,0.3403663635253906,0.0,0.0,0.20981144905090332,1
1766568376.6732767,-0.17018699645996094,0.28424835205078125,-0.2432994842529297,0.3420391082763672,0.0,0.0,0.2128009796142578,1
1766568376.6818776,-0.17260169982910156,0.28411388397216797,-0.2447376251220703,0.3404064178466797,0.0,0.0,0.20718097686767578,1
1766568376.695018,-0.17378997802734375,0.28618574142456055,-0.24439239501953125,0.33984947204589844,0.0,0.0,0.20785284042358398,1
1766568376.7060273,-0.17221641540527344,0.28754758834838867,-0.2438364028930664,0.3397712707519531,0.0,0.0,0.21126604080200195,1
1766568376.722839,-0.172088623046875,0.2876627445220947,-0.24485206604003906,0.3405609130859375,0.0,0.0,0.21128296852111816,1
1766568376.7305255,-0.17229080200195312,0.2863006591796875,-0.2416515350341797,0.33823585510253906,0.0,0.0,0.21059417724609375,1
1766568376.743691,-0.17296695709228516,0.28639674186706543,-0.24421977996826172,0.3392925262451172,0.0,0.0,0.20850253105163574,1
1766568376.7552536,-0.17057132720947266,0.2872791290283203,-0.2418231964111328,0.3393115997314453,0.0,0.0,0.21419620513916016,1
1766568376.7907963,-0.1714496612548828,0.2844977378845215,-0.24197769165039062,0.3421154022216797,0.0,0.0,0.21318578720092773,1
1766568376.7907963,-0.1716318130493164,0.2851881980895996,-0.2474212646484375,0.34023284912109375,0.0,0.0,0.20636796951293945,1
1766568376.7907963,-0.17432022094726562,0.28745174407958984,-0.24586868286132812,0.3393878936767578,0.0,0.0,0.2066507339477539,1
1766568376.8052323,-0.17174148559570312,0.28626251220703125,-0.24429702758789062,0.3410015106201172,0.0,0.0,0.2112255096435547,1
1766568376.8223782,-0.16846847534179688,0.28566789627075195,-0.2424182891845703,0.342498779296875,0.0,0.0,0.21727991104125977,1
1766568376.828806,-0.1712665557861328,0.2875666618347168,-0.2421875,0.34215354919433594,0.0,0.0,0.21626615524291992,1
1766568376.84511,-0.17139434814453125,0.28522658348083496,-0.24295425415039062,0.3424415588378906,0.0,0.0,0.2133195400238037,1
1766568376.8548713,-0.1752166748046875,0.28902482986450195,-0.24485206604003906,0.3401374816894531,0.0,0.0,0.20909357070922852,1
1766568376.8685782,-0.17441177368164062,0.2857060432434082,-0.24565696716308594,0.3383331298828125,0.0,0.0,0.20397043228149414,1
1766568376.8834395,-0.17265605926513672,0.283557653427124,-0.24558067321777344,0.3385429382324219,0.0,0.0,0.20386385917663574,1
1766568376.8968773,-0.17236328125,0.28409481048583984,-0.2454662322998047,0.34063720703125,0.0,0.0,0.20690250396728516,1
1766568376.9045818,-0.17362594604492188,0.2863583564758301,-0.2442779541015625,0.3402900695800781,0.0,0.0,0.20874452590942383,1
1766568376.9237397,-0.17157745361328125,0.2874133586883545,-0.24763202667236328,0.3400230407714844,0.0,0.0,0.20822691917419434,1
1766568376.9264197,-0.17278385162353516,0.28371095657348633,-0.2491464614868164,0.340789794921875,0.0,0.0,0.20257043838500977,1
1766568376.9408262,-0.17322349548339844,0.28639674186706543,-0.2484760284423828,0.3392925262451172,0.0,0.0,0.20398974418640137,1
1766568376.9588149,-0.17335128784179688,0.28319311141967773,-0.24606037139892578,0.3399066925048828,0.0,0.0,0.2036881446838379,1
1766568376.9651904,-0.1742839813232422,0.28505396842956543,-0.24573421478271484,0.3409233093261719,0.0,0.0,0.20595908164978027,1
1766568376.99107,-0.17322349548339844,0.28411388397216797,-0.2449483871459961,0.33933067321777344,0.0,0.0,0.20527267456054688,1
1766568376.99107,-0.1733875274658203,0.28470849990844727,-0.24581146240234375,0.34157752990722656,0.0,0.0,0.20708703994750977,1
1766568377.0029376,-0.1740283966064453,0.28559112548828125,-0.24153614044189453,0.34008026123046875,0.0,0.0,0.21010684967041016,1
1766568377.0237386,-0.1737537384033203,0.2840757369995117,-0.24347209930419922,0.33740997314453125,0.0,0.0,0.20425987243652344,1
1766568377.0269392,-0.1737537384033203,0.28378772735595703,-0.24767112731933594,0.3402137756347656,0.0,0.0,0.2025766372680664,1
1766568377.0390964,-0.17386245727539062,0.2857828140258789,-0.24586868286132812,0.3407135009765625,0.0,0.0,0.20676517486572266,1
1766568377.0556617,-0.17389965057373047,0.28595542907714844,-0.2438945770263672,0.3412132263183594,0.0,0.0,0.20937442779541016,1
1766568377.0658484,-0.17461299896240234,0.28559112548828125,-0.24475669860839844,0.3428077697753906,0.0,0.0,0.2090291976928711,1
1766568377.0756114,-0.17477798461914062,0.28559112548828125,-0.24732589721679688,0.34313392639160156,0.0,0.0,0.2066211700439453,1
1766568377.1011105,-0.17351531982421875,0.28597450256347656,-0.2456378936767578,0.3398303985595703,0.0,0.0,0.2066516876220703,1
1766568377.1072671,-0.1739177703857422,0.2860898971557617,-0.24611759185791016,0.33956146240234375,0.0,0.0,0.20561599731445312,1
1766568377.114896,-0.17340564727783203,0.2838454246520996,-0.2465972900390625,0.3396759033203125,0.0,0.0,0.20351839065551758,1
1766568377.1265461,-0.17497825622558594,0.28409481048583984,-0.24728775024414062,0.33963775634765625,0.0,0.0,0.20146656036376953,1
1766568377.140008,-0.17313194274902344,0.2843441963195801,-0.24519729614257812,0.3385429382324219,0.0,0.0,0.2045578956604004,1
1766568377.1565008,-0.17611312866210938,0.2850923538208008,-0.24594497680664062,0.3384284973144531,0.0,0.0,0.2014627456665039,1
1766568377.1621463,-0.17528915405273438,0.2835383415222168,-0.24905014038085938,0.3354301452636719,0.0,0.0,0.19462919235229492,1
1766568377.173627,-0.1727294921875,0.2849578857421875,-0.24767112731933594,0.3348350524902344,0.0,0.0,0.19939231872558594,1
1766568377.1918433,-0.17351531982421875,0.28819990158081055,-0.2467498779296875,0.3370246887207031,0.0,0.0,0.20495939254760742,1
1766568377.2013059,-0.17404556274414062,0.2895236015319824,-0.2460794448852539,0.3379478454589844,0.0,0.0,0.20734643936157227,1
1766568377.2122548,-0.1742105484008789,0.2862815856933594,-0.2433757781982422,0.3380241394042969,0.0,0.0,0.20671939849853516,1
1766568377.2230573,-0.1737537384033203,0.285571813583374,-0.24291610717773438,0.34098243713378906,0.0,0.0,0.2098844051361084,1
1766568377.2386694,-0.17325973510742188,0.28605127334594727,-0.24565696716308594,0.34209632873535156,0.0,0.0,0.20923089981079102,1
1766568377.250962,-0.1736621856689453,0.28626251220703125,-0.2440662384033203,0.3390998840332031,0.0,0.0,0.20763397216796875,1
1766568377.2623534,-0.1729297637939453,0.2865886688232422,-0.24477577209472656,0.33904266357421875,0.0,0.0,0.20792579650878906,1
1766568377.2740111,-0.17368030548095703,0.28685712814331055,-0.24416255950927734,0.3394660949707031,0.0,0.0,0.2084803581237793,1
1766568377.310727,-0.17225360870361328,0.28618574142456055,-0.24377918243408203,0.3412322998046875,0.0,0.0,0.21138525009155273,1
1766568377.310727,-0.1712474822998047,0.2839031219482422,-0.245025634765625,0.34386444091796875,0.0,0.0,0.21149444580078125,1
1766568377.3147547,-0.17304039001464844,0.2842674255371094,-0.24550437927246094,0.3427886962890625,0.0,0.0,0.2085113525390625,1
1766568377.3228264,-0.173004150390625,0.2869529724121094,-0.2469034194946289,0.344207763671875,0.0,0.0,0.21125316619873047,1
1766568377.3348002,-0.1731128692626953,0.2868187427520752,-0.2447376251220703,0.3384666442871094,0.0,0.0,0.20743489265441895,1
1766568377.355335,-0.17201614379882812,0.2837686538696289,-0.2449483871459961,0.3373146057128906,0.0,0.0,0.2041187286376953,1
1766568377.3629816,-0.17340564727783203,0.28507304191589355,-0.24736404418945312,0.3407325744628906,0.0,0.0,0.20503592491149902,1
1766568377.3717546,-0.17132091522216797,0.28572535514831543,-0.24627113342285156,0.34023284912109375,0.0,0.0,0.20836615562438965,1
1766568377.3917468,-0.17111968994140625,0.2863199710845947,-0.2445840835571289,0.3406944274902344,0.0,0.0,0.21131062507629395,1
1766568377.4029312,-0.17046165466308594,0.28639674186706543,-0.24747848510742188,0.34075164794921875,0.0,0.0,0.20920825004577637,1
1766568377.4152699,-0.17223548889160156,0.28791213035583496,-0.24602127075195312,0.3410015106201172,0.0,0.0,0.21065688133239746,1
1766568377.426034,-0.1733694076538086,0.2903099060058594,-0.24583053588867188,0.34027099609375,0.0,0.0,0.2113809585571289,1
1766568377.4368582,-0.1734790802001953,0.28499650955200195,-0.24671173095703125,0.33940696716308594,0.0,0.0,0.20421266555786133,1
1766568377.4564242,-0.1750335693359375,0.28520727157592773,-0.24753570556640625,0.34052276611328125,0.0,0.0,0.20316076278686523,1
1766568377.4642189,-0.1743755340576172,0.28553342819213867,-0.2455425262451172,0.3405609130859375,0.0,0.0,0.2061762809753418,1
1766568377.4754124,-0.17289352416992188,0.28445911407470703,-0.24508285522460938,0.3356437683105469,0.0,0.0,0.20212650299072266,1
1766568377.4922707,-0.17159461975097656,0.2842097282409668,-0.2462329864501953,0.3376197814941406,0.0,0.0,0.20400190353393555,1
1766568377.509192,-0.17322349548339844,0.28626251220703125,-0.24536991119384766,0.3410797119140625,0.0,0.0,0.20874881744384766,1
1766568377.509192,-0.17369842529296875,0.2874133586883545,-0.24423885345458984,0.3396949768066406,0.0,0.0,0.20917105674743652,1
1766568377.5240793,-0.17324066162109375,0.2869913578033447,-0.24454593658447266,0.3371410369873047,0.0,0.0,0.206345796585083,1
1766568377.5441384,-0.17349720001220703,0.28610897064208984,-0.24594497680664062,0.33984947204589844,0.0,0.0,0.20651626586914062,1
1766568377.5466645,-0.17210769653320312,0.2856292724609375,-0.24437332153320312,0.33837127685546875,0.0,0.0,0.20751953125,1
1766568377.557589,-0.17177772521972656,0.28821897506713867,-0.24303150177001953,0.3380241394042969,0.0,0.0,0.21143388748168945,1
1766568377.5748162,-0.17380809783935547,0.2883148193359375,-0.24280166625976562,0.3395042419433594,0.0,0.0,0.21120929718017578,1
1766568377.5905142,-0.1715402603149414,0.28714466094970703,-0.24448776245117188,0.33860015869140625,0.0,0.0,0.209716796875,1
1766568377.59946,-0.1731128692626953,0.2843441963195801,-0.2448139190673828,0.3407135009765625,0.0,0.0,0.20713090896606445,1
1766568377.6081042,-0.1718149185180664,0.2836728096008301,-0.24423885345458984,0.3385429382324219,0.0,0.0,0.2061619758605957,1
1766568377.6262345,-0.17037010192871094,0.28328895568847656,-0.24425888061523438,0.3391761779785156,0.0,0.0,0.20783615112304688,1
1766568377.6305056,-0.1717052459716797,0.2856485843658447,-0.2462139129638672,0.3384666442871094,0.0,0.0,0.20619606971740723,1
1766568377.646614,-0.17304039001464844,0.28499650955200195,-0.24849510192871094,0.3376789093017578,0.0,0.0,0.2011399269104004,1
1766568377.65892,-0.17307662963867188,0.28386449813842773,-0.24609851837158203,0.33689117431640625,0.0,0.0,0.20158052444458008,1
1766568377.67164,-0.17249107360839844,0.2869720458984375,-0.243011474609375,0.33658409118652344,0.0,0.0,0.2080535888671875,1
1766568377.6827428,-0.1715402603149414,0.2861473560333252,-0.24289703369140625,0.3384284973144531,0.0,0.0,0.21013855934143066,1
1766568377.6965919,-0.16806602478027344,0.28610897064208984,-0.2425518035888672,0.33956146240234375,0.0,0.0,0.21505260467529297,1
1766568377.7230835,-0.1717967987060547,0.28522658348083496,-0.24441146850585938,0.3368339538574219,0.0,0.0,0.20585227012634277,1
1766568377.7230835,-0.171905517578125,0.2866652011871338,-0.2454853057861328,0.3371601104736328,0.0,0.0,0.2064344882965088,1
1766568377.737679,-0.17267417907714844,0.2854185104370117,-0.2421112060546875,0.33710289001464844,0.0,0.0,0.20773601531982422,1
1766568377.7490144,-0.17130279541015625,0.2849578857421875,-0.24052047729492188,0.3383903503417969,0.0,0.0,0.21152496337890625,1
1766568377.7582014,-0.17119312286376953,0.2883725166320801,-0.24303150177001953,0.33979034423828125,0.0,0.0,0.21393823623657227,1
1766568377.7706442,-0.17219924926757812,0.2866652011871338,-0.24425888061523438,0.3397331237792969,0.0,0.0,0.20994019508361816,1
1766568377.7811842,-0.16991233825683594,0.2849388122558594,-0.24410438537597656,0.3398094177246094,0.0,0.0,0.21073150634765625,1
1766568377.7991855,-0.16881561279296875,0.2829246520996094,-0.2442779541015625,0.3387928009033203,0.0,0.0,0.20862388610839844,1
1766568377.804686,-0.17029666900634766,0.28068017959594727,-0.2455425262451172,0.3369483947753906,0.0,0.0,0.20178937911987305,1
1766568377.826983,-0.1707172393798828,0.28202295303344727,-0.24462223052978516,0.3395042419433594,0.0,0.0,0.20618772506713867,1
1766568377.832242,-0.1703338623046875,0.2851691246032715,-0.24320411682128906,0.3408851623535156,0.0,0.0,0.21251630783081055,1
1766568377.849055,-0.17221641540527344,0.2833082675933838,-0.2440662384033203,0.3404254913330078,0.0,0.0,0.20745110511779785,1
1766568377.8585396,-0.17130279541015625,0.28305888175964355,-0.2454090118408203,0.3392143249511719,0.0,0.0,0.20556139945983887,1
1766568377.8713229,-0.16828536987304688,0.28470849990844727,-0.24755477905273438,0.33585357666015625,0.0,0.0,0.20472192764282227,1
1766568377.8926961,-0.17002296447753906,0.2839221954345703,-0.24613666534423828,0.3364677429199219,0.0,0.0,0.20423030853271484,1
1766568377.8932207,-0.17141246795654297,0.28269433975219727,-0.24498653411865234,0.3381385803222656,0.0,0.0,0.20443391799926758,1
1766568377.9256873,-0.17073631286621094,0.2834043502807617,-0.24431610107421875,0.3392524719238281,0.0,0.0,0.20760440826416016,1
1766568377.9256873,-0.17095565795898438,0.2840757369995117,-0.24538898468017578,0.3389472961425781,0.0,0.0,0.2066783905029297,1
1766568377.930895,-0.17176055908203125,0.2831740379333496,-0.244354248046875,0.3383522033691406,0.0,0.0,0.20541143417358398,1
1766568377.9486501,-0.1715402603149414,0.2856485843658447,-0.245025634765625,0.3377552032470703,0.0,0.0,0.20683789253234863,1
1766568377.9588661,-0.1719799041748047,0.28827667236328125,-0.2454853057861328,0.3364105224609375,0.0,0.0,0.20722198486328125,1
1766568377.969354,-0.17128372192382812,0.2875666618347168,-0.2455615997314453,0.334259033203125,0.0,0.0,0.20498037338256836,1
1766568377.9857397,-0.1714496612548828,0.28536081314086914,-0.2445068359375,0.3344707489013672,0.0,0.0,0.20387506484985352,1
1766568377.992783,-0.17166900634765625,0.2831549644470215,-0.24349117279052734,0.3376789093017578,0.0,0.0,0.2056736946105957,1
