time,f1,f2,f3,f4,COPx,COPy,W,W_sync
1766568368.2914488,1.450401782989502,-1.2658944129943848,1.472095251083374,-1.6561932563781738,0.0,0.0,0.0004093647003173828,1
1766568368.3083816,1.4529433250427246,-1.2677993774414062,1.4703878164291382,-1.6537127494812012,0.0,0.0,0.001819014549255371,1
1766568368.3083816,1.450460433959961,-1.2677421569824219,1.4722130298614502,-1.6530542373657227,0.0,0.0,0.0018770694732666016,1
1766568368.3093843,1.4499132633209229,-1.2662181854248047,1.4734690189361572,-1.6560187339782715,0.0,0.0,0.0011453628540039062,1
1766568368.31054,1.4503042697906494,-1.2649798393249512,1.4729783535003662,-1.65712308883667,0.0,0.0,0.0011796951293945312,1
1766568368.31054,1.4491703510284424,-1.2633986473083496,1.471526026725769,-1.6533446311950684,0.0,0.0,0.003953099250793457,1
1766568368.3270228,1.4482905864715576,-1.266256332397461,1.4726446866989136,-1.6528215408325195,0.0,0.0,0.0018573999404907227,1
1766568368.3336465,1.4486424922943115,-1.2651894092559814,1.4732728004455566,-1.6525893211364746,0.0,0.0,0.004136562347412109,1
1766568368.344523,1.4503238201141357,-1.2661418914794922,1.4722914695739746,-1.6514849662780762,0.0,0.0,0.004988431930541992,1
1766568368.3618171,1.4528064727783203,-1.2667326927185059,1.4708980321884155,-1.6538100242614746,0.0,0.0,0.003161787986755371,1
1766568368.3755093,1.452669620513916,-1.2667136192321777,1.472527027130127,-1.654836654663086,0.0,0.0,0.003646373748779297,1
1766568368.3777144,1.451535701751709,-1.2687711715698242,1.4734493494033813,-1.6521048545837402,0.0,0.0,0.004109025001525879,1
1766568368.395435,1.4516334533691406,-1.2666373252868652,1.4727821350097656,-1.654003620147705,0.0,0.0,0.0037746429443359375,1
1766568368.4218156,1.4531972408294678,-1.2671136856079102,1.4717419147491455,-1.6555533409118652,0.0,0.0,0.0022721290588378906,1
1766568368.4245858,1.4542138576507568,-1.2687902450561523,1.4705840349197388,-1.6524534225463867,0.0,0.0,0.003554224967956543,1
1766568368.426249,1.4514379501342773,-1.2668848037719727,1.472448468208313,-1.6540226936340332,0.0,0.0,0.0029789209365844727,1
1766568368.4422226,1.4515552520751953,-1.2659895420074463,1.4726446866989136,-1.654991626739502,0.0,0.0,0.0032187700271606445,1
1766568368.4475088,1.4511055946350098,-1.265760898590088,1.4708588123321533,-1.651252269744873,0.0,0.0,0.0049512386322021484,1
1766568368.4715436,1.4534318447113037,-1.266618251800537,1.4721933603286743,-1.6526474952697754,0.0,0.0,0.006359457969665527,1
1766568368.473723,1.4531972408294678,-1.2652463912963867,1.4715653657913208,-1.6546235084533691,0.0,0.0,0.004892706871032715,1
1766568368.4797108,1.4507927894592285,-1.2642560005187988,1.47201669216156,-1.6541199684143066,0.0,0.0,0.0044335126876831055,1
1766568368.4995706,1.45051908493042,-1.2683520317077637,1.4723503589630127,-1.6536545753479004,0.0,0.0,0.0008628368377685547,1
1766568368.5041168,1.4502456188201904,-1.268085241317749,1.4733120203018188,-1.6520271301269531,0.0,0.0,0.003445267677307129,1
1766568368.5220854,1.4478018283843994,-1.2658562660217285,1.4721933603286743,-1.6545462608337402,0.0,0.0,-0.00040733814239501953,1
1766568368.5292442,1.4481537342071533,-1.266446828842163,1.4726446866989136,-1.6545848846435547,0.0,0.0,-0.0002332925796508789,1
1766568368.5376785,1.4473133087158203,-1.2674756050109863,1.4714868068695068,-1.6536355018615723,0.0,0.0,-0.0023109912872314453,1
1766568368.5525334,1.4494245052337646,-1.2695140838623047,1.4712316989898682,-1.6589832305908203,0.0,0.0,-0.007841110229492188,1
1766568368.5645523,1.4513401985168457,-1.2688853740692139,1.4726054668426514,-1.656754970550537,0.0,0.0,-0.0016946792602539062,1
1766568368.574841,1.4506168365478516,-1.267284870147705,1.4731745719909668,-1.6527056694030762,0.0,0.0,0.0038008689880371094,1
1766568368.5912359,1.449268102645874,-1.2676279544830322,1.4732531309127808,-1.6521239280700684,0.0,0.0,0.0027693510055541992,1
1766568368.600034,1.4474892616271973,-1.2682185173034668,1.4731942415237427,-1.6524920463562012,0.0,0.0,-2.7060508728027344e-05,1
1766568368.6249068,1.448192834854126,-1.2679710388183594,1.471526026725769,-1.6523375511169434,0.0,0.0,-0.0005897283554077148,1
1766568368.6299393,1.4498350620269775,-1.2686185836791992,1.4727624654769897,-1.6522016525268555,0.0,0.0,0.0017772912979125977,1
1766568368.6324263,1.4490725994110107,-1.268085241317749,1.473292350769043,-1.653306007385254,0.0,0.0,0.0009737014770507812,1
1766568368.6473856,1.4482123851776123,-1.2683329582214355,1.473861575126648,-1.6538100242614746,0.0,0.0,-6.902217864990234e-05,1
1766568368.6579058,1.4501283168792725,-1.267913818359375,1.4738026857376099,-1.6523175239562988,0.0,0.0,0.003699660301208496,1
1766568368.673331,1.4498350620269775,-1.267094612121582,1.4719971418380737,-1.65224027633667,0.0,0.0,0.0024973154067993164,1
1766568368.6827755,1.4515552520751953,-1.2671327590942383,1.4709177017211914,-1.653693675994873,0.0,0.0,0.0016465187072753906,1
1766568368.6956518,1.450636386871338,-1.26839017868042,1.4717026948928833,-1.654294490814209,0.0,0.0,-0.00034558773040771484,1
1766568368.703369,1.4501869678497314,-1.2686376571655273,1.472939133644104,-1.6545848846435547,0.0,0.0,-9.644031524658203e-05,1
1766568368.7244327,1.4521026611328125,-1.2667136192321777,1.4714279174804688,-1.6526861190795898,0.0,0.0,0.004130840301513672,1
1766568368.726898,1.451535701751709,-1.2660276889801025,1.4698971509933472,-1.6524920463562012,0.0,0.0,0.0029131174087524414,1
1766568368.7431903,1.4499132633209229,-1.2691140174865723,1.472527027130127,-1.653984546661377,0.0,0.0,-0.0006582736968994141,1
1766568368.7594194,1.4510860443115234,-1.2681231498718262,1.472527027130127,-1.6538681983947754,0.0,0.0,0.0016217231750488281,1
1766568368.7646065,1.4506168365478516,-1.2659704685211182,1.471604585647583,-1.6531119346618652,0.0,0.0,0.003139019012451172,1
1766568368.7737043,1.4501869678497314,-1.2668659687042236,1.4710354804992676,-1.6541781425476074,0.0,0.0,0.00017833709716796875,1
1766568368.7919648,1.450226068496704,-1.26595139503479,1.4718793630599976,-1.6528410911560059,0.0,0.0,0.0033129453659057617,1
1766568368.7981186,1.4519462585449219,-1.2653226852416992,1.4717615842819214,-1.6512713432312012,0.0,0.0,0.007113814353942871,1
1766568368.8098307,1.4508709907531738,-1.2659895420074463,1.4721344709396362,-1.6532092094421387,0.0,0.0,0.0038067102432250977,1
1766568368.8234253,1.4508514404296875,-1.2628841400146484,1.4715064764022827,-1.6525893211364746,0.0,0.0,0.006884455680847168,1
1766568368.838261,1.4522395133972168,-1.2630176544189453,1.4723111391067505,-1.6532282829284668,0.0,0.0,0.008304715156555176,1
1766568368.8436763,1.451594352722168,-1.2678565979003906,1.4740381240844727,-1.6523175239562988,0.0,0.0,0.005458354949951172,1
1766568368.8551626,1.4503042697906494,-1.2671897411346436,1.4721736907958984,-1.6520466804504395,0.0,0.0,0.0032415390014648438,1
1766568368.8667722,1.4523959159851074,-1.2670183181762695,1.4742344617843628,-1.6548562049865723,0.0,0.0,0.004755854606628418,1
1766568368.8779926,1.4516334533691406,-1.2677803039550781,1.4728410243988037,-1.6530542373657227,0.0,0.0,0.0036399364471435547,1
1766568368.8905272,1.450460433959961,-1.2666754722595215,1.4717812538146973,-1.6538290977478027,0.0,0.0,0.0017371177673339844,1
1766568368.9016058,1.450460433959961,-1.2673420906066895,1.4710354804992676,-1.6564640998840332,0.0,0.0,-0.0023102760314941406,1
1766568368.912778,1.4498741626739502,-1.266427755355835,1.471683144569397,-1.6557860374450684,0.0,0.0,-0.0006564855575561523,1
1766568368.9248502,1.449678659439087,-1.2680470943450928,1.4731353521347046,-1.6553211212158203,0.0,0.0,-0.000554203987121582,1
1766568368.936409,1.4508123397827148,-1.2678375244140625,1.4712905883789062,-1.6551470756530762,0.0,0.0,-0.0008816719055175781,1
1766568368.9482331,1.4507145881652832,-1.2652463912963867,1.4727035760879517,-1.6534419059753418,0.0,0.0,0.004729866981506348,1
1766568368.958793,1.448251485824585,-1.2663896083831787,1.4748035669326782,-1.654991626739502,0.0,0.0,0.0016738176345825195,1
1766568368.9692461,1.4479191303253174,-1.2655894756317139,1.4727035760879517,-1.6551470756530762,0.0,0.0,-0.0001138448715209961,1
1766568368.9871387,1.4479973316192627,-1.2669610977172852,1.472880244255066,-1.6571040153503418,0.0,0.0,-0.00318753719329834,1
1766568368.9935505,1.4487793445587158,-1.2661418914794922,1.4715849161148071,-1.6536741256713867,0.0,0.0,0.000548243522644043,1
1766568369.0031006,1.4466485977172852,-1.266942024230957,1.4707214832305908,-1.6539645195007324,0.0,0.0,-0.0035364627838134766,1
1766568369.0280652,1.4461793899536133,-1.2672278881072998,1.4705840349197388,-1.6526474952697754,0.0,0.0,-0.0031119585037231445,1
1766568369.0280652,1.4467072486877441,-1.2646942138671875,1.473351240158081,-1.652163028717041,0.0,0.0,0.0032012462615966797,1
1766568369.0416033,1.4482710361480713,-1.2652273178100586,1.4740577936172485,-1.6540617942810059,0.0,0.0,0.003039717674255371,1
1766568369.0588632,1.4476454257965088,-1.266599178314209,1.4717615842819214,-1.6554179191589355,0.0,0.0,-0.0026100873947143555,1
1766568369.0647838,1.4464139938354492,-1.268237590789795,1.4709765911102295,-1.6555533409118652,0.0,0.0,-0.006400346755981445,1
1766568369.0779438,1.4473133087158203,-1.2701618671417236,1.4727821350097656,-1.6574525833129883,0.0,0.0,-0.0075190067291259766,1
1766568369.0835657,1.4464530944824219,-1.2704095840454102,1.4714083671569824,-1.6550498008728027,0.0,0.0,-0.007597923278808594,1
1766568369.1016915,1.4480950832366943,-1.2668848037719727,1.4733316898345947,-1.6511750221252441,0.0,0.0,0.0033669471740722656,1
1766568369.1110554,1.4509296417236328,-1.2660276889801025,1.4748427867889404,-1.649876594543457,0.0,0.0,0.009868144989013672,1
1766568369.128213,1.4507341384887695,-1.2673230171203613,1.475529670715332,-1.648888111114502,0.0,0.0,0.010052680969238281,1
1766568369.1340325,1.452552318572998,-1.2686948776245117,1.4753334522247314,-1.652472972869873,0.0,0.0,0.0067179203033447266,1
1766568369.1456583,1.4508123397827148,-1.2677803039550781,1.4742540121078491,-1.654914379119873,0.0,0.0,0.002371668815612793,1
1766568369.1535523,1.4527087211608887,-1.2670183181762695,1.4745484590530396,-1.6529960632324219,0.0,0.0,0.007242798805236816,1
1766568369.1678572,1.4526500701904297,-1.2666373252868652,1.4754512310028076,-1.653383731842041,0.0,0.0,0.008080244064331055,1
1766568369.190159,1.4513401985168457,-1.2671709060668945,1.4764716625213623,-1.653170108795166,0.0,0.0,0.007470846176147461,1
1766568369.1918976,1.4521808624267578,-1.2683329582214355,1.475117564201355,-1.6526665687561035,0.0,0.0,0.0062988996505737305,1
1766568369.2021344,1.4509882926940918,-1.2697806358337402,1.475941777229309,-1.6533255577087402,0.0,0.0,0.00382387638092041,1
1766568369.2237637,1.4513988494873047,-1.2684471607208252,1.4750194549560547,-1.6556310653686523,0.0,0.0,0.002340078353881836,1
1766568369.2295408,1.4494049549102783,-1.2661418914794922,1.473783016204834,-1.6561541557312012,0.0,0.0,0.0008919239044189453,1
1766568369.240981,1.4527673721313477,-1.267284870147705,1.471526026725769,-1.6549530029296875,0.0,0.0,0.002055525779724121,1
1766568369.260304,1.4557387828826904,-1.2660086154937744,1.4731353521347046,-1.6549725532531738,0.0,0.0,0.007892966270446777,1
1766568369.261315,1.4540574550628662,-1.2665038108825684,1.473724126815796,-1.654991626739502,0.0,0.0,0.006286144256591797,1
1766568369.27122,1.452317714691162,-1.269209384918213,1.4722718000411987,-1.655747413635254,0.0,0.0,-0.00036728382110595703,1
1766568369.2902937,1.453744649887085,-1.2681231498718262,1.4737045764923096,-1.6551079750061035,0.0,0.0,0.004218101501464844,1
1766568369.2972298,1.4534122943878174,-1.2673039436340332,1.472880244255066,-1.6570844650268555,0.0,0.0,0.001904129981994629,1
1766568369.3126316,1.4531972408294678,-1.2658371925354004,1.4711335897445679,-1.6548171043395996,0.0,0.0,0.0036765336990356445,1
1766568369.3236904,1.4529433250427246,-1.2648463249206543,1.4718008041381836,-1.653170108795166,0.0,0.0,0.006727695465087891,1
1766568369.334442,1.4555041790008545,-1.267246961593628,1.472507357597351,-1.6518139839172363,0.0,0.0,0.008950591087341309,1
1766568369.3405962,1.4555041790008545,-1.2658371925354004,1.4732728004455566,-1.6530542373657227,0.0,0.0,0.009885549545288086,1
1766568369.3600128,1.4517898559570312,-1.2650752067565918,1.4727035760879517,-1.6534419059753418,0.0,0.0,0.005976319313049316,1
1766568369.3686724,1.4521808624267578,-1.2656464576721191,1.4740970134735107,-1.6547589302062988,0.0,0.0,0.005872488021850586,1
1766568369.3830996,1.4528064727783203,-1.2648084163665771,1.4738811254501343,-1.6544489860534668,0.0,0.0,0.0074301958084106445,1
1766568369.390828,1.4528846740722656,-1.2635319232940674,1.4717615842819214,-1.6535000801086426,0.0,0.0,0.007614254951477051,1
1766568369.4026701,1.4536664485931396,-1.264275074005127,1.4730372428894043,-1.6524920463562012,0.0,0.0,0.00993657112121582,1
1766568369.4216616,1.4550936222076416,-1.265779972076416,1.4742932319641113,-1.6522598266601562,0.0,0.0,0.011347055435180664,1
1766568369.426307,1.4548981189727783,-1.2660846710205078,1.4745091199874878,-1.6528410911560059,0.0,0.0,0.010481476783752441,1
1766568369.4603503,1.457146167755127,-1.266427755355835,1.4728999137878418,-1.6534805297851562,0.0,0.0,0.010137796401977539,1
1766568369.4613504,1.4555041790008545,-1.2660276889801025,1.4715064764022827,-1.6514458656311035,0.0,0.0,0.009537100791931152,1
1766568369.4613504,1.4552891254425049,-1.2645416259765625,1.4730175733566284,-1.651252269744873,0.0,0.0,0.012512803077697754,1
1766568369.4726691,1.454937219619751,-1.2640843391418457,1.4750783443450928,-1.6521048545837402,0.0,0.0,0.013826370239257812,1
1766568369.4903085,1.4554455280303955,-1.2650370597839355,1.4749016761779785,-1.6528215408325195,0.0,0.0,0.012488603591918945,1
1766568369.510505,1.454643964767456,-1.2656655311584473,1.475117564201355,-1.653615951538086,0.0,0.0,0.010480046272277832,1
1766568369.5112014,1.4562077522277832,-1.265779972076416,1.4757063388824463,-1.6543526649475098,0.0,0.0,0.011781454086303711,1
1766568369.524528,1.454643964767456,-1.266103744506836,1.4754904508590698,-1.6528215408325195,0.0,0.0,0.01120913028717041,1
1766568369.5328748,1.4532949924468994,-1.2670183181762695,1.4740577936172485,-1.6559796333312988,0.0,0.0,0.00435483455657959,1
1766568369.5424285,1.4538815021514893,-1.2669801712036133,1.4726840257644653,-1.6563868522644043,0.0,0.0,0.0031985044479370117,1
1766568369.5568516,1.4545071125030518,-1.2668659687042236,1.4740381240844727,-1.6554956436157227,0.0,0.0,0.006183624267578125,1
1766568369.572615,1.4539401531219482,-1.2660655975341797,1.4759222269058228,-1.655301570892334,0.0,0.0,0.008495211601257324,1
1766568369.5858028,1.4562859535217285,-1.265303611755371,1.4726446866989136,-1.654836654663086,0.0,0.0,0.008790373802185059,1
1766568369.5858028,1.4544289112091064,-1.2666945457458496,1.4721148014068604,-1.6539454460144043,0.0,0.0,0.005903720855712891,1
1766568369.6015716,1.4531972408294678,-1.2661609649658203,1.472095251083374,-1.6542749404907227,0.0,0.0,0.004856586456298828,1
1766568369.6135855,1.4556996822357178,-1.2652084827423096,1.4724289178848267,-1.6551470756530762,0.0,0.0,0.007773041725158691,1
1766568369.6239834,1.4555823802947998,-1.2656655311584473,1.4741559028625488,-1.655515193939209,0.0,0.0,0.008557558059692383,1
1766568369.635866,1.4567160606384277,-1.2675518989562988,1.472585916519165,-1.655301570892334,0.0,0.0,0.006448507308959961,1
1766568369.6544836,1.4559340476989746,-1.268237590789795,1.4719971418380737,-1.653984546661377,0.0,0.0,0.005709052085876465,1
1766568369.6772664,1.452728271484375,-1.266751766204834,1.4740773439407349,-1.6554179191589355,0.0,0.0,0.004635930061340332,1
1766568369.6772664,1.4549176692962646,-1.2651512622833252,1.4740185737609863,-1.655825138092041,0.0,0.0,0.007959842681884766,1
1766568369.6824114,1.4576740264892578,-1.2673230171203613,1.472527027130127,-1.6523175239562988,0.0,0.0,0.01056051254272461,1
1766568369.6910703,1.456735610961914,-1.2698569297790527,1.472448468208313,-1.6530346870422363,0.0,0.0,0.006292462348937988,1
1766568369.7037444,1.457986831665039,-1.2674756050109863,1.4732334613800049,-1.6556310653686523,0.0,0.0,0.008113622665405273,1
1766568369.7181408,1.459961175918579,-1.2668278217315674,1.4739989042282104,-1.6548752784729004,0.0,0.0,0.012256979942321777,1
1766568369.728897,1.4594528675079346,-1.268085241317749,1.4749802350997925,-1.655069351196289,0.0,0.0,0.011278510093688965,1
1766568369.7548625,1.4579086303710938,-1.2693045139312744,1.4745680093765259,-1.655069351196289,0.0,0.0,0.008102774620056152,1
1766568369.7553663,1.456735610961914,-1.2685422897338867,1.4727232456207275,-1.6550111770629883,0.0,0.0,0.0059053897857666016,1
1766568369.7640293,1.4553086757659912,-1.266122817993164,1.471663475036621,-1.6545653343200684,0.0,0.0,0.006283998489379883,1
1766568369.7738788,1.456911563873291,-1.268256664276123,1.473763346672058,-1.653383731842041,0.0,0.0,0.009034514427185059,1
1766568369.796075,1.4564619064331055,-1.267608880996704,1.4737437963485718,-1.6523375511169434,0.0,0.0,0.010259270668029785,1
1766568369.8001282,1.4552109241485596,-1.2656846046447754,1.4741559028625488,-1.6526474952697754,0.0,0.0,0.011034727096557617,1
1766568369.8097694,1.4540574550628662,-1.2663896083831787,1.4742540121078491,-1.6536355018615723,0.0,0.0,0.008286356925964355,1
1766568369.8205724,1.4544875621795654,-1.2671327590942383,1.4744699001312256,-1.6541972160339355,0.0,0.0,0.0076274871826171875,1
1766568369.8328292,1.457869529724121,-1.264275074005127,1.4762951135635376,-1.6522793769836426,0.0,0.0,0.01761019229888916,1
1766568369.8542354,1.458280086517334,-1.2672278881072998,1.4762754440307617,-1.655301570892334,0.0,0.0,0.012026071548461914,1
1766568369.857256,1.455113172531128,-1.2663896083831787,1.474705457687378,-1.6537127494812012,0.0,0.0,0.009716272354125977,1
1766568369.866877,1.455230474472046,-1.263474702835083,1.4770997762680054,-1.65468168258667,0.0,0.0,0.01417386531829834,1
1766568369.8777933,1.4568724632263184,-1.2651703357696533,1.4769819974899292,-1.6540422439575195,0.0,0.0,0.014641880989074707,1
1766568369.889686,1.4575371742248535,-1.26776123046875,1.4741755723953247,-1.6541390419006348,0.0,0.0,0.009812474250793457,1
1766568369.9015322,1.4594919681549072,-1.2667326927185059,1.4734690189361572,-1.6538872718811035,0.0,0.0,0.012341022491455078,1
1766568369.91415,1.4597656726837158,-1.2658753395080566,1.4728410243988037,-1.653693675994873,0.0,0.0,0.013037681579589844,1
1766568369.9282553,1.4576153755187988,-1.266256332397461,1.4718596935272217,-1.6534028053283691,0.0,0.0,0.00981593132019043,1
1766568369.9337275,1.4577326774597168,-1.2666945457458496,1.4718596935272217,-1.6553211212158203,0.0,0.0,0.007576704025268555,1
1766568369.9520788,1.4564423561096191,-1.266465663909912,1.4733120203018188,-1.6544685363769531,0.0,0.0,0.008820176124572754,1
1766568369.960092,1.4571852684020996,-1.2690186500549316,1.4742932319641113,-1.6525115966796875,0.0,0.0,0.009948253631591797,1
1766568369.9729028,1.4579672813415527,-1.267590045928955,1.4722325801849365,-1.6558833122253418,0.0,0.0,0.006726503372192383,1
1766568369.9883084,1.455894947052002,-1.266751766204834,1.4736260175704956,-1.6595063209533691,0.0,0.0,0.0032628774642944336,1
1766568369.9961228,1.4541161060333252,-1.2671709060668945,1.4748035669326782,-1.6562514305114746,0.0,0.0,0.005497336387634277,1
1766568370.007953,1.4560513496398926,-1.2674565315246582,1.4752156734466553,-1.655205249786377,0.0,0.0,0.008605241775512695,1
1766568370.022695,1.4553086757659912,-1.266751766204834,1.4762362241744995,-1.653383731842041,0.0,0.0,0.011409401893615723,1
1766568370.0298164,1.4545657634735107,-1.2660846710205078,1.473763346672058,-1.6536741256713867,0.0,0.0,0.008570313453674316,1
1766568370.0386167,1.4550349712371826,-1.2662372589111328,1.4729588031768799,-1.6517949104309082,0.0,0.0,0.009961605072021484,1
1766568370.0880327,1.4570093154907227,-1.265284538269043,1.4749213457107544,-1.652085304260254,0.0,0.0,0.014560818672180176,1
1766568370.0900712,1.4548394680023193,-1.2665419578552246,1.475097894668579,-1.6541972160339355,0.0,0.0,0.009198188781738281,1
1766568370.0900712,1.4568920135498047,-1.2665228843688965,1.4741166830062866,-1.654604434967041,0.0,0.0,0.009881377220153809,1
1766568370.090479,1.4591400623321533,-1.2681422233581543,1.4736260175704956,-1.6526861190795898,0.0,0.0,0.011937737464904785,1
1766568370.1003032,1.457869529724121,-1.2681422233581543,1.4730372428894043,-1.6519112586975098,0.0,0.0,0.010853290557861328,1
1766568370.1121073,1.4587295055389404,-1.267590045928955,1.4731353521347046,-1.650728702545166,0.0,0.0,0.013546109199523926,1
1766568370.1259735,1.4576349258422852,-1.2674756050109863,1.473861575126648,-1.6502251625061035,0.0,0.0,0.013795733451843262,1
1766568370.1539214,1.4556410312652588,-1.2675518989562988,1.4736456871032715,-1.6544489860534668,0.0,0.0,0.0072858333587646484,1
1766568370.1554933,1.4570093154907227,-1.267590045928955,1.4718204736709595,-1.6563096046447754,0.0,0.0,0.00493013858795166,1
1766568370.1653872,1.4566574096679688,-1.2653799057006836,1.47201669216156,-1.6547012329101562,0.0,0.0,0.008592963218688965,1
1766568370.1712325,1.4557974338531494,-1.2663516998291016,1.473429799079895,-1.651930332183838,0.0,0.0,0.01094520092010498,1
1766568370.1900818,1.4581823348999023,-1.2668468952178955,1.4732334613800049,-1.6532282829284668,0.0,0.0,0.011340618133544922,1
1766568370.1900818,1.4585342407226562,-1.2660846710205078,1.473763346672058,-1.6537904739379883,0.0,0.0,0.012422442436218262,1
1766568370.2196453,1.4580845832824707,-1.2657227516174316,1.4750783443450928,-1.654390811920166,0.0,0.0,0.01304936408996582,1
1766568370.2211595,1.457028865814209,-1.2664847373962402,1.4751372337341309,-1.6548752784729004,0.0,0.0,0.010806083679199219,1
1766568370.229219,1.4572439193725586,-1.2669038772583008,1.4753923416137695,-1.6551079750061035,0.0,0.0,0.010624408721923828,1
1766568370.2377567,1.4575567245483398,-1.2651894092559814,1.4727624654769897,-1.6549725532531738,0.0,0.0,0.010157227516174316,1
1766568370.2565253,1.4587490558624268,-1.2643892765045166,1.473724126815796,-1.6547398567199707,0.0,0.0,0.013344049453735352,1
1766568370.27363,1.4583778381347656,-1.2673802375793457,1.4749016761779785,-1.6515231132507324,0.0,0.0,0.014376163482666016,1
1766568370.27363,1.45851469039917,-1.2696285247802734,1.4744699001312256,-1.653770923614502,0.0,0.0,0.009585142135620117,1
1766568370.2866786,1.4608995914459229,-1.2688853740692139,1.4731158018112183,-1.6544489860534668,0.0,0.0,0.01068103313446045,1
1766568370.2989078,1.4607627391815186,-1.269075870513916,1.4751960039138794,-1.653770923614502,0.0,0.0,0.01311194896697998,1
1766568370.3105679,1.45792818069458,-1.2678184509277344,1.4758044481277466,-1.6540617942810059,0.0,0.0,0.011852383613586426,1
1766568370.3222861,1.456735610961914,-1.267590045928955,1.4735279083251953,-1.656135082244873,0.0,0.0,0.00653839111328125,1
1766568370.3337045,1.4574003219604492,-1.2675328254699707,1.4713102579116821,-1.6543526649475098,0.0,0.0,0.006825089454650879,1
1766568370.3407698,1.457810878753662,-1.267075538635254,1.4730764627456665,-1.6522598266601562,0.0,0.0,0.011551976203918457,1
1766568370.355272,1.4563250541687012,-1.2687902450561523,1.4750783443450928,-1.6523957252502441,0.0,0.0,0.010217428207397461,1
1766568370.3689322,1.4601175785064697,-1.2667326927185059,1.4749605655670166,-1.6548562049865723,0.0,0.0,0.013489246368408203,1
1766568370.3827987,1.4622678756713867,-1.2673420906066895,1.475039005279541,-1.6565613746643066,0.0,0.0,0.01340341567993164,1
1766568370.389926,1.4618768692016602,-1.2671327590942383,1.4748427867889404,-1.6556506156921387,0.0,0.0,0.013936281204223633,1
1766568370.404453,1.459003210067749,-1.2661991119384766,1.4762362241744995,-1.6541199684143066,0.0,0.0,0.014920353889465332,1
1766568370.4207914,1.4586124420166016,-1.2676661014556885,1.4749213457107544,-1.6553211212158203,0.0,0.0,0.010546565055847168,1
1766568370.42765,1.457869529724121,-1.2682185173034668,1.4734101295471191,-1.6537904739379883,0.0,0.0,0.009270668029785156,1
1766568370.4377036,1.4577326774597168,-1.2676279544830322,1.4728410243988037,-1.653092861175537,0.0,0.0,0.009852886199951172,1
1766568370.4580708,1.4584364891052246,-1.2654180526733398,1.4767857789993286,-1.654313564300537,0.0,0.0,0.01549065113067627,1
1766568370.4606216,1.4582996368408203,-1.2663326263427734,1.4766680002212524,-1.6552629470825195,0.0,0.0,0.013372063636779785,1
1766568370.490506,1.459061861038208,-1.2665228843688965,1.4744699001312256,-1.6522212028503418,0.0,0.0,0.014787673950195312,1
1766568370.490506,1.4555628299713135,-1.265113353729248,1.47201669216156,-1.6542363166809082,0.0,0.0,0.008229851722717285,1
1766568370.4966319,1.4575567245483398,-1.268085241317749,1.471683144569397,-1.655301570892334,0.0,0.0,0.005853056907653809,1
1766568370.5089617,1.458885908126831,-1.2685043811798096,1.474764347076416,-1.6545071601867676,0.0,0.0,0.010638713836669922,1
1766568370.5258331,1.4593160152435303,-1.2673039436340332,1.4743521213531494,-1.654313564300537,0.0,0.0,0.012050628662109375,1
1766568370.535291,1.4614663124084473,-1.26743745803833,1.4756277799606323,-1.6547980308532715,0.0,0.0,0.014858603477478027,1
1766568370.5423698,1.459961175918579,-1.2674565315246582,1.4748427867889404,-1.651543140411377,0.0,0.0,0.015804290771484375,1
1766568370.5576987,1.4584755897521973,-1.2681803703308105,1.4748035669326782,-1.6513104438781738,0.0,0.0,0.013788342475891113,1
1766568370.566909,1.4583191871643066,-1.2690949440002441,1.4740970134735107,-1.6524920463562012,0.0,0.0,0.01082921028137207,1
1766568370.576805,1.4603521823883057,-1.2709429264068604,1.4742932319641113,-1.6529183387756348,0.0,0.0,0.010784149169921875,1
1766568370.5922813,1.458827257156372,-1.2671518325805664,1.4745876789093018,-1.6523957252502441,0.0,0.0,0.013867378234863281,1
1766568370.6003618,1.4596874713897705,-1.2652273178100586,1.475470781326294,-1.6550307273864746,0.0,0.0,0.01490020751953125,1
1766568370.6137533,1.4618573188781738,-1.2673039436340332,1.4744699001312256,-1.656599998474121,0.0,0.0,0.012423276901245117,1
1766568370.6227987,1.4608409404754639,-1.2703332901000977,1.475176453590393,-1.6541199684143066,0.0,0.0,0.011564135551452637,1
1766568370.639145,1.4602153301239014,-1.2706189155578613,1.47727632522583,-1.65468168258667,0.0,0.0,0.012191057205200195,1
1766568370.650396,1.4595310688018799,-1.270714282989502,1.4769819974899292,-1.6525311470031738,0.0,0.0,0.0132676362991333,1
1766568370.6597452,1.458104133605957,-1.271209716796875,1.4752156734466553,-1.6540226936340332,0.0,0.0,0.008087396621704102,1
1766568370.66991,1.458104133605957,-1.2703523635864258,1.4749997854232788,-1.6546235084533691,0.0,0.0,0.008128046989440918,1
1766568370.68752,1.4579672813415527,-1.265608549118042,1.476314663887024,-1.6554570198059082,0.0,0.0,0.013216376304626465,1
1766568370.694759,1.459061861038208,-1.2660467624664307,1.4758633375167847,-1.6551852226257324,0.0,0.0,0.01369321346282959,1
1766568370.7242856,1.4600393772125244,-1.2684853076934814,1.4733316898345947,-1.6526861190795898,0.0,0.0,0.012199640274047852,1
1766568370.7242856,1.4621310234069824,-1.2684853076934814,1.471055030822754,-1.652763843536377,0.0,0.0,0.01193690299987793,1
1766568370.729681,1.461622714996338,-1.2683711051940918,1.4724289178848267,-1.651717185974121,0.0,0.0,0.01396334171295166,1
1766568370.7395244,1.4609973430633545,-1.2678375244140625,1.4730175733566284,-1.6526083946228027,0.0,0.0,0.013568997383117676,1
1766568370.753031,1.460547685623169,-1.2692854404449463,1.4738811254501343,-1.6544299125671387,0.0,0.0,0.010713458061218262,1
1766568370.7652395,1.4611928462982178,-1.2724862098693848,1.4762754440307617,-1.6534028053283691,0.0,0.0,0.011579275131225586,1
1766568370.7779999,1.461564064025879,-1.2699522972106934,1.475097894668579,-1.6516008377075195,0.0,0.0,0.015108823776245117,1
1766568370.7886126,1.4598047733306885,-1.2677040100097656,1.4740577936172485,-1.6521239280700684,0.0,0.0,0.014034628868103027,1
1766568370.7986598,1.4580259323120117,-1.2687711715698242,1.4745287895202637,-1.6563286781311035,0.0,0.0,0.007454872131347656,1
1766568370.807307,1.4617595672607422,-1.268904447555542,1.4751960039138794,-1.6524534225463867,0.0,0.0,0.015597701072692871,1
1766568370.824748,1.462111473083496,-1.2686758041381836,1.4778062105178833,-1.6551079750061035,0.0,0.0,0.016133904457092285,1
1766568370.8337224,1.4585537910461426,-1.2704095840454102,1.4762754440307617,-1.653848648071289,0.0,0.0,0.010571002960205078,1
1766568370.8444633,1.4594528675079346,-1.270904779434204,1.4767268896102905,-1.6527056694030762,0.0,0.0,0.012569308280944824,1
1766568370.8545873,1.4623851776123047,-1.269418716430664,1.4794940948486328,-1.653383731842041,0.0,0.0,0.019076824188232422,1
1766568370.868566,1.4632258415222168,-1.2670183181762695,1.4777277708053589,-1.6523375511169434,0.0,0.0,0.021597743034362793,1
1766568370.8881948,1.4639101028442383,-1.268409252166748,1.4748427867889404,-1.6533446311950684,0.0,0.0,0.016999006271362305,1
1766568370.8886063,1.4618182182312012,-1.2685613632202148,1.4743717908859253,-1.6556892395019531,0.0,0.0,0.011939406394958496,1
1766568370.902809,1.4610950946807861,-1.268409252166748,1.474626898765564,-1.6550889015197754,0.0,0.0,0.01222383975982666,1
1766568370.9211266,1.4605672359466553,-1.2682757377624512,1.476883888244629,-1.6537904739379883,0.0,0.0,0.015384912490844727,1
1766568370.9276586,1.4619941711425781,-1.2681231498718262,1.4763343334197998,-1.6548752784729004,0.0,0.0,0.015330076217651367,1
1766568370.9387603,1.461564064025879,-1.2692663669586182,1.474214792251587,-1.6553988456726074,0.0,0.0,0.011113643646240234,1
1766568370.9524484,1.460078477859497,-1.2701046466827393,1.4735867977142334,-1.6548562049865723,0.0,0.0,0.008704423904418945,1
1766568370.9672618,1.460371732711792,-1.2670183181762695,1.473841905593872,-1.653092861175537,0.0,0.0,0.014102458953857422,1
1766568370.9731367,1.4616422653198242,-1.2658371925354004,1.474273681640625,-1.6526861190795898,0.0,0.0,0.017392635345458984,1
1766568370.987546,1.4602153301239014,-1.270371437072754,1.4761184453964233,-1.6541390419006348,0.0,0.0,0.011823296546936035,1
1766568370.9972146,1.4599220752716064,-1.27168607711792,1.473763346672058,-1.6525893211364746,0.0,0.0,0.00941002368927002,1
1766568371.0084872,1.4607431888580322,-1.2692663669586182,1.472998023033142,-1.653073787689209,0.0,0.0,0.011401057243347168,1
1766568371.021429,1.4593355655670166,-1.2708096504211426,1.4730569124221802,-1.6510004997253418,0.0,0.0,0.010582327842712402,1
1766568371.033191,1.4595897197723389,-1.2696285247802734,1.4732139110565186,-1.650709629058838,0.0,0.0,0.012465476989746094,1
1766568371.047048,1.4592182636260986,-1.2690949440002441,1.4748035669326782,-1.6521239280700684,0.0,0.0,0.012802958488464355,1
1766568371.0551915,1.4608995914459229,-1.267266035079956,1.476393222808838,-1.6534805297851562,0.0,0.0,0.016546249389648438,1
1766568371.0660675,1.4615445137023926,-1.2687902450561523,1.4736849069595337,-1.6531119346618652,0.0,0.0,0.013327240943908691,1
1766568371.080377,1.4605672359466553,-1.2677230834960938,1.4738222360610962,-1.6536355018615723,0.0,0.0,0.01303088665008545,1
1766568371.099471,1.4595506191253662,-1.266465663909912,1.474273681640625,-1.6542749404907227,0.0,0.0,0.013083696365356445,1
1766568371.101213,1.4618377685546875,-1.2682185173034668,1.4732728004455566,-1.6535773277282715,0.0,0.0,0.01331472396850586,1
1766568371.121662,1.461388349533081,-1.2677230834960938,1.473488688468933,-1.6499152183532715,0.0,0.0,0.017238736152648926,1
1766568371.1284716,1.4617791175842285,-1.2675328254699707,1.473861575126648,-1.6529183387756348,0.0,0.0,0.015189528465270996,1
1766568371.1365163,1.4609386920928955,-1.2714190483093262,1.4747250080108643,-1.654390811920166,0.0,0.0,0.009853839874267578,1
1766568371.1542814,1.4609582424163818,-1.2714002132415771,1.474195122718811,-1.6526861190795898,0.0,0.0,0.011067032814025879,1
1766568371.1603396,1.4615445137023926,-1.2703332901000977,1.4749605655670166,-1.6525893211364746,0.0,0.0,0.013582468032836914,1
1766568371.1727424,1.4606454372406006,-1.269399642944336,1.4752353429794312,-1.6544685363769531,0.0,0.0,0.012012600898742676,1
1766568371.1885283,1.459061861038208,-1.268066167831421,1.473370909690857,-1.6535773277282715,0.0,0.0,0.010789275169372559,1
1766568371.1950834,1.4618768692016602,-1.268256664276123,1.473351240158081,-1.6530156135559082,0.0,0.0,0.013955831527709961,1
1766568371.2054584,1.4629130363464355,-1.2702569961547852,1.4768249988555908,-1.6538681983947754,0.0,0.0,0.01561284065246582,1
1766568371.216219,1.4599416255950928,-1.2683329582214355,1.4726840257644653,-1.654313564300537,0.0,0.0,0.00997912883758545,1
1766568371.230364,1.4586513042449951,-1.2675137519836426,1.4700933694839478,-1.656212329864502,0.0,0.0,0.00501859188079834,1
1766568371.2410042,1.4591400623321533,-1.2672278881072998,1.4736260175704956,-1.6542749404907227,0.0,0.0,0.011263251304626465,1
1766568371.2565484,1.459003210067749,-1.270371437072754,1.4751567840576172,-1.651949405670166,0.0,0.0,0.011839151382446289,1
1766568371.2648177,1.4609582424163818,-1.2698378562927246,1.4753334522247314,-1.6525115966796875,0.0,0.0,0.013942241668701172,1
1766568371.27591,1.4605672359466553,-1.2681612968444824,1.474214792251587,-1.6527438163757324,0.0,0.0,0.013876914978027344,1
1766568371.2851372,1.45851469039917,-1.2673039436340332,1.473351240158081,-1.6517558097839355,0.0,0.0,0.012806177139282227,1
1766568371.3044624,1.4582996368408203,-1.2681422233581543,1.4741755723953247,-1.6528797149658203,0.0,0.0,0.01145327091217041,1
1766568371.3112,1.4606258869171143,-1.2684853076934814,1.4736260175704956,-1.654080867767334,0.0,0.0,0.011685729026794434,1
1766568371.322031,1.461622714996338,-1.2682757377624512,1.4744699001312256,-1.654158592224121,0.0,0.0,0.013658285140991211,1
1766568371.333847,1.4614663124084473,-1.2684471607208252,1.4743717908859253,-1.6533446311950684,0.0,0.0,0.014046311378479004,1
1766568371.344947,1.461329698562622,-1.2686948776245117,1.4748035669326782,-1.6529183387756348,0.0,0.0,0.014520049095153809,1
1766568371.359353,1.462170124053955,-1.2679901123046875,1.4748035669326782,-1.6532478332519531,0.0,0.0,0.015735745429992676,1
1766568371.3688242,1.4618964195251465,-1.2653799057006836,1.4776296615600586,-1.652782917022705,0.0,0.0,0.021363258361816406,1
1766568371.3886952,1.4588077068328857,-1.2675328254699707,1.4764324426651,-1.6551470756530762,0.0,0.0,0.012560248374938965,1
1766568371.3921847,1.4584951400756836,-1.268237590789795,1.4756277799606323,-1.6538100242614746,0.0,0.0,0.012075304985046387,1
1766568371.4022372,1.460313081741333,-1.266275405883789,1.4774137735366821,-1.6523175239562988,0.0,0.0,0.019133925437927246,1
1766568371.4207442,1.4606454372406006,-1.265932559967041,1.4749213457107544,-1.6534028053283691,0.0,0.0,0.016231417655944824,1
1766568371.4274724,1.459355115890503,-1.2681231498718262,1.4728213548660278,-1.6553211212158203,0.0,0.0,0.008732199668884277,1
1766568371.4393106,1.4608800411224365,-1.2681231498718262,1.4749997854232788,-1.6561932563781738,0.0,0.0,0.011563420295715332,1
1766568371.458095,1.4617986679077148,-1.2686376571655273,1.476020336151123,-1.6538290977478027,0.0,0.0,0.015352249145507812,1
1766568371.4629474,1.4607431888580322,-1.2673993110656738,1.4760595560073853,-1.653693675994873,0.0,0.0,0.015709757804870605,1
1766568371.4731538,1.4581432342529297,-1.2678947448730469,1.476314663887024,-1.6524147987365723,0.0,0.0,0.014148354530334473,1
1766568371.50212,1.4591009616851807,-1.2675518989562988,1.4745680093765259,-1.653151035308838,0.0,0.0,0.012966036796569824,1
1766568371.50212,1.4622483253479004,-1.2671518325805664,1.4736063480377197,-1.6538100242614746,0.0,0.0,0.014892816543579102,1
1766568371.5076597,1.4627175331115723,-1.2698569297790527,1.474764347076416,-1.6559414863586426,0.0,0.0,0.011683464050292969,1
1766568371.5224168,1.4617986679077148,-1.2673802375793457,1.4749802350997925,-1.6549530029296875,0.0,0.0,0.014445662498474121,1
1766568371.5342512,1.4609582424163818,-1.2679519653320312,1.4767072200775146,-1.6552433967590332,0.0,0.0,0.014470100402832031,1
1766568371.5562577,1.459413766860962,-1.2691140174865723,1.4786500930786133,-1.654526710510254,0.0,0.0,0.014423131942749023,1
1766568371.5602698,1.4605085849761963,-1.2686948776245117,1.4765305519104004,-1.652860164642334,0.0,0.0,0.015484094619750977,1
1766568371.5643158,1.4605085849761963,-1.2695140838623047,1.4754512310028076,-1.6500701904296875,0.0,0.0,0.01637554168701172,1
1766568371.5791798,1.4551913738250732,-1.2698378562927246,1.474705457687378,-1.6514849662780762,0.0,0.0,0.00857400894165039,1
1766568371.592934,1.457986831665039,-1.2691712379455566,1.4754315614700317,-1.652860164642334,0.0,0.0,0.011386990547180176,1
1766568371.6050293,1.4619355201721191,-1.2697997093200684,1.4742932319641113,-1.6533641815185547,0.0,0.0,0.013064861297607422,1
1766568371.6123526,1.4614076614379883,-1.2707524299621582,1.4758436679840088,-1.6512908935546875,0.0,0.0,0.015208005905151367,1
1766568371.624786,1.4611732959747314,-1.2696475982666016,1.4733904600143433,-1.6525311470031738,0.0,0.0,0.012385010719299316,1
1766568371.6362622,1.4616618156433105,-1.2689423561096191,1.4731550216674805,-1.6537322998046875,0.0,0.0,0.012142181396484375,1
1766568371.6525145,1.4616031646728516,-1.2696855068206787,1.475667119026184,-1.654003620147705,0.0,0.0,0.013581156730651855,1
1766568371.6615193,1.4616813659667969,-1.2696664333343506,1.475549340248108,-1.652937889099121,0.0,0.0,0.014626383781433105,1
1766568371.6719303,1.45894455909729,-1.2689995765686035,1.4754512310028076,-1.6544103622436523,0.0,0.0,0.010985851287841797,1
1766568371.6942792,1.4608604907989502,-1.2691712379455566,1.4748624563217163,-1.6555733680725098,0.0,0.0,0.010978341102600098,1
1766568371.7021506,1.4610755443572998,-1.2695331573486328,1.4736260175704956,-1.6550498008728027,0.0,0.0,0.010118603706359863,1
1766568371.71237,1.4574394226074219,-1.268237590789795,1.4730764627456665,-1.654390811920166,0.0,0.0,0.007887482643127441,1
1766568371.721316,1.4583191871643066,-1.2689614295959473,1.474764347076416,-1.6556696891784668,0.0,0.0,0.008452415466308594,1
1766568371.730345,1.459355115890503,-1.269228458404541,1.4731942415237427,-1.6547012329101562,0.0,0.0,0.00861966609954834,1
1766568371.7396,1.4576935768127441,-1.2720670700073242,1.4722522497177124,-1.6544489860534668,0.0,0.0,0.0034297704696655273,1
1766568371.754163,1.4595701694488525,-1.2711143493652344,1.4740185737609863,-1.655224323272705,0.0,0.0,0.007250070571899414,1
1766568371.7643404,1.4585928916931152,-1.2692854404449463,1.4738222360610962,-1.6542363166809082,0.0,0.0,0.008893370628356934,1
1766568371.77627,1.4589641094207764,-1.2705998420715332,1.474273681640625,-1.6547012329101562,0.0,0.0,0.007936716079711914,1
1766568371.7905154,1.459355115890503,-1.2707905769348145,1.4752942323684692,-1.6532864570617676,0.0,0.0,0.010572314262390137,1
1766568371.7993646,1.458104133605957,-1.2698187828063965,1.4749997854232788,-1.654003620147705,0.0,0.0,0.009281516075134277,1
1766568371.8108652,1.45851469039917,-1.270542860031128,1.4751372337341309,-1.6554179191589355,0.0,0.0,0.007691144943237305,1
1766568371.840545,1.461564064025879,-1.272028923034668,1.4745091199874878,-1.6561541557312012,0.0,0.0,0.007890105247497559,1
1766568371.840545,1.4591596126556396,-1.2722382545471191,1.4748427867889404,-1.6557278633117676,0.0,0.0,0.006036281585693359,1
1766568371.8468454,1.4576935768127441,-1.2691330909729004,1.4752353429794312,-1.6563868522644043,0.0,0.0,0.0074089765548706055,1
1766568371.8582456,1.4574394226074219,-1.2726764678955078,1.4724876880645752,-1.6566581726074219,0.0,0.0,0.0005924701690673828,1
1766568371.869776,1.4583582878112793,-1.272371768951416,1.4755885601043701,-1.6554956436157227,0.0,0.0,0.006079435348510742,1
1766568371.886903,1.4601762294769287,-1.2709238529205322,1.4769623279571533,-1.6538872718811035,0.0,0.0,0.012327432632446289,1
1766568371.8914413,1.4631085395812988,-1.2711334228515625,1.4740185737609863,-1.654526710510254,0.0,0.0,0.01146697998046875,1
1766568371.901829,1.4617791175842285,-1.2707524299621582,1.474332571029663,-1.6559605598449707,0.0,0.0,0.009398698806762695,1
1766568371.9262025,1.460137128829956,-1.2704856395721436,1.4755101203918457,-1.6534223556518555,0.0,0.0,0.011739253997802734,1
1766568371.9282153,1.4597265720367432,-1.2695903778076172,1.4754904508590698,-1.6558833122253418,0.0,0.0,0.009743332862854004,1
1766568371.940562,1.4621310234069824,-1.2689423561096191,1.4768445491790771,-1.6544103622436523,0.0,0.0,0.015622854232788086,1
1766568371.9523845,1.46048903465271,-1.2702951431274414,1.4748820066452026,-1.6520075798034668,0.0,0.0,0.013068318367004395,1
1766568371.9634745,1.46150541305542,-1.2726573944091797,1.4765502214431763,-1.651639461517334,0.0,0.0,0.01375877857208252,1
1766568371.987159,1.4610168933868408,-1.2709619998931885,1.4777277708053589,-1.6524338722229004,0.0,0.0,0.01534879207611084,1
1766568371.9932249,1.4593746662139893,-1.2696664333343506,1.4757258892059326,-1.6537904739379883,0.0,0.0,0.011643648147583008,1
1766568372.0040262,1.4593942165374756,-1.2703523635864258,1.4760006666183472,-1.6550498008728027,0.0,0.0,0.009992718696594238,1
1766568372.0111053,1.4616031646728516,-1.2705047130584717,1.4756277799606323,-1.6563677787780762,0.0,0.0,0.010358452796936035,1
1766568372.025124,1.461446762084961,-1.2702760696411133,1.473351240158081,-1.6540226936340332,0.0,0.0,0.010499238967895508,1
1766568372.0321674,1.4611341953277588,-1.269761562347412,1.4714279174804688,-1.6557087898254395,0.0,0.0,0.0070917606353759766,1
1766568372.043748,1.4616031646728516,-1.270218849182129,1.4731158018112183,-1.6556696891784668,0.0,0.0,0.008830428123474121,1
1766568372.0572424,1.4600002765655518,-1.2675518989562988,1.4762165546417236,-1.6552433967590332,0.0,0.0,0.01342153549194336,1
1766568372.069429,1.4593942165374756,-1.2701618671417236,1.474685788154602,-1.6551270484924316,0.0,0.0,0.008791089057922363,1
1766568372.079447,1.4596288204193115,-1.2713239192962646,1.4736063480377197,-1.6516203880310059,0.0,0.0,0.010290861129760742,1
1766568372.0934055,1.4612514972686768,-1.2732481956481934,1.4765305519104004,-1.6535582542419434,0.0,0.0,0.01097559928894043,1
1766568372.1031787,1.462052822113037,-1.2737245559692383,1.4760792255401611,-1.6546430587768555,0.0,0.0,0.009764432907104492,1
1766568372.1116931,1.4595115184783936,-1.2721431255340576,1.4722522497177124,-1.6560187339782715,0.0,0.0,0.0036019086837768555,1
1766568372.1249797,1.4610950946807861,-1.2732672691345215,1.4738811254501343,-1.6540617942810059,0.0,0.0,0.007647156715393066,1
1766568372.1367254,1.4601762294769287,-1.2721812725067139,1.4759811162948608,-1.6538100242614746,0.0,0.0,0.010166049003601074,1
1766568372.1542149,1.4611341953277588,-1.2699713706970215,1.4759025573730469,-1.6540422439575195,0.0,0.0,0.013023138046264648,1
1766568372.1578803,1.4619355201721191,-1.2718191146850586,1.4748427867889404,-1.651543140411377,0.0,0.0,0.013416051864624023,1
1766568372.1728091,1.461564064025879,-1.2720098495483398,1.474136233329773,-1.6532673835754395,0.0,0.0,0.010423064231872559,1
1766568372.187066,1.463304042816162,-1.2706570625305176,1.4734101295471191,-1.6579174995422363,0.0,0.0,0.008139610290527344,1
1766568372.1956022,1.4598047733306885,-1.2699332237243652,1.4741559028625488,-1.6566195487976074,0.0,0.0,0.0074079036712646484,1
1766568372.2074993,1.4575371742248535,-1.2705047130584717,1.473370909690857,-1.6536545753479004,0.0,0.0,0.006748795509338379,1
1766568372.2246492,1.45851469039917,-1.2709429264068604,1.4749408960342407,-1.6542167663574219,0.0,0.0,0.008295893669128418,1
1766568372.2291842,1.4600002765655518,-1.273019552230835,1.4748427867889404,-1.6557669639587402,0.0,0.0,0.006056547164916992,1
1766568372.2406898,1.4625611305236816,-1.2729434967041016,1.4740185737609863,-1.656057357788086,0.0,0.0,0.007578849792480469,1
1766568372.258353,1.463304042816162,-1.2700285911560059,1.4744699001312256,-1.6540617942810059,0.0,0.0,0.013683557510375977,1
1766568372.2634127,1.4631085395812988,-1.2720861434936523,1.4740381240844727,-1.654003620147705,0.0,0.0,0.011056900024414062,1
1766568372.2776194,1.463597297668457,-1.271876335144043,1.4744502305984497,-1.652627944946289,0.0,0.0,0.013543248176574707,1
1766568372.2878137,1.462756633758545,-1.2721812725067139,1.4770015478134155,-1.655515193939209,0.0,0.0,0.012061715126037598,1
1766568372.301344,1.4610755443572998,-1.2722954750061035,1.4758044481277466,-1.6573944091796875,0.0,0.0,0.007190108299255371,1
1766568372.3127606,1.4619550704956055,-1.2708477973937988,1.473292350769043,-1.6550498008728027,0.0,0.0,0.009349822998046875,1
1766568372.3565414,1.461622714996338,-1.2689805030822754,1.475667119026184,-1.6529574394226074,0.0,0.0,0.01535189151763916,1
1766568372.3565414,1.4617400169372559,-1.269723653793335,1.4761970043182373,-1.6529574394226074,0.0,0.0,0.015255928039550781,1
1766568372.358577,1.459472417831421,-1.269571304321289,1.4762362241744995,-1.6519885063171387,0.0,0.0,0.014148831367492676,1
1766568372.3637302,1.4595897197723389,-1.2707524299621582,1.473488688468933,-1.6529765129089355,0.0,0.0,0.009349465370178223,1
1766568372.3714516,1.4615445137023926,-1.2718381881713867,1.4738811254501343,-1.6526665687561035,0.0,0.0,0.010920882225036621,1
1766568372.38439,1.4613101482391357,-1.270390510559082,1.4766875505447388,-1.6531319618225098,0.0,0.0,0.014475226402282715,1
1766568372.3947766,1.4617204666137695,-1.270390510559082,1.4768249988555908,-1.6515812873840332,0.0,0.0,0.016573667526245117,1
1766568372.4093852,1.4610168933868408,-1.2685422897338867,1.4759811162948608,-1.6530346870422363,0.0,0.0,0.015421032905578613,1
1766568372.4231582,1.4607431888580322,-1.2689423561096191,1.4748231172561646,-1.6549530029296875,0.0,0.0,0.011670947074890137,1
1766568372.439053,1.4629716873168945,-1.2698760032653809,1.4760595560073853,-1.652163028717041,0.0,0.0,0.01699221134185791,1
1766568372.439053,1.461329698562622,-1.2678565979003906,1.4733120203018188,-1.6533641815185547,0.0,0.0,0.013420939445495605,1
1766568372.454436,1.461388349533081,-1.270047664642334,1.4729588031768799,-1.6541972160339355,0.0,0.0,0.010102272033691406,1
1766568372.462921,1.4609386920928955,-1.2730765342712402,1.4748231172561646,-1.653073787689209,0.0,0.0,0.00961148738861084,1
1766568372.474103,1.4607431888580322,-1.2734386920928955,1.4749408960342407,-1.6522793769836426,0.0,0.0,0.009966015815734863,1
1766568372.491263,1.460195779800415,-1.2735528945922852,1.4743521213531494,-1.6534805297851562,0.0,0.0,0.007514476776123047,1
1766568372.5014317,1.460137128829956,-1.2733054161071777,1.4753137826919556,-1.6539645195007324,0.0,0.0,0.008180975914001465,1
1766568372.5112479,1.4617986679077148,-1.2705047130584717,1.4756866693496704,-1.6539454460144043,0.0,0.0,0.013035178184509277,1
1766568372.5221066,1.4612905979156494,-1.2681422233581543,1.474626898765564,-1.654294490814209,0.0,0.0,0.013480782508850098,1
1766568372.544473,1.4636363983154297,-1.266770601272583,1.473488688468933,-1.6535382270812988,0.0,0.0,0.016816258430480957,1
1766568372.544473,1.4626588821411133,-1.2674946784973145,1.4768249988555908,-1.653848648071289,0.0,0.0,0.018140554428100586,1
1766568372.5559886,1.4614272117614746,-1.269418716430664,1.4767661094665527,-1.6547398567199707,0.0,0.0,0.014034748077392578,1
1766568372.5668194,1.4638710021972656,-1.2713048458099365,1.474332571029663,-1.653693675994873,0.0,0.0,0.01320505142211914,1
1766568372.59004,1.4609582424163818,-1.2703523635864258,1.474195122718811,-1.6557860374450684,0.0,0.0,0.00901496410369873,1
1766568372.592416,1.4620919227600098,-1.2685422897338867,1.4750783443450928,-1.6570649147033691,0.0,0.0,0.01156306266784668,1
1766568372.6046388,1.4631867408752441,-1.269723653793335,1.4749997854232788,-1.6551270484924316,0.0,0.0,0.013335824012756348,1
1766568372.614631,1.4610168933868408,-1.2696475982666016,1.4749605655670166,-1.653151035308838,0.0,0.0,0.013178825378417969,1
1766568372.6250799,1.4603326320648193,-1.2704668045043945,1.4778062105178833,-1.6527056694030762,0.0,0.0,0.014966368675231934,1
1766568372.6361113,1.462346076965332,-1.2689614295959473,1.4792782068252563,-1.6541004180908203,0.0,0.0,0.0185624361038208,1
1766568372.655761,1.4618182182312012,-1.2709999084472656,1.4753334522247314,-1.654914379119873,0.0,0.0,0.011237382888793945,1
1766568372.657792,1.4619159698486328,-1.2696094512939453,1.4751372337341309,-1.6540226936340332,0.0,0.0,0.013421058654785156,1
1766568372.6727097,1.4597461223602295,-1.2702951431274414,1.4757455587387085,-1.6532864570617676,0.0,0.0,0.011910080909729004,1
1766568372.685882,1.4581236839294434,-1.270885944366455,1.4745091199874878,-1.6530542373657227,0.0,0.0,0.008692622184753418,1
1766568372.6975033,1.460371732711792,-1.272028923034668,1.4741166830062866,-1.6521048545837402,0.0,0.0,0.01035463809967041,1
1766568372.7109022,1.458221435546875,-1.26839017868042,1.4745484590530396,-1.6530542373657227,0.0,0.0,0.011325478553771973,1
1766568372.7227774,1.458104133605957,-1.268752098083496,1.4729194641113281,-1.6540617942810059,0.0,0.0,0.008209705352783203,1
1766568372.7300029,1.4616031646728516,-1.2683711051940918,1.4730764627456665,-1.6524534225463867,0.0,0.0,0.01385509967803955,1
1766568372.7569723,1.4624242782592773,-1.2676851749420166,1.4739203453063965,-1.6513104438781738,0.0,0.0,0.0173490047454834,1
1766568372.7569723,1.4609386920928955,-1.2687711715698242,1.4718793630599976,-1.6533641815185547,0.0,0.0,0.01068270206451416,1
1766568372.7666395,1.4615445137023926,-1.270047664642334,1.474273681640625,-1.6526474952697754,0.0,0.0,0.013123035430908203,1
1766568372.7793114,1.4615445137023926,-1.2698187828063965,1.4749605655670166,-1.6533641815185547,0.0,0.0,0.013322114944458008,1
1766568372.7899306,1.4628934860229492,-1.2714381217956543,1.4752353429794312,-1.6534028053283691,0.0,0.0,0.013287901878356934,1
1766568372.8008084,1.4588468074798584,-1.2721240520477295,1.475667119026184,-1.6542167663574219,0.0,0.0,0.008173108100891113,1
1766568372.8124256,1.4583191871643066,-1.2708096504211426,1.4748624563217163,-1.6505546569824219,0.0,0.0,0.011817336082458496,1
1766568372.8224108,1.4609386920928955,-1.2709429264068604,1.4743717908859253,-1.6503806114196777,0.0,0.0,0.013986945152282715,1
1766568372.8362815,1.4620723724365234,-1.2709999084472656,1.4737437963485718,-1.654003620147705,0.0,0.0,0.010812640190124512,1
1766568372.8490167,1.461446762084961,-1.2719335556030273,1.4743521213531494,-1.6554570198059082,0.0,0.0,0.008408308029174805,1
1766568372.8577206,1.4601175785064697,-1.270580768585205,1.4762165546417236,-1.6537127494812012,0.0,0.0,0.01204061508178711,1
1766568372.868674,1.4604694843292236,-1.2673039436340332,1.4749213457107544,-1.6546626091003418,0.0,0.0,0.013424277305603027,1
1766568372.8866103,1.4612514972686768,-1.2670373916625977,1.471526026725769,-1.654914379119873,0.0,0.0,0.010825753211975098,1
1766568372.8944068,1.4605672359466553,-1.267608880996704,1.4741559028625488,-1.6556892395019531,0.0,0.0,0.011425018310546875,1
1766568372.9060276,1.4597070217132568,-1.2678184509277344,1.4754904508590698,-1.6536741256713867,0.0,0.0,0.013704895973205566,1
1766568372.9243224,1.4591009616851807,-1.2688663005828857,1.4753923416137695,-1.6518917083740234,0.0,0.0,0.013735294342041016,1
1766568372.9295452,1.4573025703430176,-1.2669992446899414,1.4763343334197998,-1.6534028053283691,0.0,0.0,0.013234853744506836,1
1766568372.940916,1.4595701694488525,-1.2681803703308105,1.4766680002212524,-1.656057357788086,0.0,0.0,0.012000441551208496,1
1766568372.9575121,1.4585342407226562,-1.271876335144043,1.4767072200775146,-1.6554760932922363,0.0,0.0,0.007889032363891602,1
1766568372.9619515,1.4604108333587646,-1.271209716796875,1.4785127639770508,-1.6538872718811035,0.0,0.0,0.013826608657836914,1
1766568372.9747717,1.4621310234069824,-1.2711524963378906,1.4752156734466553,-1.6555533409118652,0.0,0.0,0.010640859603881836,1
1766568372.9915538,1.4608018398284912,-1.2683329582214355,1.475097894668579,-1.6543326377868652,0.0,0.0,0.013234138488769531,1
1766568372.9993577,1.458827257156372,-1.2651512622833252,1.476393222808838,-1.655747413635254,0.0,0.0,0.01432180404663086,1
1766568373.009838,1.4588468074798584,-1.2666754722595215,1.476373553276062,-1.6552824974060059,0.0,0.0,0.013262391090393066,1
1766568373.0272465,1.4609777927398682,-1.2683138847351074,1.476511001586914,-1.6537322998046875,0.0,0.0,0.015442609786987305,1
1766568373.0325127,1.4605672359466553,-1.2661609649658203,1.4753334522247314,-1.6546430587768555,0.0,0.0,0.015096664428710938,1
1766568373.0549784,1.46048903465271,-1.2668848037719727,1.4738811254501343,-1.6532282829284668,0.0,0.0,0.014257073402404785,1
1766568373.0590317,1.4610950946807861,-1.267590045928955,1.475176453590393,-1.652550220489502,0.0,0.0,0.016131281852722168,1
1766568373.0796967,1.4602348804473877,-1.2706189155578613,1.4750783443450928,-1.6529183387756348,0.0,0.0,0.011775970458984375,1
1766568373.080702,1.4620137214660645,-1.2718381881713867,1.4749408960342407,-1.653073787689209,0.0,0.0,0.012042641639709473,1
1766568373.0966718,1.463890552520752,-1.2700095176696777,1.4748231172561646,-1.6523756980895996,0.0,0.0,0.01632845401763916,1
1766568373.1035173,1.4630498886108398,-1.269571304321289,1.4763540029525757,-1.655611515045166,0.0,0.0,0.01422107219696045,1
1766568373.119801,1.4601566791534424,-1.2713048458099365,1.4768249988555908,-1.656057357788086,0.0,0.0,0.009619474411010742,1
1766568373.124453,1.4594919681549072,-1.2718002796173096,1.4754904508590698,-1.653306007385254,0.0,0.0,0.009876132011413574,1
1766568373.1350267,1.4617791175842285,-1.268256664276123,1.4746661186218262,-1.6542363166809082,0.0,0.0,0.013952255249023438,1
1766568373.1657374,1.4608213901519775,-1.2707905769348145,1.4754118919372559,-1.653848648071289,0.0,0.0,0.011594057083129883,1
1766568373.167249,1.4614076614379883,-1.2727718353271484,1.4758241176605225,-1.654080867767334,0.0,0.0,0.01037907600402832,1
1766568373.1885943,1.4611341953277588,-1.2710380554199219,1.475608229637146,-1.653984546661377,0.0,0.0,0.011719822883605957,1
1766568373.1896646,1.4617791175842285,-1.2710380554199219,1.4744502305984497,-1.6529960632324219,0.0,0.0,0.012195229530334473,1
1766568373.200755,1.4627175331115723,-1.2712287902832031,1.4728999137878418,-1.6538872718811035,0.0,0.0,0.010501384735107422,1
1766568373.2063532,1.462404727935791,-1.2717430591583252,1.474273681640625,-1.654080867767334,0.0,0.0,0.010854482650756836,1
1766568373.2252,1.4614858627319336,-1.2716479301452637,1.4740381240844727,-1.6529574394226074,0.0,0.0,0.010918617248535156,1
1766568373.2366562,1.4630694389343262,-1.2699332237243652,1.4737437963485718,-1.6534419059753418,0.0,0.0,0.013438105583190918,1
1766568373.241961,1.4653761386871338,-1.2685422897338867,1.47201669216156,-1.6518917083740234,0.0,0.0,0.01695883274078369,1
1766568373.2568018,1.4628348350524902,-1.2678184509277344,1.4722522497177124,-1.655825138092041,0.0,0.0,0.011443495750427246,1
1766568373.2654052,1.4639101028442383,-1.2681422233581543,1.4762951135635376,-1.6565613746643066,0.0,0.0,0.015501618385314941,1
1766568373.274747,1.4648091793060303,-1.268237590789795,1.4743129014968872,-1.6549530029296875,0.0,0.0,0.01593148708343506,1
1766568373.2890677,1.4622483253479004,-1.2710380554199219,1.4751372337341309,-1.653151035308838,0.0,0.0,0.013196468353271484,1
1766568373.303755,1.4610364437103271,-1.2695903778076172,1.4749213457107544,-1.6528410911560059,0.0,0.0,0.013526320457458496,1
1766568373.3137052,1.4595506191253662,-1.268752098083496,1.475058674812317,-1.652860164642334,0.0,0.0,0.012997031211853027,1
1766568373.3238015,1.4604108333587646,-1.268599510192871,1.4731158018112183,-1.6547012329101562,0.0,0.0,0.010225892066955566,1
1766568373.334138,1.4613687992095947,-1.2695140838623047,1.4743914604187012,-1.6545653343200684,0.0,0.0,0.011680841445922852,1
1766568373.3573606,1.4637537002563477,-1.2672088146209717,1.4746465682983398,-1.6546430587768555,0.0,0.0,0.01654839515686035,1
1766568373.3739924,1.4657671451568604,-1.2695140838623047,1.4758830070495605,-1.6520466804504395,0.0,0.0,0.020089387893676758,1
1766568373.375009,1.464848279953003,-1.270237922668457,1.473351240158081,-1.6524920463562012,0.0,0.0,0.015469551086425781,1
1766568373.3899066,1.463538646697998,-1.2717812061309814,1.472939133644104,-1.653306007385254,0.0,0.0,0.0113905668258667,1
1766568373.3951802,1.4634017944335938,-1.272867202758789,1.4751960039138794,-1.6542749404907227,0.0,0.0,0.011455655097961426,1
1766568373.4069097,1.4634995460510254,-1.2722382545471191,1.4750194549560547,-1.6532092094421387,0.0,0.0,0.013071537017822266,1
1766568373.421414,1.4640469551086426,-1.2696664333343506,1.4748231172561646,-1.6524534225463867,0.0,0.0,0.016750216484069824,1
1766568373.4302676,1.4651024341583252,-1.26924729347229,1.4744895696640015,-1.654003620147705,0.0,0.0,0.016341090202331543,1
1766568373.44095,1.4627957344055176,-1.2674565315246582,1.4749213457107544,-1.6537322998046875,0.0,0.0,0.01652824878692627,1
1766568373.452078,1.4653761386871338,-1.2682757377624512,1.4757455587387085,-1.6513490676879883,0.0,0.0,0.021496891975402832,1
1766568373.4669065,1.4634995460510254,-1.2695903778076172,1.4766286611557007,-1.6521821022033691,0.0,0.0,0.018355727195739746,1
1766568373.478442,1.46150541305542,-1.2729244232177734,1.4756277799606323,-1.6537127494812012,0.0,0.0,0.010496020317077637,1
1766568373.4898674,1.4625024795532227,-1.272714614868164,1.4738811254501343,-1.6546430587768555,0.0,0.0,0.009025931358337402,1
1766568373.4990077,1.4633822441101074,-1.2691903114318848,1.4758436679840088,-1.6549334526062012,0.0,0.0,0.015102148056030273,1
1766568373.5117557,1.4638514518737793,-1.2689995765686035,1.4764128923416138,-1.653848648071289,0.0,0.0,0.01741611957550049,1
1766568373.5233252,1.462815284729004,-1.2702951431274414,1.4762951135635376,-1.652763843536377,0.0,0.0,0.016051411628723145,1
1766568373.5340896,1.4638710021972656,-1.2692854404449463,1.473861575126648,-1.6521434783935547,0.0,0.0,0.016303658485412598,1
1766568373.5457053,1.4642422199249268,-1.2704095840454102,1.4744502305984497,-1.6565032005310059,0.0,0.0,0.01177966594696045,1
1766568373.5577302,1.4656498432159424,-1.2703332901000977,1.4758633375167847,-1.655069351196289,0.0,0.0,0.016110539436340332,1
1766568373.5681303,1.4659626483917236,-1.2688853740692139,1.4737437963485718,-1.6534419059753418,0.0,0.0,0.017379164695739746,1
1766568373.5802724,1.464066505432129,-1.2688663005828857,1.4735867977142334,-1.6516008377075195,0.0,0.0,0.01718616485595703,1
1766568373.5922558,1.464261770248413,-1.2693426609039307,1.4768445491790771,-1.653693675994873,0.0,0.0,0.018069982528686523,1
1766568373.6067765,1.4660799503326416,-1.2690186500549316,1.4780614376068115,-1.654526710510254,0.0,0.0,0.020596027374267578,1
1766568373.628787,1.4686017036437988,-1.2704856395721436,1.4758633375167847,-1.6515231132507324,0.0,0.0,0.02245628833770752,1
1766568373.6336153,1.4650633335113525,-1.2698760032653809,1.4745091199874878,-1.6526474952697754,0.0,0.0,0.017048954963684082,1
1766568373.6390684,1.4620919227600098,-1.2691140174865723,1.475667119026184,-1.653306007385254,0.0,0.0,0.015339016914367676,1
1766568373.6558886,1.46400785446167,-1.2677803039550781,1.4772371053695679,-1.654914379119873,0.0,0.0,0.01855027675628662,1
1766568373.6590207,1.4630498886108398,-1.2686567306518555,1.4748624563217163,-1.653848648071289,0.0,0.0,0.015406966209411621,1
1766568373.6688197,1.4650828838348389,-1.2691140174865723,1.4730569124221802,-1.6528797149658203,0.0,0.0,0.016146063804626465,1
1766568373.6892498,1.4659430980682373,-1.2704856395721436,1.4739203453063965,-1.6542167663574219,0.0,0.0,0.01516103744506836,1
1766568373.6999092,1.463304042816162,-1.2698569297790527,1.474136233329773,-1.655747413635254,0.0,0.0,0.011835932731628418,1
1766568373.708837,1.4645745754241943,-1.271552562713623,1.4739007949829102,-1.652472972869873,0.0,0.0,0.014449834823608398,1
1766568373.7224727,1.465512990951538,-1.2711715698242188,1.4752745628356934,-1.654003620147705,0.0,0.0,0.015612363815307617,1
1766568373.7546186,1.4610559940338135,-1.272200345993042,1.4759025573730469,-1.6551852226257324,0.0,0.0,0.009572982788085938,1
1766568373.7556813,1.4624829292297363,-1.2727336883544922,1.4757258892059326,-1.654080867767334,0.0,0.0,0.011394262313842773,1
1766568373.7556813,1.4623069763183594,-1.270885944366455,1.4738222360610962,-1.6532282829284668,0.0,0.0,0.012014985084533691,1
1766568373.7666273,1.462639331817627,-1.270561933517456,1.4768445491790771,-1.654080867767334,0.0,0.0,0.014841079711914062,1
1766568373.779715,1.4655520915985107,-1.2681994438171387,1.477295994758606,-1.6564836502075195,0.0,0.0,0.018164992332458496,1
1766568373.7919633,1.4664123058319092,-1.2714762687683105,1.4735867977142334,-1.6558055877685547,0.0,0.0,0.012717247009277344,1
1766568373.8007777,1.4652197360992432,-1.270237922668457,1.4753334522247314,-1.6552629470825195,0.0,0.0,0.015052318572998047,1
1766568373.8129294,1.4669790267944336,-1.270561933517456,1.476452112197876,-1.6530542373657227,0.0,0.0,0.01981496810913086,1
1766568373.8237464,1.4660212993621826,-1.2709999084472656,1.4788267612457275,-1.6535000801086426,0.0,0.0,0.020348072052001953,1
1766568373.8344717,1.464613676071167,-1.2694759368896484,1.480436086654663,-1.654991626739502,0.0,0.0,0.020582199096679688,1
1766568373.8574426,1.4654934406280518,-1.2692854404449463,1.4767661094665527,-1.655592441558838,0.0,0.0,0.017381668090820312,1
1766568373.8604643,1.4639101028442383,-1.2721812725067139,1.4768445491790771,-1.654313564300537,0.0,0.0,0.014259815216064453,1
1766568373.8705807,1.4644181728363037,-1.2701046466827393,1.477354884147644,-1.652627944946289,0.0,0.0,0.019040465354919434,1
1766568373.8912556,1.4654738903045654,-1.2697806358337402,1.4753923416137695,-1.6526474952697754,0.0,0.0,0.018438100814819336,1
1766568373.8938608,1.464613676071167,-1.2680280208587646,1.4751567840576172,-1.6570844650268555,0.0,0.0,0.014657974243164062,1
1766568373.9062324,1.464789628982544,-1.2689995765686035,1.4753923416137695,-1.6555533409118652,0.0,0.0,0.015629053115844727,1
1766568373.9215884,1.4654738903045654,-1.2712287902832031,1.4749213457107544,-1.6558833122253418,0.0,0.0,0.013283133506774902,1
1766568373.9292848,1.464066505432129,-1.2714002132415771,1.4737045764923096,-1.6551079750061035,0.0,0.0,0.011262893676757812,1
1766568373.941363,1.466216802597046,-1.2693805694580078,1.4731158018112183,-1.6524920463562012,0.0,0.0,0.017459988594055176,1
1766568373.9659095,1.4690122604370117,-1.2699522972106934,1.471604585647583,-1.6508259773254395,0.0,0.0,0.019838571548461914,1
1766568373.9679825,1.4684844017028809,-1.271209716796875,1.475667119026184,-1.6532864570617676,0.0,0.0,0.019655346870422363,1
1766568373.9753418,1.467721939086914,-1.270218849182129,1.4764128923416138,-1.6547980308532715,0.0,0.0,0.01911795139312744,1
1766568373.9897738,1.4656107425689697,-1.2708287239074707,1.476373553276062,-1.654836654663086,0.0,0.0,0.016318917274475098,1
1766568374.0011036,1.4660212993621826,-1.2721812725067139,1.4745876789093018,-1.6553597450256348,0.0,0.0,0.013067960739135742,1
1766568374.0171852,1.4665687084197998,-1.2706570625305176,1.4751372337341309,-1.6541972160339355,0.0,0.0,0.01685166358947754,1
1766568374.024553,1.4667446613311768,-1.27254319190979,1.4760792255401611,-1.6524338722229004,0.0,0.0,0.01784682273864746,1
1766568374.0360096,1.466764211654663,-1.2721812725067139,1.4764324426651,-1.6528215408325195,0.0,0.0,0.018193840980529785,1
1766568374.0539095,1.4666469097137451,-1.2711143493652344,1.4769819974899292,-1.6533255577087402,0.0,0.0,0.019189000129699707,1
1766568374.056435,1.4676241874694824,-1.2718572616577148,1.4745680093765259,-1.6532673835754395,0.0,0.0,0.017067551612854004,1
1766568374.071158,1.4703805446624756,-1.270866870880127,1.4757652282714844,-1.654158592224121,0.0,0.0,0.021120309829711914,1
1766568374.0886645,1.4700090885162354,-1.2696285247802734,1.47727632522583,-1.6554179191589355,0.0,0.0,0.022238969802856445,1
1766568374.0926902,1.4681715965270996,-1.2693426609039307,1.4764128923416138,-1.654604434967041,0.0,0.0,0.0206373929977417,1
1766568374.1040978,1.4680347442626953,-1.269056797027588,1.4762754440307617,-1.6532673835754395,0.0,0.0,0.021986007690429688,1
1766568374.1219192,1.4675264358520508,-1.267246961593628,1.4767464399337769,-1.6541004180908203,0.0,0.0,0.022925496101379395,1
1766568374.1241083,1.4683279991149902,-1.2691140174865723,1.4767661094665527,-1.6557087898254395,0.0,0.0,0.02027130126953125,1
1766568374.140467,1.4663341045379639,-1.2696285247802734,1.475941777229309,-1.655534267425537,0.0,0.0,0.017113089561462402,1
1766568374.1562374,1.4675264358520508,-1.2716288566589355,1.473763346672058,-1.654371738433838,0.0,0.0,0.01528918743133545,1
1766568374.1640892,1.468973159790039,-1.2716479301452637,1.4730961322784424,-1.6536355018615723,0.0,0.0,0.016785860061645508,1
1766568374.1744337,1.4679369926452637,-1.2714571952819824,1.4748035669326782,-1.6519112586975098,0.0,0.0,0.019372105598449707,1
1766568374.1908443,1.4676828384399414,-1.2701046466827393,1.4736260175704956,-1.6542363166809082,0.0,0.0,0.01696789264678955,1
1766568374.1977353,1.468073844909668,-1.269723653793335,1.4726251363754272,-1.6548752784729004,0.0,0.0,0.016100049018859863,1
1766568374.208416,1.4707911014556885,-1.2718191146850586,1.4741559028625488,-1.6545462608337402,0.0,0.0,0.018581628799438477,1
1766568374.2222948,1.4684648513793945,-1.2714953422546387,1.477845549583435,-1.6528992652893066,0.0,0.0,0.021915793418884277,1
1766568374.2315814,1.4682302474975586,-1.2709619998931885,1.478630542755127,-1.6535000801086426,0.0,0.0,0.022398710250854492,1
1766568374.2560842,1.4699504375457764,-1.270390510559082,1.478689432144165,-1.6523375511169434,0.0,0.0,0.025911808013916016,1
1766568374.264655,1.472609043121338,-1.2714953422546387,1.4785913228988647,-1.6513876914978027,0.0,0.0,0.02831733226776123,1
1766568374.2751107,1.466764211654663,-1.2722382545471191,1.479945421218872,-1.6537127494812012,0.0,0.0,0.020758628845214844,1
1766568374.2899618,1.4705369472503662,-1.2732863426208496,1.478139877319336,-1.6539645195007324,0.0,0.0,0.021425962448120117,1
1766568374.2899618,1.4696769714355469,-1.273190975189209,1.476314663887024,-1.6535382270812988,0.0,0.0,0.01926243305206299,1
1766568374.3002112,1.468073844909668,-1.273019552230835,1.4757652282714844,-1.654313564300537,0.0,0.0,0.016505956649780273,1
1766568374.3221822,1.468073844909668,-1.272352695465088,1.4752548933029175,-1.6528410911560059,0.0,0.0,0.0181349515914917,1
1766568374.3252785,1.469989538192749,-1.2721052169799805,1.4776296615600586,-1.6524338722229004,0.0,0.0,0.023080110549926758,1
1766568374.3360405,1.4686408042907715,-1.2720098495483398,1.4790623188018799,-1.6546235084533691,0.0,0.0,0.021069765090942383,1
1766568374.3557625,1.4649460315704346,-1.2706379890441895,1.4780614376068115,-1.6546626091003418,0.0,0.0,0.017706871032714844,1
1766568374.3594744,1.4659039974212646,-1.2706761360168457,1.4779828786849976,-1.6554179191589355,0.0,0.0,0.017792820930480957,1
1766568374.370194,1.4686017036437988,-1.2693235874176025,1.4748231172561646,-1.6559996604919434,0.0,0.0,0.01810157299041748,1
1766568374.386636,1.4700286388397217,-1.2685232162475586,1.4747446775436401,-1.653615951538086,0.0,0.0,0.022634148597717285,1
1766568374.399649,1.469031810760498,-1.2706189155578613,1.474626898765564,-1.6544489860534668,0.0,0.0,0.018590807914733887,1
1766568374.407292,1.4677610397338867,-1.2707524299621582,1.4764913320541382,-1.6558833122253418,0.0,0.0,0.017616629600524902,1
1766568374.4227579,1.46795654296875,-1.2690949440002441,1.476805329322815,-1.6564836502075195,0.0,0.0,0.01918327808380127,1
1766568374.430807,1.4706933498382568,-1.2719526290893555,1.4761576652526855,-1.654914379119873,0.0,0.0,0.019984006881713867,1
1766568374.4414475,1.4722378253936768,-1.2746007442474365,1.4787089824676514,-1.6522793769836426,0.0,0.0,0.024066686630249023,1
1766568374.4589076,1.47249174118042,-1.2744483947753906,1.4778258800506592,-1.6529765129089355,0.0,0.0,0.02289271354675293,1
1766568374.4659812,1.4699504375457764,-1.2722573280334473,1.4773156642913818,-1.6538290977478027,0.0,0.0,0.021179676055908203,1
1766568374.477275,1.4687776565551758,-1.272371768951416,1.4787286520004272,-1.653984546661377,0.0,0.0,0.02114999294281006,1
1766568374.4889143,1.4723551273345947,-1.2706952095031738,1.476393222808838,-1.6538872718811035,0.0,0.0,0.024165868759155273,1
1766568374.501118,1.4718077182769775,-1.269895076751709,1.4774137735366821,-1.6555533409118652,0.0,0.0,0.02377307415008545,1
1766568374.5236022,1.4716317653656006,-1.2724480628967285,1.478551983833313,-1.6543526649475098,0.0,0.0,0.023383021354675293,1
1766568374.5255795,1.472550392150879,-1.275667667388916,1.4784538745880127,-1.652937889099121,0.0,0.0,0.022398710250854492,1
1766568374.5354545,1.4742512702941895,-1.2745628356933594,1.4773156642913818,-1.6536355018615723,0.0,0.0,0.02336859703063965,1
1766568374.5472696,1.4741926193237305,-1.270714282989502,1.4779043197631836,-1.6549725532531738,0.0,0.0,0.02641010284423828,1
1766568374.5570283,1.4714949131011963,-1.270866870880127,1.4776688814163208,-1.6560769081115723,0.0,0.0,0.02222001552581787,1
1766568374.5702565,1.473508358001709,-1.2734005451202393,1.4774529933929443,-1.65590238571167,0.0,0.0,0.02165842056274414,1
1766568374.5828953,1.4730000495910645,-1.2740483283996582,1.475941777229309,-1.6558833122253418,0.0,0.0,0.019010186195373535,1
1766568374.591821,1.4731369018554688,-1.2732291221618652,1.4777473211288452,-1.6560378074645996,0.0,0.0,0.02161729335784912,1
1766568374.610621,1.4747791290283203,-1.2727718353271484,1.4776688814163208,-1.654836654663086,0.0,0.0,0.02483952045440674,1
1766568374.62021,1.4760496616363525,-1.2727527618408203,1.4749408960342407,-1.652937889099121,0.0,0.0,0.025299906730651855,1
1766568374.6313028,1.471592664718628,-1.2727336883544922,1.4744306802749634,-1.65590238571167,0.0,0.0,0.0173872709274292,1
1766568374.6404648,1.4697744846343994,-1.2718381881713867,1.4741755723953247,-1.657433032989502,0.0,0.0,0.01467883586883545,1
1766568374.6571853,1.470341444015503,-1.2716479301452637,1.4748820066452026,-1.6551079750061035,0.0,0.0,0.01846754550933838,1
1766568374.6624072,1.469149112701416,-1.273019552230835,1.4758830070495605,-1.6542363166809082,0.0,0.0,0.0177762508392334,1
1766568374.673999,1.4685430526733398,-1.2731146812438965,1.4779828786849976,-1.654313564300537,0.0,0.0,0.01909768581390381,1
1766568374.6851783,1.4680933952331543,-1.2712478637695312,1.4782968759536743,-1.6561155319213867,0.0,0.0,0.019026875495910645,1
1766568374.6967752,1.4745445251464844,-1.2696855068206787,1.476373553276062,-1.6547980308532715,0.0,0.0,0.02643454074859619,1
1766568374.7100995,1.4738407135009766,-1.2704095840454102,1.4754118919372559,-1.6542167663574219,0.0,0.0,0.02462625503540039,1
1766568374.720226,1.471534013748169,-1.2698187828063965,1.4756277799606323,-1.6546235084533691,0.0,0.0,0.022719502449035645,1
1766568374.733974,1.4704196453094482,-1.2706952095031738,1.4769819974899292,-1.6549725532531738,0.0,0.0,0.021733880043029785,1
1766568374.7461653,1.4727067947387695,-1.2732672691345215,1.4773156642913818,-1.6556310653686523,0.0,0.0,0.02112412452697754,1
1766568374.7574837,1.4733715057373047,-1.2725622653961182,1.4789053201675415,-1.654914379119873,0.0,0.0,0.02480018138885498,1
1766568374.7680576,1.4720032215118408,-1.271362066268921,1.4773941040039062,-1.6546430587768555,0.0,0.0,0.023392200469970703,1
1766568374.7815917,1.4694619178771973,-1.2715907096862793,1.4767268896102905,-1.6552824974060059,0.0,0.0,0.019315600395202637,1
1766568374.7919118,1.469207763671875,-1.2691903114318848,1.4766483306884766,-1.653770923614502,0.0,0.0,0.022894859313964844,1
1766568374.812795,1.4722182750701904,-1.2700855731964111,1.474705457687378,-1.6527056694030762,0.0,0.0,0.024132490158081055,1
1766568374.824576,1.4724528789520264,-1.2693235874176025,1.4749408960342407,-1.653770923614502,0.0,0.0,0.024299263954162598,1
1766568374.824576,1.474935531616211,-1.2690949440002441,1.4771782159805298,-1.6563286781311035,0.0,0.0,0.026690125465393066,1
1766568374.8428202,1.4722182750701904,-1.269418716430664,1.4784343242645264,-1.6546626091003418,0.0,0.0,0.026571273803710938,1
1766568374.857937,1.4725699424743652,-1.2696664333343506,1.477295994758606,-1.6522984504699707,0.0,0.0,0.027901053428649902,1
1766568374.8642106,1.4732933044433594,-1.2713239192962646,1.4772371053695679,-1.6521434783935547,0.0,0.0,0.02706301212310791,1
1766568374.8717732,1.4740753173828125,-1.271209716796875,1.4788856506347656,-1.6555533409118652,0.0,0.0,0.02619791030883789,1
1766568374.8885567,1.4732346534729004,-1.271895408630371,1.4785324335098267,-1.655747413635254,0.0,0.0,0.02412426471710205,1
1766568374.898897,1.4750723838806152,-1.273190975189209,1.4780809879302979,-1.6550498008728027,0.0,0.0,0.024912595748901367,1
1766568374.9114134,1.473508358001709,-1.272028923034668,1.4770604372024536,-1.6548752784729004,0.0,0.0,0.02366459369659424,1
1766568374.9233594,1.473508358001709,-1.2714571952819824,1.475470781326294,-1.6531901359558105,0.0,0.0,0.02433180809020996,1
1766568374.9316337,1.4713189601898193,-1.2712478637695312,1.4761773347854614,-1.6518917083740234,0.0,0.0,0.024356722831726074,1
1766568374.9403367,1.4708497524261475,-1.2714571952819824,1.4780809879302979,-1.6530156135559082,0.0,0.0,0.024457931518554688,1
1766568374.956468,1.4737820625305176,-1.2714762687683105,1.477354884147644,-1.6544489860534668,0.0,0.0,0.025211691856384277,1
1766568374.967642,1.4740753173828125,-1.2719717025756836,1.478198766708374,-1.6520075798034668,0.0,0.0,0.028294801712036133,1
1766568374.9789584,1.473860263824463,-1.271876335144043,1.4774137735366821,-1.6527247428894043,0.0,0.0,0.026672959327697754,1
1766568374.991387,1.473156452178955,-1.273343563079834,1.4769623279571533,-1.654313564300537,0.0,0.0,0.022461652755737305,1
1766568375.0025232,1.4725308418273926,-1.2731719017028809,1.479101538658142,-1.6545462608337402,0.0,0.0,0.023914217948913574,1
1766568375.023763,1.4730195999145508,-1.2722954750061035,1.4795725345611572,-1.653693675994873,0.0,0.0,0.026602983474731445,1
1766568375.023763,1.4739971160888672,-1.2716288566589355,1.4773941040039062,-1.6548171043395996,0.0,0.0,0.02494525909423828,1
1766568375.0393996,1.4744858741760254,-1.2719717025756836,1.4752745628356934,-1.6531319618225098,0.0,0.0,0.02465677261352539,1
1766568375.049366,1.473625659942627,-1.273038625717163,1.4753530025482178,-1.6552629470825195,0.0,0.0,0.02067708969116211,1
1766568375.061728,1.473039150238037,-1.2724099159240723,1.4781006574630737,-1.6561541557312012,0.0,0.0,0.022575736045837402,1
1766568375.0682616,1.4727654457092285,-1.2709619998931885,1.4773352146148682,-1.6562514305114746,0.0,0.0,0.022887229919433594,1
1766568375.0901434,1.473391056060791,-1.269571304321289,1.4764913320541382,-1.6563868522644043,0.0,0.0,0.02392423152923584,1
1766568375.0931685,1.4732542037963867,-1.269914150238037,1.4778847694396973,-1.6550498008728027,0.0,0.0,0.02617502212524414,1
1766568375.1047103,1.4738211631774902,-1.2702760696411133,1.4784146547317505,-1.6543326377868652,0.0,0.0,0.027627110481262207,1
1766568375.1214266,1.475052833557129,-1.2706379890441895,1.4759811162948608,-1.655921459197998,0.0,0.0,0.024474501609802246,1
1766568375.1293273,1.4725699424743652,-1.2714953422546387,1.4778650999069214,-1.6534028053283691,0.0,0.0,0.02553689479827881,1
1766568375.1433206,1.4725699424743652,-1.272047996520996,1.4779043197631836,-1.654003620147705,0.0,0.0,0.024422645568847656,1
1766568375.1543117,1.472550392150879,-1.273343563079834,1.4774137735366821,-1.6545462608337402,0.0,0.0,0.022074341773986816,1
1766568375.1672492,1.4734888076782227,-1.2719526290893555,1.4775511026382446,-1.6534223556518555,0.0,0.0,0.025664925575256348,1
1766568375.1890686,1.4742317199707031,-1.270390510559082,1.4778062105178833,-1.6543526649475098,0.0,0.0,0.02729475498199463,1
1766568375.1905744,1.4744467735290527,-1.2685422897338867,1.4769034385681152,-1.6553988456726074,0.0,0.0,0.027409076690673828,1
1766568375.1995707,1.4743099212646484,-1.268580436706543,1.4756474494934082,-1.6583828926086426,0.0,0.0,0.022994041442871094,1
1766568375.20897,1.4740557670593262,-1.2689423561096191,1.4771193265914917,-1.6578011512756348,0.0,0.0,0.024431586265563965,1
1766568375.2281938,1.4738798141479492,-1.2722573280334473,1.476452112197876,-1.6541972160339355,0.0,0.0,0.023877382278442383,1
1766568375.23915,1.4746031761169434,-1.2710189819335938,1.4764913320541382,-1.654294490814209,0.0,0.0,0.02578103542327881,1
1766568375.2454617,1.4746227264404297,-1.270047664642334,1.4779436588287354,-1.6545071601867676,0.0,0.0,0.028011560440063477,1
1766568375.2590094,1.4718077182769775,-1.2710380554199219,1.4774726629257202,-1.6539263725280762,0.0,0.0,0.024315953254699707,1
1766568375.2711027,1.4700090885162354,-1.2724480628967285,1.4764913320541382,-1.6544489860534668,0.0,0.0,0.019603371620178223,1
1766568375.2795165,1.472609043121338,-1.2735719680786133,1.4757455587387085,-1.654158592224121,0.0,0.0,0.02062404155731201,1
1766568375.2921526,1.4734106063842773,-1.2732481956481934,1.475549340248108,-1.6544299125671387,0.0,0.0,0.021281838417053223,1
1766568375.3113587,1.4746031761169434,-1.27254319190979,1.4779632091522217,-1.6535191535949707,0.0,0.0,0.026504039764404297,1
1766568375.313174,1.4740753173828125,-1.2701427936553955,1.4805930852890015,-1.654390811920166,0.0,0.0,0.03013479709625244,1
1766568375.3281734,1.475717306137085,-1.2681422233581543,1.4797295331954956,-1.6525697708129883,0.0,0.0,0.03473484516143799,1
1766568375.3395855,1.474700927734375,-1.2709999084472656,1.478551983833313,-1.6523375511169434,0.0,0.0,0.029915452003479004,1
1766568375.3604138,1.4735279083251953,-1.2722573280334473,1.4765894412994385,-1.6550111770629883,0.0,0.0,0.022848844528198242,1
1766568375.3698652,1.4741144180297852,-1.2707715034484863,1.4762165546417236,-1.6538290977478027,0.0,0.0,0.025730371475219727,1
1766568375.3799226,1.4746031761169434,-1.2694950103759766,1.4767464399337769,-1.6554956436157227,0.0,0.0,0.026358962059020996,1
1766568375.3899314,1.475541353225708,-1.2691712379455566,1.4765502214431763,-1.6548752784729004,0.0,0.0,0.028045058250427246,1
1766568375.3958325,1.4749746322631836,-1.2707715034484863,1.4799257516860962,-1.6554179191589355,0.0,0.0,0.02871096134185791,1
1766568375.4074225,1.4746813774108887,-1.2718191146850586,1.4792193174362183,-1.6548171043395996,0.0,0.0,0.02726447582244873,1
1766568375.4239671,1.474700927734375,-1.2709619998931885,1.479945421218872,-1.6551270484924316,0.0,0.0,0.028557300567626953,1
1766568375.437976,1.473508358001709,-1.270390510559082,1.480808973312378,-1.6541004180908203,0.0,0.0,0.02982640266418457,1
1766568375.4442945,1.4741730690002441,-1.269571304321289,1.4791407585144043,-1.6546235084533691,0.0,0.0,0.029119014739990234,1
1766568375.4615417,1.4774963855743408,-1.2701997756958008,1.4773156642913818,-1.6528992652893066,0.0,0.0,0.031713008880615234,1
1766568375.465781,1.4769880771636963,-1.2712860107421875,1.476373553276062,-1.6557669639587402,0.0,0.0,0.026308655738830566,1
1766568375.477839,1.4718859195709229,-1.2713429927825928,1.476805329322815,-1.6553211212158203,0.0,0.0,0.022027134895324707,1
1766568375.48708,1.4708302021026611,-1.2705237865447998,1.4743717908859253,-1.6574721336364746,0.0,0.0,0.01720607280731201,1
1766568375.5019095,1.4738211631774902,-1.2704095840454102,1.4764128923416138,-1.6591382026672363,0.0,0.0,0.02068626880645752,1
1766568375.51575,1.4756195545196533,-1.2695903778076172,1.4791996479034424,-1.6558442115783691,0.0,0.0,0.029384613037109375,1
1766568375.5328374,1.4761278629302979,-1.2693614959716797,1.4767072200775146,-1.6535000801086426,0.0,0.0,0.029973506927490234,1
1766568375.5363925,1.475482702255249,-1.2712287902832031,1.4761184453964233,-1.6541004180908203,0.0,0.0,0.026271939277648926,1
1766568375.549631,1.4763429164886475,-1.2718572616577148,1.4779828786849976,-1.6551270484924316,0.0,0.0,0.027341485023498535,1
1766568375.5576038,1.4776527881622314,-1.2715907096862793,1.4787875413894653,-1.653615951538086,0.0,0.0,0.031233668327331543,1
1766568375.5757017,1.4747400283813477,-1.2702569961547852,1.4779828786849976,-1.6554374694824219,0.0,0.0,0.027028441429138184,1
1766568375.6051955,1.4714362621307373,-1.2699904441833496,1.4770604372024536,-1.6549334526062012,0.0,0.0,0.023572802543640137,1
1766568375.6051955,1.4722378253936768,-1.2709810733795166,1.476883888244629,-1.6532282829284668,0.0,0.0,0.024912357330322266,1
1766568375.6051955,1.4739384651184082,-1.2700855731964111,1.4742932319641113,-1.6520657539367676,0.0,0.0,0.02608036994934082,1
1766568375.6646707,1.473742961883545,-1.2693805694580078,1.475549340248108,-1.6531319618225098,0.0,0.0,0.026779770851135254,1
1766568375.6675296,1.474876880645752,-1.2700855731964111,1.4776296615600586,-1.6545848846435547,0.0,0.0,0.027836084365844727,1
1766568375.6675296,1.4777700901031494,-1.270371437072754,1.4771193265914917,-1.654914379119873,0.0,0.0,0.02960360050201416,1
1766568375.6685433,1.4755218029022217,-1.2703523635864258,1.4773744344711304,-1.6532864570617676,0.0,0.0,0.02925741672515869,1
1766568375.6685433,1.4741730690002441,-1.2726764678955078,1.476314663887024,-1.652860164642334,0.0,0.0,0.02495110034942627,1
1766568375.6793072,1.4741339683532715,-1.2727718353271484,1.4782968759536743,-1.6524338722229004,0.0,0.0,0.027225136756896973,1
1766568375.6896915,1.4742708206176758,-1.271723985671997,1.4785913228988647,-1.6528992652893066,0.0,0.0,0.028238892555236816,1
1766568375.6988459,1.4764602184295654,-1.2689995765686035,1.4757847785949707,-1.6511940956115723,0.0,0.0,0.03205132484436035,1
1766568375.7088573,1.4772422313690186,-1.2696094512939453,1.4772567749023438,-1.6535382270812988,0.0,0.0,0.031351327896118164,1
1766568375.7236774,1.474876880645752,-1.2706570625305176,1.4776885509490967,-1.6529765129089355,0.0,0.0,0.028931856155395508,1
1766568375.7344248,1.4730195999145508,-1.2713048458099365,1.4783165454864502,-1.654604434967041,0.0,0.0,0.025426864624023438,1
1766568375.7463782,1.4762060642242432,-1.273038625717163,1.477786660194397,-1.6562705039978027,0.0,0.0,0.024683594703674316,1
1766568375.7576938,1.4730000495910645,-1.2701237201690674,1.4761381149291992,-1.6560378074645996,0.0,0.0,0.02297663688659668,1
1766568375.7687101,1.471358060836792,-1.270542860031128,1.4765894412994385,-1.655534267425537,0.0,0.0,0.02187037467956543,1
1766568375.7799315,1.4719054698944092,-1.2706761360168457,1.47821843624115,-1.6544299125671387,0.0,0.0,0.025017857551574707,1
1766568375.7946677,1.473215103149414,-1.2706189155578613,1.4767464399337769,-1.6513104438781738,0.0,0.0,0.02803218364715576,1
1766568375.805586,1.4746618270874023,-1.2720670700073242,1.4766286611557007,-1.6513686180114746,0.0,0.0,0.0278548002243042,1
1766568375.8238964,1.4742317199707031,-1.2711906433105469,1.477354884147644,-1.6526665687561035,0.0,0.0,0.027729392051696777,1
1766568375.825408,1.4731173515319824,-1.2700095176696777,1.475529670715332,-1.652763843536377,0.0,0.0,0.025873661041259766,1
1766568375.869258,1.473684310913086,-1.2707524299621582,1.4744699001312256,-1.6532864570617676,0.0,0.0,0.024115324020385742,1
1766568375.869258,1.4735865592956543,-1.2703523635864258,1.4747838973999023,-1.6563868522644043,0.0,0.0,0.021631240844726562,1
1766568375.869258,1.4749550819396973,-1.271552562713623,1.4775118827819824,-1.6566967964172363,0.0,0.0,0.024217605590820312,1
1766568375.873601,1.4779655933380127,-1.270066499710083,1.4779828786849976,-1.6547789573669434,0.0,0.0,0.031103014945983887,1
1766568375.8905923,1.4741926193237305,-1.2686567306518555,1.4781006574630737,-1.6523375511169434,0.0,0.0,0.03129899501800537,1
1766568375.899114,1.4723551273345947,-1.2673993110656738,1.478493094444275,-1.6545071601867676,0.0,0.0,0.028941750526428223,1
1766568375.9016442,1.4739189147949219,-1.2686376571655273,1.4795725345611572,-1.656290054321289,0.0,0.0,0.028563737869262695,1
1766568375.9254963,1.473567008972168,-1.2688093185424805,1.4768445491790771,-1.6545071601867676,0.0,0.0,0.02709507942199707,1
1766568375.932856,1.4737625122070312,-1.2683711051940918,1.4749605655670166,-1.652085304260254,0.0,0.0,0.02826666831970215,1
1766568375.9463432,1.4758541584014893,-1.2684662342071533,1.4754904508590698,-1.653383731842041,0.0,0.0,0.029494643211364746,1
1766568375.961439,1.4729413986206055,-1.270580768585205,1.476040005683899,-1.6534223556518555,0.0,0.0,0.024978280067443848,1
1766568375.966568,1.4716904163360596,-1.2714571952819824,1.4763343334197998,-1.654294490814209,0.0,0.0,0.02227306365966797,1
1766568375.9792705,1.4738993644714355,-1.2696094512939453,1.4766483306884766,-1.6548562049865723,0.0,0.0,0.02608203887939453,1
1766568375.9891074,1.4772422313690186,-1.2704095840454102,1.4747250080108643,-1.6555733680725098,0.0,0.0,0.02598428726196289,1
1766568376.0013506,1.4776332378387451,-1.2706379890441895,1.474195122718811,-1.6571040153503418,0.0,0.0,0.024086356163024902,1
1766568376.0138092,1.4760301113128662,-1.2711524963378906,1.4754315614700317,-1.6569099426269531,0.0,0.0,0.0233992338180542,1
1766568376.0229137,1.4740362167358398,-1.2699713706970215,1.4784538745880127,-1.6545848846435547,0.0,0.0,0.027933835983276367,1
1766568376.0383365,1.4739971160888672,-1.2681612968444824,1.4779632091522217,-1.652937889099121,0.0,0.0,0.03086113929748535,1
1766568376.049102,1.4742317199707031,-1.2704668045043945,1.479474425315857,-1.6526861190795898,0.0,0.0,0.030553221702575684,1
1766568376.0650105,1.475482702255249,-1.270390510559082,1.4780025482177734,-1.6530156135559082,0.0,0.0,0.030079126358032227,1
1766568376.0710924,1.4767143726348877,-1.269742727279663,1.4740577936172485,-1.6551852226257324,0.0,0.0,0.025844216346740723,1
1766568376.0876892,1.4748573303222656,-1.2706761360168457,1.475529670715332,-1.656057357788086,0.0,0.0,0.023653507232666016,1
1766568376.0954745,1.4738407135009766,-1.268752098083496,1.4765502214431763,-1.6538681983947754,0.0,0.0,0.027770638465881348,1
1766568376.105767,1.4734692573547363,-1.267913818359375,1.479454755783081,-1.652782917022705,0.0,0.0,0.032227277755737305,1
1766568376.1197014,1.4762256145477295,-1.2688093185424805,1.4787286520004272,-1.6529574394226074,0.0,0.0,0.03318750858306885,1
1766568376.1313107,1.4769294261932373,-1.2683520317077637,1.4762362241744995,-1.6516976356506348,0.0,0.0,0.03311598300933838,1
1766568376.1420875,1.4735474586486816,-1.2680280208587646,1.475961446762085,-1.6539263725280762,0.0,0.0,0.02755451202392578,1
1766568376.1564596,1.4721596240997314,-1.2691712379455566,1.476040005683899,-1.6573166847229004,0.0,0.0,0.02171170711517334,1
1766568376.1694822,1.4735474586486816,-1.2685043811798096,1.474685788154602,-1.6553597450256348,0.0,0.0,0.024369120597839355,1
1766568376.177632,1.4734301567077637,-1.2687902450561523,1.4762362241744995,-1.6542167663574219,0.0,0.0,0.026659369468688965,1
1766568376.1910462,1.4741926193237305,-1.2710380554199219,1.4784146547317505,-1.6547012329101562,0.0,0.0,0.026867985725402832,1
1766568376.1992018,1.4755022525787354,-1.2706379890441895,1.4787483215332031,-1.6552433967590332,0.0,0.0,0.02836918830871582,1
1766568376.207687,1.477691888809204,-1.271362066268921,1.4779632091522217,-1.6542167663574219,0.0,0.0,0.030076265335083008,1
1766568376.2249472,1.4746227264404297,-1.27073335647583,1.4758436679840088,-1.6531119346618652,0.0,0.0,0.026621103286743164,1
1766568376.2367735,1.4743685722351074,-1.2698569297790527,1.4755101203918457,-1.6562318801879883,0.0,0.0,0.02378988265991211,1
1766568376.2457135,1.4741339683532715,-1.269552230834961,1.4749997854232788,-1.654604434967041,0.0,0.0,0.02497708797454834,1
1766568376.2628942,1.4742512702941895,-1.2693426609039307,1.4751960039138794,-1.653615951538086,0.0,0.0,0.026488661766052246,1
1766568376.2695487,1.4747204780578613,-1.2671709060668945,1.4764913320541382,-1.6534419059753418,0.0,0.0,0.030598998069763184,1
1766568376.2871344,1.4749746322631836,-1.2667136192321777,1.4771586656570435,-1.6529765129089355,0.0,0.0,0.03244316577911377,1
1766568376.2905385,1.4765188694000244,-1.2684471607208252,1.4760595560073853,-1.6539645195007324,0.0,0.0,0.03016674518585205,1
1766568376.301863,1.4751896858215332,-1.2709429264068604,1.4760792255401611,-1.652860164642334,0.0,0.0,0.0274658203125,1
1766568376.3227873,1.4739775657653809,-1.271895408630371,1.476864218711853,-1.6537127494812012,0.0,0.0,0.02523362636566162,1
1766568376.3288248,1.475482702255249,-1.2696855068206787,1.476452112197876,-1.6547207832336426,0.0,0.0,0.02752852439880371,1
1766568376.3382788,1.476440668106079,-1.2679519653320312,1.4759811162948608,-1.652937889099121,0.0,0.0,0.0315319299697876,1
1766568376.359243,1.4754045009613037,-1.2672088146209717,1.4770015478134155,-1.6541781425476074,0.0,0.0,0.031019091606140137,1
1766568376.359243,1.4738407135009766,-1.2683329582214355,1.4762362241744995,-1.654003620147705,0.0,0.0,0.02774035930633545,1
1766568376.3704748,1.4740362167358398,-1.269228458404541,1.4761773347854614,-1.6526665687561035,0.0,0.0,0.02831852436065674,1
1766568376.391964,1.4749550819396973,-1.2711143493652344,1.4783360958099365,-1.65224027633667,0.0,0.0,0.029936552047729492,1
1766568376.3975525,1.4787473678588867,-1.2718191146850586,1.4772371053695679,-1.6520657539367676,0.0,0.0,0.03209960460662842,1
1766568376.4096158,1.4766948223114014,-1.2698569297790527,1.4753334522247314,-1.6525893211364746,0.0,0.0,0.02958202362060547,1
1766568376.4199467,1.475834608078003,-1.2673611640930176,1.4782379865646362,-1.6529574394226074,0.0,0.0,0.03375399112701416,1
1766568376.4322212,1.476557970046997,-1.2690377235412598,1.4784146547317505,-1.655592441558838,0.0,0.0,0.030342459678649902,1
1766568376.4434166,1.4774181842803955,-1.2689423561096191,1.4762951135635376,-1.653770923614502,0.0,0.0,0.03100001811981201,1
1766568376.4572508,1.4765188694000244,-1.2679328918457031,1.4759811162948608,-1.6523175239562988,0.0,0.0,0.0322495698928833,1
1766568376.483196,1.475365400314331,-1.268733024597168,1.4761970043182373,-1.652937889099121,0.0,0.0,0.029891490936279297,1
1766568376.483196,1.4773595333099365,-1.2679901123046875,1.476020336151123,-1.6527056694030762,0.0,0.0,0.0326840877532959,1
1766568376.501481,1.4760887622833252,-1.270218849182129,1.4759025573730469,-1.6527056694030762,0.0,0.0,0.029066801071166992,1
1766568376.5106127,1.47542405128479,-1.269418716430664,1.4764913320541382,-1.6534419059753418,0.0,0.0,0.029054760932922363,1
1766568376.5141299,1.475600004196167,-1.2685613632202148,1.4765305519104004,-1.6554956436157227,0.0,0.0,0.028073549270629883,1
1766568376.5330598,1.4741339683532715,-1.26776123046875,1.4764128923416138,-1.6537518501281738,0.0,0.0,0.029033780097961426,1
1766568376.5391335,1.4762842655181885,-1.2673420906066895,1.477845549583435,-1.6520271301269531,0.0,0.0,0.03476059436798096,1
1766568376.5502133,1.47696852684021,-1.2694759368896484,1.4779043197631836,-1.650942325592041,0.0,0.0,0.0344545841217041,1
1766568376.5600197,1.4767730236053467,-1.270542860031128,1.4756474494934082,-1.6535000801086426,0.0,0.0,0.028377532958984375,1
1766568376.5754764,1.4772813320159912,-1.2713239192962646,1.478983759880066,-1.653170108795166,0.0,0.0,0.031771063804626465,1
1766568376.589115,1.4761865139007568,-1.2689995765686035,1.4798080921173096,-1.6516976356506348,0.0,0.0,0.035297393798828125,1
1766568376.5956988,1.4775550365447998,-1.2680089473724365,1.4782379865646362,-1.6554570198059082,0.0,0.0,0.03232705593109131,1
1766568376.605567,1.4768121242523193,-1.2674565315246582,1.4769231081008911,-1.65468168258667,0.0,0.0,0.031597018241882324,1
1766568376.6226645,1.4776527881622314,-1.268066167831421,1.4767857789993286,-1.65468168258667,0.0,0.0,0.03169071674346924,1
1766568376.6296751,1.4771249294281006,-1.2696285247802734,1.4784735441207886,-1.65468168258667,0.0,0.0,0.0312882661819458,1
1766568376.6415248,1.4762647151947021,-1.2677421569824219,1.4787875413894653,-1.6537322998046875,0.0,0.0,0.033577799797058105,1
1766568376.6569958,1.4775159358978271,-1.2655134201049805,1.4766483306884766,-1.6533641815185547,0.0,0.0,0.035286664962768555,1
1766568376.6732767,1.4796857833862305,-1.2673039436340332,1.477354884147644,-1.652763843536377,0.0,0.0,0.036972880363464355,1
1766568376.6788573,1.4778482913970947,-1.269399642944336,1.4798473119735718,-1.6522212028503418,0.0,0.0,0.03607475757598877,1
1766568376.6865025,1.4781999588012695,-1.269228458404541,1.4793174266815186,-1.6523756980895996,0.0,0.0,0.03591322898864746,1
1766568376.7011535,1.4771249294281006,-1.266770601272583,1.4779436588287354,-1.653693675994873,0.0,0.0,0.03460431098937988,1
1766568376.7119627,1.4733519554138184,-1.2670564651489258,1.4791407585144043,-1.6531901359558105,0.0,0.0,0.03224611282348633,1
1766568376.7263653,1.4745445251464844,-1.2678565979003906,1.4802790880203247,-1.6535773277282715,0.0,0.0,0.03338968753814697,1
1766568376.734117,1.479842185974121,-1.268733024597168,1.4756474494934082,-1.654526710510254,0.0,0.0,0.03222990036010742,1
1766568376.7465987,1.47696852684021,-1.2688663005828857,1.480730414390564,-1.6549334526062012,0.0,0.0,0.03389918804168701,1
1766568376.7552536,1.477985143661499,-1.270237922668457,1.4792388677597046,-1.6541781425476074,0.0,0.0,0.03280794620513916,1
1766568376.7907963,1.4814255237579346,-1.2689995765686035,1.4785716533660889,-1.6541972160339355,0.0,0.0,0.036800384521484375,1
1766568376.7946014,1.4785518646240234,-1.270218849182129,1.4794352054595947,-1.6520075798034668,0.0,0.0,0.03576064109802246,1
1766568376.7946014,1.4781217575073242,-1.2722573280334473,1.4784735441207886,-1.6532092094421387,0.0,0.0,0.031128764152526855,1
1766568376.8082883,1.4801549911499023,-1.2695140838623047,1.4788856506347656,-1.6561155319213867,0.0,0.0,0.03341102600097656,1
1766568376.8223782,1.4796466827392578,-1.2686567306518555,1.478198766708374,-1.654836654663086,0.0,0.0,0.03435206413269043,1
1766568376.828806,1.4779069423675537,-1.2700855731964111,1.4769231081008911,-1.6539645195007324,0.0,0.0,0.03077995777130127,1
1766568376.840093,1.4779655933380127,-1.2722954750061035,1.4780220985412598,-1.6541972160339355,0.0,0.0,0.0294950008392334,1
1766568376.8548713,1.4775550365447998,-1.2710952758789062,1.4796706438064575,-1.6541972160339355,0.0,0.0,0.03193318843841553,1
1766568376.8630328,1.4801549911499023,-1.2717812061309814,1.479042649269104,-1.6548752784729004,0.0,0.0,0.03254115581512451,1
1766568376.8834395,1.4795489311218262,-1.2696094512939453,1.4789642095565796,-1.6566581726074219,0.0,0.0,0.032245516777038574,1
1766568376.893019,1.48091721534729,-1.26839017868042,1.478689432144165,-1.6560959815979004,0.0,0.0,0.035120487213134766,1
1766568376.899905,1.4815037250518799,-1.2707905769348145,1.4808481931686401,-1.6555733680725098,0.0,0.0,0.0359879732131958,1
1766568376.914657,1.4818360805511475,-1.2686567306518555,1.4792585372924805,-1.655069351196289,0.0,0.0,0.0373685359954834,1
1766568376.9237397,1.4832632541656494,-1.2686948776245117,1.4801613092422485,-1.6527438163757324,0.0,0.0,0.04198586940765381,1
1766568376.9338248,1.4816601276397705,-1.2700855731964111,1.477354884147644,-1.6540617942810059,0.0,0.0,0.03486764430999756,1
1766568376.9440174,1.479353427886963,-1.2707905769348145,1.4761381149291992,-1.6568517684936523,0.0,0.0,0.027849197387695312,1
1766568376.959538,1.479001522064209,-1.2702760696411133,1.4774922132492065,-1.6559414863586426,0.0,0.0,0.030276179313659668,1
1766568376.9686575,1.4789624214172363,-1.270066499710083,1.4774137735366821,-1.6541781425476074,0.0,0.0,0.03213155269622803,1
1766568376.99107,1.4798030853271484,-1.2709238529205322,1.4768249988555908,-1.6536741256713867,0.0,0.0,0.03203010559082031,1
1766568376.9919274,1.4790797233581543,-1.2729244232177734,1.4777473211288452,-1.655069351196289,0.0,0.0,0.02883327007293701,1
1766568377.0029376,1.4790210723876953,-1.2729053497314453,1.4798669815063477,-1.654080867767334,0.0,0.0,0.03190183639526367,1
1766568377.0168676,1.4759323596954346,-1.2701237201690674,1.4799257516860962,-1.655611515045166,0.0,0.0,0.030122876167297363,1
1766568377.0269392,1.4799399375915527,-1.2678565979003906,1.4818098545074463,-1.6573166847229004,0.0,0.0,0.03657650947570801,1
1766568377.0384722,1.4801158905029297,-1.2682185173034668,1.4786500930786133,-1.6547980308532715,0.0,0.0,0.03574943542480469,1
1766568377.0556617,1.4789624214172363,-1.2711143493652344,1.4773941040039062,-1.654390811920166,0.0,0.0,0.030851364135742188,1
1766568377.0580726,1.4785714149475098,-1.2703332901000977,1.4753923416137695,-1.6559414863586426,0.0,0.0,0.027688980102539062,1
1766568377.0706384,1.4806828498840332,-1.2709238529205322,1.4767464399337769,-1.656445026397705,0.0,0.0,0.030060410499572754,1
1766568377.1011105,1.4802722930908203,-1.2715907096862793,1.478493094444275,-1.6525697708129883,0.0,0.0,0.03460490703582764,1
1766568377.1072671,1.4809563159942627,-1.2708477973937988,1.479121208190918,-1.6523957252502441,0.0,0.0,0.036834001541137695,1
1766568377.1072671,1.4810540676116943,-1.2706952095031738,1.4774922132492065,-1.6535000801086426,0.0,0.0,0.03435099124908447,1
1766568377.1229818,1.479060173034668,-1.2725813388824463,1.4764716625213623,-1.65468168258667,0.0,0.0,0.028268814086914062,1
1766568377.131318,1.47990083694458,-1.2709999084472656,1.4779436588287354,-1.654836654663086,0.0,0.0,0.03200793266296387,1
1766568377.140008,1.481034517288208,-1.2699332237243652,1.4793174266815186,-1.654836654663086,0.0,0.0,0.03558206558227539,1
1766568377.1570852,1.4796662330627441,-1.2704856395721436,1.4776296615600586,-1.653770923614502,0.0,0.0,0.03303933143615723,1
1766568377.1646702,1.4796466827392578,-1.272047996520996,1.4784146547317505,-1.6544103622436523,0.0,0.0,0.03160297870635986,1
1766568377.173627,1.4828526973724365,-1.2700095176696777,1.4790623188018799,-1.6550498008728027,0.0,0.0,0.03685569763183594,1
1766568377.1918433,1.4825007915496826,-1.2699522972106934,1.4788464307785034,-1.6570844650268555,0.0,0.0,0.03431046009063721,1
1766568377.2023268,1.4821488857269287,-1.2696855068206787,1.4790623188018799,-1.656212329864502,0.0,0.0,0.03531336784362793,1
1766568377.2122548,1.4832046031951904,-1.269399642944336,1.4796314239501953,-1.6547789573669434,0.0,0.0,0.038657426834106445,1
1766568377.2230573,1.4820315837860107,-1.2699522972106934,1.4798669815063477,-1.6547012329101562,0.0,0.0,0.03724503517150879,1
1766568377.2344918,1.4831264019012451,-1.270904779434204,1.4780417680740356,-1.6558833122253418,0.0,0.0,0.03438007831573486,1
1766568377.246055,1.4810540676116943,-1.2694950103759766,1.4747838973999023,-1.6559996604919434,0.0,0.0,0.030343294143676758,1
1766568377.2594538,1.4815428256988525,-1.2690949440002441,1.4750783443450928,-1.6546235084533691,0.0,0.0,0.03290271759033203,1
1766568377.2692618,1.4795880317687988,-1.2701237201690674,1.478610873222351,-1.653770923614502,0.0,0.0,0.034304261207580566,1
1766568377.292144,1.4817578792572021,-1.2720861434936523,1.4794155359268188,-1.6553597450256348,0.0,0.0,0.03372752666473389,1
1766568377.3033571,1.480799913406372,-1.2719144821166992,1.4783165454864502,-1.6550307273864746,0.0,0.0,0.03217124938964844,1
1766568377.310727,1.480311393737793,-1.2700285911560059,1.4761970043182373,-1.6556310653686523,0.0,0.0,0.03084874153137207,1
1766568377.3228264,1.481034517288208,-1.270066499710083,1.477786660194397,-1.6573944091796875,0.0,0.0,0.03136026859283447,1
1766568377.328265,1.4789624214172363,-1.2705237865447998,1.4776885509490967,-1.6564059257507324,0.0,0.0,0.02972126007080078,1
1766568377.3398092,1.47990083694458,-1.270066499710083,1.4776885509490967,-1.6569294929504395,0.0,0.0,0.030593395233154297,1
1766568377.361474,1.4803504943847656,-1.2697806358337402,1.4800435304641724,-1.654526710510254,0.0,0.0,0.03608667850494385,1
1766568377.3629816,1.4811909198760986,-1.2691140174865723,1.4786697626113892,-1.6534028053283691,0.0,0.0,0.03734385967254639,1
1766568377.3750303,1.4809954166412354,-1.2711143493652344,1.4766286611557007,-1.6528215408325195,0.0,0.0,0.03368818759918213,1
1766568377.3917468,1.4826180934906006,-1.2724099159240723,1.4762951135635376,-1.6546430587768555,0.0,0.0,0.03186023235321045,1
1766568377.4029312,1.4861564636230469,-1.271533489227295,1.4770997762680054,-1.6541199684143066,0.0,0.0,0.037602782249450684,1
1766568377.409673,1.4831068515777588,-1.2729053497314453,1.4780614376068115,-1.6556892395019531,0.0,0.0,0.032573699951171875,1
1766568377.4256032,1.4828135967254639,-1.269571304321289,1.4787483215332031,-1.656212329864502,0.0,0.0,0.03577828407287598,1
1766568377.4343047,1.4819533824920654,-1.2691903114318848,1.4774137735366821,-1.6557669639587402,0.0,0.0,0.03440988063812256,1
1766568377.4472668,1.4835758209228516,-1.2701618671417236,1.4760006666183472,-1.654526710510254,0.0,0.0,0.03488790988922119,1
1766568377.4642189,1.4822661876678467,-1.2692663669586182,1.4779436588287354,-1.6548752784729004,0.0,0.0,0.03606820106506348,1
1766568377.4754124,1.4813668727874756,-1.2703142166137695,1.4770604372024536,-1.6547789573669434,0.0,0.0,0.03333413600921631,1
1766568377.4896076,1.4803504943847656,-1.2711334228515625,1.4782772064208984,-1.6570649147033691,0.0,0.0,0.030429363250732422,1
1766568377.509192,1.482403039932251,-1.2704856395721436,1.4785716533660889,-1.65590238571167,0.0,0.0,0.03458666801452637,1
1766568377.509192,1.4827940464019775,-1.2709429264068604,1.4775315523147583,-1.6537904739379883,0.0,0.0,0.03559219837188721,1
1766568377.5149376,1.482578992843628,-1.2697997093200684,1.478983759880066,-1.655069351196289,0.0,0.0,0.036693692207336426,1
1766568377.5267544,1.4832828044891357,-1.2694950103759766,1.479454755783081,-1.6544103622436523,0.0,0.0,0.03883218765258789,1
1766568377.5441384,1.4822661876678467,-1.2702760696411133,1.4769034385681152,-1.655069351196289,0.0,0.0,0.03382420539855957,1
1766568377.549206,1.4815232753753662,-1.2700095176696777,1.479121208190918,-1.6554374694824219,0.0,0.0,0.03519749641418457,1
1766568377.5700822,1.480370044708252,-1.2703523635864258,1.4795528650283813,-1.6547789573669434,0.0,0.0,0.03479158878326416,1
1766568377.5748162,1.4814841747283936,-1.2722573280334473,1.4779239892959595,-1.6539454460144043,0.0,0.0,0.033205389976501465,1
1766568377.5914156,1.4815428256988525,-1.269723653793335,1.478983759880066,-1.6530542373657227,0.0,0.0,0.03774869441986084,1
1766568377.601966,1.4813473224639893,-1.270047664642334,1.4790034294128418,-1.649721622467041,0.0,0.0,0.040581464767456055,1
1766568377.6081042,1.4817774295806885,-1.2701427936553955,1.4766483306884766,-1.6515040397644043,0.0,0.0,0.036778926849365234,1
1766568377.6262345,1.4827549457550049,-1.2723908424377441,1.4768249988555908,-1.6545071601867676,0.0,0.0,0.032681941986083984,1
1766568377.6305056,1.48341965675354,-1.2716670036315918,1.4773156642913818,-1.6553988456726074,0.0,0.0,0.033669471740722656,1
1766568377.641993,1.4815232753753662,-1.2701427936553955,1.479945421218872,-1.655379295349121,0.0,0.0,0.03594660758972168,1
1766568377.6561682,1.484377384185791,-1.2704856395721436,1.4783360958099365,-1.6558833122253418,0.0,0.0,0.03634452819824219,1
1766568377.667786,1.4858436584472656,-1.2723145484924316,1.4795136451721191,-1.655825138092041,0.0,0.0,0.03721761703491211,1
1766568377.6798582,1.4846901893615723,-1.272867202758789,1.4793763160705566,-1.6565032005310059,0.0,0.0,0.034696102142333984,1
1766568377.7087257,1.4839081764221191,-1.2719907760620117,1.4800631999969482,-1.6560959815979004,0.0,0.0,0.03588461875915527,1
1766568377.7087257,1.4842405319213867,-1.2712860107421875,1.4807500839233398,-1.6542363166809082,0.0,0.0,0.03946828842163086,1
1766568377.7230835,1.4846315383911133,-1.2704286575317383,1.4775315523147583,-1.6553988456726074,0.0,0.0,0.03633558750152588,1
1766568377.727385,1.4841232299804688,-1.2698760032653809,1.4783360958099365,-1.657665729522705,0.0,0.0,0.034917593002319336,1
1766568377.7434428,1.4812495708465576,-1.2711906433105469,1.4772567749023438,-1.655747413635254,0.0,0.0,0.031568288803100586,1
1766568377.7490144,1.4815623760223389,-1.2717812061309814,1.4793370962142944,-1.655069351196289,0.0,0.0,0.03404891490936279,1
1766568377.7602713,1.4796075820922852,-1.2740864753723145,1.4787875413894653,-1.656290054321289,0.0,0.0,0.028018593788146973,1
1766568377.7706442,1.4771640300750732,-1.2731719017028809,1.4779436588287354,-1.655534267425537,0.0,0.0,0.026401519775390625,1
1766568377.7832103,1.4802136421203613,-1.2711524963378906,1.4792782068252563,-1.6557860374450684,0.0,0.0,0.03255331516265869,1
1766568377.7985706,1.4842209815979004,-1.2735528945922852,1.4786697626113892,-1.6546626091003418,0.0,0.0,0.0346752405166626,1
1766568377.804686,1.4833219051361084,-1.2715907096862793,1.4779632091522217,-1.6515231132507324,0.0,0.0,0.03817129135131836,1
1766568377.8259747,1.4841232299804688,-1.270390510559082,1.4793370962142944,-1.6551470756530762,0.0,0.0,0.03792273998260498,1
1766568377.83023,1.4834587574005127,-1.2704095840454102,1.4774333238601685,-1.6559796333312988,0.0,0.0,0.03450286388397217,1
1766568377.847967,1.4854135513305664,-1.2719526290893555,1.4760987758636475,-1.6542167663574219,0.0,0.0,0.03534293174743652,1
1766568377.8585396,1.4815623760223389,-1.272371768951416,1.4785913228988647,-1.6524920463562012,0.0,0.0,0.035289883613586426,1
1766568377.8650095,1.4829895496368408,-1.27105712890625,1.479042649269104,-1.653151035308838,0.0,0.0,0.037824034690856934,1
1766568377.8762774,1.4816405773162842,-1.2685613632202148,1.4789445400238037,-1.6535964012145996,0.0,0.0,0.03842735290527344,1
1766568377.8932207,1.4822466373443604,-1.2727909088134766,1.4799062013626099,-1.6561932563781738,0.0,0.0,0.033168673515319824,1
1766568377.8992035,1.4835758209228516,-1.2724289894104004,1.4788267612457275,-1.655224323272705,0.0,0.0,0.03474926948547363,1
1766568377.9256873,1.4849052429199219,-1.2704286575317383,1.4787286520004272,-1.6561155319213867,0.0,0.0,0.03708970546722412,1
1766568377.9256873,1.484201431274414,-1.2713048458099365,1.4794155359268188,-1.6555733680725098,0.0,0.0,0.03673875331878662,1
1766568377.9350958,1.4795489311218262,-1.2710380554199219,1.4780614376068115,-1.6535964012145996,0.0,0.0,0.03297591209411621,1
1766568377.9491541,1.480975866317749,-1.2701997756958008,1.4780417680740356,-1.6534805297851562,0.0,0.0,0.03533732891082764,1
1766568377.9594374,1.4816405773162842,-1.270866870880127,1.4803379774093628,-1.6557860374450684,0.0,0.0,0.03532564640045166,1
1766568377.983022,1.4799399375915527,-1.2704286575317383,1.4807697534561157,-1.6544685363769531,0.0,0.0,0.03581249713897705,1
1766568377.983022,1.4804091453552246,-1.2700285911560059,1.4799257516860962,-1.6535000801086426,0.0,0.0,0.03680622577667236,1
1766568377.9960284,1.481269121170044,-1.2697997093200684,1.4797099828720093,-1.6542553901672363,0.0,0.0,0.036924004554748535,1
1766568378.0042748,1.4816014766693115,-1.2701997756958008,1.4806127548217773,-1.6547789573669434,0.0,0.0,0.03723549842834473,1
