time,f1,f2,f3,f4,COPx,COPy,W,W_sync
1745923158.4658265,7.0603718757629395,2.4669294357299805,1.7460529804229736,15.176709175109863,-19.080286026000977,-5.871617317199707,26.450063705444336,0
1745923158.4756956,7.048194408416748,2.4637045860290527,1.745214819908142,15.170247077941895,-19.08123207092285,-5.883100986480713,26.42736053466797,0
1745923158.476703,7.036529064178467,2.456193447113037,1.7406702041625977,15.165316581726074,-19.09712791442871,-5.89720344543457,26.39870834350586,0
1745923158.476703,7.027367115020752,2.450313091278076,1.735603928565979,15.159043312072754,-19.111465454101562,-5.906051158905029,26.37232780456543,0
1745923158.476703,7.022815227508545,2.4463109970092773,1.7310032844543457,15.156813621520996,-19.124555587768555,-5.910872459411621,26.35694122314453,0
1745923158.477714,7.0180344581604,2.443370819091797,1.7278183698654175,15.155415534973145,-19.133432388305664,-5.916133880615234,26.34463882446289,0
1745923158.477714,7.019343852996826,2.4413790702819824,1.7275389432907104,15.15343189239502,-19.137266159057617,-5.915534019470215,26.341693878173828,0
1745923158.481182,7.0184712409973145,2.442460536956787,1.731040596961975,15.149104118347168,-19.127317428588867,-5.9148478507995605,26.341075897216797,0
1745923158.491063,7.014336109161377,2.442915916442871,1.7322885990142822,15.144759178161621,-19.121408462524414,-5.916834831237793,26.334300994873047,0
1745923158.5105202,7.011718273162842,2.4456663131713867,1.730649471282959,15.140847206115723,-19.117219924926758,-5.913519859313965,26.328880310058594,0
1745923158.5142891,7.006180286407471,2.4496684074401855,1.7276506423950195,15.130549430847168,-19.110078811645508,-5.907467365264893,26.314048767089844,0
1745923158.5377018,6.996715068817139,2.4470129013061523,1.726384162902832,15.117323875427246,-19.109432220458984,-5.911553859710693,26.28743553161621,0
1745923158.5388007,6.9898858070373535,2.445248603820801,1.7260303497314453,15.104193687438965,-19.106477737426758,-5.91261100769043,26.265357971191406,0
1745923158.5456855,6.981502056121826,2.443636417388916,1.7233853340148926,15.08586597442627,-19.10506248474121,-5.910805702209473,26.234390258789062,0
1745923158.5560458,6.9749016761779785,2.442194938659668,1.7226403951644897,15.0671968460083,-19.100418090820312,-5.907884120941162,26.206933975219727,0
1745923158.5703423,6.96862268447876,2.4416446685791016,1.721131682395935,15.052403450012207,-19.09695816040039,-5.9055070877075195,26.183801651000977,0
1745923158.5808668,6.961510181427002,2.438932418823242,1.7191200256347656,15.037646293640137,-19.0980224609375,-5.905937194824219,26.157207489013672,0
1745923158.590691,6.953353404998779,2.4356131553649902,1.7168290615081787,15.023930549621582,-19.100679397583008,-5.908505439758301,26.12972640991211,0
1745923158.6096814,6.9410624504089355,2.4349489212036133,1.7134206295013428,15.01032543182373,-19.099199295043945,-5.912025451660156,26.09975814819336,0
1745923158.6120787,6.935941219329834,2.4354801177978516,1.7127500772476196,14.9746732711792,-19.085525512695312,-5.8957343101501465,26.05884552001953,0
1745923158.6234527,6.932013988494873,2.432957649230957,1.7123403549194336,14.960104942321777,-19.084495544433594,-5.893709182739258,26.037416458129883,0
1745923158.652388,6.926172733306885,2.433621406555176,1.709136724472046,14.950959205627441,-19.08395767211914,-5.8918890953063965,26.01988983154297,0
1745923158.652388,6.921013355255127,2.429960250854492,1.7080004215240479,14.939982414245605,-19.087114334106445,-5.893975734710693,25.99895477294922,0
1745923158.6564255,6.915645122528076,2.4299983978271484,1.709658145904541,14.934748649597168,-19.080402374267578,-5.897411823272705,25.99005126953125,0
1745923158.6727521,6.911889553070068,2.432710647583008,1.7078888416290283,14.93066692352295,-19.076005935668945,-5.895090579986572,25.983156204223633,0
1745923158.6788523,6.9074883460998535,2.4342660903930664,1.7050204277038574,14.91972827911377,-19.07311248779297,-5.890006065368652,25.966503143310547,0
1745923158.6893654,6.8992180824279785,2.428955078125,1.701704978942871,14.907088279724121,-19.081573486328125,-5.894792556762695,25.936965942382812,0
1745923158.7040014,6.893945217132568,2.425180435180664,1.6998796463012695,14.898018836975098,-19.086811065673828,-5.897830486297607,25.917024612426758,0
1745923158.7109392,6.891517162322998,2.4264135360717773,1.6947948932647705,14.887852668762207,-19.089479446411133,-5.8901801109313965,25.900577545166016,0
1745923158.7226102,6.886262893676758,2.423056125640869,1.6950929164886475,14.877726554870605,-19.08974838256836,-5.893388748168945,25.882137298583984,0
1745923158.740971,6.883265972137451,2.4229230880737305,1.697234869003296,14.864821434020996,-19.080615997314453,-5.890357971191406,25.868244171142578,0
1745923158.74527,6.877139091491699,2.421652317047119,1.6943292617797852,14.851801872253418,-19.081615447998047,-5.888743877410889,25.84492301940918,0
1745923158.754687,6.872738361358643,2.420950412750244,1.6907715797424316,14.846285820007324,-19.085956573486328,-5.8887481689453125,25.830745697021484,0
1745923158.7700992,6.871942043304443,2.4229612350463867,1.689244270324707,14.843205451965332,-19.083736419677734,-5.884787559509277,25.82735252380371,0
1745923158.7766302,6.873497486114502,2.4255785942077637,1.690101146697998,14.840920448303223,-19.077152252197266,-5.879608154296875,25.830097198486328,0
1745923158.7893414,6.875109672546387,2.423795700073242,1.6900266408920288,14.838953971862793,-19.080415725708008,-5.878591060638428,25.827884674072266,0
1745923158.8031785,6.877784252166748,2.4205141067504883,1.6887600421905518,14.839049339294434,-19.089662551879883,-5.878537178039551,25.826107025146484,0
1745923158.8103354,6.879092693328857,2.4226765632629395,1.6899707317352295,14.839653968811035,-19.084171295166016,-5.875988483428955,25.83139419555664,0
1745923158.8215706,6.876152992248535,2.4211783409118652,1.6879963874816895,14.840239524841309,-19.089693069458008,-5.879794597625732,25.825565338134766,0
1745923158.8383632,6.873174667358398,2.4207797050476074,1.6893374919891357,14.837897300720215,-19.08613395690918,-5.882721900939941,25.821189880371094,0
1745923158.8430085,6.871884822845459,2.4245543479919434,1.6901569366455078,14.836308479309082,-19.076765060424805,-5.879685878753662,25.822904586791992,0
1745923158.8557887,6.874009609222412,2.4276275634765625,1.6902129650115967,14.839200019836426,-19.072792053222656,-5.876001358032227,25.831050872802734,0
1745923158.8707771,6.879794597625732,2.433204174041748,1.6895796060562134,14.846833229064941,-19.06842803955078,-5.868284702301025,25.849411010742188,0
1745923158.8757832,6.8859405517578125,2.4373202323913574,1.6911628246307373,14.856734275817871,-19.0635986328125,-5.864343166351318,25.871158599853516,0
1745923158.889022,6.891687870025635,2.436295986175537,1.693807601928711,14.863007545471191,-19.064802169799805,-5.864657402038574,25.88479995727539,0
1745923158.9054174,6.899996280670166,2.4396910667419434,1.696042776107788,14.872944831848145,-19.06086540222168,-5.859631061553955,25.908676147460938,0
1745923158.917516,6.9116997718811035,2.4410758018493652,1.6999541521072388,14.892010688781738,-19.06186294555664,-5.859490871429443,25.944740295410156,0
1745923158.9270227,6.925793170928955,2.441436290740967,1.7048900127410889,14.922486305236816,-19.067598342895508,-5.865181922912598,25.994606018066406,0
1745923158.9404917,6.939905643463135,2.4406204223632812,1.7072367668151855,14.954190254211426,-19.08054542541504,-5.871253967285156,26.041954040527344,0
1745923158.9430823,6.946601390838623,2.4394826889038086,1.7061192989349365,14.983551979064941,-19.096948623657227,-5.881912708282471,26.075756072998047,0
1745923158.9607818,6.949446201324463,2.44217586517334,1.7069761753082275,15.009551048278809,-19.10038185119629,-5.8917622566223145,26.108150482177734,0
1745923158.96336,6.958683490753174,2.444641590118408,1.7100120782852173,15.025572776794434,-19.099069595336914,-5.890737056732178,26.1389102935791,0
1745923158.97496,6.964335918426514,2.4468798637390137,1.7106267213821411,15.034945487976074,-19.099044799804688,-5.888395309448242,26.156787872314453,0
1745923158.9878306,6.967143535614014,2.446197032928467,1.711092472076416,15.039498329162598,-19.101940155029297,-5.889109134674072,26.16393280029297,0
1745923158.9967878,6.968679904937744,2.4411706924438477,1.7135324478149414,15.040688514709473,-19.10752296447754,-5.894792079925537,26.164072036743164,0
1745923159.0076318,6.96680212020874,2.4453816413879395,1.711092472076416,15.043580055236816,-19.10468101501465,-5.892655849456787,26.166854858398438,0
1745923159.0217004,6.963198184967041,2.43934965133667,1.7103474140167236,15.04688549041748,-19.11678123474121,-5.90403938293457,26.159780502319336,0
1745923159.0306635,6.9656453132629395,2.440279006958008,1.7083730697631836,15.05281925201416,-19.121509552001953,-5.902853012084961,26.167116165161133,0
1745923159.0414512,6.971771717071533,2.442498207092285,1.7107757329940796,15.06493091583252,-19.11937713623047,-5.902647018432617,26.18997573852539,0
1745923159.0517218,6.98283052444458,2.444812297821045,1.7126941680908203,15.080309867858887,-19.120723724365234,-5.898884296417236,26.220645904541016,0
1745923159.0629451,6.993452548980713,2.4501805305480957,1.715301752090454,15.100394248962402,-19.11679458618164,-5.89555549621582,26.259328842163086,0
1745923159.0733316,7.004889965057373,2.453329086303711,1.7194926738739014,15.124693870544434,-19.11571502685547,-5.897000789642334,26.302406311035156,0
1745923159.0862405,7.01505708694458,2.4567813873291016,1.7241489887237549,15.151259422302246,-19.113603591918945,-5.900995254516602,26.347246170043945,0
1745923159.0957642,7.02160120010376,2.4560794830322266,1.7272223234176636,15.173762321472168,-19.119152069091797,-5.909676551818848,26.378665924072266,0
1745923159.1057832,7.0279364585876465,2.456401824951172,1.7311896085739136,15.19360065460205,-19.120298385620117,-5.916493892669678,26.409130096435547,0
1745923159.1172998,7.033285617828369,2.4548087120056152,1.7328846454620361,15.205523490905762,-19.12592315673828,-5.920442581176758,26.426502227783203,0
1745923159.1286826,7.035125255584717,2.459493637084961,1.732921838760376,15.209359169006348,-19.119409561157227,-5.9160075187683105,26.436901092529297,0
1745923159.1398754,7.037628650665283,2.4614663124084473,1.7318787574768066,15.208394050598145,-19.118267059326172,-5.910305500030518,26.439369201660156,0
1745923159.150051,7.036149501800537,2.465867042541504,1.7329590320587158,15.20198917388916,-19.105852127075195,-5.904292106628418,26.43696403503418,0
1745923159.162901,7.035276889801025,2.4652981758117676,1.7337785959243774,15.194035530090332,-19.102434158325195,-5.901684284210205,26.428390502929688,0
1745923159.1752627,7.034024715423584,2.465184211730957,1.7324934005737305,15.185004234313965,-19.10146713256836,-5.897180080413818,26.416706085205078,0
1745923159.1841345,7.03125524520874,2.4639134407043457,1.7318042516708374,15.177899360656738,-19.10163116455078,-5.8968377113342285,26.40487289428711,0
1745923159.196065,7.032564640045166,2.4621872901916504,1.7315435409545898,15.175387382507324,-19.104772567749023,-5.8956756591796875,26.401683807373047,0
1745923159.2059672,7.037116527557373,2.463761806488037,1.7318973541259766,15.177332878112793,-19.10352325439453,-5.890750885009766,26.41010856628418,0
1745923159.2165124,7.035750865936279,2.4680676460266113,1.7328286170959473,15.177105903625488,-19.093647003173828,-5.888161659240723,26.413753509521484,0
1745923159.227865,7.033493518829346,2.4660568237304688,1.732046365737915,15.170832633972168,-19.095754623413086,-5.888470649719238,26.402427673339844,0
1745923159.24361,7.03406286239624,2.4659619331359863,1.730910301208496,15.16694164276123,-19.096826553344727,-5.885108947753906,26.397876739501953,0
1745923159.2497098,7.032166004180908,2.4669294357299805,1.7299789190292358,15.16463565826416,-19.09534454345703,-5.884201526641846,26.39371109008789,0
1745923159.2598708,7.028619289398193,2.46590518951416,1.729792594909668,15.163256645202637,-19.095844268798828,-5.8879618644714355,26.3875732421875,0
1745923159.274238,7.027480602264404,2.4637045860290527,1.7304073572158813,15.165787696838379,-19.099143981933594,-5.893165588378906,26.387380599975586,0
1745923159.2828355,7.024142742156982,2.4639134407043457,1.7294573783874512,15.168131828308105,-19.100130081176758,-5.897152900695801,26.38564682006836,0
1745923159.2927961,7.01752233505249,2.461618423461914,1.7258626222610474,15.167412757873535,-19.108173370361328,-5.903775215148926,26.372417449951172,0
1745923159.3055282,7.010561466217041,2.4601197242736816,1.7201259136199951,15.159741401672363,-19.116172790527344,-5.904731750488281,26.350547790527344,0
1745923159.3180113,7.003922939300537,2.4596643447875977,1.7186357975006104,15.146931648254395,-19.113088607788086,-5.903782844543457,26.32915496826172,0
1745923159.32992,6.998838901519775,2.457085132598877,1.7165683507919312,15.127545356750488,-19.113147735595703,-5.899306774139404,26.300037384033203,0
1745923159.3396008,6.995349407196045,2.4523048400878906,1.7157673835754395,15.1206693649292,-19.119644165039062,-5.903359413146973,26.28409194946289,0
1745923159.3482778,6.992276668548584,2.45167875289917,1.7174997329711914,15.11711597442627,-19.11542320251465,-5.906099796295166,26.27857208251953,0
1745923159.3591459,6.98797082901001,2.4533863067626953,1.7154693603515625,15.113375663757324,-19.11328125,-5.905446529388428,26.27020263671875,0
1745923159.3722675,6.987287998199463,2.4563450813293457,1.7126569747924805,15.108973503112793,-19.111297607421875,-5.89896821975708,26.265262603759766,0
1745923159.3827574,6.982431888580322,2.4558897018432617,1.7131597995758057,15.103001594543457,-19.107547760009766,-5.901264667510986,26.25448226928711,0
1745923159.3928244,6.979263782501221,2.452855110168457,1.7131412029266357,15.103852272033691,-19.112239837646484,-5.908099174499512,26.249113082885742,0
1745923159.4051948,6.976171970367432,2.456155300140381,1.7109806537628174,15.10509967803955,-19.109569549560547,-5.907361030578613,26.2484073638916,0
1745923159.413853,6.976931095123291,2.4544291496276855,1.7094533443450928,15.10228443145752,-19.114713668823242,-5.905853748321533,26.243099212646484,0
1745923159.4281635,6.976058483123779,2.4553208351135254,1.7109061479568481,15.094159126281738,-19.10745620727539,-5.901996612548828,26.2364444732666,0
1745923159.438594,6.976760387420654,2.4576730728149414,1.7134578227996826,15.089909553527832,-19.097450256347656,-5.897888660430908,26.23780059814453,0
1745923159.4481661,6.975925922393799,2.458564281463623,1.7160096168518066,15.084033012390137,-19.088993072509766,-5.89591646194458,26.23453140258789,0
1745923159.4578185,6.971676349639893,2.456610679626465,1.7139980792999268,15.077740669250488,-19.092531204223633,-5.897494792938232,26.22002601623535,0
1745923159.4696422,6.966821193695068,2.455245018005371,1.713513731956482,15.071978569030762,-19.092247009277344,-5.900280475616455,26.207557678222656,0
1745923159.4801624,6.963217258453369,2.453860282897949,1.7090435028076172,15.06385326385498,-19.098783493041992,-5.898140907287598,26.18997573852539,0
1745923159.491602,6.957394123077393,2.4532155990600586,1.7081308364868164,15.058733940124512,-19.09786605834961,-5.901308059692383,26.177474975585938,0
1745923159.506371,6.9533915519714355,2.446728229522705,1.7090249061584473,15.052138328552246,-19.10433006286621,-5.9088053703308105,26.16128158569336,0
1745923159.514497,6.9500346183776855,2.447904109954834,1.7058771848678589,15.046338081359863,-19.104764938354492,-5.905884742736816,26.15015411376953,0
1745923159.5242941,6.9465250968933105,2.448112964630127,1.7002894878387451,15.04240894317627,-19.111927032470703,-5.903787136077881,26.13733673095703,0
1745923159.5375981,6.9444193840026855,2.44691801071167,1.7005128860473633,15.040291786193848,-19.11224365234375,-5.906091690063477,26.13214111328125,0
1745923159.54836,6.945178508758545,2.449535369873047,1.7025058269500732,15.038176536560059,-19.103471755981445,-5.9025444984436035,26.13539695739746,0
1745923159.5579515,6.944931507110596,2.4491939544677734,1.7037911415100098,15.041142463684082,-19.102699279785156,-5.905606746673584,26.139057159423828,0
1745923159.571052,6.9491047859191895,2.4496874809265137,1.7036235332489014,15.047566413879395,-19.105714797973633,-5.904415130615234,26.149982452392578,0
1745923159.5794609,6.953315258026123,2.4443001747131348,1.7055046558380127,15.054255485534668,-19.115734100341797,-5.910571575164795,26.15737533569336,0
1745923159.5905926,6.957564830780029,2.446235179901123,1.7069947719573975,15.061396598815918,-19.113433837890625,-5.909188270568848,26.172191619873047,0
1745923159.6064475,6.960371494293213,2.450009822845459,1.7086710929870605,15.066575050354004,-19.106340408325195,-5.906375885009766,26.185626983642578,0
1745923159.612399,6.9621357917785645,2.45166015625,1.7102915048599243,15.07471752166748,-19.10382080078125,-5.908494472503662,26.19880485534668,0
1745923159.6234708,6.9595561027526855,2.4493460655212402,1.7094719409942627,15.077628135681152,-19.10956382751465,-5.914724826812744,26.196002960205078,0
1745923159.636637,6.956312656402588,2.445969581604004,1.7054674625396729,15.07613468170166,-19.121240615844727,-5.918362617492676,26.183883666992188,0
1745923159.6473372,6.9526896476745605,2.4444899559020996,1.703399896621704,15.069710731506348,-19.124216079711914,-5.918718338012695,26.170289993286133,0
1745923159.675297,6.949768543243408,2.4453816413879395,1.7033441066741943,15.062378883361816,-19.119232177734375,-5.916545867919922,26.160873413085938,0
1745923159.675297,6.952083110809326,2.4385528564453125,1.701611876487732,15.060132026672363,-19.13467788696289,-5.9188971519470215,26.152379989624023,0
1745923159.6819432,6.955231189727783,2.442650318145752,1.703697919845581,15.061604499816895,-19.125102996826172,-5.913494110107422,26.163185119628906,0
1745923159.6893334,6.952708721160889,2.442631244659424,1.7061192989349365,15.064400672912598,-19.120872497558594,-5.919116020202637,26.16585922241211,0
1745923159.7058327,6.950944423675537,2.4378514289855957,1.7049458026885986,15.061699867248535,-19.130081176757812,-5.923617839813232,26.155441284179688,0
1745923159.7108595,6.951247692108154,2.4356698989868164,1.701742172241211,15.062190055847168,-19.140056610107422,-5.92398738861084,26.150848388671875,0
1745923159.72186,6.9555344581604,2.435518264770508,1.7008668184280396,15.067992210388184,-19.145322799682617,-5.922572135925293,26.159912109375,0
1745923159.7381957,6.95858907699585,2.4361252784729004,1.702021598815918,15.07517147064209,-19.145610809326172,-5.923605442047119,26.171907424926758,0
1745923159.744348,6.960334300994873,2.436542510986328,1.7033441066741943,15.08372974395752,-19.14596176147461,-5.927069664001465,26.18395233154297,0
1745923159.756278,6.964297771453857,2.4335074424743652,1.7043125629425049,15.089360237121582,-19.152925491333008,-5.9299139976501465,26.191478729248047,0
1745923159.7708387,6.965151309967041,2.428955078125,1.7053370475769043,15.092270851135254,-19.16054916381836,-5.935981750488281,26.191715240478516,0
1745923159.7788327,6.96526575088501,2.4321608543395996,1.705281138420105,15.092062950134277,-19.154848098754883,-5.93241548538208,26.19477081298828,0
1745923159.7885096,6.961510181427002,2.431060791015625,1.7033812999725342,15.09221363067627,-19.15903091430664,-5.936403274536133,26.18816566467285,0
1745923159.8035967,6.962799549102783,2.428917407989502,1.7028225660324097,15.093743324279785,-19.16485023498535,-5.937840461730957,26.188282012939453,0
1745923159.8142278,6.963804721832275,2.430851936340332,1.7019098997116089,15.09531307220459,-19.163877487182617,-5.935193061828613,26.191879272460938,0
1745923159.822605,6.966783046722412,2.434190273284912,1.7029156684875488,15.102662086486816,-19.1595401763916,-5.933505058288574,26.20655059814453,0
1745923159.8402736,6.9673333168029785,2.434626579284668,1.703995943069458,15.106101036071777,-19.158159255981445,-5.93508768081665,26.21205711364746,0
1745923159.8434148,6.966574192047119,2.431857109069824,1.7044988870620728,15.107876777648926,-19.162578582763672,-5.940023899078369,26.21080780029297,0
1745923159.8570428,6.96811056137085,2.432312488555908,1.7052998542785645,15.108424186706543,-19.161022186279297,-5.9387526512146,26.21414566040039,0
1745923159.8712673,6.9675421714782715,2.430150032043457,1.700997233390808,15.107914924621582,-19.172290802001953,-5.938794136047363,26.20660400390625,0
1745923159.8761055,6.969817638397217,2.4311556816101074,1.6981475353240967,15.110106468200684,-19.177114486694336,-5.935042858123779,26.209228515625,0
1745923159.8881233,6.97475004196167,2.432046890258789,1.6997865438461304,15.114092826843262,-19.175561904907227,-5.9322919845581055,26.22067642211914,0
1745923159.8987753,6.975337505340576,2.43511962890625,1.7027294635772705,15.116869926452637,-19.165876388549805,-5.931819915771484,26.230056762695312,0
1745923159.9119287,6.9742751121521,2.434626579284668,1.704275369644165,15.121424674987793,-19.1651611328125,-5.936923027038574,26.234600067138672,0
1745923159.9205415,6.974029064178467,2.4342093467712402,1.7049458026885986,15.122519493103027,-19.16499137878418,-5.938615798950195,26.235702514648438,0
1745923159.9316773,6.971297740936279,2.4338111877441406,1.7021892070770264,15.121575355529785,-19.169422149658203,-5.939704895019531,26.22887420654297,0
1745923159.9425063,6.966100215911865,2.4328246116638184,1.7016863822937012,15.116719245910645,-19.168716430664062,-5.9429802894592285,26.217330932617188,0
1745923159.9540823,6.961092472076416,2.426830768585205,1.6996934413909912,15.11031436920166,-19.17925262451172,-5.94946813583374,26.19793128967285,0
1745923159.971598,6.9587788581848145,2.424232006072998,1.6982592344284058,15.102850914001465,-19.183223724365234,-5.9494099617004395,26.184120178222656,0
1745923159.97511,6.958096027374268,2.422145366668701,1.6994140148162842,15.103058815002441,-19.18474578857422,-5.953044891357422,26.182714462280273,0
1745923159.9859776,6.957469463348389,2.42421293258667,1.6993582248687744,15.105780601501465,-19.18182373046875,-5.953093528747559,26.18682098388672,0
1745923159.9976969,6.959916591644287,2.427304744720459,1.6996934413909912,15.109917640686035,-19.177867889404297,-5.949962615966797,26.19683265686035,0
1745923160.0133374,6.96297025680542,2.4252371788024902,1.7001962661743164,15.117512702941895,-19.184268951416016,-5.953598976135254,26.205917358398438,0
1745923160.0191696,6.966119289398193,2.4259581565856934,1.702021598815918,15.126355171203613,-19.183719635009766,-5.955742835998535,26.220455169677734,0
1745923160.0301878,6.9732136726379395,2.4234542846679688,1.7047595977783203,15.14600658416748,-19.192285537719727,-5.963861465454102,26.247432708740234,0
1745923160.0413215,6.97772741317749,2.419679641723633,1.706566333770752,15.15394115447998,-19.199993133544922,-5.968680381774902,26.257915496826172,0
1745923160.0516708,6.9801554679870605,2.422031879425049,1.705690860748291,15.152411460876465,-19.197643280029297,-5.962395668029785,26.26028823852539,0
1745923160.0638409,6.9830193519592285,2.4295244216918945,1.7057840824127197,15.149897575378418,-19.18412971496582,-5.95037841796875,26.268226623535156,0
1745923160.075899,6.984537601470947,2.4278740882873535,1.7066408395767212,15.144305229187012,-19.184185028076172,-5.947800636291504,26.26335906982422,0
1745923160.0851946,6.982431888580322,2.430150032043457,1.7061564922332764,15.135405540466309,-19.177270889282227,-5.9422454833984375,26.2541446685791,0
1745923160.0955682,6.9756035804748535,2.430130958557129,1.7067711353302002,15.121102333068848,-19.169095993041992,-5.941421031951904,26.23360824584961,0
1745923160.1073399,6.969761371612549,2.426754951477051,1.7018911838531494,15.103362083435059,-19.176008224487305,-5.937899112701416,26.201770782470703,0
1745923160.1204145,6.9619460105896,2.4219369888305664,1.699507236480713,15.083636283874512,-19.179704666137695,-5.938179016113281,26.16702651977539,0
1745923160.1291294,6.960315227508545,2.4240994453430176,1.7001590728759766,15.071070671081543,-19.169843673706055,-5.930769443511963,26.155643463134766,0
1745923160.139839,6.965133190155029,2.427949905395508,1.7007365226745605,15.07144832611084,-19.163610458374023,-5.922397613525391,26.165267944335938,0
1745923160.151455,6.968945026397705,2.431307315826416,1.7017794847488403,15.08010196685791,-19.159894943237305,-5.9206109046936035,26.182132720947266,0
1745923160.1645267,6.969685077667236,2.4323692321777344,1.7023568153381348,15.08586597442627,-19.159137725830078,-5.922410011291504,26.190277099609375,0
1745923160.1771564,6.968983173370361,2.4309659004211426,1.7043498754501343,15.087206840515137,-19.158292770385742,-5.926493167877197,26.191505432128906,0
1745923160.1857848,6.969798564910889,2.4307761192321777,1.7052998542785645,15.086922645568848,-19.1570987701416,-5.926232814788818,26.192798614501953,0
1745923160.1965604,6.968432903289795,2.4309468269348145,1.7027852535247803,15.083277702331543,-19.159629821777344,-5.923914432525635,26.185443878173828,0
1745923160.2072177,6.970804691314697,2.439159870147705,1.703716516494751,15.076153755187988,-19.14156150817871,-5.909470081329346,26.189834594726562,0
1745923160.2186487,6.975413799285889,2.4445090293884277,1.7041263580322266,15.067160606384277,-19.129711151123047,-5.894291400909424,26.19120979309082,0
1745923160.2276654,6.972341060638428,2.447354316711426,1.7051880359649658,15.05909252166748,-19.118906021118164,-5.89048433303833,26.183975219726562,0
1745923160.2405512,6.969153881072998,2.445969581604004,1.707143783569336,15.050211906433105,-19.11378288269043,-5.891183376312256,26.17247772216797,0
1745923160.251594,6.9675984382629395,2.446443557739258,1.7081681489944458,15.037041664123535,-19.106081008911133,-5.885281085968018,26.159252166748047,0
1745923160.2640462,6.963084697723389,2.4437880516052246,1.7073113918304443,15.025744438171387,-19.107030868530273,-5.88562536239624,26.139928817749023,0
1745923160.2730198,6.961111545562744,2.4454007148742676,1.7089130878448486,15.020869255065918,-19.098907470703125,-5.884103775024414,26.136295318603516,0
1745923160.2837234,6.96334981918335,2.448093891143799,1.7094719409942627,15.02051067352295,-19.09368896484375,-5.879148483276367,26.14142608642578,0
1745923160.2966204,6.967958927154541,2.4475626945495605,1.7121727466583252,15.019206047058105,-19.09090805053711,-5.875762939453125,26.146900177001953,0
1745923160.3062816,6.9718852043151855,2.4477334022521973,1.7111854553222656,15.014784812927246,-19.092208862304688,-5.868424415588379,26.145587921142578,0
1745923160.319615,6.970463275909424,2.446974754333496,1.7114834785461426,15.009570121765137,-19.090776443481445,-5.867818355560303,26.138492584228516,0
1745923160.3310435,6.970178127288818,2.4494595527648926,1.7149665355682373,14.99878215789795,-19.076248168945312,-5.861327171325684,26.133386611938477,0
1745923160.3382804,6.972170352935791,2.4510531425476074,1.719027042388916,14.992810249328613,-19.06470489501953,-5.856534957885742,26.135059356689453,0
1745923160.3516486,6.973971843719482,2.4570469856262207,1.7161214351654053,14.988804817199707,-19.05838966369629,-5.84451961517334,26.135944366455078,0
1745923160.3594956,6.973555088043213,2.453310012817383,1.7163634300231934,14.97835636138916,-19.06096649169922,-5.842867374420166,26.121585845947266,0
1745923160.3728108,6.970064640045166,2.4492321014404297,1.717760443687439,14.9592924118042,-19.05807876586914,-5.840392112731934,26.09634780883789,0
1745923160.3823326,6.966042995452881,2.4503889083862305,1.719325065612793,14.934502601623535,-19.04328155517578,-5.829835891723633,26.07025909423828,0
1745923160.3957891,6.963008403778076,2.4562692642211914,1.7192132472991943,14.907578468322754,-19.022558212280273,-5.811156749725342,26.046070098876953,0
1745923160.4051123,6.960371494293213,2.45693302154541,1.7169780731201172,14.883658409118652,-19.016237258911133,-5.797919750213623,26.017940521240234,0
1745923160.4156282,6.958930492401123,2.4557952880859375,1.7184123992919922,14.866446495056152,-19.009254455566406,-5.79135274887085,25.999584197998047,0
1745923160.4262588,6.958949565887451,2.4581661224365234,1.7201817035675049,14.859814643859863,-18.999481201171875,-5.786045551300049,25.997112274169922,0
1745923160.438854,6.96204137802124,2.461390495300293,1.722994327545166,14.854296684265137,-18.987730026245117,-5.777957439422607,26.000720977783203,0
1745923160.448352,6.9652276039123535,2.4605941772460938,1.7285633087158203,14.849347114562988,-18.97849464416504,-5.775859355926514,26.00373077392578,0
1745923160.4590075,6.965948581695557,2.4645962715148926,1.7290849685668945,14.84877872467041,-18.97037696838379,-5.770968437194824,26.008407592773438,0
1745923160.4721613,6.970993518829346,2.473018169403076,1.7281349897384644,14.846663475036621,-18.957904815673828,-5.755317687988281,26.018810272216797,0
1745923160.481584,6.971069812774658,2.470362663269043,1.7285261154174805,14.845189094543457,-18.961505889892578,-5.7573347091674805,26.015148162841797,0
1745923160.493264,6.965417385101318,2.4666829109191895,1.7276320457458496,14.841506004333496,-18.96651840209961,-5.764255523681641,26.001239776611328,0
1745923160.5039372,6.955743312835693,2.466094970703125,1.721560001373291,14.83332347869873,-18.97235107421875,-5.766468524932861,25.976722717285156,0
1745923160.514614,6.942674160003662,2.4676313400268555,1.717071294784546,14.818415641784668,-18.967960357666016,-5.766977310180664,25.94579315185547,0
1745923160.5257895,6.929605960845947,2.462130546569824,1.7120981216430664,14.800070762634277,-18.976001739501953,-5.7724528312683105,25.903905868530273,0
1745923160.5388062,6.9233078956604,2.4579763412475586,1.708931803703308,14.786049842834473,-18.98220443725586,-5.773152828216553,25.876266479492188,0
1745923160.5469282,6.908152103424072,2.4520392417907715,1.7047781944274902,14.7761869430542,-18.991823196411133,-5.786747455596924,25.841156005859375,0
1745923160.5574622,6.897207736968994,2.446045398712158,1.6965084075927734,14.774052619934082,-19.01322364807129,-5.798193454742432,25.813814163208008,0
1745923160.5705864,6.885390281677246,2.4414172172546387,1.6931743621826172,14.778153419494629,-19.02504539489746,-5.815729141235352,25.798133850097656,0
1745923160.579771,6.859517574310303,2.4281773567199707,1.6839733123779297,14.753798484802246,-19.048542022705078,-5.836690902709961,25.725467681884766,0
1745923160.6060293,6.820614337921143,2.415924072265625,1.6728349924087524,14.69926929473877,-19.05885887145996,-5.851419448852539,25.608642578125,0
1745923160.6060293,6.768186092376709,2.402418613433838,1.653147578239441,14.622029304504395,-19.07468032836914,-5.863291263580322,25.445781707763672,0
1745923160.6123748,6.712742328643799,2.3883824348449707,1.631746530532837,14.530259132385254,-19.088706970214844,-5.869364261627197,25.26313018798828,0
1745923160.624817,6.664126873016357,2.3751235008239746,1.6080918312072754,14.448920249938965,-19.111820220947266,-5.872308254241943,25.096263885498047,0
1745923160.6398153,6.626494407653809,2.355984687805176,1.5889630317687988,14.394352912902832,-19.15121078491211,-5.888760566711426,24.96579360961914,0
1745923160.646297,6.597662448883057,2.339008331298828,1.5730938911437988,14.3676176071167,-19.193702697753906,-5.912394046783447,24.87738037109375,0
1745923160.6578088,6.55769681930542,2.322885513305664,1.5624399185180664,14.359587669372559,-19.22760772705078,-5.961885929107666,24.802610397338867,0
1745923160.676388,6.497814178466797,2.3059849739074707,1.5421006679534912,14.333003044128418,-19.268138885498047,-6.017180442810059,24.67890167236328,0
1745923160.6784985,6.4254889488220215,2.285271644592285,1.5174400806427002,14.27248477935791,-19.308330535888672,-6.067685604095459,24.50068473815918,0
1745923160.690011,6.360428333282471,2.265108585357666,1.4910473823547363,14.192145347595215,-19.34694480895996,-6.097018718719482,24.308731079101562,0
1745923160.705499,6.3158721923828125,2.2427072525024414,1.472458839416504,14.139525413513184,-19.392452239990234,-6.128177642822266,24.170562744140625,0
1745923160.7121537,6.2919721603393555,2.2069520950317383,1.4586570262908936,14.135197639465332,-19.479848861694336,-6.184157371520996,24.0927791595459,0
1745923160.7227328,6.287533760070801,2.1892929077148438,1.4494186639785767,14.180375099182129,-19.547222137451172,-6.231164455413818,24.10662078857422,0
1745923160.740655,6.29961633682251,2.176868438720703,1.4427878856658936,14.27293872833252,-19.621240615844727,-6.28400993347168,24.192211151123047,0
1745923160.74709,6.313254356384277,2.161144256591797,1.439547061920166,14.526989936828613,-19.749958038330078,-6.437352180480957,24.440937042236328,0
1745923160.7565007,6.316516876220703,2.146310806274414,1.436995267868042,14.61959171295166,-19.816070556640625,-6.503782749176025,24.5194149017334,0
1745923160.7706475,6.312533855438232,2.1315159797668457,1.4282225370407104,14.694375038146973,-19.885528564453125,-6.563756942749023,24.566646575927734,0
1745923160.7782905,6.314449310302734,2.1174416542053223,1.4209026098251343,14.783368110656738,-19.957054138183594,-6.62522029876709,24.63616180419922,0
1745923160.790087,6.326608180999756,2.103670597076416,1.4166185855865479,14.895808219909668,-20.03255271911621,-6.689855098724365,24.742706298828125,0
1745923160.80384,6.345310688018799,2.093029499053955,1.415705919265747,15.019301414489746,-20.100412368774414,-6.751402854919434,24.873348236083984,0
1745923160.8122084,6.371847152709961,2.082843780517578,1.4153521060943604,15.14370059967041,-20.168346405029297,-6.803923606872559,25.013744354248047,0
1745923160.8214314,6.381881237030029,2.0725250244140625,1.4146815538406372,15.242215156555176,-20.22327995300293,-6.859551429748535,25.111303329467773,0
1745923160.8381236,6.3624958992004395,2.0546951293945312,1.4090938568115234,15.284161567687988,-20.275239944458008,-6.921318054199219,25.11044692993164,0
1745923160.8443265,6.315340995788574,2.0166258811950684,1.3909523487091064,15.255196571350098,-20.360340118408203,-6.990032196044922,24.97811508178711,0
1745923160.8561673,6.250128746032715,1.997581958770752,1.3661986589431763,15.165486335754395,-20.39805030822754,-7.0204877853393555,24.779396057128906,0
1745923160.8719108,6.180041313171387,1.9795808792114258,1.3195596933364868,15.043068885803223,-20.46595001220703,-7.024768829345703,24.52225112915039,0
1745923160.8834765,6.109005451202393,1.9632682800292969,1.2967989444732666,14.914929389953613,-20.482141494750977,-7.038732051849365,24.284000396728516,0
1745923160.8884795,6.021581649780273,1.9430294036865234,1.268208384513855,14.752928733825684,-20.502656936645508,-7.053649425506592,23.985748291015625,0
1745923160.9054458,5.906919002532959,1.9148807525634766,1.2315342426300049,14.542540550231934,-20.532623291015625,-7.077414035797119,23.595874786376953,0
1745923160.9102771,5.76945686340332,1.8817052841186523,1.1863479614257812,14.287808418273926,-20.570438385009766,-7.104026794433594,23.12531852722168,0
1745923160.9215543,5.6089863777160645,1.8426122665405273,1.1341586112976074,13.988749504089355,-20.615602493286133,-7.136257648468018,22.574506759643555,0
1745923160.93209,5.417996406555176,1.7953433990478516,1.0696388483047485,13.630587577819824,-20.678552627563477,-7.17476224899292,21.91356658935547,0
1745923160.9423914,5.206141471862793,1.7425174713134766,1.0007233619689941,13.22205638885498,-20.743928909301758,-7.215218544006348,21.171438217163086,0
1745923160.9535494,4.980762004852295,1.6789932250976562,0.9231842160224915,12.77159595489502,-20.840810775756836,-7.258113384246826,20.354536056518555,0
1745923160.9721105,4.746865749359131,1.6088109016418457,0.8468185067176819,12.290925025939941,-20.945556640625,-7.306230545043945,19.493419647216797,0
1745923160.9785285,4.530344486236572,1.4715008735656738,0.7768600583076477,11.82483959197998,-21.232030868530273,-7.450027942657471,18.603546142578125,0
1745923160.9871092,4.349161148071289,1.4141030311584473,0.714202880859375,11.419386863708496,-21.340442657470703,-7.474879741668701,17.896854400634766,0
1745923160.9983897,4.206937789916992,1.36452054977417,0.6638201475143433,11.090739250183105,-21.444133758544922,-7.494227886199951,17.326017379760742,0
1745923161.008169,4.083796977996826,1.3176312446594238,0.6261401176452637,10.824745178222656,-21.540874481201172,-7.5383477210998535,16.852313995361328,0
1745923161.019477,3.9666495323181152,1.270608901977539,0.5904717445373535,10.576927185058594,-21.646896362304688,-7.591315746307373,16.4046573638916,0
1745923161.039117,3.8418774604797363,1.2271342277526855,0.5554366111755371,10.313880920410156,-21.736858367919922,-7.642358779907227,15.938329696655273,0
1745923161.0423813,3.718224048614502,1.1851577758789062,0.5207927227020264,10.041085243225098,-21.822721481323242,-7.683570861816406,15.465259552001953,0
1745923161.0559707,3.6061792373657227,1.1458368301391602,0.49402743577957153,9.784273147583008,-21.890188217163086,-7.721191883087158,15.030317306518555,0
1745923161.0638244,3.5119833946228027,1.1094560623168945,0.4752340018749237,9.564419746398926,-21.947063446044922,-7.760847091674805,14.661092758178711,0
1745923161.074697,3.437419891357422,1.0765838623046875,0.4547642767429352,9.387171745300293,-22.026477813720703,-7.793747901916504,14.355939865112305,0
1745923161.085972,3.3812170028686523,1.048264503479004,0.4387460947036743,9.248261451721191,-22.10103988647461,-7.821211814880371,14.11648941040039,0
1745923161.1061506,3.3406825065612793,1.0248961448669434,0.4286881685256958,9.139713287353516,-22.158113479614258,-7.841210842132568,13.933979988098145,0
1745923161.1094458,3.3137855529785156,0.9953436851501465,0.42617368698120117,9.062454223632812,-22.2305850982666,-7.883127689361572,13.797757148742676,0
1745923161.118843,3.306577682495117,0.984342098236084,0.4263785779476166,9.031599998474121,-22.254058837890625,-7.892139434814453,13.74889850616455,0
1745923161.136341,3.3150181770324707,0.9791827201843262,0.43259957432746887,9.046224594116211,-22.259807586669922,-7.905096530914307,13.773025512695312,0
1745923161.1416204,3.333721160888672,0.975104570388794,0.4446132183074951,9.097579002380371,-22.260047912597656,-7.93448543548584,13.851017951965332,0
1745923161.1513681,3.363576889038086,0.9676501750946045,0.45964422821998596,9.183528900146484,-22.280363082885742,-7.982515335083008,13.974400520324707,0
1745923161.162883,3.3958606719970703,0.9662845134735107,0.47301754355430603,9.282044410705566,-22.29058837890625,-8.022212982177734,14.117207527160645,0
1745923161.173391,3.437002658843994,0.9707419872283936,0.48670750856399536,9.378215789794922,-22.28157615661621,-8.029386520385742,14.27266788482666,0
1745923161.1859758,3.4931859970092773,0.9791445732116699,0.5046254992485046,9.48559284210205,-22.254737854003906,-8.012117385864258,14.462549209594727,0
1745923161.1960425,3.5874767303466797,0.9966902732849121,0.5334954857826233,9.632136344909668,-22.19040298461914,-7.946601390838623,14.749798774719238,0
1745923161.2058814,3.7344799041748047,1.022695541381836,0.5729262828826904,9.873397827148438,-22.122745513916016,-7.858199119567871,15.203499794006348,0
1745923161.2187014,3.9444761276245117,1.0610113143920898,0.6291388869285583,10.25621509552002,-22.043838500976562,-7.7703375816345215,15.890841484069824,0
1745923161.2306468,4.245443344116211,1.1035757064819336,0.7032695412635803,10.812369346618652,-22.00027084350586,-7.678721904754639,16.86465835571289,0
1745923161.2407777,4.685807704925537,1.2623767852783203,0.8085797429084778,11.611411094665527,-21.686166763305664,-7.399097919464111,18.368175506591797,0
1745923161.2507734,5.272226333618164,1.4016599655151367,0.9513463973999023,12.716897010803223,-21.52239418029785,-7.220556735992432,20.34212875366211,0
1745923161.2612753,5.93694543838501,1.5457229614257812,1.1197235584259033,14.078156471252441,-21.418807983398438,-7.14354133605957,22.68054962158203,0
1745923161.2727013,6.673648834228516,1.6976008415222168,1.2923474311828613,15.584486961364746,-21.368324279785156,-7.074488162994385,25.248085021972656,0
1745923161.2862797,7.48440408706665,1.868598461151123,1.479238510131836,17.248981475830078,-21.323692321777344,-7.011075019836426,28.081222534179688,0
1745923161.2954104,8.333417892456055,2.039216995239258,1.6827067136764526,19.054840087890625,-21.300336837768555,-6.996524810791016,31.11018180847168,0
1745923161.3062217,9.211832046508789,2.206364154815674,1.9054337739944458,20.93265151977539,-21.278295516967773,-7.000692367553711,34.25627899169922,0
1745923161.3158934,10.097415924072266,2.3814969062805176,2.151610851287842,22.846965789794922,-21.22649383544922,-7.015223503112793,37.47748947143555,0
1745923161.327524,10.995652198791504,2.55958890914917,2.406989097595215,24.756744384765625,-21.16956329345703,-7.018309593200684,40.71897506713867,0
1745923161.3409758,11.922321319580078,2.747809410095215,2.682446002960205,26.703842163085938,-21.09761619567871,-7.014625549316406,44.056419372558594,0
1745923161.3494048,12.851058006286621,2.9467663764953613,2.9773106575012207,28.71277618408203,-21.014047622680664,-7.027841091156006,47.487911224365234,0
1745923161.3628798,13.741877555847168,3.148643970489502,3.277930974960327,30.736698150634766,-20.930219650268555,-7.0642409324646,50.9051513671875,0
1745923161.3757906,14.545709609985352,3.5346078872680664,3.5717527866363525,32.67496871948242,-20.6748046875,-7.022183895111084,54.32704162597656,0
1745923161.3830044,15.258665084838867,3.7070279121398926,4.066789150238037,34.427642822265625,-20.423723220825195,-7.137184143066406,57.46012496948242,0
1745923161.39451,15.857564926147461,3.8608784675598145,4.263980388641357,35.96720886230469,-20.410429000854492,-7.185493469238281,59.94963073730469,0
1745923161.4048994,16.346675872802734,3.9856700897216797,4.41635799407959,37.23444747924805,-20.409008026123047,-7.222731590270996,61.983150482177734,0
1745923161.4162009,16.746429443359375,4.093997001647949,4.534985542297363,38.244651794433594,-20.40454864501953,-7.241793632507324,63.62006378173828,0
1745923161.4267118,17.024484634399414,4.195798873901367,4.624743461608887,39.01731491088867,-20.3846378326416,-7.259331703186035,64.86234283447266,0
1745923161.438881,17.174673080444336,4.26416015625,4.677547454833984,39.474388122558594,-20.365760803222656,-7.27198600769043,65.59076690673828,0
1745923161.4501934,17.245576858520508,4.311371803283691,4.707962989807129,39.633384704589844,-20.335418701171875,-7.260768890380859,65.89830017089844,0
1745923161.4591606,17.25674819946289,4.353386402130127,4.711464881896973,39.41222381591797,-20.2774658203125,-7.192409992218018,65.73382568359375,0
1745923161.471749,17.233854293823242,4.383944034576416,4.69680643081665,39.14609909057617,-20.231643676757812,-7.129885196685791,65.46070098876953,0
1745923161.4827452,17.20043182373047,4.405928134918213,4.674232006072998,38.83808517456055,-20.19135093688965,-7.064411163330078,65.1186752319336,0
1745923161.492924,17.162155151367188,4.424687385559082,4.653669357299805,38.509910583496094,-20.148500442504883,-6.997816562652588,64.75041961669922,0
1745923161.5054789,17.13484001159668,4.473378658294678,4.6389360427856445,38.18503952026367,-20.080209732055664,-6.914724349975586,64.43218994140625,0
1745923161.5141943,17.098289489746094,4.496974945068359,4.626643180847168,37.859718322753906,-20.027002334594727,-6.846159934997559,64.08162689208984,0
1745923161.5257077,17.037343978881836,4.507938385009766,4.602001190185547,37.528350830078125,-19.988197326660156,-6.788883209228516,63.675636291503906,0
1745923161.5385098,16.965852737426758,4.51711893081665,4.5729265213012695,37.21527099609375,-19.95458984375,-6.739400386810303,63.27116775512695,0
1745923161.5487382,16.870784759521484,4.511637210845947,4.53925085067749,36.88095474243164,-19.929481506347656,-6.700251579284668,62.80262756347656,0
1745923161.5586288,16.769969940185547,4.501698017120361,4.495442867279053,36.53076934814453,-19.912405014038086,-6.659060955047607,62.297882080078125,0
1745923161.5717218,16.71480941772461,4.497581958770752,4.460165977478027,36.236602783203125,-19.897258758544922,-6.609230995178223,61.90916061401367,0
1745923161.5800023,16.745956420898438,4.511504650115967,4.449362754821777,36.08193588256836,-19.878644943237305,-6.550553798675537,61.788761138916016,0
1745923161.594526,16.849103927612305,4.538629055023193,4.463909149169922,36.04539108276367,-19.855146408081055,-6.487433910369873,61.89703369140625,0
1745923161.6077893,16.983911514282227,4.5805864334106445,4.494716644287109,36.044090270996094,-19.816587448120117,-6.416090965270996,62.10330581665039,0
1745923161.612918,17.130573272705078,4.634361267089844,4.527274131774902,36.05514144897461,-19.771074295043945,-6.338153839111328,62.34735107421875,0
1745923161.6249385,17.297927856445312,4.686201095581055,4.561433792114258,36.12890625,-19.737184524536133,-6.267789840698242,62.674468994140625,0
1745923161.6376162,17.48161506652832,4.797240734100342,4.600939750671387,36.289451599121094,-19.66844367980957,-6.187223434448242,63.169246673583984,0
1745923161.6476483,17.67679786682129,4.848207950592041,4.645920753479004,36.52544021606445,-19.653038024902344,-6.147500991821289,63.69636535644531,0
1745923161.6572194,17.887022018432617,4.902741432189941,4.695446968078613,36.82319641113281,-19.641860961914062,-6.115940570831299,64.30841064453125,0
1745923161.6719394,18.117523193359375,4.962320327758789,4.753912925720215,37.16340637207031,-19.628726959228516,-6.086219787597656,64.99716186523438,0
1745923161.682683,18.36111068725586,5.025617599487305,4.826386451721191,37.52829360961914,-19.60784149169922,-6.058996677398682,65.74140930175781,0
1745923161.6907978,18.590778350830078,5.088231086730957,4.899622917175293,37.874813079833984,-19.583284378051758,-6.034359931945801,66.45344543457031,0
1745923161.7062361,18.769723892211914,5.15336799621582,4.963248252868652,38.116397857666016,-19.544668197631836,-6.0040483474731445,67.00273895263672,0
1745923161.7125092,18.889392852783203,5.219357490539551,5.00914192199707,38.162837982177734,-19.48647689819336,-5.9501118659973145,67.28073120117188,0
1745923161.7238133,18.97435188293457,5.282198905944824,5.042724609375,38.042293548583984,-19.413986206054688,-5.871527194976807,67.34156799316406,0
1745923161.741363,19.0471134185791,5.344263076782227,5.06766414642334,37.83927536010742,-19.336071014404297,-5.777660369873047,67.2983169555664,0
1745923161.7455537,19.101343154907227,5.405245780944824,5.095714569091797,37.60390853881836,-19.250009536743164,-5.684798240661621,67.20620727539062,0
1745923161.7577384,19.14857292175293,5.522184371948242,5.1196489334106445,37.35342788696289,-19.124387741088867,-5.567878723144531,67.14382934570312,0
1745923161.7712977,19.21479034423828,5.580472946166992,5.141105651855469,37.14530563354492,-19.049592971801758,-5.475625514984131,67.08167266845703,0
1745923161.7781308,19.292011260986328,5.639142036437988,5.17258358001709,37.00136947631836,-18.977489471435547,-5.395995616912842,67.1051025390625,0
1745923161.789335,19.357223510742188,5.695382118225098,5.203557968139648,36.862060546875,-18.906484603881836,-5.323044776916504,67.11822509765625,0
1745923161.804377,19.42444610595703,5.750958442687988,5.229540824890137,36.734336853027344,-18.84130859375,-5.251142978668213,67.1392822265625,0
1745923161.8117826,19.52031135559082,5.8087358474731445,5.264333724975586,36.69560241699219,-18.78464126586914,-5.190280437469482,67.28898620605469,0
1745923161.8222587,19.605989456176758,5.854923248291016,5.309147834777832,36.70077896118164,-18.73395347595215,-5.150806903839111,67.47084045410156,0
1745923161.8384242,19.663368225097656,5.905719757080078,5.354595184326172,36.651920318603516,-18.668560028076172,-5.108144760131836,67.57560729980469,0
1745923161.8440797,19.690683364868164,5.958526611328125,5.396130561828613,36.49483108520508,-18.58544158935547,-5.049983501434326,67.54017639160156,0
1745923161.8568683,19.68099021911621,6.011733055114746,5.427700996398926,36.24538803100586,-18.4906005859375,-4.98157262802124,67.36581420898438,0
1745923161.8666053,19.6585693359375,6.064539909362793,5.44228458404541,35.937808990478516,-18.397146224975586,-4.899864673614502,67.10320281982422,0
1745923161.8777006,19.650432586669922,6.120553016662598,5.449065208435059,35.6417350769043,-18.30988121032715,-4.811659812927246,66.86178588867188,0
1745923161.8883116,19.674598693847656,6.182066917419434,5.455974578857422,35.42478942871094,-18.234411239624023,-4.727572917938232,66.7374267578125,0
1745923161.9063702,19.69369888305664,6.220609664916992,5.471247673034668,35.25572204589844,-18.17509651184082,-4.667766094207764,66.64128112792969,0
1745923161.9140947,19.70614242553711,6.254941940307617,5.493487358093262,35.07290267944336,-18.110671997070312,-4.610297203063965,66.52747344970703,0
1745923161.9219866,19.733816146850586,6.289730072021484,5.513714790344238,34.904876708984375,-18.05160140991211,-4.54976224899292,66.442138671875,0
1745923161.9366703,19.767351150512695,6.328784942626953,5.541448593139648,34.77983474731445,-17.991586685180664,-4.49773645401001,66.41741943359375,0
1745923161.9427557,19.801589965820312,6.368409156799316,5.566295623779297,34.682395935058594,-17.937419891357422,-4.451346397399902,66.41868591308594,0
1745923161.9556155,19.855573654174805,6.415355682373047,5.6003618240356445,34.61854934692383,-17.879955291748047,-4.405298709869385,66.48983764648438,0
1745923161.9710433,19.91987419128418,6.464103698730469,5.636440277099609,34.59531021118164,-17.827770233154297,-4.365384578704834,66.61572265625,0
1745923161.976751,20.00631332397461,6.504429817199707,5.672779083251953,34.608272552490234,-17.790307998657227,-4.329521179199219,66.79179382324219,0
1745923161.988902,20.098934173583984,6.5450029373168945,5.70770263671875,34.65745544433594,-17.76032257080078,-4.300097465515137,67.00909423828125,0
1745923162.0054727,20.157564163208008,6.584172248840332,5.733238220214844,34.68233871459961,-17.728967666625977,-4.275790691375732,67.15731811523438,0
1745923162.0093756,20.16156578063965,6.624460220336914,5.740875244140625,34.597068786621094,-17.683883666992188,-4.239771366119385,67.12397003173828,0
1745923162.020987,20.118927001953125,6.710442543029785,5.734467506408691,34.37549591064453,-17.58885955810547,-4.166347026824951,66.9393310546875,0
1745923162.0308685,20.05610466003418,6.732255935668945,5.7202558517456055,34.071807861328125,-17.52634048461914,-4.1014723777771,66.58042907714844,0
1745923162.043096,19.983570098876953,6.743884086608887,5.696117401123047,33.75012969970703,-17.472553253173828,-4.0362653732299805,66.1737060546875,0
1745923162.0527887,19.908815383911133,6.759418487548828,5.669892311096191,33.411827087402344,-17.41381072998047,-3.964766025543213,65.74995422363281,0
1745923162.065974,19.840778350830078,6.773682594299316,5.640612602233887,33.08830261230469,-17.360811233520508,-3.893333911895752,65.34337615966797,0
1745923162.0757725,19.79918098449707,6.773891448974609,5.608837127685547,32.821533203125,-17.332366943359375,-3.8306167125701904,65.0034408569336,0
1745923162.0866199,19.813919067382812,6.759817123413086,5.589372634887695,32.67292785644531,-17.33379364013672,-3.7858545780181885,64.8360366821289,0
1745923162.0979114,19.85251808166504,6.755947113037109,5.583263397216797,32.680789947509766,-17.348407745361328,-3.7730517387390137,64.87251281738281,0
1745923162.1090717,19.866971969604492,6.767575263977051,5.5740814208984375,32.71923828125,-17.355375289916992,-3.770864248275757,64.92787170410156,0
1745923162.1198382,19.871601104736328,6.789710998535156,5.564507484436035,32.665184020996094,-17.33848762512207,-3.7437539100646973,64.89100646972656,0
1745923162.129711,19.90913963317871,6.8203630447387695,5.568492889404297,32.53252410888672,-17.298622131347656,-3.6834776401519775,64.83052062988281,0
1745923162.142213,19.99591827392578,6.852400779724121,5.586225509643555,32.454132080078125,-17.265260696411133,-3.6220929622650146,64.88867950439453,0
1745923162.152514,20.115758895874023,6.907806396484375,5.603156089782715,32.485137939453125,-17.23984146118164,-3.568617582321167,65.11186218261719,0
1745923162.1643045,20.267541885375977,6.950959205627441,5.627741813659668,32.584049224853516,-17.234233856201172,-3.5283210277557373,65.4302978515625,0
1745923162.176527,20.43218421936035,6.9900712966918945,5.661938667297363,33.00718688964844,-17.279802322387695,-3.5736007690429688,66.09138488769531,0
1745923162.1851304,20.566213607788086,7.012168884277344,5.688052177429199,33.259239196777344,-17.3092041015625,-3.588796377182007,66.52567291259766,0
1745923162.1966655,20.64849853515625,7.028140068054199,5.705560684204102,33.41105270385742,-17.32396125793457,-3.5967626571655273,66.79325866699219,0
1745923162.2074187,20.69015121459961,7.045154571533203,5.71567440032959,33.45724868774414,-17.319602966308594,-3.589841842651367,66.90823364257812,0
1745923162.218379,20.7261905670166,7.066891670227051,5.725359916687012,33.490882873535156,-17.30945587158203,-3.579895257949829,67.00932312011719,0
1745923162.2295933,20.770368576049805,7.093674659729004,5.737056732177734,33.57333755493164,-17.303653717041016,-3.57834529876709,67.1744384765625,0
1745923162.2406023,20.842674255371094,7.108015060424805,5.7438554763793945,33.72639846801758,-17.325204849243164,-3.588066816329956,67.42094421386719,0
1745923162.252212,20.9444580078125,7.115355491638184,5.757545471191406,33.94538497924805,-17.361671447753906,-3.60825777053833,67.76274108886719,0
1745923162.2625375,21.03618812561035,7.129316329956055,5.7712907791137695,34.181392669677734,-17.394405364990234,-3.6338422298431396,68.1181869506836,0
1745923162.2727487,21.103656768798828,7.139976501464844,5.7789459228515625,34.37812042236328,-17.423213958740234,-3.657595634460449,68.40069580078125,0
1745923162.2847,21.145139694213867,7.140924453735352,5.779579162597656,34.52005386352539,-17.450450897216797,-3.6783902645111084,68.585693359375,0
1745923162.2985492,21.151779174804688,7.138553619384766,5.774792671203613,34.602699279785156,-17.46890640258789,-3.696495532989502,68.6678237915039,0
1745923162.308171,21.100318908691406,7.1266984939575195,5.756725311279297,34.59191131591797,-17.47918701171875,-3.71201753616333,68.57565307617188,0
1745923162.31744,20.969552993774414,7.100958824157715,5.720945358276367,34.43267059326172,-17.475473403930664,-3.7192890644073486,68.22412872314453,0
1745923162.3288612,20.770936965942383,7.060955047607422,5.66232967376709,34.121971130371094,-17.462522506713867,-3.712137460708618,67.61619567871094,0
1745923162.3418155,20.516157150268555,7.016265869140625,5.583728790283203,33.714195251464844,-17.44192886352539,-3.6970558166503906,66.8303451538086,0
1745923162.3559027,20.211624145507812,6.955965995788574,5.489706039428711,33.217350006103516,-17.419940948486328,-3.67863392829895,65.87464904785156,0
1745923162.3730748,19.87710189819336,6.886998176574707,5.381061553955078,32.66659927368164,-17.399898529052734,-3.6560463905334473,64.81175994873047,0
1745923162.3823068,19.50843620300293,6.810442924499512,5.2636823654174805,32.0702018737793,-17.377506256103516,-3.6340160369873047,63.65276336669922,0
1745923162.3848257,19.08738136291504,6.724839210510254,5.133190155029297,31.37753677368164,-17.34502410888672,-3.604909896850586,62.32294845581055,0
1745923162.3953054,18.60849380493164,6.641683578491211,4.990796089172363,30.524173736572266,-17.279727935791016,-3.547438621520996,60.7651481628418,0
1745923162.4084141,18.099199295043945,6.565696716308594,4.838902473449707,29.53260040283203,-17.181968688964844,-3.452763557434082,59.036399841308594,0
1745923162.416185,17.59335708618164,6.411922454833984,4.6890764236450195,28.487613677978516,-17.128463745117188,-3.368187665939331,57.181968688964844,0
1745923162.4270277,17.073440551757812,6.336543083190918,4.38566255569458,27.406387329101562,-17.122800827026367,-3.188711404800415,55.20203399658203,0
1745923162.4391396,16.534271240234375,6.268959999084473,4.2384257316589355,26.2608642578125,-16.960866928100586,-3.0320754051208496,53.302520751953125,0
1745923162.4487498,15.97285270690918,6.212624549865723,4.101377487182617,25.00790786743164,-16.739898681640625,-2.8345963954925537,51.294761657714844,0
1745923162.460264,15.388521194458008,6.171482086181641,3.9700467586517334,23.626110076904297,-16.446502685546875,-2.578705072402954,49.156158447265625,0
1745923162.4731991,14.808854103088379,6.150997161865234,3.852275848388672,22.155357360839844,-16.072954177856445,-2.256953716278076,46.96748352050781,0
1745923162.482026,14.203030586242676,6.137813568115234,3.7242608070373535,20.628604888916016,-15.64309024810791,-1.8851077556610107,44.69371032714844,0
1745923162.4930165,13.56716251373291,6.119680404663086,3.5774335861206055,19.068519592285156,-15.172158241271973,-1.467923641204834,42.33279800415039,0
1745923162.5060568,12.937875747680664,6.0971269607543945,3.427961826324463,17.535850524902344,-14.66447925567627,-1.012654185295105,39.998817443847656,0
1745923162.5215063,12.309157371520996,6.0639142990112305,3.271151304244995,16.062793731689453,-14.136171340942383,-0.535134494304657,37.70701599121094,0
1745923162.5271955,11.691858291625977,6.020818710327148,3.1086597442626953,14.684815406799316,-13.601064682006836,-0.04778837040066719,35.50615310668945,0
1745923162.5378623,11.060314178466797,5.967347145080566,2.9297404289245605,13.451640129089355,-13.08676528930664,0.40623390674591064,33.40904235839844,0
1745923162.5501719,10.412932395935059,5.6854047775268555,2.72465181350708,12.411017417907715,-12.92146110534668,0.647243857383728,31.234004974365234,0
1745923162.5618742,9.718963623046875,5.451129913330078,2.5065627098083496,11.555615425109863,-12.755517959594727,0.7959091663360596,29.23227310180664,0
1745923162.5737002,8.951285362243652,5.167252540588379,2.269773006439209,10.771897315979004,-12.666044235229492,0.8326234817504883,27.16020965576172,0
1745923162.5819292,8.108967781066895,4.829467296600342,2.0105018615722656,9.966036796569824,-12.626180648803711,0.8107500076293945,24.914974212646484,0
1745923162.592089,7.236471652984619,4.4763946533203125,1.7427748441696167,9.112920761108398,-12.568201065063477,0.7975950241088867,22.568561553955078,0
1745923162.607512,6.320272445678711,4.098720073699951,1.4655113220214844,8.221412658691406,-12.502224922180176,0.7646231651306152,20.10591697692871,0
1745923162.6148462,5.385295391082764,3.68792724609375,1.1837962865829468,7.290584564208984,-12.452776908874512,0.7166616916656494,17.547603607177734,0
1745923162.6256695,4.461338520050049,3.2597784996032715,0.9137595891952515,6.343506813049316,-12.396306037902832,0.6503279209136963,14.97838306427002,0
1745923162.640165,3.5862059593200684,2.832369327545166,0.658306896686554,5.402135848999023,-12.335478782653809,0.6026740074157715,12.479018211364746,0
1745923162.6471708,2.7683568000793457,2.4214439392089844,0.4270118474960327,4.495965003967285,-12.226536750793457,0.5540811419487,10.112777709960938,0
1745923162.6579797,2.013917922973633,2.024649143218994,0.22477304935455322,3.626978874206543,-12.035165786743164,0.49720683693885803,7.890318870544434,0
1745923162.6707776,1.3284286260604858,1.637016773223877,0.05369514226913452,2.8095359802246094,-11.756197929382324,0.3682655692100525,5.828676700592041,0
1745923162.679792,0.7271769046783447,0.9024946689605713,0.08679920434951782,2.0503625869750977,-13.29256534576416,-2.82924485206604,3.7668333053588867,0
1745923162.6911347,0.24468445777893066,0.5962920188903809,0.18957626819610596,1.3691473007202148,-9.660780906677246,-6.281071662902832,2.399700164794922,0
1745923162.704987,0.09471237659454346,0.3496112823486328,0.24690651893615723,0.8148260116577148,-5.819554805755615,-8.608965873718262,1.5060561895370483,0
1745923162.7135224,0.26223891973495483,0.19094300270080566,0.2676743268966675,0.4189906120300293,-5.468402862548828,-4.301580905914307,1.1398468017578125,0
1745923162.725511,0.27234894037246704,0.1593608856201172,0.2516188621520996,0.22745895385742188,0.0,0.0,0.9107876420021057,0
1745923162.742205,0.2570037245750427,0.16414093971252441,0.23230385780334473,0.20081806182861328,0.0,0.0,0.8542665839195251,0
1745923162.7483659,0.2501562237739563,0.15763497352600098,0.22762882709503174,0.1942429542541504,0.0,0.0,0.8296629786491394,0
1745923162.757274,0.24611598253250122,0.1617889404296875,0.21937763690948486,0.18938684463500977,0.0,0.0,0.8166694045066833,0
1745923162.7716992,0.2419050931930542,0.1605370044708252,0.21589457988739014,0.1850600242614746,0.0,0.0,0.8033967018127441,0
1745923162.7801766,0.23458337783813477,0.1580522060394287,0.2121880054473877,0.18271732330322266,0.0,0.0,0.7875409126281738,0
1745923162.7915168,0.2324020266532898,0.1570279598236084,0.21080970764160156,0.18233919143676758,0.0,0.0,0.7825788855552673,0
1745923162.8067436,0.22917747497558594,0.1526651382446289,0.20525920391082764,0.1781635284423828,0.0,0.0,0.7652653455734253,0
1745923162.8129308,0.22538381814956665,0.14879584312438965,0.20093804597854614,0.1777667999267578,0.0,0.0,0.7528845071792603,0
1745923162.8245063,0.22208338975906372,0.14722132682800293,0.2000998854637146,0.17557525634765625,0.0,0.0,0.7449798583984375,0
1745923162.8389444,0.2188398241996765,0.14786624908447266,0.2000998854637146,0.17544317245483398,0.0,0.0,0.7422491312026978,0
1745923162.845057,0.21732234954833984,0.1473541259765625,0.19749224185943604,0.17298650741577148,0.0,0.0,0.7351552248001099,0
1745923162.856154,0.21591871976852417,0.14697480201721191,0.194810152053833,0.17247676849365234,0.0,0.0,0.7301804423332214,0
1745923162.8715963,0.21430641412734985,0.14445209503173828,0.19618844985961914,0.16901874542236328,0.0,0.0,0.7239657044410706,0
1745923162.8799827,0.21233373880386353,0.14496421813964844,0.19207215309143066,0.1684708595275879,0.0,0.0,0.7178409695625305,0
1745923162.8893762,0.20852112770080566,0.144850492477417,0.18735980987548828,0.16780948638916016,0.0,0.0,0.7085409164428711,0
1745923162.911287,0.20652949810028076,0.1436173915863037,0.1870059370994568,0.16537237167358398,0.0,0.0,0.7025251984596252,0
1745923162.9122941,0.20736408233642578,0.14217591285705566,0.18756473064422607,0.16542911529541016,0.0,0.0,0.7025338411331177,0
1745923162.9242425,0.20533448457717896,0.1407911777496338,0.1853296160697937,0.1656932830810547,0.0,0.0,0.6971485614776611,0
1745923162.938849,0.20231854915618896,0.14107561111450195,0.18542271852493286,0.16195249557495117,0.0,0.0,0.690769374370575,0
1745923162.9480112,0.20127534866333008,0.14014625549316406,0.18555313348770142,0.16248130798339844,0.0,0.0,0.689456045627594,0
1745923162.9548736,0.19935953617095947,0.1414172649383545,0.1832621693611145,0.16414403915405273,0.0,0.0,0.6881830096244812,0
1745923162.970668,0.19602113962173462,0.1405634880065918,0.17800968885421753,0.16199016571044922,0.0,0.0,0.6765844821929932,0
1745923162.978335,0.19545209407806396,0.14390206336975098,0.1764264702796936,0.16042184829711914,0.0,0.0,0.6762024760246277,0
1745923162.98742,0.19342249631881714,0.14232754707336426,0.17767441272735596,0.16066741943359375,0.0,0.0,0.6740918755531311,0
1745923163.0052643,0.193270742893219,0.137282133102417,0.17707836627960205,0.15860795974731445,0.0,0.0,0.6662392020225525,0
1745923163.0113647,0.1910894513130188,0.13756656646728516,0.17648237943649292,0.15756893157958984,0.0,0.0,0.6627073287963867,0
1745923163.0212038,0.19088077545166016,0.137282133102417,0.1758677363395691,0.15588712692260742,0.0,0.0,0.6599177718162537,0
1745923163.0379777,0.19152569770812988,0.13500595092773438,0.17523443698883057,0.15717220306396484,0.0,0.0,0.6589382886886597,0
1745923163.043145,0.18767517805099487,0.13422822952270508,0.17627745866775513,0.15671873092651367,0.0,0.0,0.6548995971679688,0
1745923163.056065,0.18467819690704346,0.13559389114379883,0.17475014925003052,0.15613317489624023,0.0,0.0,0.651155412197113,0
1745923163.0657692,0.18486785888671875,0.1353282928466797,0.17234742641448975,0.1544322967529297,0.0,0.0,0.6469758749008179,0
1745923163.0755768,0.18594908714294434,0.13515758514404297,0.171919047832489,0.15441370010375977,0.0,0.0,0.6474394202232361,0
1745923163.088781,0.18665087223052979,0.1367321014404297,0.17404240369796753,0.15726661682128906,0.0,0.0,0.6546919941902161,0
1745923163.0988414,0.1850196123123169,0.1340196132659912,0.17217981815338135,0.15590620040893555,0.0,0.0,0.647125244140625,0
1745923163.1085408,0.18215543031692505,0.1331470012664795,0.16873401403427124,0.15437602996826172,0.0,0.0,0.6384124755859375,0
1745923163.1193779,0.18152952194213867,0.13419032096862793,0.16823112964630127,0.15314769744873047,0.0,0.0,0.6370986700057983,0
1745923163.1313803,0.18293315172195435,0.13130712509155273,0.16880851984024048,0.1528453826904297,0.0,0.0,0.6358941793441772,0
1745923163.1442788,0.18177610635757446,0.12905001640319824,0.16577255725860596,0.1507101058959961,0.0,0.0,0.6273087859153748,0
1745923163.1531634,0.18151050806045532,0.1275324821472168,0.1648784875869751,0.15018129348754883,0.0,0.0,0.624102771282196,0
1745923163.1638074,0.17775481939315796,0.12851881980895996,0.16513925790786743,0.15210866928100586,0.0,0.0,0.6235215663909912,0
1745923163.1746938,0.1781531572341919,0.12849974632263184,0.16655480861663818,0.1522974967956543,0.0,0.0,0.6255052089691162,0
1745923163.1859019,0.18004995584487915,0.12969493865966797,0.16573530435562134,0.1522216796875,0.0,0.0,0.6277018785476685,0
1745923163.1970627,0.17811524868011475,0.13164854049682617,0.16625678539276123,0.1500868797302246,0.0,0.0,0.6261074542999268,0
1745923163.2076678,0.1786842942237854,0.12802553176879883,0.16664797067642212,0.1495957374572754,0.0,0.0,0.6229535341262817,0
1745923163.2195163,0.17600977420806885,0.12887930870056152,0.16379821300506592,0.14878320693969727,0.0,0.0,0.6174705028533936,0
1745923163.2314367,0.17481476068496704,0.13007426261901855,0.16137683391571045,0.14744138717651367,0.0,0.0,0.6137072443962097,0
1745923163.2417698,0.17600977420806885,0.1298656463623047,0.16076219081878662,0.14863204956054688,0.0,0.0,0.615269660949707,0
1745923163.2516325,0.17655986547470093,0.1287844181060791,0.16236400604248047,0.1461944580078125,0.0,0.0,0.613902747631073,0
1745923163.2634223,0.17547863721847534,0.1312880516052246,0.16241991519927979,0.14628887176513672,0.0,0.0,0.6154754757881165,0
1745923163.2783935,0.17388534545898438,0.13147783279418945,0.16282963752746582,0.14655351638793945,0.0,0.0,0.6147463321685791,0
1745923163.2856731,0.17310762405395508,0.13337469100952148,0.160724937915802,0.14432382583618164,0.0,0.0,0.6115310788154602,0
1745923163.2962122,0.1747768521308899,0.13109850883483887,0.15957015752792358,0.14560890197753906,0.0,0.0,0.6110544204711914,0
1745923163.3076131,0.17293691635131836,0.1286325454711914,0.16092979907989502,0.14696931838989258,0.0,0.0,0.6094685792922974,0
1745923163.3225808,0.17409396171569824,0.12781691551208496,0.16187971830368042,0.1469125747680664,0.0,0.0,0.61070317029953,0
1745923163.3299892,0.17416983842849731,0.12696337699890137,0.16078084707260132,0.14390850067138672,0.0,0.0,0.6058225631713867,0
1745923163.342428,0.16863113641738892,0.12637543678283691,0.1593838930130005,0.14362478256225586,0.0,0.0,0.5980152487754822,0
1745923163.3505604,0.1695985198020935,0.1255028247833252,0.15983092784881592,0.1442861557006836,0.0,0.0,0.5992184281349182,0
1745923163.363789,0.17115390300750732,0.12518048286437988,0.16115331649780273,0.1459488868713379,0.0,0.0,0.6034365892410278,0
1745923163.378121,0.17102116346359253,0.12002110481262207,0.15966325998306274,0.1454768180847168,0.0,0.0,0.5961823463439941,0
1745923163.384255,0.1687449812889099,0.11907267570495605,0.1574840545654297,0.14744138717651367,0.0,0.0,0.5927430987358093,0
1745923163.395226,0.1708124876022339,0.12011599540710449,0.157465398311615,0.14657258987426758,0.0,0.0,0.594966471195221,0
1745923163.4058611,0.17005378007888794,0.12161445617675781,0.15793108940124512,0.14179229736328125,0.0,0.0,0.5913916230201721,0
1745923163.4186568,0.16764479875564575,0.12343525886535645,0.155975341796875,0.14116859436035156,0.0,0.0,0.5882239937782288,0
1745923163.4295578,0.16582387685775757,0.12379574775695801,0.15457844734191895,0.14069652557373047,0.0,0.0,0.584894597530365,0
1745923163.4391892,0.16770172119140625,0.12508559226989746,0.15552836656570435,0.1412820816040039,0.0,0.0,0.589597761631012,0
1745923163.450072,0.16927605867385864,0.12692546844482422,0.15379613637924194,0.14281272888183594,0.0,0.0,0.5928103923797607,0
1745923163.4615219,0.16931402683258057,0.1259770393371582,0.1523992419242859,0.14052629470825195,0.0,0.0,0.5882166028022766,0
1745923163.4724863,0.16868805885314941,0.12432694435119629,0.15401965379714966,0.14007282257080078,0.0,0.0,0.5871074795722961,0
1745923163.483171,0.16722750663757324,0.12428903579711914,0.15230607986450195,0.14003515243530273,0.0,0.0,0.5838577747344971,0
1745923163.495762,0.16728442907333374,0.12468719482421875,0.1525854468345642,0.13990259170532227,0.0,0.0,0.584459662437439,0
1745923163.5041196,0.16626012325286865,0.12728595733642578,0.15267860889434814,0.13935470581054688,0.0,0.0,0.5855793952941895,0
1745923163.5155547,0.16567212343215942,0.12609100341796875,0.1542617678642273,0.13986492156982422,0.0,0.0,0.5858898162841797,0
1745923163.5281408,0.1645529866218567,0.12451648712158203,0.1552116870880127,0.1391282081604004,0.0,0.0,0.5834093689918518,0
1745923163.540505,0.16432541608810425,0.12301802635192871,0.15189629793167114,0.1388258934020996,0.0,0.0,0.5780656337738037,0
1745923163.5493543,0.16540658473968506,0.12019181251525879,0.15213847160339355,0.14035606384277344,0.0,0.0,0.5780929327011108,0
1745923163.559247,0.16495132446289062,0.12157654762268066,0.15312564373016357,0.13729524612426758,0.0,0.0,0.5769487619400024,0
1745923163.571495,0.1629217267036438,0.1247251033782959,0.1510581374168396,0.13542461395263672,0.0,0.0,0.574129581451416,0
1745923163.5848913,0.16216301918029785,0.12840509414672852,0.149530827999115,0.13704967498779297,0.0,0.0,0.5771486163139343,0
1745923163.5952237,0.16227686405181885,0.1333935260772705,0.1508718729019165,0.1391468048095703,0.0,0.0,0.5856890678405762,0
1745923163.6067696,0.16246652603149414,0.13255906105041504,0.15208256244659424,0.1399216651916504,0.0,0.0,0.5870298147201538,0
1745923163.6167998,0.16094905138015747,0.13293838500976562,0.14982885122299194,0.14007282257080078,0.0,0.0,0.5837891101837158,0
1745923163.629645,0.15988683700561523,0.13064336776733398,0.14943772554397583,0.1407909393310547,0.0,0.0,0.5807588696479797,0
1745923163.6388962,0.16011446714401245,0.13079500198364258,0.1476496458053589,0.14113092422485352,0.0,0.0,0.5796900391578674,0
1745923163.6480224,0.16011446714401245,0.1315157413482666,0.1493445634841919,0.1425480842590332,0.0,0.0,0.5835228562355042,0
1745923163.6580071,0.16024726629257202,0.12872743606567383,0.15057390928268433,0.14213228225708008,0.0,0.0,0.5816808938980103,0
1745923163.6765177,0.15958338975906372,0.12868952751159668,0.14792901277542114,0.14050722122192383,0.0,0.0,0.5767091512680054,0
1745923163.6816912,0.15745890140533447,0.13246417045593262,0.14850640296936035,0.13910913467407227,0.0,0.0,0.5775386095046997,0
1745923163.6923015,0.15897637605667114,0.13405752182006836,0.14716535806655884,0.13995933532714844,0.0,0.0,0.5801585912704468,0
1745923163.7065067,0.15804696083068848,0.13437986373901367,0.14783591032028198,0.1400160789489746,0.0,0.0,0.5802788138389587,0
1745923163.715461,0.15808486938476562,0.12982773780822754,0.14742612838745117,0.13827800750732422,0.0,0.0,0.5736167430877686,0
1745923163.7244332,0.15668123960494995,0.12648916244506836,0.14621543884277344,0.13837242126464844,0.0,0.0,0.5677582621574402,0
1745923163.737941,0.15855908393859863,0.12842392921447754,0.14604783058166504,0.13892030715942383,0.0,0.0,0.571951150894165,0
1745923163.7466545,0.1577244997024536,0.129713773727417,0.14735162258148193,0.13903379440307617,0.0,0.0,0.5738236904144287,0
1745923163.7577035,0.15457576513290405,0.1319141387939453,0.14580565690994263,0.14007282257080078,0.0,0.0,0.5723683834075928,0
1745923163.772671,0.15618807077407837,0.13138294219970703,0.14412933588027954,0.13823986053466797,0.0,0.0,0.5699402093887329,0
1745923163.7798934,0.1553913950920105,0.12853789329528809,0.14722126722335815,0.1357269287109375,0.0,0.0,0.5668774843215942,0
1745923163.7914743,0.15504997968673706,0.1273047924041748,0.14593607187271118,0.1356515884399414,0.0,0.0,0.5639424324035645,0
1745923163.8078952,0.15645360946655273,0.12700128555297852,0.1456194519996643,0.13391351699829102,0.0,0.0,0.5629878640174866,0
1745923163.813654,0.15726923942565918,0.12578749656677246,0.14452052116394043,0.1342911720275879,0.0,0.0,0.56186842918396,0
1745923163.8260345,0.15787625312805176,0.12599611282348633,0.1446322798728943,0.13243961334228516,0.0,0.0,0.5609442591667175,0
1745923163.8419867,0.15865391492843628,0.1267547607421875,0.14602917432785034,0.13308191299438477,0.0,0.0,0.5645197629928589,0
1745923163.8476975,0.15876775979995728,0.12510466575622559,0.14677423238754272,0.13107919692993164,0.0,0.0,0.5617258548736572,0
1745923163.871924,0.15766757726669312,0.1262047290802002,0.1457311511039734,0.13051223754882812,0.0,0.0,0.5601156949996948,0
1745923163.871924,0.15831249952316284,0.12381482124328613,0.1463271975517273,0.13068246841430664,0.0,0.0,0.5591369867324829,0
1745923163.8851583,0.15662431716918945,0.12309384346008301,0.14509791135787964,0.13308191299438477,0.0,0.0,0.5578979849815369,0
1745923163.890358,0.15239441394805908,0.1214437484741211,0.1438872218132019,0.13408327102661133,0.0,0.0,0.5518086552619934,0
1745923163.9075294,0.15305835008621216,0.12146258354187012,0.1416335105895996,0.13162708282470703,0.0,0.0,0.5477815270423889,0
1745923163.9115784,0.1539497971534729,0.12341642379760742,0.14167076349258423,0.1312870979309082,0.0,0.0,0.5503240823745728,0
1745923163.9224243,0.15434813499450684,0.11992621421813965,0.14195013046264648,0.13053131103515625,0.0,0.0,0.5467557907104492,0
1745923163.9392133,0.15427225828170776,0.11859846115112305,0.14267653226852417,0.13130569458007812,0.0,0.0,0.5468529462814331,0
1745923163.9443781,0.15277379751205444,0.11827611923217773,0.14489299058914185,0.12928438186645508,0.0,0.0,0.5452272891998291,0
1745923163.9552445,0.15034586191177368,0.12093162536621094,0.14379411935806274,0.13145685195922852,0.0,0.0,0.5465284585952759,0
1745923163.9666703,0.1494354009628296,0.12282848358154297,0.14344018697738647,0.13236379623413086,0.0,0.0,0.5480678677558899,0
1745923163.977092,0.15155982971191406,0.12313175201416016,0.14299321174621582,0.13185358047485352,0.0,0.0,0.5495383739471436,0
1745923163.989217,0.1508580446243286,0.12392854690551758,0.14278829097747803,0.13226938247680664,0.0,0.0,0.5498442649841309,0
1745923163.9989803,0.1479179859161377,0.12182307243347168,0.14282554388046265,0.13179731369018555,0.0,0.0,0.5443639159202576,0
1745923164.0111825,0.14626771211624146,0.12440276145935059,0.14215505123138428,0.1318349838256836,0.0,0.0,0.5446605086326599,0
1745923164.0240033,0.14463645219802856,0.1252753734588623,0.14306771755218506,0.13211822509765625,0.0,0.0,0.5450977683067322,0
1745923164.0321712,0.14427608251571655,0.12673592567443848,0.14291870594024658,0.13289308547973633,0.0,0.0,0.5468237996101379,0
1745923164.0444498,0.145452082157135,0.12552189826965332,0.14411073923110962,0.13447999954223633,0.0,0.0,0.5495647192001343,0
1745923164.0550754,0.14564180374145508,0.12461137771606445,0.14241576194763184,0.1335163116455078,0.0,0.0,0.5461852550506592,0
1745923164.0661273,0.1434035301208496,0.1227715015411377,0.14040422439575195,0.1342158317565918,0.0,0.0,0.540795087814331,0
1745923164.0779207,0.1434604525566101,0.1240234375,0.140813946723938,0.13536834716796875,0.0,0.0,0.5436661839485168,0
1745923164.0869312,0.1425689458847046,0.12142467498779297,0.14379411935806274,0.13340330123901367,0.0,0.0,0.541191041469574,0
1745923164.0986245,0.14291036128997803,0.12112116813659668,0.14107471704483032,0.13321399688720703,0.0,0.0,0.5383202433586121,0
1745923164.109635,0.1425689458847046,0.11990737915039062,0.13978958129882812,0.1352548599243164,0.0,0.0,0.5375207662582397,0
1745923164.1203864,0.14205682277679443,0.12115907669067383,0.1380200982093811,0.13650178909301758,0.0,0.0,0.5377377867698669,0
1745923164.1385357,0.14338457584381104,0.12150049209594727,0.1385788917541504,0.13601064682006836,0.0,0.0,0.539474606513977,0
1745923164.142128,0.14158260822296143,0.12098836898803711,0.1372564435005188,0.1359729766845703,0.0,0.0,0.5358003973960876,0
1745923164.1542032,0.14270174503326416,0.12041950225830078,0.137628972530365,0.13721990585327148,0.0,0.0,0.5379701256752014,0
1745923164.1651552,0.142075777053833,0.11882615089416504,0.13623201847076416,0.13665294647216797,0.0,0.0,0.5337868928909302,0
1745923164.1756532,0.14224648475646973,0.11835193634033203,0.1336989402770996,0.13563251495361328,0.0,0.0,0.5299298763275146,0
1745923164.1872525,0.1419619917869568,0.1191864013671875,0.1332891583442688,0.13436651229858398,0.0,0.0,0.5288040637969971,0
1745923164.1976113,0.14158260822296143,0.12100744247436523,0.1338852047920227,0.13687992095947266,0.0,0.0,0.533355176448822,0
1745923164.2085748,0.14368808269500732,0.11971759796142578,0.13548702001571655,0.13633155822753906,0.0,0.0,0.5352242588996887,0
1745923164.2224488,0.14493995904922485,0.11992621421813965,0.13610166311264038,0.13536834716796875,0.0,0.0,0.5363361835479736,0
1745923164.2307858,0.14429503679275513,0.12123513221740723,0.1366976499557495,0.13655853271484375,0.0,0.0,0.5387863516807556,0
1745923164.2454686,0.14408642053604126,0.12195587158203125,0.13628792762756348,0.13629388809204102,0.0,0.0,0.538624107837677,0
1745923164.2531178,0.1433466672897339,0.12538909912109375,0.1358967423439026,0.13378095626831055,0.0,0.0,0.5384134650230408,0
1745923164.2646313,0.14211368560791016,0.12599611282348633,0.13282352685928345,0.13092803955078125,0.0,0.0,0.5318613648414612,0
1745923164.2741199,0.1449020504951477,0.12225937843322754,0.13254410028457642,0.13109827041625977,0.0,0.0,0.5308037996292114,0
1745923164.2868614,0.14541417360305786,0.1183328628540039,0.13159418106079102,0.13068246841430664,0.0,0.0,0.5260236859321594,0
1745923164.297597,0.14607805013656616,0.11397027969360352,0.1332891583442688,0.1299452781677246,0.0,0.0,0.5232827663421631,0
1745923164.3080974,0.14687472581863403,0.11042332649230957,0.13306564092636108,0.12784814834594727,0.0,0.0,0.518211841583252,0
1745923164.3190014,0.1455090045928955,0.11218714714050293,0.13168734312057495,0.12815046310424805,0.0,0.0,0.5175339579582214,0
1745923164.3308074,0.14463645219802856,0.11142849922180176,0.13343816995620728,0.12665796279907227,0.0,0.0,0.5161610841751099,0
1745923164.34123,0.14448469877243042,0.11184573173522949,0.13625067472457886,0.1274704933166504,0.0,0.0,0.5200515985488892,0
1745923164.3515623,0.14408642053604126,0.11296486854553223,0.13425767421722412,0.1291332244873047,0.0,0.0,0.5204421877861023,0
1745923164.3633554,0.14402949810028076,0.11015772819519043,0.1349840760231018,0.12926530838012695,0.0,0.0,0.5184366106987,0
1745923164.3750732,0.14287245273590088,0.10807108879089355,0.13394105434417725,0.12869834899902344,0.0,0.0,0.5135829448699951,0
1745923164.384882,0.1449020504951477,0.10892462730407715,0.13438808917999268,0.12648773193359375,0.0,0.0,0.5147024989128113,0
1745923164.3955212,0.14469337463378906,0.11173200607299805,0.1347978711128235,0.12656354904174805,0.0,0.0,0.5177868008613586,0
1745923164.4063368,0.1460590958595276,0.11228203773498535,0.13343816995620728,0.12688446044921875,0.0,0.0,0.518663763999939,0
1745923164.417182,0.14725404977798462,0.11042332649230957,0.13509583473205566,0.12867975234985352,0.0,0.0,0.5214529633522034,0
1745923164.4308748,0.14526242017745972,0.10905742645263672,0.13503998517990112,0.12886857986450195,0.0,0.0,0.5182284116744995,0
1745923164.441337,0.14393466711044312,0.10862135887145996,0.13315874338150024,0.1262044906616211,0.0,0.0,0.5119192600250244,0
1745923164.4506426,0.14245516061782837,0.10888671875,0.13680940866470337,0.12563753128051758,0.0,0.0,0.5137888193130493,0
1745923164.4619904,0.1443709135055542,0.10697102546691895,0.13520759344100952,0.12658214569091797,0.0,0.0,0.5131316781044006,0
1745923164.4733417,0.14615392684936523,0.11152338981628418,0.13597124814987183,0.12714910507202148,0.0,0.0,0.5207976698875427,0
1745923164.485163,0.14173436164855957,0.11292695999145508,0.135356605052948,0.1252598762512207,0.0,0.0,0.5152778029441833,0
1745923164.4958367,0.1421326994895935,0.11040425300598145,0.13230198621749878,0.12371015548706055,0.0,0.0,0.5085490942001343,0
1745923164.5054562,0.14114636182785034,0.10812807083129883,0.132171630859375,0.12539196014404297,0.0,0.0,0.5068380236625671,0
1745923164.5188444,0.1405773162841797,0.10721755027770996,0.134648859500885,0.12718677520751953,0.0,0.0,0.5096305012702942,0
1745923164.5279684,0.14167743921279907,0.10725545883178711,0.1327303647994995,0.12516498565673828,0.0,0.0,0.506828248500824,0
1745923164.5389833,0.14089977741241455,0.1069331169128418,0.13302838802337646,0.12314367294311523,0.0,0.0,0.504004955291748,0
1745923164.5490806,0.1434604525566101,0.10816597938537598,0.1329166293144226,0.12303018569946289,0.0,0.0,0.5075732469558716,0
1745923164.5640988,0.1425120234489441,0.11000585556030273,0.13457435369491577,0.12371015548706055,0.0,0.0,0.5108023881912231,0
1745923164.574901,0.1425120234489441,0.10875391960144043,0.13546836376190186,0.12593984603881836,0.0,0.0,0.5126741528511047,0
1745923164.582229,0.14203780889511108,0.11048007011413574,0.13563603162765503,0.12452268600463867,0.0,0.0,0.5126765966415405,0
1745923164.5930486,0.14050143957138062,0.10991096496582031,0.13362443447113037,0.12174558639526367,0.0,0.0,0.505782425403595,0
1745923164.60741,0.141715407371521,0.10994911193847656,0.13414591550827026,0.12163209915161133,0.0,0.0,0.5074425339698792,0
1745923164.6174924,0.14198094606399536,0.11131477355957031,0.13394105434417725,0.12125396728515625,0.0,0.0,0.5084907412528992,0
1745923164.6255603,0.14110839366912842,0.11059403419494629,0.13276761770248413,0.12102746963500977,0.0,0.0,0.5054975152015686,0
1745923164.64147,0.14072901010513306,0.11324954032897949,0.13334500789642334,0.12108421325683594,0.0,0.0,0.5084077715873718,0
1745923164.650067,0.14014101028442383,0.11095428466796875,0.1329166293144226,0.12199115753173828,0.0,0.0,0.5060030817985535,0
1745923164.6586628,0.13978064060211182,0.11123895645141602,0.13118445873260498,0.12291669845581055,0.0,0.0,0.5051207542419434,0
1745923164.6721747,0.14311903715133667,0.11015772819519043,0.1332705020904541,0.12429618835449219,0.0,0.0,0.5108434557914734,0
1745923164.6813347,0.14520549774169922,0.11025261878967285,0.1331028938293457,0.12251996994018555,0.0,0.0,0.5110809803009033,0
1745923164.6927633,0.1404065489768982,0.10922813415527344,0.13317739963531494,0.1209707260131836,0.0,0.0,0.5037828087806702,0
1745923164.7071548,0.14078593254089355,0.10928511619567871,0.13142657279968262,0.12110280990600586,0.0,0.0,0.5026004314422607,0
1745923164.7163165,0.14004617929458618,0.11002492904663086,0.1310167908668518,0.12303018569946289,0.0,0.0,0.5041180849075317,0
1745923164.7250617,0.14023584127426147,0.11137151718139648,0.13354992866516113,0.12151861190795898,0.0,0.0,0.5066758990287781,0
1745923164.7387905,0.13951510190963745,0.11123895645141602,0.13332641124725342,0.11817455291748047,0.0,0.0,0.5022550225257874,0
1745923164.7494783,0.13902193307876587,0.1111440658569336,0.1317431926727295,0.11834430694580078,0.0,0.0,0.5002534985542297,0
1745923164.7577784,0.14048242568969727,0.10985422134399414,0.13219022750854492,0.1208949089050293,0.0,0.0,0.5034217834472656,0
1745923164.7747688,0.14108943939208984,0.10985422134399414,0.1323392391204834,0.12032842636108398,0.0,0.0,0.5036113262176514,0
1745923164.7820463,0.14086180925369263,0.10901951789855957,0.13284212350845337,0.11866569519042969,0.0,0.0,0.5013891458511353,0
1745923164.7909443,0.13993239402770996,0.10841250419616699,0.13319599628448486,0.1203470230102539,0.0,0.0,0.5018879175186157,0
1745923164.8066638,0.13940125703811646,0.11027145385742188,0.1314079761505127,0.1195535659790039,0.0,0.0,0.5006342530250549,0
1745923164.813798,0.13862359523773193,0.11188387870788574,0.13042080402374268,0.11910009384155273,0.0,0.0,0.5000283718109131,0
1745923164.824239,0.13926851749420166,0.11080265045166016,0.13094228506088257,0.1185145378112793,0.0,0.0,0.4995279908180237,0
1745923164.840118,0.14010310173034668,0.10936093330383301,0.12915420532226562,0.11632251739501953,0.0,0.0,0.49494075775146484,0
1745923164.8459601,0.1405203938484192,0.10991096496582031,0.13036489486694336,0.11711645126342773,0.0,0.0,0.4979127049446106,0
1745923164.8577113,0.14215165376663208,0.11057496070861816,0.1314079761505127,0.11726760864257812,0.0,0.0,0.5014021992683411,0
1745923164.8742425,0.14116531610488892,0.11010074615478516,0.1331028938293457,0.11647367477416992,0.0,0.0,0.5008426308631897,0
1745923164.8858433,0.14186710119247437,0.11015772819519043,0.1294894814491272,0.11600160598754883,0.0,0.0,0.4975159168243408,0
1745923164.889928,0.1400272250175476,0.10831785202026367,0.1287817358970642,0.11543464660644531,0.0,0.0,0.4925614595413208,0
1745923164.906753,0.14162051677703857,0.10539674758911133,0.13088643550872803,0.11690855026245117,0.0,0.0,0.4948122501373291,0
1745923164.911904,0.1418481469154358,0.10406899452209473,0.13086777925491333,0.11862802505493164,0.0,0.0,0.4954129457473755,0
1745923164.9272614,0.1404065489768982,0.10577607154846191,0.12866997718811035,0.11694622039794922,0.0,0.0,0.4917988181114197,0
1745923164.940834,0.13843387365341187,0.10905742645263672,0.12861406803131104,0.11722946166992188,0.0,0.0,0.4933348298072815,0
1745923164.945445,0.13625258207321167,0.10926604270935059,0.1285954713821411,0.11562347412109375,0.0,0.0,0.4897375702857971,0
1745923164.956183,0.13799762725830078,0.10888671875,0.1285954713821411,0.1145467758178711,0.0,0.0,0.490026593208313,0
1745923164.9719164,0.1399703025817871,0.10547256469726562,0.12935912609100342,0.1149435043334961,0.0,0.0,0.48974549770355225,0
1745923164.9786532,0.13896501064300537,0.10782456398010254,0.12732887268066406,0.11551046371459961,0.0,0.0,0.4896289110183716,0
1745923164.9927304,0.1403307318687439,0.10924720764160156,0.1276082992553711,0.11537790298461914,0.0,0.0,0.4925641417503357,0
1745923165.0058956,0.13905984163284302,0.10890579223632812,0.12919145822525024,0.11673831939697266,0.0,0.0,0.49389541149139404,0
1745923165.0106168,0.13881325721740723,0.10860228538513184,0.12829744815826416,0.11670064926147461,0.0,0.0,0.49241364002227783,0
1745923165.0221312,0.13871842622756958,0.10994911193847656,0.12844645977020264,0.1147165298461914,0.0,0.0,0.4918305277824402,0
1745923165.0336664,0.13850975036621094,0.11072659492492676,0.12850230932235718,0.11607694625854492,0.0,0.0,0.4938156008720398,0
1745923165.2934515,0.13858562707901,0.10989212989807129,0.12870723009109497,0.11698389053344727,0.0,0.0,0.49416887760162354,0
1745923165.2934515,0.13900291919708252,0.1089627742767334,0.12699365615844727,0.11600160598754883,0.0,0.0,0.490960955619812,0
1745923165.3012414,0.14059627056121826,0.10947489738464355,0.1277759075164795,0.11363983154296875,0.0,0.0,0.49148690700531006,0
1745923165.3012414,0.13718199729919434,0.10945582389831543,0.12632310390472412,0.11426305770874023,0.0,0.0,0.4872239828109741,0
1745923165.3012414,0.13583523035049438,0.10939884185791016,0.12520557641983032,0.11222267150878906,0.0,0.0,0.4826623201370239,0
1745923165.3012414,0.1358162760734558,0.10759687423706055,0.12496340274810791,0.11607694625854492,0.0,0.0,0.4844534993171692,0
1745923165.3012414,0.13591110706329346,0.10564327239990234,0.12906110286712646,0.1175699234008789,0.0,0.0,0.48818540573120117,0
1745923165.3012414,0.13687849044799805,0.10949373245239258,0.12820428609848022,0.11498117446899414,0.0,0.0,0.489557683467865,0
1745923165.3012414,0.13560765981674194,0.10960769653320312,0.1291356086730957,0.11303520202636719,0.0,0.0,0.48738616704940796,0
1745923165.3022692,0.13517135381698608,0.10664844512939453,0.12965714931488037,0.11545372009277344,0.0,0.0,0.4869306683540344,0
1745923165.3022692,0.13585424423217773,0.10606050491333008,0.12889349460601807,0.11462211608886719,0.0,0.0,0.48543035984039307,0
1745923165.3022692,0.1353989839553833,0.1102144718170166,0.12637901306152344,0.11517000198364258,0.0,0.0,0.4871624708175659,0
1745923165.3022692,0.13505756855010986,0.10822296142578125,0.12578296661376953,0.11311054229736328,0.0,0.0,0.4821740388870239,0
1745923165.3022692,0.13767516613006592,0.10949373245239258,0.12548494338989258,0.11477327346801758,0.0,0.0,0.48742711544036865,0
1745923165.3032873,0.13668882846832275,0.11000585556030273,0.1266956329345703,0.11452770233154297,0.0,0.0,0.48791801929473877,0
1745923165.3032873,0.13657504320144653,0.10807108879089355,0.12596923112869263,0.11246824264526367,0.0,0.0,0.4830836057662964,0
1745923165.3032873,0.13638532161712646,0.10668659210205078,0.12766414880752563,0.11335611343383789,0.0,0.0,0.48409217596054077,0
1745923165.3032873,0.13549381494522095,0.10776758193969727,0.1263045072555542,0.1139230728149414,0.0,0.0,0.4834889769554138,0
1745923165.3032873,0.13615769147872925,0.1054534912109375,0.12790632247924805,0.11237382888793945,0.0,0.0,0.48189133405685425,0
1745923165.3032873,0.1344316005706787,0.10772967338562012,0.1285954713821411,0.11163711547851562,0.0,0.0,0.48239386081695557,0
1745923165.3032873,0.1341281533241272,0.10968351364135742,0.12811118364334106,0.11214685440063477,0.0,0.0,0.48406970500946045,0
1745923165.305315,0.13568353652954102,0.1067812442779541,0.12850230932235718,0.11632251739501953,0.0,0.0,0.4872896075248718,0
1745923165.3063242,0.13173812627792358,0.10613632202148438,0.12773865461349487,0.11707830429077148,0.0,0.0,0.4826914072036743,0
1745923165.3063242,0.13173812627792358,0.10535883903503418,0.1278131604194641,0.1171727180480957,0.0,0.0,0.4820828437805176,0
1745923165.3120086,0.13348323106765747,0.10522603988647461,0.1270495057106018,0.1151890754699707,0.0,0.0,0.4809478521347046,0
1745923165.3189967,0.13264858722686768,0.10374641418457031,0.12755239009857178,0.11358308792114258,0.0,0.0,0.47753047943115234,0
1745923165.331194,0.1331607699394226,0.10843157768249512,0.1266583800315857,0.1144709587097168,0.0,0.0,0.4827216863632202,0
1745923165.3428142,0.13245892524719238,0.10871601104736328,0.12472128868103027,0.11418771743774414,0.0,0.0,0.4800839424133301,0
1745923165.3587334,0.134260892868042,0.10968351364135742,0.12423700094223022,0.116455078125,0.0,0.0,0.48463648557662964,0
1745923165.3632758,0.1328762173652649,0.10626912117004395,0.12654662132263184,0.11789083480834961,0.0,0.0,0.4835827946662903,0
1745923165.3737838,0.13109320402145386,0.10661053657531738,0.12613683938980103,0.11698389053344727,0.0,0.0,0.48082447052001953,0
1745923165.3848064,0.13422298431396484,0.10689520835876465,0.12395763397216797,0.1157369613647461,0.0,0.0,0.48081278800964355,0
1745923165.3977754,0.13433676958084106,0.10566210746765137,0.12408798933029175,0.11569929122924805,0.0,0.0,0.4797861576080322,0
1745923165.4078236,0.1322692632675171,0.1061553955078125,0.12466543912887573,0.11586904525756836,0.0,0.0,0.4789591431617737,0
1745923165.4208763,0.13261067867279053,0.1055295467376709,0.1257457137107849,0.11705970764160156,0.0,0.0,0.4809456467628479,0
1745923165.4293823,0.13139671087265015,0.10469484329223633,0.12652796506881714,0.11679506301879883,0.0,0.0,0.47941458225250244,0
1745923165.4423375,0.13283830881118774,0.1070089340209961,0.12429291009902954,0.11371517181396484,0.0,0.0,0.4778553247451782,0
1745923165.4512756,0.13433676958084106,0.10784363746643066,0.12481439113616943,0.11324310302734375,0.0,0.0,0.4802379012107849,0
1745923165.4616413,0.13541793823242188,0.10547256469726562,0.12548494338989258,0.11507558822631836,0.0,0.0,0.48145103454589844,0
1745923165.4754443,0.1342039704322815,0.10469484329223633,0.12617409229278564,0.1149435043334961,0.0,0.0,0.48001641035079956,0
1745923165.4892683,0.13409018516540527,0.10497927665710449,0.12481439113616943,0.11435747146606445,0.0,0.0,0.47824132442474365,0
1745923165.49742,0.13319867849349976,0.1021721363067627,0.12537318468093872,0.11617136001586914,0.0,0.0,0.4769153594970703,0
1745923165.5085404,0.1288928985595703,0.10234284400939941,0.12453502416610718,0.11469793319702148,0.0,0.0,0.4704686999320984,0
1745923165.5178862,0.12790656089782715,0.10300660133361816,0.12677013874053955,0.11371517181396484,0.0,0.0,0.4713984727859497,0
1745923165.5282607,0.13044828176498413,0.10437250137329102,0.1266956329345703,0.11496210098266602,0.0,0.0,0.4764785170555115,0
1745923165.5417063,0.13137775659561157,0.10414481163024902,0.1256898045539856,0.11532115936279297,0.0,0.0,0.47653353214263916,0
1745923165.5498586,0.13247787952423096,0.10351872444152832,0.12241166830062866,0.11416864395141602,0.0,0.0,0.47257691621780396,0
1745923165.5606453,0.13306593894958496,0.10672450065612793,0.12254208326339722,0.11184453964233398,0.0,0.0,0.4741770625114441,0
1745923165.574315,0.1322123408317566,0.1060037612915039,0.12244892120361328,0.11176919937133789,0.0,0.0,0.47243422269821167,0
1745923165.5869763,0.13145363330841064,0.10448622703552246,0.12270969152450562,0.11418771743774414,0.0,0.0,0.47283726930618286,0
1745923165.5939777,0.13198471069335938,0.10171675682067871,0.12375277280807495,0.11297845840454102,0.0,0.0,0.47043269872665405,0
1745923165.6102672,0.13048624992370605,0.10166001319885254,0.12496340274810791,0.11437654495239258,0.0,0.0,0.4714862108230591,0
1745923165.616429,0.128342866897583,0.1021721363067627,0.12431150674819946,0.11656808853149414,0.0,0.0,0.4713945984840393,0
1745923165.6269314,0.13097941875457764,0.10477066040039062,0.12380862236022949,0.11532115936279297,0.0,0.0,0.4748798608779907,0
1745923165.6407282,0.13005000352859497,0.10461902618408203,0.12453502416610718,0.11397981643676758,0.0,0.0,0.47318387031555176,0
1745923165.651329,0.13170021772384644,0.10543465614318848,0.12289595603942871,0.11380958557128906,0.0,0.0,0.4738404154777527,0
1745923165.6600506,0.13122600317001343,0.1053018569946289,0.12243032455444336,0.11371517181396484,0.0,0.0,0.47267335653305054,0
1745923165.6767511,0.13200366497039795,0.10767292976379395,0.12315672636032104,0.1165304183959961,0.0,0.0,0.47936373949050903,0
1745923165.683267,0.13228821754455566,0.10167884826660156,0.12285870313644409,0.11607694625854492,0.0,0.0,0.47290271520614624,0
1745923165.6948304,0.13143467903137207,0.10300660133361816,0.12442326545715332,0.11384773254394531,0.0,0.0,0.47271227836608887,0
1745923165.706492,0.13116908073425293,0.10162210464477539,0.125149667263031,0.11465978622436523,0.0,0.0,0.47260063886642456,0
1745923165.7147245,0.128229022026062,0.0993647575378418,0.1258947253227234,0.11569929122924805,0.0,0.0,0.46918779611587524,0
1745923165.7255785,0.12832385301589966,0.09896636009216309,0.1260995864868164,0.11305379867553711,0.0,0.0,0.46644359827041626,0
1745923165.7454884,0.13179504871368408,0.09807491302490234,0.12298911809921265,0.1127328872680664,0.0,0.0,0.4655919671058655,0
1745923165.7487018,0.12946194410324097,0.10158395767211914,0.12108927965164185,0.11411190032958984,0.0,0.0,0.4662470817565918,0
1745923165.7593937,0.12663573026657104,0.10368943214416504,0.12086576223373413,0.11345052719116211,0.0,0.0,0.4646414518356323,0
1745923165.7716606,0.1294999122619629,0.1034998893737793,0.12263518571853638,0.11564254760742188,0.0,0.0,0.47127753496170044,0
1745923165.780732,0.128229022026062,0.10300660133361816,0.12289595603942871,0.11449003219604492,0.0,0.0,0.4686216115951538,0
1745923165.7943425,0.12602871656417847,0.10393619537353516,0.12053048610687256,0.11481094360351562,0.0,0.0,0.4653063416481018,0
1745923165.805182,0.12839972972869873,0.10497927665710449,0.12112653255462646,0.11390399932861328,0.0,0.0,0.46840953826904297,0
1745923165.8135533,0.13042932748794556,0.10253238677978516,0.12062358856201172,0.11346960067749023,0.0,0.0,0.46705490350723267,0
1745923165.825761,0.12874120473861694,0.10372757911682129,0.12099611759185791,0.11420631408691406,0.0,0.0,0.4676712155342102,0
1745923165.8408444,0.12896877527236938,0.10285496711730957,0.1204187273979187,0.1136016845703125,0.0,0.0,0.46584415435791016,0
1745923165.8475916,0.12896877527236938,0.10312056541442871,0.12187153100967407,0.1149435043334961,0.0,0.0,0.46890437602996826,0
1745923165.8749425,0.1291394829750061,0.10581398010253906,0.12054914236068726,0.11286497116088867,0.0,0.0,0.4683675765991211,0
1745923165.883748,0.12631326913833618,0.10276007652282715,0.12040013074874878,0.11071109771728516,0.0,0.0,0.46018457412719727,0
1745923165.883748,0.12726163864135742,0.10179281234741211,0.12013936042785645,0.11243057250976562,0.0,0.0,0.4616243839263916,0
1745923165.8958778,0.12860840559005737,0.10313940048217773,0.11931979656219482,0.11258172988891602,0.0,0.0,0.46364933252334595,0
1745923165.9104404,0.12657880783081055,0.1045999526977539,0.11803466081619263,0.11365842819213867,0.0,0.0,0.46287184953689575,0
1745923165.914525,0.12754619121551514,0.09834051132202148,0.11999034881591797,0.11422538757324219,0.0,0.0,0.4601024389266968,0
1745923165.9242446,0.1267874836921692,0.09881472587585449,0.11961781978607178,0.11467885971069336,0.0,0.0,0.4598988890647888,0
1745923165.9394133,0.12468200922012329,0.10103392601013184,0.11838853359222412,0.11380958557128906,0.0,0.0,0.4579140543937683,0
1745923165.9455998,0.12652188539505005,0.10059762001037598,0.11809051036834717,0.11346960067749023,0.0,0.0,0.4586796164512634,0
1745923165.957763,0.12650293111801147,0.103424072265625,0.11956197023391724,0.11265707015991211,0.0,0.0,0.4621460437774658,0
1745923165.972849,0.12580108642578125,0.10321521759033203,0.12125688791275024,0.11231708526611328,0.0,0.0,0.4625902771949768,0
1745923165.9833682,0.12625634670257568,0.10378432273864746,0.1204373836517334,0.11441421508789062,0.0,0.0,0.46489226818084717,0
1745923165.9931867,0.12563037872314453,0.10266518592834473,0.11762487888336182,0.11445236206054688,0.0,0.0,0.46037280559539795,0
1745923166.0019345,0.12392324209213257,0.10118579864501953,0.11810910701751709,0.1140742301940918,0.0,0.0,0.457292377948761,0
1745923166.0116055,0.12523210048675537,0.10205817222595215,0.11799740791320801,0.11254405975341797,0.0,0.0,0.4578317403793335,0
1745923166.0289073,0.12536484003067017,0.10126161575317383,0.11777389049530029,0.1145467758178711,0.0,0.0,0.4589471220970154,0
1745923166.0414214,0.12544071674346924,0.10164093971252441,0.11818361282348633,0.11426305770874023,0.0,0.0,0.4595283269882202,0
1745923166.0444572,0.12671160697937012,0.10272216796875,0.1174013614654541,0.11562347412109375,0.0,0.0,0.46245861053466797,0
1745923166.062906,0.12523210048675537,0.1013185977935791,0.11594855785369873,0.11683273315429688,0.0,0.0,0.4593319892883301,0
1745923166.0733018,0.12652188539505005,0.10325336456298828,0.11522215604782104,0.11619043350219727,0.0,0.0,0.46118783950805664,0
1745923166.087862,0.12849456071853638,0.10378432273864746,0.11443984508514404,0.11343193054199219,0.0,0.0,0.46015065908432007,0
1745923166.0904417,0.12593388557434082,0.10277915000915527,0.11445850133895874,0.11634159088134766,0.0,0.0,0.4595131278038025,0
1745923166.107379,0.12583905458450317,0.10298776626586914,0.11697298288345337,0.11789083480834961,0.0,0.0,0.4636906385421753,0
1745923166.1111038,0.12674951553344727,0.10188746452331543,0.11743861436843872,0.1152644157409668,0.0,0.0,0.4613400101661682,0
1745923166.1228592,0.1274513602256775,0.09909915924072266,0.11779248714447021,0.11456537246704102,0.0,0.0,0.4589083790779114,0
1745923166.132465,0.12693917751312256,0.09963035583496094,0.11719650030136108,0.11515140533447266,0.0,0.0,0.45891743898391724,0
1745923166.1450298,0.12521308660507202,0.10004758834838867,0.11766213178634644,0.1132049560546875,0.0,0.0,0.45612776279449463,0
1745923166.1539757,0.12445437908172607,0.10090112686157227,0.11687982082366943,0.11428213119506836,0.0,0.0,0.45651745796203613,0
1745923166.1663656,0.12631326913833618,0.10107183456420898,0.11334091424942017,0.11341285705566406,0.0,0.0,0.4541388750076294,0
1745923166.1780555,0.12625634670257568,0.10196352005004883,0.11669355630874634,0.1131296157836914,0.0,0.0,0.45804303884506226,0
1745923166.1881945,0.12479579448699951,0.10255146026611328,0.117215096950531,0.1127328872680664,0.0,0.0,0.4572952389717102,0
1745923166.2068558,0.1274513602256775,0.10074949264526367,0.11583679914474487,0.11331844329833984,0.0,0.0,0.4573560953140259,0
1745923166.2106035,0.12728065252304077,0.09953546524047852,0.11894726753234863,0.1132807731628418,0.0,0.0,0.4590441584587097,0
1745923166.2208178,0.12784969806671143,0.09735417366027832,0.11838853359222412,0.11103248596191406,0.0,0.0,0.45462489128112793,0
1745923166.2433128,0.1249854564666748,0.10158395767211914,0.11760622262954712,0.1128082275390625,0.0,0.0,0.45698386430740356,0
1745923166.2515473,0.12866532802581787,0.1056053638458252,0.11732685565948486,0.11218500137329102,0.0,0.0,0.46378254890441895,0
1745923166.2550967,0.12868428230285645,0.10389828681945801,0.11466336250305176,0.11029529571533203,0.0,0.0,0.45754122734069824,0
1745923166.2743442,0.12790656089782715,0.10110998153686523,0.11747586727142334,0.11231708526611328,0.0,0.0,0.458809494972229,0
1745923166.2856896,0.12864631414413452,0.10021829605102539,0.11624658107757568,0.11237382888793945,0.0,0.0,0.45748502016067505,0
1745923166.2939854,0.12657880783081055,0.09845423698425293,0.11768072843551636,0.11065435409545898,0.0,0.0,0.4533681273460388,0
1745923166.298551,0.12348699569702148,0.09782838821411133,0.11665630340576172,0.11067342758178711,0.0,0.0,0.44864511489868164,0
1745923166.311903,0.12657880783081055,0.09894752502441406,0.1173827052116394,0.10914278030395508,0.0,0.0,0.4520518183708191,0
1745923166.320341,0.127754807472229,0.10101509094238281,0.12006485462188721,0.1086893081665039,0.0,0.0,0.45752406120300293,0
1745923166.329931,0.12619942426681519,0.09925103187561035,0.12067949771881104,0.10795259475708008,0.0,0.0,0.45408254861831665,0
1745923166.34212,0.12657880783081055,0.09963035583496094,0.11639553308486938,0.11040878295898438,0.0,0.0,0.45301347970962524,0
1745923166.3528574,0.1255735158920288,0.09716439247131348,0.11656320095062256,0.11158037185668945,0.0,0.0,0.4508814811706543,0
1745923166.3646276,0.12752723693847656,0.09591269493103027,0.118705153465271,0.11112689971923828,0.0,0.0,0.4532719850540161,0
1745923166.3752532,0.128342866897583,0.09638690948486328,0.11697298288345337,0.10910511016845703,0.0,0.0,0.4508078694343567,0
1745923166.3861063,0.12809628248214722,0.09735417366027832,0.11406731605529785,0.10867071151733398,0.0,0.0,0.4481884837150574,0
1745923166.4061592,0.1264270544052124,0.10293078422546387,0.11525940895080566,0.1116933822631836,0.0,0.0,0.4563106298446655,0
1745923166.4087214,0.12796348333358765,0.10814714431762695,0.11453300714492798,0.11080551147460938,0.0,0.0,0.46144914627075195,0
1745923166.4186153,0.12574422359466553,0.10621237754821777,0.11734545230865479,0.10953950881958008,0.0,0.0,0.45884156227111816,0
1745923166.430136,0.1223868727684021,0.10219097137451172,0.11725234985351562,0.10906744003295898,0.0,0.0,0.4508976340293884,0
1745923166.441182,0.12343007326126099,0.1000666618347168,0.11620932817459106,0.10797119140625,0.0,0.0,0.44767725467681885,0
1745923166.452128,0.12453025579452515,0.09799909591674805,0.1162651777267456,0.1096339225769043,0.0,0.0,0.4484284520149231,0
1745923166.4617786,0.12492859363555908,0.0993647575378418,0.11682397127151489,0.10965299606323242,0.0,0.0,0.4507703185081482,0
1745923166.475197,0.12547868490219116,0.09771466255187988,0.11823952198028564,0.10560941696166992,0.0,0.0,0.4470422863960266,0
1745923166.484526,0.12441647052764893,0.09775257110595703,0.11825811862945557,0.105194091796875,0.0,0.0,0.4456212520599365,0
1745923166.4957745,0.1260666847229004,0.0999908447265625,0.11594855785369873,0.10853815078735352,0.0,0.0,0.45054423809051514,0
1745923166.5088356,0.1262943148612976,0.10037016868591309,0.11499863862991333,0.10942649841308594,0.0,0.0,0.45108962059020996,0
1745923166.5179963,0.1236577033996582,0.09538149833679199,0.11609756946563721,0.10961532592773438,0.0,0.0,0.4447520971298218,0
1745923166.5276606,0.12481474876403809,0.09247946739196777,0.11820226907730103,0.10714006423950195,0.0,0.0,0.44263654947280884,0
1745923166.543392,0.12707197666168213,0.09321904182434082,0.11848163604736328,0.10593080520629883,0.0,0.0,0.44470345973968506,0
1745923166.5518484,0.12741339206695557,0.09587454795837402,0.1183326244354248,0.1071023941040039,0.0,0.0,0.4487229585647583,0
1745923166.5634875,0.12688231468200684,0.09760069847106934,0.11771798133850098,0.10766887664794922,0.0,0.0,0.44986987113952637,0
1745923166.5767388,0.12591493129730225,0.09813189506530762,0.11574363708496094,0.10782003402709961,0.0,0.0,0.4476104974746704,0
1745923166.5839846,0.12564939260482788,0.0994405746459961,0.11624658107757568,0.10751771926879883,0.0,0.0,0.4488542675971985,0
1745923166.594702,0.12625634670257568,0.09779047966003418,0.11635833978652954,0.1082925796508789,0.0,0.0,0.4486977458000183,0
1745923166.6064672,0.12335419654846191,0.1001424789428711,0.11633968353271484,0.10942649841308594,0.0,0.0,0.4492628574371338,0
1745923166.617251,0.12447333335876465,0.09805607795715332,0.11717784404754639,0.10793352127075195,0.0,0.0,0.4476407766342163,0
1745923166.6274996,0.12204539775848389,0.09763860702514648,0.11702883243560791,0.1072535514831543,0.0,0.0,0.4439663887023926,0
1745923166.64036,0.12261444330215454,0.09879565238952637,0.11805325746536255,0.1080470085144043,0.0,0.0,0.44751036167144775,0
1745923166.6493888,0.1243215799331665,0.09760069847106934,0.11892867088317871,0.11038970947265625,0.0,0.0,0.4512406587600708,0
1745923166.6613958,0.12329733371734619,0.09519171714782715,0.11855614185333252,0.10961532592773438,0.0,0.0,0.44666051864624023,0
1745923166.6747446,0.12265241146087646,0.09579873085021973,0.11682397127151489,0.10819816589355469,0.0,0.0,0.44347327947616577,0
1745923166.682929,0.12549763917922974,0.09511590003967285,0.11674946546554565,0.10589313507080078,0.0,0.0,0.443256139755249,0
1745923166.6930683,0.12665468454360962,0.09462285041809082,0.11499863862991333,0.10570430755615234,0.0,0.0,0.4419804811477661,0
1745923166.708863,0.12231099605560303,0.09426236152648926,0.113955557346344,0.10628986358642578,0.0,0.0,0.43681877851486206,0
1745923166.7162142,0.12159019708633423,0.09388303756713867,0.11511039733886719,0.1090860366821289,0.0,0.0,0.439669668674469,0
1745923166.7287307,0.12204539775848389,0.09335184097290039,0.1145702600479126,0.10950183868408203,0.0,0.0,0.4394693374633789,0
1745923166.741968,0.12109702825546265,0.09409165382385254,0.115520179271698,0.1108999252319336,0.0,0.0,0.4416087865829468,0
1745923166.7483103,0.11855530738830566,0.0945279598236084,0.11857479810714722,0.10738563537597656,0.0,0.0,0.43904370069503784,0
1745923166.7592402,0.1201675534248352,0.09581780433654785,0.11745721101760864,0.10640335083007812,0.0,0.0,0.4398459196090698,0
1745923166.7755735,0.12018656730651855,0.09807491302490234,0.11607891321182251,0.10819816589355469,0.0,0.0,0.4425385594367981,0
1745923166.7821424,0.12177985906600952,0.10255146026611328,0.11589264869689941,0.10602521896362305,0.0,0.0,0.44624918699264526,0
1745923166.7946663,0.12301278114318848,0.10169792175292969,0.11633968353271484,0.10576057434082031,0.0,0.0,0.4468109607696533,0
1745923166.8093092,0.1202813982963562,0.09889054298400879,0.11658179759979248,0.1085195541381836,0.0,0.0,0.44427329301834106,0
1745923166.8146687,0.11779654026031494,0.09854912757873535,0.11579954624176025,0.10719680786132812,0.0,0.0,0.43934202194213867,0
1745923166.8263428,0.11948472261428833,0.10179281234741211,0.11606031656265259,0.1091618537902832,0.0,0.0,0.44649970531463623,0
1745923166.84128,0.11912435293197632,0.10241866111755371,0.11429083347320557,0.1103520393371582,0.0,0.0,0.4461858868598938,0
1745923166.8475313,0.11855530738830566,0.10274124145507812,0.11401146650314331,0.11006879806518555,0.0,0.0,0.44537681341171265,0
1745923166.8577342,0.12124878168106079,0.10376548767089844,0.11574363708496094,0.1095585823059082,0.0,0.0,0.45031648874282837,0
1745923166.8727682,0.12132465839385986,0.10109090805053711,0.11660045385360718,0.10846281051635742,0.0,0.0,0.4474788308143616,0
1745923166.8826442,0.12143844366073608,0.09841632843017578,0.11425358057022095,0.10957765579223633,0.0,0.0,0.44368600845336914,0
1745923166.8913698,0.11959850788116455,0.09517288208007812,0.11509174108505249,0.10989856719970703,0.0,0.0,0.4397616982460022,0
1745923166.907051,0.11785346269607544,0.09553313255310059,0.1162651777267456,0.10976648330688477,0.0,0.0,0.4394182562828064,0
1745923166.9130163,0.11984509229660034,0.09625411033630371,0.11574363708496094,0.11029529571533203,0.0,0.0,0.442138135433197,0
1745923166.926649,0.1197502613067627,0.09881472587585449,0.11382520198822021,0.10986089706420898,0.0,0.0,0.4422510862350464,0
1745923166.9406269,0.11904847621917725,0.0971076488494873,0.11306154727935791,0.10921859741210938,0.0,0.0,0.43843626976013184,0
1745923166.94672,0.11973130702972412,0.09887170791625977,0.11363893747329712,0.11163711547851562,0.0,0.0,0.44387906789779663,0
1745923166.9572253,0.12143844366073608,0.09856820106506348,0.11520349979400635,0.11033296585083008,0.0,0.0,0.445543110370636,0
1745923166.9684796,0.11993998289108276,0.10101509094238281,0.11363893747329712,0.1097097396850586,0.0,0.0,0.4443037509918213,0
1745923166.9804506,0.11891567707061768,0.09917521476745605,0.11168324947357178,0.11021995544433594,0.0,0.0,0.43999409675598145,0
1745923166.989804,0.12164711952209473,0.09974408149719238,0.1111803650856018,0.11337518692016602,0.0,0.0,0.44594675302505493,0
1745923167.001638,0.1203383207321167,0.10382223129272461,0.1141977310180664,0.10870838165283203,0.0,0.0,0.44706666469573975,0
1745923167.0166569,0.11690503358840942,0.1021721363067627,0.11406731605529785,0.1080470085144043,0.0,0.0,0.44119149446487427,0
1745923167.0232472,0.11783450841903687,0.09985804557800293,0.11479371786117554,0.10810375213623047,0.0,0.0,0.4405900239944458,0
1745923167.0344667,0.11737924814224243,0.10012340545654297,0.11147832870483398,0.11021995544433594,0.0,0.0,0.4392009377479553,0
1745923167.046341,0.1154634952545166,0.09807491302490234,0.11231648921966553,0.11165571212768555,0.0,0.0,0.43751060962677,0
1745923167.0595918,0.11847943067550659,0.09964942932128906,0.11196261644363403,0.1098794937133789,0.0,0.0,0.4399709701538086,0
1745923167.067382,0.12054693698883057,0.10255146026611328,0.11104995012283325,0.10940742492675781,0.0,0.0,0.4435557723045349,0
1745923167.0794203,0.12024343013763428,0.10238075256347656,0.10933637619018555,0.10982322692871094,0.0,0.0,0.4417837858200073,0
1745923167.089073,0.11963647603988647,0.10243773460388184,0.11119896173477173,0.11027669906616211,0.0,0.0,0.44354987144470215,0
1745923167.1000972,0.12149536609649658,0.10234284400939941,0.10995101928710938,0.11029529571533203,0.0,0.0,0.4440845251083374,0
1745923167.1131182,0.11938989162445068,0.10289287567138672,0.1104167103767395,0.10938835144042969,0.0,0.0,0.4420878291130066,0
1745923167.127131,0.11969339847564697,0.10203933715820312,0.11084508895874023,0.11093759536743164,0.0,0.0,0.443515419960022,0
1745923167.1337473,0.1188398003578186,0.10148930549621582,0.11142247915267944,0.11354541778564453,0.0,0.0,0.4452970027923584,0
1745923167.1441348,0.12009173631668091,0.10088229179382324,0.11010003089904785,0.11150455474853516,0.0,0.0,0.44257861375808716,0
1745923167.1558228,0.11861217021942139,0.10200142860412598,0.1096343994140625,0.11229801177978516,0.0,0.0,0.442546010017395,0
1745923167.16651,0.11627912521362305,0.10092020034790039,0.10929912328720093,0.10957765579223633,0.0,0.0,0.4360761046409607,0
1745923167.1783054,0.11724650859832764,0.10384130477905273,0.10983926057815552,0.11073017120361328,0.0,0.0,0.44165724515914917,0
1745923167.1886363,0.11827075481414795,0.1049034595489502,0.11132937669754028,0.10965299606323242,0.0,0.0,0.44415658712387085,0
1745923167.199359,0.11724650859832764,0.10289287567138672,0.11157149076461792,0.1074991226196289,0.0,0.0,0.4392099976539612,0
1745923167.2111616,0.11669641733169556,0.09883379936218262,0.1105843186378479,0.10821723937988281,0.0,0.0,0.4343317747116089,0
1745923167.221266,0.1167912483215332,0.0985112190246582,0.11125487089157104,0.1097097396850586,0.0,0.0,0.43626707792282104,0
1745923167.2350419,0.11641186475753784,0.10109090805053711,0.11142247915267944,0.11093759536743164,0.0,0.0,0.43986284732818604,0
1745923167.2441974,0.11586183309555054,0.10166001319885254,0.11276352405548096,0.10615777969360352,0.0,0.0,0.43644315004348755,0
1745923167.2540953,0.11508411169052124,0.1001424789428711,0.11006277799606323,0.1071023941040039,0.0,0.0,0.4323917627334595,0
1745923167.2653677,0.11644983291625977,0.09794211387634277,0.10725027322769165,0.11001205444335938,0.0,0.0,0.43165427446365356,0
1745923167.2764487,0.11460989713668823,0.09972524642944336,0.10920602083206177,0.11105108261108398,0.0,0.0,0.43459224700927734,0
1745923167.2877123,0.11633598804473877,0.09870100021362305,0.11086368560791016,0.11131572723388672,0.0,0.0,0.4372164011001587,0
1745923167.300007,0.11954164505004883,0.09938383102416992,0.10846096277236938,0.11176919937133789,0.0,0.0,0.439155638217926,0
1745923167.310735,0.11910533905029297,0.0993647575378418,0.10900110006332397,0.11110782623291016,0.0,0.0,0.4385790228843689,0
1745923167.3226986,0.11730337142944336,0.0992131233215332,0.11010003089904785,0.1111454963684082,0.0,0.0,0.4377620220184326,0
1745923167.3410118,0.11802417039871216,0.09906125068664551,0.10939228534698486,0.10867071151733398,0.0,0.0,0.4351484179496765,0
1745923167.3546944,0.11813801527023315,0.09881472587585449,0.10911285877227783,0.10925626754760742,0.0,0.0,0.4353218674659729,0
1745923167.3633344,0.11764484643936157,0.09970617294311523,0.10920602083206177,0.1103520393371582,0.0,0.0,0.4369090795516968,0
1745923167.3721964,0.11798626184463501,0.09947872161865234,0.10764145851135254,0.11018180847167969,0.0,0.0,0.4352882504463196,0
1745923167.375354,0.11485648155212402,0.09771466255187988,0.10801392793655396,0.10912418365478516,0.0,0.0,0.429709255695343,0
1745923167.3876214,0.11639291048049927,0.10031318664550781,0.10874038934707642,0.10912418365478516,0.0,0.0,0.43457067012786865,0
1745923167.3974226,0.11603254079818726,0.1013944149017334,0.11298704147338867,0.10700798034667969,0.0,0.0,0.437421977519989,0
1745923167.4092233,0.11726546287536621,0.0974111557006836,0.11160874366760254,0.10689449310302734,0.0,0.0,0.4331798553466797,0
1745923167.4200394,0.1184225082397461,0.09760069847106934,0.11244690418243408,0.1074991226196289,0.0,0.0,0.4359692335128784,0
1745923167.430267,0.11815696954727173,0.09845423698425293,0.11015594005584717,0.10906744003295898,0.0,0.0,0.4358345866203308,0
1745923167.4413557,0.1168481707572937,0.09621620178222656,0.11091959476470947,0.10819816589355469,0.0,0.0,0.4321821331977844,0
1745923167.4519918,0.11701887845993042,0.09492635726928711,0.11017453670501709,0.10540199279785156,0.0,0.0,0.4275217652320862,0
1745923167.4648662,0.1189536452293396,0.09464168548583984,0.10961580276489258,0.10602521896362305,0.0,0.0,0.42923635244369507,0
1745923167.4766598,0.12039518356323242,0.09488821029663086,0.11078917980194092,0.10619544982910156,0.0,0.0,0.43226802349090576,0
1745923167.4848144,0.12005376815795898,0.0939779281616211,0.1134154200553894,0.10574197769165039,0.0,0.0,0.4331890940666199,0
1745923167.4970193,0.11821383237838745,0.0916447639465332,0.11373209953308105,0.10451364517211914,0.0,0.0,0.42810434103012085,0
1745923167.512375,0.11828970909118652,0.09033584594726562,0.11293119192123413,0.10445690155029297,0.0,0.0,0.42601364850997925,0
1745923167.5210025,0.11916226148605347,0.09316229820251465,0.11380660533905029,0.10260534286499023,0.0,0.0,0.42873650789260864,0
1745923167.5402594,0.11644983291625977,0.09128427505493164,0.11404871940612793,0.10362577438354492,0.0,0.0,0.42540860176086426,0
1745923167.5412562,0.11582386493682861,0.09202408790588379,0.11211162805557251,0.10390901565551758,0.0,0.0,0.4238685965538025,0
1745923167.5532117,0.11715161800384521,0.0925741195678711,0.11365759372711182,0.10126399993896484,0.0,0.0,0.42464733123779297,0
1745923167.5620267,0.11893463134765625,0.09075331687927246,0.11401146650314331,0.09890222549438477,0.0,0.0,0.4226016402244568,0
1745923167.5741076,0.12026244401931763,0.09060144424438477,0.11462610960006714,0.1026620864868164,0.0,0.0,0.42815208435058594,0
1745923167.584429,0.11988306045532227,0.08830642700195312,0.11445850133895874,0.1032857894897461,0.0,0.0,0.4259337782859802,0
1745923167.5959756,0.11965543031692505,0.09018421173095703,0.11347132921218872,0.10430574417114258,0.0,0.0,0.4276167154312134,0
1745923167.6083212,0.11923813819885254,0.08936858177185059,0.11149698495864868,0.10549640655517578,0.0,0.0,0.4256001114845276,0
1745923167.6203427,0.11861217021942139,0.09386396408081055,0.11121761798858643,0.10562849044799805,0.0,0.0,0.4293222427368164,0
1745923167.6277146,0.11830872297286987,0.09498310089111328,0.11183226108551025,0.10564756393432617,0.0,0.0,0.4307716488838196,0
1745923167.6388917,0.11834663152694702,0.09282088279724121,0.11127346754074097,0.10428714752197266,0.0,0.0,0.42672812938690186,0
1745923167.6497588,0.11916226148605347,0.09132242202758789,0.11233514547348022,0.10230302810668945,0.0,0.0,0.42512285709381104,0
1745923167.6613545,0.11880189180374146,0.09060144424438477,0.1115342378616333,0.10237884521484375,0.0,0.0,0.42331641912460327,0
1745923167.6792488,0.11802417039871216,0.09166383743286133,0.11103135347366333,0.10466480255126953,0.0,0.0,0.42538416385650635,0
1745923167.6856668,0.11749309301376343,0.0923466682434082,0.11203712224960327,0.10513734817504883,0.0,0.0,0.42701423168182373,0
1745923167.6943698,0.11713266372680664,0.09026002883911133,0.11214888095855713,0.10341787338256836,0.0,0.0,0.42295944690704346,0
1745923167.709615,0.1184225082397461,0.09043073654174805,0.11406731605529785,0.10466480255126953,0.0,0.0,0.4275853633880615,0
1745923167.7157314,0.11925709247589111,0.09084820747375488,0.11213028430938721,0.10315322875976562,0.0,0.0,0.42538881301879883,0
1745923167.7266805,0.12020552158355713,0.08970999717712402,0.1137879490852356,0.10200071334838867,0.0,0.0,0.4257041811943054,0
1745923167.7449646,0.1196175217628479,0.09175848960876465,0.11484962701797485,0.10464620590209961,0.0,0.0,0.430871844291687,0
1745923167.7490044,0.11904847621917725,0.09301042556762695,0.11488687992095947,0.10523176193237305,0.0,0.0,0.4321775436401367,0
1745923167.7598882,0.1182328462600708,0.0917205810546875,0.11345267295837402,0.10441923141479492,0.0,0.0,0.42782533168792725,0
1745923167.7737985,0.11929506063461304,0.09431934356689453,0.11432808637619019,0.10481595993041992,0.0,0.0,0.4327584505081177,0
1745923167.7813888,0.11821383237838745,0.0957038402557373,0.11149698495864868,0.10417366027832031,0.0,0.0,0.42958831787109375,0
1745923167.7924728,0.11720854043960571,0.0924983024597168,0.1115155816078186,0.10421133041381836,0.0,0.0,0.4254337549209595,0
1745923167.8100557,0.11722749471664429,0.09137916564941406,0.11207437515258789,0.10464620590209961,0.0,0.0,0.42532724142074585,0
1745923167.8156776,0.11665844917297363,0.0882115364074707,0.11259591579437256,0.10309648513793945,0.0,0.0,0.42056238651275635,0
1745923167.8263476,0.11794829368591309,0.09020328521728516,0.11164599657058716,0.10277557373046875,0.0,0.0,0.42257314920425415,0
1745923167.840415,0.11610841751098633,0.09198617935180664,0.11218613386154175,0.10275650024414062,0.0,0.0,0.42303723096847534,0
1745923167.8480172,0.11722749471664429,0.09191036224365234,0.11142247915267944,0.10441923141479492,0.0,0.0,0.424979567527771,0
1745923167.8598585,0.11899155378341675,0.08887553215026855,0.11177635192871094,0.10224628448486328,0.0,0.0,0.4218897223472595,0
1745923167.874073,0.11718958616256714,0.08739590644836426,0.11235374212265015,0.10304021835327148,0.0,0.0,0.419979453086853,0
1745923167.880544,0.11681020259857178,0.08754754066467285,0.11110585927963257,0.10315322875976562,0.0,0.0,0.4186168313026428,0
1745923167.8936558,0.11923813819885254,0.08912205696105957,0.11064016819000244,0.10330438613891602,0.0,0.0,0.42230474948883057,0
1745923167.9077504,0.11925709247589111,0.08860993385314941,0.10989516973495483,0.10396575927734375,0.0,0.0,0.4217279553413391,0
1745923167.9138548,0.1190294623374939,0.08682680130004883,0.11011868715286255,0.10139608383178711,0.0,0.0,0.4173710346221924,0
1745923167.9267612,0.11643087863922119,0.0876615047454834,0.11414182186126709,0.10135841369628906,0.0,0.0,0.41959261894226074,0
1745923167.9416907,0.11515998840332031,0.08900809288024902,0.11421632766723633,0.10256767272949219,0.0,0.0,0.42095208168029785,0
1745923167.947674,0.11561524868011475,0.08900809288024902,0.11242824792861938,0.10124492645263672,0.0,0.0,0.4182965159416199,0
1745923167.9574416,0.11686712503433228,0.08840131759643555,0.1117205023765564,0.10118818283081055,0.0,0.0,0.41817712783813477,0
1745923167.976942,0.11747407913208008,0.09099984169006348,0.1134154200553894,0.10150957107543945,0.0,0.0,0.4233989119529724,0
1745923167.9810493,0.11789143085479736,0.0889134407043457,0.11557602882385254,0.10213327407836914,0.0,0.0,0.42451417446136475,0
1745923167.9912121,0.11603254079818726,0.08730101585388184,0.11399281024932861,0.10317230224609375,0.0,0.0,0.42049866914749146,0
1745923168.0082731,0.11586183309555054,0.08663725852966309,0.11337816715240479,0.1011505126953125,0.0,0.0,0.4170277714729309,0
1745923168.0128198,0.11614632606506348,0.08637166023254395,0.11205577850341797,0.10030031204223633,0.0,0.0,0.4148740768432617,0
1745923168.0245721,0.11709475517272949,0.08809781074523926,0.1126704216003418,0.1004323959350586,0.0,0.0,0.41829538345336914,0
1745923168.040544,0.11827075481414795,0.08593535423278809,0.11429083347320557,0.09922313690185547,0.0,0.0,0.41772007942199707,0
1745923168.0464854,0.11872601509094238,0.08671307563781738,0.11205577850341797,0.0998845100402832,0.0,0.0,0.41737937927246094,0
1745923168.0562012,0.11718958616256714,0.08874273300170898,0.11166459321975708,0.10279417037963867,0.0,0.0,0.4203910827636719,0
1745923168.0769725,0.11834663152694702,0.088287353515625,0.11240965127944946,0.10243558883666992,0.0,0.0,0.4214792251586914,0
1745923168.0791957,0.11781555414199829,0.08802175521850586,0.11339682340621948,0.10056495666503906,0.0,0.0,0.4197990894317627,0
1745923168.0900853,0.11849838495254517,0.08963418006896973,0.11589264869689941,0.09920454025268555,0.0,0.0,0.42322975397109985,0
1745923168.1098425,0.11946576833724976,0.09018421173095703,0.11356443166732788,0.0998845100402832,0.0,0.0,0.42309892177581787,0
1745923168.1118937,0.11754995584487915,0.09073424339294434,0.11242824792861938,0.09950685501098633,0.0,0.0,0.4202193021774292,0
1745923168.1232045,0.1184225082397461,0.09107565879821777,0.1111803650856018,0.10011148452758789,0.0,0.0,0.42079001665115356,0
1745923168.1338372,0.12092632055282593,0.0925741195678711,0.11263316869735718,0.10073471069335938,0.0,0.0,0.4268683195114136,0
1745923168.1480541,0.12035727500915527,0.09337091445922852,0.11091959476470947,0.10056495666503906,0.0,0.0,0.4252127408981323,0
1745923168.1576905,0.1167343258857727,0.08927369117736816,0.11296844482421875,0.10120725631713867,0.0,0.0,0.4201837182044983,0
1745923168.166534,0.1167912483215332,0.08974790573120117,0.11393696069717407,0.10124492645263672,0.0,0.0,0.42172104120254517,0
1745923168.177414,0.11627912521362305,0.09084820747375488,0.11157149076461792,0.09982776641845703,0.0,0.0,0.4185265898704529,0
1745923168.1888845,0.11662054061889648,0.09103775024414062,0.11386245489120483,0.09854316711425781,0.0,0.0,0.42006391286849976,0
1745923168.2099853,0.11608940362930298,0.09056353569030762,0.11306154727935791,0.09865665435791016,0.0,0.0,0.41837114095687866,0
1745923168.2127516,0.11569112539291382,0.08963418006896973,0.11201852560043335,0.10124492645263672,0.0,0.0,0.4185887575149536,0
1745923168.2226965,0.1147426962852478,0.09058260917663574,0.1109381914138794,0.09967660903930664,0.0,0.0,0.4159401059150696,0
1745923168.2331102,0.11415469646453857,0.09098076820373535,0.11235374212265015,0.09752273559570312,0.0,0.0,0.4150119423866272,0
1745923168.2461843,0.11633598804473877,0.09111356735229492,0.1118881106376648,0.0987696647644043,0.0,0.0,0.4181073307991028,0
1745923168.255523,0.11715161800384521,0.0957798957824707,0.11082643270492554,0.09926128387451172,0.0,0.0,0.4230192303657532,0
1745923168.2658885,0.11627912521362305,0.09845423698425293,0.1103980541229248,0.09820318222045898,0.0,0.0,0.42333459854125977,0
1745923168.2776825,0.11627912521362305,0.09471750259399414,0.11132937669754028,0.09786272048950195,0.0,0.0,0.4201887249946594,0
1745923168.2883208,0.11447715759277344,0.09509706497192383,0.11095684766769409,0.09937429428100586,0.0,0.0,0.4199053645133972,0
1745923168.2984097,0.11161291599273682,0.09623503684997559,0.109988272190094,0.09965801239013672,0.0,0.0,0.4174942374229431,0
1745923168.3104787,0.11231482028961182,0.09568500518798828,0.11026769876480103,0.09943103790283203,0.0,0.0,0.41769856214523315,0
1745923168.3205547,0.11055076122283936,0.0984354019165039,0.11034220457077026,0.09905338287353516,0.0,0.0,0.4183817505836487,0
1745923168.332037,0.11015236377716064,0.09598851203918457,0.11140382289886475,0.10211420059204102,0.0,0.0,0.419658899307251,0
1745923168.343257,0.11140429973602295,0.09371232986450195,0.1102304458618164,0.10175514221191406,0.0,0.0,0.41710221767425537,0
1745923168.3537765,0.1147996187210083,0.09528660774230957,0.10581612586975098,0.10133934020996094,0.0,0.0,0.4172416925430298,0
1745923168.3642962,0.11491340398788452,0.09746789932250977,0.10596513748168945,0.10300207138061523,0.0,0.0,0.421348512172699,0
1745923168.3777509,0.11388909816741943,0.09849214553833008,0.10736203193664551,0.10258674621582031,0.0,0.0,0.42233002185821533,0
1745923168.3869586,0.11377537250518799,0.09680414199829102,0.1067846417427063,0.09929895401000977,0.0,0.0,0.41666311025619507,0
1745923168.3980672,0.11352872848510742,0.09549522399902344,0.10501521825790405,0.09901571273803711,0.0,0.0,0.413054883480072,0
1745923168.4110692,0.11299765110015869,0.09486937522888184,0.10747379064559937,0.10013008117675781,0.0,0.0,0.4154708981513977,0
1745923168.4199483,0.11240959167480469,0.09422445297241211,0.1088707447052002,0.10088586807250977,0.0,0.0,0.41639065742492676,0
1745923168.4306533,0.1132822036743164,0.09623503684997559,0.10752969980239868,0.09878873825073242,0.0,0.0,0.4158356785774231,0
1745923168.4423745,0.11398398876190186,0.09240341186523438,0.10825610160827637,0.10135841369628906,0.0,0.0,0.41600191593170166,0
1745923168.4579065,0.11246657371520996,0.09253621101379395,0.10700815916061401,0.10290765762329102,0.0,0.0,0.41491860151290894,0
1745923168.4738758,0.11178362369537354,0.09505891799926758,0.10762280225753784,0.10126399993896484,0.0,0.0,0.4157293438911438,0
1745923168.4748802,0.1114422082901001,0.09471750259399414,0.10915011167526245,0.10130167007446289,0.0,0.0,0.4166114926338196,0
1745923168.487616,0.11148011684417725,0.09365534782409668,0.10676604509353638,0.10143375396728516,0.0,0.0,0.41333526372909546,0
1745923168.4971316,0.11212503910064697,0.09661436080932617,0.10523873567581177,0.10349369049072266,0.0,0.0,0.41747182607650757,0
1745923168.5103812,0.1114422082901001,0.09485030174255371,0.10879623889923096,0.10264301300048828,0.0,0.0,0.41773176193237305,0
1745923168.519209,0.11184060573577881,0.09198617935180664,0.1096530556678772,0.10330438613891602,0.0,0.0,0.41678422689437866,0
1745923168.5297842,0.11005759239196777,0.09107565879821777,0.10874038934707642,0.10468387603759766,0.0,0.0,0.4145575165748596,0
1745923168.5435774,0.10890054702758789,0.09350371360778809,0.10665428638458252,0.10372018814086914,0.0,0.0,0.41277873516082764,0
1745923168.5527306,0.10950744152069092,0.09132242202758789,0.109280526638031,0.10120725631713867,0.0,0.0,0.4113176465034485,0
1745923168.5630672,0.11119568347930908,0.09282088279724121,0.10719442367553711,0.1018686294555664,0.0,0.0,0.4130796194076538,0
1745923168.576778,0.11083531379699707,0.09473657608032227,0.10579746961593628,0.1034555435180664,0.0,0.0,0.414824903011322,0
1745923168.5851116,0.11178362369537354,0.09653854370117188,0.10458683967590332,0.1030588150024414,0.0,0.0,0.41596782207489014,0
1745923168.5967634,0.11174571514129639,0.09350371360778809,0.10713857412338257,0.0996389389038086,0.0,0.0,0.41202694177627563,0
1745923168.6101153,0.11303555965423584,0.0923466682434082,0.10508972406387329,0.10039472579956055,0.0,0.0,0.4108666777610779,0
1745923168.6209285,0.11081624031066895,0.0939018726348877,0.10523873567581177,0.10271883010864258,0.0,0.0,0.412675678730011,0
1745923168.6281621,0.11047482490539551,0.0943002700805664,0.10793948173522949,0.10054588317871094,0.0,0.0,0.41326045989990234,0
1745923168.6399946,0.11368048191070557,0.09526777267456055,0.10747379064559937,0.09895896911621094,0.0,0.0,0.4153810143470764,0
1745923168.6517131,0.11383223533630371,0.09524869918823242,0.10318988561630249,0.10098028182983398,0.0,0.0,0.4132511019706726,0
1745923168.6614728,0.11062657833099365,0.09450888633728027,0.10309672355651855,0.10133934020996094,0.0,0.0,0.4095715284347534,0
1745923168.6774821,0.11081624031066895,0.09289669990539551,0.10682189464569092,0.1030588150024414,0.0,0.0,0.4135936498641968,0
1745923168.6842678,0.11129045486450195,0.0945279598236084,0.10726892948150635,0.10351228713989258,0.0,0.0,0.4165996313095093,0
1745923168.6947544,0.10971617698669434,0.09306740760803223,0.10784631967544556,0.10222768783569336,0.0,0.0,0.4128575921058655,0
1745923168.7070956,0.11094903945922852,0.09553313255310059,0.10900110006332397,0.10084819793701172,0.0,0.0,0.4163314700126648,0
1745923168.7183204,0.11134743690490723,0.0938260555267334,0.10888934135437012,0.10132074356079102,0.0,0.0,0.41538357734680176,0
1745923168.7273018,0.10833144187927246,0.09394001960754395,0.1077532172203064,0.10264301300048828,0.0,0.0,0.4126676917076111,0
1745923168.7417111,0.1091470718383789,0.09196710586547852,0.10875898599624634,0.10041379928588867,0.0,0.0,0.41028696298599243,0
1745923168.7498868,0.11275100708007812,0.08860993385314941,0.10734343528747559,0.09903430938720703,0.0,0.0,0.40773868560791016,0
1745923168.760693,0.11113870143890381,0.08860993385314941,0.10650527477264404,0.09941244125366211,0.0,0.0,0.4056663513183594,0
1745923168.7767258,0.11153709888458252,0.08995652198791504,0.10576021671295166,0.10020589828491211,0.0,0.0,0.40745973587036133,0
1745923168.7838438,0.11246657371520996,0.08787012100219727,0.10751104354858398,0.1015472412109375,0.0,0.0,0.4093949794769287,0
