time,f1,f2,f3,f4,COPx,COPy,W,W_sync
1745923158.4422262,4.8853044509887695,4.689047336578369,11.782893180847168,20.031925201416016,-5.713283538818359,-11.284347534179688,41.3891716003418,0
1745923158.4756956,4.882743835449219,4.68491268157959,11.786561965942383,20.044692993164062,-5.719159126281738,-11.293427467346191,41.39891052246094,0
1745923158.476703,4.880069255828857,4.676395893096924,11.788928031921387,20.053436279296875,-5.7274346351623535,-11.30476188659668,41.39883041381836,0
1745923158.476703,4.878494739532471,4.672811031341553,11.78794002532959,20.055824279785156,-5.731597900390625,-11.30911636352539,41.39506912231445,0
1745923158.476703,4.875402927398682,4.66837215423584,11.788834571838379,20.063278198242188,-5.736832141876221,-11.316946983337402,41.39588928222656,0
1745923158.477714,4.871495723724365,4.668201446533203,11.793769836425781,20.082151412963867,-5.740996837615967,-11.325695991516113,41.415618896484375,0
1745923158.477714,4.875327110290527,4.668201446533203,11.80539321899414,20.105106353759766,-5.745919704437256,-11.33077621459961,41.45402908325195,0
1745923158.4832,4.878836154937744,4.671009063720703,11.817965507507324,20.128215789794922,-5.747686386108398,-11.334172248840332,41.49602508544922,0
1745923158.495274,4.883141994476318,4.675067901611328,11.833797454833984,20.152847290039062,-5.7470293045043945,-11.337075233459473,41.54485321044922,0
1745923158.5124445,4.885247707366943,4.675409317016602,11.849833488464355,20.175090789794922,-5.746768951416016,-11.344067573547363,41.5855827331543,0
1745923158.5184047,4.891355514526367,4.677306175231934,11.860822677612305,20.19159507751465,-5.748410224914551,-11.34422492980957,41.62107849121094,0
1745923158.5377018,4.895111083984375,4.680891036987305,11.865796089172363,20.2021484375,-5.749118804931641,-11.342123031616211,41.64394760131836,0
1745923158.5408468,4.894826412200928,4.6805877685546875,11.865870475769043,20.204710006713867,-5.750520706176758,-11.34319019317627,41.64599609375,0
1745923158.5550334,4.897121429443359,4.678558349609375,11.866317749023438,20.20815658569336,-5.754870891571045,-11.343888282775879,41.65015411376953,0
1745923158.5697594,4.9023566246032715,4.680549621582031,11.867230415344238,20.208677291870117,-5.755592346191406,-11.33860969543457,41.6588134765625,0
1745923158.5755806,4.903570652008057,4.68504524230957,11.87192440032959,20.210102081298828,-5.749556064605713,-11.33559799194336,41.6706428527832,0
1745923158.5866702,4.907079696655273,4.688592433929443,11.87589168548584,20.215051651000977,-5.747987270355225,-11.332191467285156,41.686614990234375,0
1745923158.6076741,4.910190582275391,4.691153049468994,11.880864143371582,20.225181579589844,-5.748955249786377,-11.331295013427734,41.70738983154297,0
1745923158.6110647,4.916279315948486,4.694605350494385,11.890531539916992,20.238006591796875,-5.7484307289123535,-11.329115867614746,41.73942184448242,0
1745923158.6239772,4.922159671783447,4.697583198547363,11.900924682617188,20.25418472290039,-5.749378681182861,-11.328411102294922,41.77485275268555,0
1745923158.652388,4.929386615753174,4.7009406089782715,11.911802291870117,20.271324157714844,-5.7508544921875,-11.326708793640137,41.813453674316406,0
1745923158.652388,4.934451103210449,4.705853462219238,11.92059326171875,20.285978317260742,-5.750286102294922,-11.324420928955078,41.84687805175781,0
1745923158.6574378,4.93843412399292,4.713118076324463,11.927242279052734,20.297822952270508,-5.747482776641846,-11.320012092590332,41.876617431640625,0
1745923158.6727521,4.9392499923706055,4.716285705566406,11.934003829956055,20.306894302368164,-5.744735240936279,-11.320596694946289,41.89643096923828,0
1745923158.6818514,4.942132949829102,4.717480659484863,11.936294555664062,20.314481735229492,-5.7474894523620605,-11.319732666015625,41.91039276123047,0
1745923158.691366,4.946021556854248,4.720174312591553,11.93737506866455,20.31760025024414,-5.748170852661133,-11.315627098083496,41.921173095703125,0
1745923158.7058816,4.949606418609619,4.720800399780273,11.938660621643066,20.31642723083496,-5.747910976409912,-11.312409400939941,41.92549133300781,0
1745923158.716606,4.951465129852295,4.7227349281311035,11.939573287963867,20.31991195678711,-5.7484564781188965,-11.310500144958496,41.933685302734375,0
1745923158.730713,4.953760623931885,4.723341941833496,11.94314956665039,20.3243408203125,-5.748655796051025,-11.310113906860352,41.94459533691406,0
1745923158.7442682,4.957383632659912,4.7241387367248535,11.946147918701172,20.32917594909668,-5.7500901222229,-11.30851936340332,41.95684814453125,0
1745923158.7504632,4.961366653442383,4.729279041290283,11.951735496520996,20.334529876708984,-5.746413707733154,-11.304025650024414,41.97690963745117,0
1745923158.7625818,4.962371826171875,4.732863903045654,11.954547882080078,20.337263107299805,-5.743253231048584,-11.301772117614746,41.98704528808594,0
1745923158.7731445,4.964838027954102,4.733926296234131,11.956634521484375,20.339305877685547,-5.743112564086914,-11.300012588500977,41.99470520019531,0
1745923158.7859285,4.970376491546631,4.737112998962402,11.960582733154297,20.343425750732422,-5.742498874664307,-11.295166969299316,42.011497497558594,0
1745923158.796098,4.976275444030762,4.743049621582031,11.96438217163086,20.344486236572266,-5.738368511199951,-11.28719425201416,42.028194427490234,0
1745923158.807314,4.982269763946533,4.750010967254639,11.967865943908691,20.348896026611328,-5.735495567321777,-11.279069900512695,42.049041748046875,0
1745923158.8205366,4.986537456512451,4.750561237335205,11.968982696533203,20.352399826049805,-5.7382731437683105,-11.276440620422363,42.05847930908203,0
1745923158.8373802,4.988149642944336,4.753994464874268,11.966822624206543,20.34864616394043,-5.736117362976074,-11.271202087402344,42.05760955810547,0
1745923158.8430085,4.987410068511963,4.75369119644165,11.96438217163086,20.340152740478516,-5.733429908752441,-11.269472122192383,42.04563522338867,0
1745923158.854791,4.985437393188477,4.75448751449585,11.958794593811035,20.328039169311523,-5.729813098907471,-11.266278266906738,42.026756286621094,0
1745923158.8707771,4.983578205108643,4.751965045928955,11.949816703796387,20.314308166503906,-5.730781078338623,-11.26438045501709,41.99966812133789,0
1745923158.8777838,4.978779315948486,4.745667457580566,11.944154739379883,20.298593521118164,-5.729508399963379,-11.267951965332031,41.967193603515625,0
1745923158.904384,4.971704483032227,4.742329120635986,11.934097290039062,20.283437728881836,-5.728477478027344,-11.27011489868164,41.93156814575195,0
1745923158.9054174,4.966772556304932,4.737606048583984,11.922325134277344,20.267972946166992,-5.730914115905762,-11.271225929260254,41.894676208496094,0
1745923158.917516,4.961347579956055,4.735083103179932,11.91152286529541,20.25391387939453,-5.731286525726318,-11.271574020385742,41.86186599731445,0
1745923158.9318125,4.958767890930176,4.732712268829346,11.904016494750977,20.242820739746094,-5.731971740722656,-11.271065711975098,41.83831787109375,0
1745923158.942066,4.955221176147461,4.730379104614258,11.902005195617676,20.23735237121582,-5.73067569732666,-11.27386474609375,41.82495880126953,0
1745923158.94903,4.948525428771973,4.726301193237305,11.898614883422852,20.23388671875,-5.731288433074951,-11.280585289001465,41.80732727050781,0
1745923158.961293,4.9420952796936035,4.724233627319336,11.89176082611084,20.2244873046875,-5.730055332183838,-11.283370971679688,41.78257751464844,0
1745923158.9704401,4.936935901641846,4.721179485321045,11.873042106628418,20.20779037475586,-5.735988616943359,-11.281478881835938,41.738948822021484,0
1745923158.9827409,4.930145263671875,4.716380596160889,11.863058090209961,20.192615509033203,-5.736219882965088,-11.284584999084473,41.70220184326172,0
1745923158.994135,4.925042629241943,4.710272789001465,11.855291366577148,20.176130294799805,-5.735920429229736,-11.287619590759277,41.6667366027832,0
1745923159.0055308,4.92276668548584,4.705587863922119,11.849908828735352,20.16442108154297,-5.736598968505859,-11.289027214050293,41.64268493652344,0
1745923159.0170772,4.915501594543457,4.703899383544922,11.844320297241211,20.155427932739258,-5.733800888061523,-11.292573928833008,41.61914825439453,0
1745923159.0306635,4.906396865844727,4.700201034545898,11.838732719421387,20.147802352905273,-5.7323760986328125,-11.299428939819336,41.59313201904297,0
1745923159.040394,4.899758338928223,4.693998336791992,11.83625602722168,20.143333435058594,-5.733467102050781,-11.30778694152832,41.57334518432617,0
1745923159.0517218,4.894712924957275,4.6869988441467285,11.829830169677734,20.1416015625,-5.7407355308532715,-11.315248489379883,41.55314254760742,0
1745923159.0639856,4.886632442474365,4.680606842041016,11.823887825012207,20.13591957092285,-5.743380546569824,-11.323800086975098,41.52704620361328,0
1745923159.076378,4.875118732452393,4.673892021179199,11.820535659790039,20.128620147705078,-5.741475582122803,-11.3355131149292,41.4981689453125,0
1745923159.0872514,4.86785364151001,4.669661998748779,11.815506935119629,20.122650146484375,-5.741905212402344,-11.341911315917969,41.47567367553711,0
1745923159.1037643,4.864932537078857,4.664920330047607,11.811147689819336,20.117412567138672,-5.744932174682617,-11.34565544128418,41.458412170410156,0
1745923159.109787,4.865482807159424,4.65989351272583,11.808409690856934,20.11585235595703,-5.750710487365723,-11.34814739227295,41.44963836669922,0
1745923159.1233308,4.865843296051025,4.657769203186035,11.805951118469238,20.111345291137695,-5.752216815948486,-11.347901344299316,41.44091033935547,0
1745923159.13879,4.865805149078369,4.659571170806885,11.806230545043945,20.108110427856445,-5.748764514923096,-11.34583568572998,41.439720153808594,0
1745923159.1453626,4.867815971374512,4.661581516265869,11.809863090515137,20.10543441772461,-5.7438130378723145,-11.34292221069336,41.44469451904297,0
1745923159.156925,4.869978427886963,4.662017822265625,11.809229850769043,20.097980499267578,-5.741130352020264,-11.339009284973145,41.439205169677734,0
1745923159.1742446,4.870205879211426,4.664350986480713,11.80539321899414,20.094802856445312,-5.74077033996582,-11.335373878479004,41.43475341796875,0
1745923159.179785,4.871344089508057,4.665526866912842,11.805858612060547,20.094745635986328,-5.740013599395752,-11.333662986755371,41.437477111816406,0
1745923159.191206,4.875744342803955,4.663801193237305,11.805131912231445,20.09967613220215,-5.74702262878418,-11.332557678222656,41.44435119628906,0
1745923159.2051828,4.874777317047119,4.666001319885254,11.808372497558594,20.103065490722656,-5.743894100189209,-11.333141326904297,41.45221710205078,0
1745923159.214969,4.879576206207275,4.668239593505859,11.809024810791016,20.103179931640625,-5.744178295135498,-11.32783317565918,41.46002197265625,0
1745923159.225252,4.88105583190918,4.669054985046387,11.810943603515625,20.1019287109375,-5.7420759201049805,-11.326199531555176,41.462982177734375,0
1745923159.2403164,4.879158973693848,4.668163776397705,11.809677124023438,20.099964141845703,-5.741758823394775,-11.327618598937988,41.45696258544922,0
1745923159.2510748,4.880846977233887,4.6682586669921875,11.808782577514648,20.101119995117188,-5.7439374923706055,-11.326290130615234,41.459007263183594,0
1745923159.2598708,4.884450912475586,4.670534610748291,11.809900283813477,20.103084564208984,-5.744163990020752,-11.322425842285156,41.46797180175781,0
1745923159.2748048,4.884887218475342,4.673152446746826,11.81064510345459,20.10589599609375,-5.743171691894531,-11.320876121520996,41.474578857421875,0
1745923159.2838342,4.885494232177734,4.672697067260742,11.809415817260742,20.10757064819336,-5.745765686035156,-11.320860862731934,41.47517776489258,0
1745923159.2966957,4.885835647583008,4.67273473739624,11.806882858276367,20.106821060180664,-5.747576713562012,-11.319798469543457,41.47227478027344,0
1745923159.307587,4.885589122772217,4.6746697425842285,11.806417465209961,20.110864639282227,-5.748419284820557,-11.319318771362305,41.4775390625,0
1745923159.3200185,4.886859893798828,4.6744232177734375,11.81049633026123,20.119781494140625,-5.750763893127441,-11.321553230285645,41.49156188964844,0
1745923159.3365555,4.891374111175537,4.67503023147583,11.816437721252441,20.128196716308594,-5.752370357513428,-11.32091236114502,41.51103973388672,0
1745923159.343165,4.892114162445068,4.676376819610596,11.823553085327148,20.139366149902344,-5.751873970031738,-11.323549270629883,41.531410217285156,0
1745923159.354792,4.892834663391113,4.677192687988281,11.832921981811523,20.150074005126953,-5.749719142913818,-11.32702922821045,41.55302429199219,0
1745923159.3707597,4.8949971199035645,4.6803789138793945,11.837913513183594,20.158510208129883,-5.748753547668457,-11.325995445251465,41.571800231933594,0
1745923159.3774052,4.896040439605713,4.6810808181762695,11.843072891235352,20.169872283935547,-5.750633239746094,-11.328482627868652,41.590065002441406,0
1745923159.3878226,4.898069858551025,4.678918361663818,11.846704483032227,20.177248001098633,-5.754471778869629,-11.331143379211426,41.6009407043457,0
1745923159.4051948,4.897766590118408,4.679051399230957,11.85212516784668,20.184181213378906,-5.75351095199585,-11.334147453308105,41.61312484741211,0
1745923159.4116478,4.896969795227051,4.677818298339844,11.854472160339355,20.189437866210938,-5.754990577697754,-11.337491035461426,41.61869812011719,0
1745923159.423274,4.898961544036865,4.677951335906982,11.859686851501465,20.193269729614258,-5.753768444061279,-11.337939262390137,41.62986755371094,0
1745923159.4370887,4.895850658416748,4.680511951446533,11.863468170166016,20.198701858520508,-5.7498674392700195,-11.34050464630127,41.63853454589844,0
1745923159.4481661,4.896286964416504,4.683053493499756,11.868459701538086,20.209177017211914,-5.7495927810668945,-11.341778755187988,41.65697479248047,0
1745923159.4588578,4.90017557144165,4.68312931060791,11.873320579528809,20.21562957763672,-5.751114845275879,-11.341323852539062,41.67225646972656,0
1745923159.471088,4.9021100997924805,4.683413982391357,11.876338005065918,20.220867156982422,-5.7522711753845215,-11.341516494750977,41.6827278137207,0
1745923159.481161,4.902963638305664,4.683793544769287,11.880398750305176,20.225488662719727,-5.7515974044799805,-11.342570304870605,41.69264221191406,0
1745923159.49286,4.903931140899658,4.68364143371582,11.882280349731445,20.230939865112305,-5.7536211013793945,-11.343636512756348,41.70079040527344,0
1745923159.506371,4.904974460601807,4.684438228607178,11.882894515991211,20.234867095947266,-5.755129814147949,-11.34325885772705,41.707176208496094,0
1745923159.5154965,4.902546405792236,4.684096813201904,11.883695602416992,20.23760223388672,-5.754922389984131,-11.346227645874023,41.70793914794922,0
1745923159.5285544,4.901939392089844,4.681801795959473,11.886173248291016,20.23906707763672,-5.755233287811279,-11.349390983581543,41.708980560302734,0
1745923159.5391033,4.902584552764893,4.682503700256348,11.883676528930664,20.240375518798828,-5.757725715637207,-11.34807014465332,41.70914077758789,0
1745923159.5511537,4.900782585144043,4.681896686553955,11.882559776306152,20.24334144592285,-5.75974178314209,-11.35036563873291,41.708580017089844,0
1745923159.5630016,4.898904800415039,4.681365489959717,11.882429122924805,20.241395950317383,-5.758239269256592,-11.351755142211914,41.70409393310547,0
1745923159.575101,4.896590709686279,4.680056571960449,11.881125450134277,20.239604949951172,-5.75816535949707,-11.353850364685059,41.6973762512207,0
1745923159.5862625,4.89338493347168,4.679108142852783,11.880380630493164,20.235580444335938,-5.755679130554199,-11.355969429016113,41.688453674316406,0
1745923159.5978823,4.896135330200195,4.675883769989014,11.878461837768555,20.232345581054688,-5.759584903717041,-11.355146408081055,41.68282699584961,0
1745923159.6085105,4.896780014038086,4.674726486206055,11.876487731933594,20.229379653930664,-5.76088285446167,-11.354398727416992,41.67737579345703,0
1745923159.6214406,4.8926262855529785,4.676888942718506,11.874792098999023,20.223716735839844,-5.755264759063721,-11.35424518585205,41.66802215576172,0
1745923159.637638,4.8917155265808105,4.675845623016357,11.872575759887695,20.22327423095703,-5.757184028625488,-11.355143547058105,41.66341018676758,0
1745923159.644335,4.891544818878174,4.676623344421387,11.871774673461914,20.222715377807617,-5.7568135261535645,-11.354358673095703,41.66265869140625,0
1745923159.6592293,4.895186901092529,4.678197860717773,11.873637199401855,20.223100662231445,-5.7561798095703125,-11.350829124450684,41.67012023925781,0
1745923159.675297,4.897121429443359,4.675713062286377,11.87499713897705,20.22726058959961,-5.760342597961426,-11.352533340454102,41.67509078979492,0
1745923159.6819432,4.8948073387146,4.678122043609619,11.874475479125977,20.229707717895508,-5.758885383605957,-11.3529052734375,41.6771125793457,0
1745923159.6903489,4.891241550445557,4.68068265914917,11.873786926269531,20.228261947631836,-5.754693031311035,-11.353193283081055,41.673973083496094,0
1745923159.7058327,4.890900135040283,4.679222106933594,11.87207317352295,20.223852157592773,-5.754727840423584,-11.35317325592041,41.666046142578125,0
1745923159.7138588,4.890103340148926,4.676661491394043,11.870359420776367,20.220674514770508,-5.756071090698242,-11.354647636413574,41.657798767089844,0
1745923159.7249048,4.886745929718018,4.672658920288086,11.866503715515137,20.216167449951172,-5.758239269256592,-11.358430862426758,41.64207458496094,0
1745923159.7387054,4.884071350097656,4.669017314910889,11.865293502807617,20.21377944946289,-5.759467601776123,-11.362503051757812,41.632164001464844,0
1745923159.7504349,4.885285377502441,4.668846607208252,11.868720054626465,20.21622657775879,-5.758785247802734,-11.363054275512695,41.639076232910156,0
1745923159.7613835,4.884754657745361,4.670079231262207,11.870992660522461,20.221290588378906,-5.758362770080566,-11.36420726776123,41.647117614746094,0
1745923159.7726707,4.883824825286865,4.670743465423584,11.870173454284668,20.2265682220459,-5.760811805725098,-11.36544418334961,41.651309967041016,0
1745923159.78649,4.883787155151367,4.6656975746154785,11.869669914245605,20.227664947509766,-5.765874862670898,-11.369532585144043,41.646820068359375,0
1745923159.7953134,4.881814479827881,4.666816711425781,11.87203598022461,20.227800369262695,-5.762069225311279,-11.370774269104004,41.648468017578125,0
1745923159.8067014,4.880410671234131,4.6656975746154785,11.870490074157715,20.226490020751953,-5.76278018951416,-11.372075080871582,41.643089294433594,0
1745923159.8182762,4.8770341873168945,4.662435054779053,11.868720054626465,20.22115707397461,-5.762209415435791,-11.375596046447754,41.62934494018555,0
1745923159.8296688,4.872406005859375,4.6580915451049805,11.862238883972168,20.213510513305664,-5.764432907104492,-11.379305839538574,41.60624694824219,0
1745923159.8424144,4.869693756103516,4.657257080078125,11.85620403289795,20.203458786010742,-5.763184547424316,-11.37834644317627,41.58661651611328,0
1745923159.852922,4.869447231292725,4.656858444213867,11.85046672821045,20.196718215942383,-5.764431953430176,-11.375960350036621,41.57349395751953,0
1745923159.869759,4.8708319664001465,4.655341148376465,11.847151756286621,20.19542694091797,-5.768406391143799,-11.374999046325684,41.56875228881836,0
1745923159.8761055,4.869693756103516,4.654544353485107,11.853521347045898,20.19804573059082,-5.764671325683594,-11.378586769104004,41.5758056640625,0
1745923159.8886285,4.870471477508545,4.657105445861816,11.8630952835083,20.206829071044922,-5.759932994842529,-11.380233764648438,41.59749984741211,0
1745923159.90432,4.872121810913086,4.660747051239014,11.871644973754883,20.221309661865234,-5.758663177490234,-11.381440162658691,41.625823974609375,0
1745923159.9119287,4.871381759643555,4.660614490509033,11.878592491149902,20.243379592895508,-5.764529228210449,-11.38881778717041,41.653968811035156,0
1745923159.9265966,4.8682332038879395,4.657484531402588,11.879169464111328,20.243783950805664,-5.765133857727051,-11.393927574157715,41.64867401123047,0
1745923159.9413617,4.865767478942871,4.652761459350586,11.87581729888916,20.238237380981445,-5.7674031257629395,-11.397468566894531,41.63258361816406,0
1745923159.9455473,4.8621063232421875,4.652514934539795,11.867621421813965,20.22726058959961,-5.766434192657471,-11.396085739135742,41.60950469970703,0
1745923159.957084,4.858673095703125,4.650883674621582,11.857768058776855,20.21210479736328,-5.7658209800720215,-11.394256591796875,41.579429626464844,0
1745923159.971598,4.853817462921143,4.644984722137451,11.84826946258545,20.200319290161133,-5.769428253173828,-11.39771842956543,41.547393798828125,0
1745923159.9823377,4.8514275550842285,4.6401286125183105,11.845121383666992,20.19831657409668,-5.773584842681885,-11.402179718017578,41.534996032714844,0
1745923159.992065,4.851768970489502,4.63897180557251,11.847542762756348,20.199548721313477,-5.773398399353027,-11.403660774230957,41.53783416748047,0
1745923160.004147,4.850061893463135,4.640261650085449,11.850504875183105,20.205825805664062,-5.7723870277404785,-11.406121253967285,41.546653747558594,0
1745923160.0154371,4.8523759841918945,4.643239498138428,11.85510540008545,20.214262008666992,-5.771980285644531,-11.405004501342773,41.564979553222656,0
1745923160.027285,4.8542914390563965,4.644719123840332,11.861102104187012,20.224525451660156,-5.7724175453186035,-11.406111717224121,41.58463668823242,0
1745923160.0402577,4.855714321136475,4.644946575164795,11.867267608642578,20.233808517456055,-5.772947311401367,-11.408387184143066,41.60173797607422,0
1745923160.0516708,4.859906196594238,4.647602081298828,11.870341300964355,20.239952087402344,-5.7738165855407715,-11.405179977416992,41.617801666259766,0
1745923160.0638409,4.861537456512451,4.6495747566223145,11.873339653015137,20.244247436523438,-5.77294921875,-11.404054641723633,41.628700256347656,0
1745923160.0748947,4.8625617027282715,4.6509785652160645,11.877176284790039,20.2476749420166,-5.771076202392578,-11.403839111328125,41.638389587402344,0
1745923160.0851946,4.859982013702393,4.650428295135498,11.885223388671875,20.253009796142578,-5.76646614074707,-11.409358024597168,41.648643493652344,0
1745923160.0978038,4.860835552215576,4.648190021514893,11.884217262268066,20.255647659301758,-5.770961761474609,-11.410812377929688,41.648887634277344,0
1745923160.1083503,4.862334251403809,4.649271488189697,11.882652282714844,20.253759384155273,-5.771144866943359,-11.408008575439453,41.64801788330078,0
1745923160.1204145,4.862258434295654,4.650751113891602,11.881162643432617,20.252412796020508,-5.770394325256348,-11.406262397766113,41.646583557128906,0
1745923160.131133,4.863073825836182,4.651073455810547,11.878424644470215,20.24987030029297,-5.771430492401123,-11.40416145324707,41.64244079589844,0
1745923160.1429036,4.865046501159668,4.649195671081543,11.877660751342773,20.249292373657227,-5.774317741394043,-11.403777122497559,41.641197204589844,0
1745923160.1546655,4.86451530456543,4.64949893951416,11.877381324768066,20.2480411529541,-5.773347854614258,-11.403602600097656,41.639434814453125,0
1745923160.1761434,4.8644585609436035,4.650068283081055,11.87514591217041,20.24409294128418,-5.772560119628906,-11.401778221130371,41.633766174316406,0
1745923160.1807728,4.868669509887695,4.6505231857299805,11.875388145446777,20.242782592773438,-5.773543834686279,-11.39790153503418,41.63736343383789,0
1745923160.1893973,4.874530792236328,4.653937339782715,11.877455711364746,20.2469425201416,-5.774446487426758,-11.392121315002441,41.65286636352539,0
1745923160.2046912,4.875782489776611,4.660747051239014,11.881926536560059,20.252084732055664,-5.76871395111084,-11.38807201385498,41.67053985595703,0
1745923160.213882,4.8774518966674805,4.662492275238037,11.885725975036621,20.25466537475586,-5.766489028930664,-11.386890411376953,41.680335998535156,0
1745923160.2261317,4.8786468505859375,4.662890434265137,11.887848854064941,20.254396438598633,-5.76494026184082,-11.386078834533691,41.68378448486328,0
1745923160.2405512,4.881529808044434,4.667386054992676,11.885706901550293,20.255956649780273,-5.765402793884277,-11.380212783813477,41.690582275390625,0
1745923160.2498121,4.883236885070801,4.668542861938477,11.881572723388672,20.25115966796875,-5.7661662101745605,-11.375926971435547,41.684513092041016,0
1745923160.2588818,4.884697437286377,4.672450542449951,11.87820053100586,20.23877716064453,-5.759905815124512,-11.368118286132812,41.67412567138672,0
1745923160.270232,4.889761924743652,4.676945686340332,11.875518798828125,20.234424591064453,-5.758818626403809,-11.359068870544434,41.67665100097656,0
1745923160.282712,4.893270969390869,4.679203033447266,11.876077651977539,20.230283737182617,-5.756198883056641,-11.353764533996582,41.6788330078125,0
1745923160.295606,4.900251388549805,4.682806968688965,11.877996444702148,20.225971221923828,-5.753150939941406,-11.34499454498291,41.68702697753906,0
1745923160.3062816,4.909280300140381,4.689085483551025,11.876096725463867,20.221830368041992,-5.752214431762695,-11.331721305847168,41.696292877197266,0
1745923160.319615,4.916981220245361,4.694358825683594,11.873842239379883,20.214935302734375,-5.750200271606445,-11.319540023803711,41.70011901855469,0
1745923160.3310435,4.926029205322266,4.702533721923828,11.872446060180664,20.20865821838379,-5.7461934089660645,-11.304414749145508,41.70966720581055,0
1745923160.3411,4.941943168640137,4.711979866027832,11.874289512634277,20.20311164855957,-5.7425923347473145,-11.283923149108887,41.7313232421875,0
1745923160.3516486,4.952907085418701,4.721388339996338,11.875723838806152,20.198835372924805,-5.737394332885742,-11.267507553100586,41.74885559082031,0
1745923160.364183,4.962542533874512,4.729203224182129,11.876282691955566,20.195831298828125,-5.734165668487549,-11.25345516204834,41.763858795166016,0
1745923160.3760824,4.970623016357422,4.736771583557129,11.874494552612305,20.191749572753906,-5.731627941131592,-11.240004539489746,41.77363967895508,0
1745923160.3867874,4.980050563812256,4.744055271148682,11.872184753417969,20.183565139770508,-5.728276252746582,-11.224656105041504,41.77985382080078,0
1745923160.4046054,4.993783473968506,4.751092433929443,11.874773979187012,20.176939010620117,-5.724294662475586,-11.207696914672852,41.79658889770508,0
1745923160.4096012,5.005903720855713,4.761828422546387,11.874773979187012,20.17426300048828,-5.720666885375977,-11.189468383789062,41.816768646240234,0
1745923160.420935,5.014515399932861,4.770591735839844,11.873824119567871,20.17462921142578,-5.719148635864258,-11.1759614944458,41.833560943603516,0
1745923160.438854,5.022634029388428,4.777742385864258,11.875462532043457,20.17306900024414,-5.715559959411621,-11.164239883422852,41.848907470703125,0
1745923160.4450958,5.028343200683594,4.785462379455566,11.876673698425293,20.166385650634766,-5.707847595214844,-11.152636528015137,41.85686492919922,0
1745923160.456119,5.036139011383057,4.798740386962891,11.875127792358398,20.157508850097656,-5.697825908660889,-11.134000778198242,41.867515563964844,0
1745923160.4721613,5.040084362030029,4.802192687988281,11.870322227478027,20.140329360961914,-5.691863536834717,-11.123136520385742,41.852928161621094,0
1745923160.4794998,5.044409275054932,4.804487705230713,11.866727828979492,20.126867294311523,-5.6880388259887695,-11.114028930664062,41.842491149902344,0
1745923160.4917572,5.049910068511963,4.809096813201904,11.862387657165527,20.117355346679688,-5.685682773590088,-11.102996826171875,41.838748931884766,0
1745923160.502931,5.0562262535095215,4.813042163848877,11.86115837097168,20.110422134399414,-5.683167457580566,-11.093191146850586,41.840850830078125,0
1745923160.5169394,5.062618732452393,4.819149971008301,11.86097240447998,20.109285354614258,-5.6812028884887695,-11.083292007446289,41.852027893066406,0
1745923160.5267923,5.069674968719482,4.824897289276123,11.867752075195312,20.11383056640625,-5.677310943603516,-11.076165199279785,41.876155853271484,0
1745923160.5429256,5.079348564147949,4.828634262084961,11.878313064575195,20.123903274536133,-5.6763386726379395,-11.070786476135254,41.91020202636719,0
1745923160.5489297,5.085721969604492,4.835728168487549,11.890661239624023,20.137786865234375,-5.671512126922607,-11.066701889038086,41.94989776611328,0
1745923160.562401,5.094655990600586,4.843865394592285,11.908523559570312,20.159221649169922,-5.666813850402832,-11.062960624694824,42.00626754760742,0
1745923160.5731022,5.109431743621826,4.854886054992676,11.939311981201172,20.193212509155273,-5.659250259399414,-11.058605194091797,42.096839904785156,0
1745923160.5835166,5.136878967285156,4.871596813201904,11.99502182006836,20.25322151184082,-5.647799015045166,-11.052328109741211,42.25672149658203,0
1745923160.6060293,5.173582077026367,4.895212173461914,12.070009231567383,20.35426902770996,-5.642181396484375,-11.048039436340332,42.493072509765625,0
1745923160.6071491,5.2122392654418945,4.924195289611816,12.155762672424316,20.487207412719727,-5.641633033752441,-11.048243522644043,42.77940368652344,0
1745923160.619197,5.252565383911133,4.954771995544434,12.238815307617188,20.62621307373047,-5.645971298217773,-11.046793937683105,43.072364807128906,0
1745923160.6308289,5.284185409545898,4.981194972991943,12.304414749145508,20.749542236328125,-5.65445613861084,-11.047262191772461,43.3193359375,0
1745923160.6421952,5.303684711456299,4.998076438903809,12.340716361999512,20.834413528442383,-5.666930675506592,-11.048184394836426,43.476890563964844,0
1745923160.6542459,5.307591915130615,5.008907318115234,12.35381031036377,20.8704833984375,-5.668937683105469,-11.048572540283203,43.540794372558594,0
1745923160.676388,5.3135480880737305,5.0153374671936035,12.36057186126709,20.881269454956055,-5.667323589324951,-11.04347038269043,43.57072448730469,0
1745923160.6774938,5.319693565368652,5.023095607757568,12.380109786987305,20.93419075012207,-5.676488876342773,-11.049792289733887,43.65708923339844,0
1745923160.6880114,5.318934917449951,5.036069393157959,12.403932571411133,20.95017433166504,-5.655914306640625,-11.049896240234375,43.70911407470703,0
1745923160.7044868,5.303760528564453,5.029904842376709,12.41607666015625,20.93767547607422,-5.637154579162598,-11.065470695495605,43.687416076660156,0
1745923160.710794,5.276901721954346,5.014673709869385,12.406968116760254,20.893150329589844,-5.619315147399902,-11.084207534790039,43.59169387817383,0
1745923160.7238677,5.243214130401611,4.99229097366333,12.3814697265625,20.826364517211914,-5.60460901260376,-11.104555130004883,43.443336486816406,0
1745923160.740655,5.201484203338623,4.965906620025635,12.342504501342773,20.74707794189453,-5.5927228927612305,-11.128056526184082,43.25697326660156,0
1745923160.74709,5.162125587463379,4.935842037200928,12.265170097351074,20.685625076293945,-5.624058246612549,-11.148041725158691,43.04875946044922,0
1745923160.7605166,5.128950119018555,4.911334991455078,12.260811805725098,20.66919708251953,-5.620814323425293,-11.186429977416992,42.97029495239258,0
1745923160.771669,5.09666633605957,4.892196178436279,12.269957542419434,20.681196212768555,-5.618066310882568,-11.229805946350098,42.94001770019531,0
1745923160.7831707,5.060380458831787,4.869358539581299,12.27439022064209,20.69182586669922,-5.61910343170166,-11.277661323547363,42.89595413208008,0
1745923160.7931113,5.024587631225586,4.841153144836426,12.26449966430664,20.686933517456055,-5.627749443054199,-11.32254695892334,42.817176818847656,0
1745923160.8048546,4.985589027404785,4.8110504150390625,12.24077033996582,20.66621208190918,-5.638854026794434,-11.364779472351074,42.70362091064453,0
1745923160.8163648,4.943479537963867,4.78013277053833,12.215532302856445,20.641197204589844,-5.647966384887695,-11.408913612365723,42.58034133911133,0
1745923160.8314757,4.916867256164551,4.750276565551758,12.20309066772461,20.635072708129883,-5.6642351150512695,-11.44778060913086,42.50531005859375,0
1745923160.8412976,4.902432918548584,4.728482246398926,12.21605396270752,20.670873641967773,-5.682451248168945,-11.486384391784668,42.517845153808594,0
1745923160.8508759,4.910740852355957,4.71996545791626,12.27034854888916,20.773576736450195,-5.704375743865967,-11.521544456481934,42.67462921142578,0
1745923160.8642726,4.9361958503723145,4.723987102508545,12.356436729431152,20.932552337646484,-5.7294020652771,-11.553305625915527,42.94917297363281,0
1745923160.8824828,4.960664749145508,4.734684944152832,12.452564239501953,21.104970932006836,-5.747474670410156,-11.585489273071289,43.25288391113281,0
1745923160.8877964,5.001522064208984,4.7523064613342285,12.554466247558594,21.280664443969727,-5.7654876708984375,-11.601729393005371,43.588958740234375,0
1745923160.9035456,5.057023048400879,4.778160095214844,12.666034698486328,21.474170684814453,-5.785871505737305,-11.606616973876953,43.97538757324219,0
1745923160.9091988,5.120035171508789,4.855663776397705,12.785574913024902,21.681676864624023,-5.771292209625244,-11.572648048400879,44.44294738769531,0
1745923160.9225621,5.1942572593688965,4.902818202972412,12.905617713928223,21.89203453063965,-5.7864251136779785,-11.553964614868164,44.89472961425781,0
1745923160.9393342,5.285740852355957,4.959798812866211,13.04259204864502,22.13174057006836,-5.804121971130371,-11.525894165039062,45.41987228393555,0
1745923160.9465487,5.403096675872803,5.0359368324279785,13.223485946655273,22.45125389099121,-5.825982093811035,-11.49222469329834,46.113773345947266,0
1745923160.955619,5.546894073486328,5.130322456359863,13.44800090789795,22.8498592376709,-5.852381229400635,-11.453596115112305,46.975074768066406,0
1745923160.9731328,5.695016384124756,5.226433753967285,13.936127662658691,23.288135528564453,-5.711340427398682,-11.472652435302734,48.145713806152344,0
1745923160.9796488,5.820699214935303,5.303842544555664,14.115288734436035,23.692346572875977,-5.775945663452148,-11.451462745666504,48.93217468261719,0
1745923160.9903712,5.917057037353516,5.366570472717285,14.24972915649414,24.000226974487305,-5.822869300842285,-11.432503700256348,49.53358459472656,0
1745923161.0045707,5.99913215637207,5.4180121421813965,14.366438865661621,24.234771728515625,-5.849546432495117,-11.413118362426758,50.01835632324219,0
1745923161.01472,6.077356815338135,5.46531867980957,14.48366928100586,24.450271606445312,-5.868101596832275,-11.39570426940918,50.47661590576172,0
1745923161.025617,6.162960052490234,5.516627311706543,14.612336158752441,24.673126220703125,-5.88245153427124,-11.374918937683105,50.965049743652344,0
1745923161.039117,6.257573127746582,5.577951431274414,14.753743171691895,24.914142608642578,-5.89321231842041,-11.348365783691406,51.50341033935547,0
1745923161.0485644,6.346116542816162,5.641494274139404,14.887123107910156,25.15190315246582,-5.90357780456543,-11.322656631469727,52.026634216308594,0
1745923161.0600598,6.429348468780518,5.701927185058594,15.006178855895996,25.52695655822754,-5.980310440063477,-11.325276374816895,52.66441345214844,0
1745923161.0716407,6.51324462890625,5.764256477355957,15.111618995666504,25.676496505737305,-5.969747066497803,-11.282690048217773,53.065616607666016,0
1745923161.082894,6.613775730133057,5.8292412757873535,15.210745811462402,25.821414947509766,-5.96661376953125,-11.227115631103516,53.47517776489258,0
1745923161.1061506,6.722216606140137,5.911334991455078,15.299050331115723,25.932071685791016,-5.948784351348877,-11.149216651916504,53.86467361450195,0
1745923161.1084387,6.820319652557373,5.987814903259277,15.339506149291992,25.94029426574707,-5.918735504150391,-11.054312705993652,54.08793640136719,0
1745923161.1178055,6.907781600952148,6.050921440124512,15.298454284667969,25.811342239379883,-5.887956142425537,-10.933778762817383,54.06849670410156,0
1745923161.1295888,6.980960845947266,6.155246257781982,15.180795669555664,25.567129135131836,-5.8261542320251465,-10.760980606079102,53.884132385253906,0
1745923161.1416204,7.051029205322266,6.2073140144348145,15.02169418334961,25.249080657958984,-5.791069984436035,-10.597243309020996,53.529117584228516,0
1745923161.153396,7.125991344451904,6.265754699707031,14.834616661071777,24.882097244262695,-5.750797748565674,-10.409345626831055,53.10845947265625,0
1745923161.1639528,7.2176642417907715,6.33608865737915,14.637462615966797,24.510723114013672,-5.713934421539307,-10.1985445022583,52.70193862915039,0
1745923161.1764314,7.3301262855529785,6.421160697937012,14.452378273010254,24.147802352905273,-5.671720504760742,-9.967757225036621,52.351470947265625,0
1745923161.1901035,7.475118637084961,6.522943496704102,14.053190231323242,23.76078987121582,-5.7607011795043945,-9.652857780456543,51.812042236328125,0
1745923161.204818,7.654481410980225,6.6483612060546875,13.778609275817871,23.2882137298584,-5.731792449951172,-9.305950164794922,51.369667053222656,0
1745923161.2121024,7.867189884185791,6.7980194091796875,13.43716049194336,22.687166213989258,-5.688906669616699,-8.872723579406738,50.78953552246094,0
1745923161.2230356,8.1261625289917,6.975769996643066,13.035198211669922,21.96147918701172,-5.631831169128418,-8.339345932006836,50.098609924316406,0
1745923161.237686,8.420984268188477,7.175276756286621,12.556981086730957,21.100446701049805,-5.565001487731934,-7.700632095336914,49.25368881225586,0
1745923161.2459085,8.749284744262695,7.399897575378418,12.007743835449219,20.108552932739258,-5.482292175292969,-6.947188377380371,48.265480041503906,0
1745923161.257767,9.063131332397461,7.631498336791992,11.356864929199219,18.954065322875977,-5.3782429695129395,-6.083159446716309,47.00556182861328,0
1745923161.2727013,9.305164337158203,7.8273820877075195,10.603638648986816,17.62043571472168,-5.243957996368408,-5.135350227355957,45.35662078857422,0
1745923161.2802155,9.452794075012207,7.969795227050781,9.804498672485352,16.191133499145508,-5.0750532150268555,-4.146506309509277,43.41822052001953,0
1745923161.2933278,9.505050659179688,8.04796314239502,9.011263847351074,14.772863388061523,-4.889627456665039,-3.165515899658203,41.33714294433594,0
1745923161.3050199,9.46163272857666,8.06590747833252,8.271316528320312,13.450481414794922,-4.690446853637695,-2.2440993785858154,39.24933624267578,0
1745923161.3153872,9.296306610107422,8.012853622436523,7.59572172164917,12.249387741088867,-4.474299430847168,-1.4333465099334717,37.15427017211914,0
1745923161.3285322,8.999284744262695,7.877533912658691,6.976134777069092,11.16613483428955,-4.2470855712890625,-0.7588558793067932,35.01908874511719,0
1745923161.3409758,8.549872398376465,7.659002304077148,6.405961990356445,10.187703132629395,-3.9885053634643555,-0.24634185433387756,32.80253982543945,0
1745923161.3505366,7.932079792022705,7.334021091461182,5.8492560386657715,9.269396781921387,-3.7028305530548096,0.10190700739622116,30.384754180908203,0
1745923161.3628798,7.161196231842041,6.348057270050049,5.278375625610352,8.364358901977539,-4.020899772644043,-0.10323744267225266,27.151987075805664,0
1745923161.3772974,6.248165130615234,5.6938276290893555,4.672310829162598,7.4320902824401855,-3.859010696411133,-0.14183270931243896,24.04639434814453,0
1745923161.3851697,5.247330188751221,4.977477073669434,4.02890157699585,6.460958003997803,-3.652169704437256,-0.26870277523994446,20.71466827392578,0
1745923161.3977804,4.209678649902344,4.218068599700928,3.3682262897491455,5.4607462882995605,-3.3816187381744385,-0.4882577657699585,17.2567195892334,0
1745923161.409069,3.203835964202881,3.445155382156372,2.0689470767974854,4.4651947021484375,-4.576908111572266,0.1829497516155243,13.183133125305176,0
1745923161.4219203,2.284830093383789,2.706289529800415,1.4902440309524536,3.5247795581817627,-4.5138397216796875,-0.05016826093196869,10.006142616271973,0
1745923161.4317307,1.513396143913269,2.0532736778259277,0.9979084134101868,2.669562339782715,-4.380581855773926,-0.2926146686077118,7.234140872955322,0
1745923161.4429588,0.9091472625732422,1.5047152042388916,0.600825309753418,1.3520914316177368,-0.9983435273170471,2.2167046070098877,4.366779327392578,0
1745923161.4549778,0.48319879174232483,1.081649899482727,0.3121255934238434,0.9061684608459473,0.04434940963983536,2.614902973175049,2.783142566680908,0
1745923161.471749,0.2096783071756363,0.7785959839820862,0.10988675802946091,0.5794342756271362,1.6585437059402466,3.742272138595581,1.6775952577590942,0
1745923161.4775376,0.03547495976090431,0.5600072145462036,0.02969491481781006,0.3522455096244812,0.0,0.0,0.9774225950241089,0
1745923161.4902582,0.10638771206140518,0.3767181634902954,0.12789006531238556,0.20384199917316437,0.0,0.0,0.8148379325866699,0
1745923161.5054789,0.19280652701854706,0.22256411612033844,0.19339698553085327,0.12056966125965118,0.0,0.0,0.7293372750282288,0
1745923161.512689,0.2012094110250473,0.1496126651763916,0.2064909189939499,0.09678581357002258,0.0,0.0,0.6540988683700562,0
1745923161.5247052,0.19343248009681702,0.14314453303813934,0.19429102540016174,0.09665101021528244,0.0,0.0,0.6275190711021423,0
1745923161.5385098,0.18967677652835846,0.13722647726535797,0.18974633514881134,0.09200979024171829,0.0,0.0,0.6086593866348267,0
1745923161.55147,0.18493475019931793,0.13517792522907257,0.1835811883211136,0.09041135758161545,0.0,0.0,0.5941052436828613,0
1745923161.5586288,0.1785045564174652,0.131422221660614,0.17762094736099243,0.0887359008193016,0.0,0.0,0.5762836337089539,0
1745923161.5717218,0.17632322013378143,0.13037897646427155,0.17134405672550201,0.08777298778295517,0.0,0.0,0.5658192038536072,0
1745923161.5820355,0.1735159307718277,0.12355046719312668,0.16683660447597504,0.08463390916585922,0.0,0.0,0.5485368967056274,0
1745923161.594526,0.17023444175720215,0.12298142164945602,0.16340945661067963,0.08182220906019211,0.0,0.0,0.5384475588798523,0
1745923161.6077893,0.1664028763771057,0.12210888415575027,0.1627948135137558,0.08066672086715698,0.0,0.0,0.5319733023643494,0
1745923161.6176865,0.16353869438171387,0.12201403826475143,0.1609136015176773,0.07908754795789719,0.0,0.0,0.5255538821220398,0
1745923161.6290624,0.16420258581638336,0.11899811029434204,0.1559777706861496,0.07978084683418274,0.0,0.0,0.5189592838287354,0
1745923161.6406963,0.16217298805713654,0.11602011322975159,0.1571325659751892,0.07758541405200958,0.0,0.0,0.5129110813140869,0
1745923161.655195,0.1609969586133957,0.11579249054193497,0.15137720108032227,0.07305974513292313,0.0,0.0,0.5012264251708984,0
1745923161.6634688,0.15640667080879211,0.11596320569515228,0.1463109850883484,0.07298271358013153,0.0,0.0,0.4916635751724243,0
1745923161.6749973,0.1511145681142807,0.11497686058282852,0.14659038186073303,0.07290567457675934,0.0,0.0,0.485587477684021,0
1745923161.6867323,0.15046964585781097,0.11533726006746292,0.1472795307636261,0.07215461134910583,0.0,0.0,0.4852410554885864,0
1745923161.7052124,0.15084901452064514,0.11363012343645096,0.1440945267677307,0.07113392651081085,0.0,0.0,0.47970759868621826,0
1745923161.7103715,0.15022306144237518,0.11188505589962006,0.14260445535182953,0.0704021155834198,0.0,0.0,0.4751146733760834,0
1745923161.7217884,0.1493126004934311,0.1116195023059845,0.14225056767463684,0.06710896641016006,0.0,0.0,0.4702916145324707,0
1745923161.739336,0.15168361365795135,0.11004514992237091,0.13789212703704834,0.06626160442829132,0.0,0.0,0.46588248014450073,0
1745923161.7445276,0.15046964585781097,0.10830008238554001,0.1344277411699295,0.06603050976991653,0.0,0.0,0.459227979183197,0
1745923161.7572083,0.14678983390331268,0.10759826004505157,0.13275142014026642,0.06726302951574326,0.0,0.0,0.45440253615379333,0
1745923161.7719223,0.14550000429153442,0.10553073137998581,0.13511689007282257,0.06572237610816956,0.0,0.0,0.45186999440193176,0
1745923161.7801561,0.1428065299987793,0.10462026298046112,0.13452085852622986,0.06333436071872711,0.0,0.0,0.445281982421875,0
1745923161.7922363,0.138652503490448,0.10482890903949738,0.13090744614601135,0.06395062804222107,0.0,0.0,0.438339501619339,0
1745923161.804377,0.14176326990127563,0.10575835406780243,0.13018104434013367,0.06450911611318588,0.0,0.0,0.442211776971817,0
1745923161.8147979,0.1409476399421692,0.1009025052189827,0.12651176750659943,0.06489427387714386,0.0,0.0,0.4332561492919922,0
1745923161.8278027,0.13800758123397827,0.10018172115087509,0.12518933415412903,0.0626988410949707,0.0,0.0,0.4260774850845337,0
1745923161.8398926,0.13753338158130646,0.0995178371667862,0.12692153453826904,0.06100412458181381,0.0,0.0,0.4249768853187561,0
1745923161.8492498,0.13713505864143372,0.09832283854484558,0.12466780841350555,0.06152409315109253,0.0,0.0,0.4216498136520386,0
1745923161.8653972,0.136490136384964,0.09894879162311554,0.122469961643219,0.06146632134914398,0.0,0.0,0.4193752408027649,0
1745923161.8727093,0.13595902919769287,0.09822800010442734,0.12358751147985458,0.059598274528980255,0.0,0.0,0.41737282276153564,0
1745923161.8861027,0.13734370470046997,0.09781070053577423,0.12317774444818497,0.05853907763957977,0.0,0.0,0.41687124967575073,0
1745923161.895547,0.13643322885036469,0.09997306764125824,0.12196706980466843,0.056671030819416046,0.0,0.0,0.4150443971157074,0
1745923161.9086177,0.1342518925666809,0.10046624392271042,0.11976922303438187,0.05642067641019821,0.0,0.0,0.410908043384552,0
1745923161.9199655,0.13150151073932648,0.09904363006353378,0.11734787374734879,0.058519817888736725,0.0,0.0,0.406412810087204,0
1745923161.9316707,0.13102731108665466,0.09765895456075668,0.11753413081169128,0.058693140745162964,0.0,0.0,0.4049135446548462,0
1745923161.9427557,0.13224127888679504,0.09642602503299713,0.11634208261966705,0.05642067641019821,0.0,0.0,0.40143007040023804,0
1745923161.9556155,0.1299271583557129,0.09494651108980179,0.11678909510374069,0.05584292858839035,0.0,0.0,0.3975057005882263,0
1745923161.9710433,0.12941502034664154,0.09462405741214752,0.11760863661766052,0.05414821207523346,0.0,0.0,0.39579594135284424,0
1745923161.976751,0.13000303506851196,0.09496548026800156,0.11617444455623627,0.054225243628025055,0.0,0.0,0.39536818861961365,0
1745923161.989911,0.13007891178131104,0.0930686667561531,0.11634208261966705,0.05505334585905075,0.0,0.0,0.39454299211502075,0
1745923162.006488,0.12759408354759216,0.09187367558479309,0.11272867769002914,0.05310826748609543,0.0,0.0,0.385304719209671,0
1745923162.0124278,0.12664566934108734,0.09200645238161087,0.11041907966136932,0.05385933816432953,0.0,0.0,0.38293057680130005,0
1745923162.0240743,0.12772685289382935,0.09382739663124084,0.1115180030465126,0.0512017086148262,0.0,0.0,0.3842739462852478,0
1745923162.0376313,0.1252230554819107,0.09308763593435287,0.11107098311185837,0.05089358240365982,0.0,0.0,0.38027524948120117,0
1745923162.0461311,0.12761303782463074,0.09050796926021576,0.1107543408870697,0.05295420438051224,0.0,0.0,0.38182955980300903,0
1745923162.0588765,0.12584900856018066,0.09067868441343307,0.11103373020887375,0.05416747182607651,0.0,0.0,0.3817289173603058,0
1745923162.0731535,0.12454021722078323,0.08876290172338486,0.11121998727321625,0.054051920771598816,0.0,0.0,0.37857502698898315,0
1745923162.0830333,0.12560242414474487,0.09050796926021576,0.10857512801885605,0.0512017086148262,0.0,0.0,0.3758872151374817,0
1745923162.0927258,0.1251092553138733,0.09012860804796219,0.108668252825737,0.04985363781452179,0.0,0.0,0.37375974655151367,0
1745923162.106645,0.12531790137290955,0.08660053461790085,0.10850062221288681,0.052106842398643494,0.0,0.0,0.3725259304046631,0
1745923162.116779,0.12560242414474487,0.08455197513103485,0.1071595624089241,0.05029657483100891,0.0,0.0,0.36761054396629333,0
1745923162.1286972,0.12482473999261856,0.08320523798465729,0.10907801985740662,0.04987289756536484,0.0,0.0,0.3669809103012085,0
1745923162.1400177,0.12408498674631119,0.08358459919691086,0.1099906861782074,0.05095135420560837,0.0,0.0,0.3686116337776184,0
1745923162.1514983,0.12472990155220032,0.08620220422744751,0.11006518453359604,0.0497380867600441,0.0,0.0,0.37073537707328796,0
1745923162.1643045,0.12233991175889969,0.08555728942155838,0.10868687927722931,0.04831298440694809,0.0,0.0,0.36489707231521606,0
1745923162.176527,0.12015858292579651,0.08381222188472748,0.10579988360404968,0.048967763781547546,0.0,0.0,0.3587384819984436,0
1745923162.1867764,0.12116388976573944,0.0836794450879097,0.10468233376741409,0.04706120491027832,0.0,0.0,0.35658687353134155,0
1745923162.1976676,0.12015858292579651,0.08092906326055527,0.10453332960605621,0.047619692981243134,0.0,0.0,0.3532406687736511,0
1745923162.2105713,0.12160015851259232,0.08176366239786148,0.10360203683376312,0.045597583055496216,0.0,0.0,0.35256344079971313,0
1745923162.2214482,0.12199848890304565,0.08273103833198547,0.10237273573875427,0.0466567799448967,0.0,0.0,0.3537590503692627,0
1745923162.237824,0.11903946101665497,0.0829586535692215,0.10201884806156158,0.04723452776670456,0.0,0.0,0.351251482963562,0
1745923162.2446597,0.12002580612897873,0.08123255521059036,0.1029873862862587,0.04619458317756653,0.0,0.0,0.3504403233528137,0
1745923162.2562587,0.11951366066932678,3.870171308517456,0.10192571580410004,0.04677233099937439,25.74983787536621,19.49087905883789,4.138383388519287,0
1745923162.2781265,0.11894461512565613,0.08108080923557281,0.10069641470909119,0.047273047268390656,0.0,0.0,0.347994863986969,0
1745923162.2887383,0.11778756231069565,0.08768171817064285,0.09915047883987427,0.05181797593832016,0.0,0.0,0.3564377427101135,0
1745923162.2995615,0.1024044081568718,0.1544305682182312,0.09622623026371002,0.12103185057640076,0.0,0.0,0.4740930497646332,0
1745923162.313388,0.01728452369570732,0.290147602558136,0.05603178218007088,0.24570930004119873,0.0,0.0,0.6091731786727905,0
1745923162.3229835,0.21872611343860626,0.43371739983558655,0.006487179547548294,0.330291211605072,0.0,0.0,0.9892219305038452,0
1745923162.3384995,0.4575728476047516,0.7018699049949646,0.03970477730035782,0.5363537073135376,-4.071360111236572,7.059095859527588,1.7355012893676758,0
1745923162.3448443,0.8409568071365356,0.9636491537094116,0.16080965101718903,0.7964738607406616,-5.200502395629883,6.442607879638672,2.7618894577026367,0
1745923162.3559027,1.2610819339752197,1.2682583332061768,0.2763826847076416,1.1479548215866089,-6.12166166305542,5.86923360824585,3.9536776542663574,0
1745923162.3730748,1.7692952156066895,1.6002955436706543,0.4226323962211609,1.5193679332733154,-6.6723103523254395,5.64414644241333,5.311591148376465,0
1745923162.3823068,2.3890597820281982,2.0300755500793457,0.5677645206451416,1.9398317337036133,-6.997448921203613,5.795275688171387,6.926731109619141,0
1745923162.3914258,3.150820255279541,2.472583055496216,0.747205376625061,2.3758366107940674,-7.384979724884033,6.003305912017822,8.746445655822754,0
1745923162.4084141,3.9215524196624756,2.8922340869903564,0.9221388101577759,2.840151309967041,-7.803012371063232,6.0590925216674805,10.57607650756836,0
1745923162.41215,4.698923587799072,3.310728073120117,1.1131277084350586,3.3389573097229004,-8.120272636413574,5.995062351226807,12.461736679077148,0
1745923162.423003,5.519352436065674,3.7601401805877686,1.3284045457839966,3.8710415363311768,-8.319103240966797,5.917627811431885,14.478938102722168,0
1745923162.4391396,6.397690773010254,4.229544639587402,1.5705584287643433,4.441218376159668,-8.479263305664062,5.825143814086914,16.63901138305664,0
1745923162.4482446,7.333369731903076,4.71622896194458,1.8312263488769531,5.061370372772217,-8.643346786499023,5.717237949371338,18.942195892333984,0
1745923162.4577549,8.29361343383789,5.2080159187316895,2.1125874519348145,5.722118377685547,-8.78611946105957,5.577592849731445,21.336334228515625,0
1745923162.4731991,9.279292106628418,5.708907127380371,2.4153308868408203,6.430087089538574,-8.911108016967773,5.412456035614014,23.8336181640625,0
1745923162.4810128,10.266868591308594,6.194301605224609,2.7427165508270264,7.192229747772217,-9.039899826049805,5.192078113555908,26.396116256713867,0
1745923162.490924,11.25256633758545,6.663118362426758,3.0845370292663574,8.060234069824219,-9.216100692749023,4.892874240875244,29.060455322265625,0
1745923162.5052133,12.248905181884766,7.119377613067627,3.4673900604248047,9.015265464782715,-9.386453628540039,4.539840221405029,31.850936889648438,0
1745923162.5146253,13.225480079650879,7.560956001281738,3.8778092861175537,9.994986534118652,-9.518030166625977,4.188968658447266,34.65923309326172,0
1745923162.5257041,14.130449295043945,7.973778247833252,4.6868577003479,10.896269798278809,-9.187439918518066,3.6336612701416016,37.687355041503906,0
1745923162.5378623,14.948033332824707,8.353938102722168,5.037041187286377,11.680366516113281,-9.261706352233887,3.4552221298217773,40.019378662109375,0
1745923162.5466099,15.728495597839355,8.73019027709961,5.376421928405762,12.434978485107422,-9.31136417388916,3.3024063110351562,42.27008819580078,0
1745923162.558646,16.4947509765625,9.108813285827637,5.750409126281738,13.25739860534668,-9.34743595123291,3.1048336029052734,44.61137390136719,0
1745923162.571952,17.248394012451172,9.486886024475098,6.1705322265625,14.183293342590332,-9.379653930664062,2.845892906188965,47.08910369873047,0
1745923162.5808907,17.982118606567383,9.8673677444458,6.639753341674805,15.210928916931152,-9.400487899780273,2.534698009490967,49.700172424316406,0
1745923162.5931137,18.641033172607422,10.226168632507324,7.144716739654541,16.30537223815918,-9.40634536743164,2.174412965774536,52.317291259765625,0
1745923162.607512,19.180753707885742,10.535538673400879,7.6749186515808105,17.430356979370117,-9.39809513092041,1.7663004398345947,54.821571350097656,0
1745923162.6168673,19.604576110839844,10.78356647491455,8.197875022888184,18.541439056396484,-9.393172264099121,1.3413052558898926,57.12745666503906,0
1745923162.6298,19.953306198120117,10.9847993850708,8.68270492553711,19.55048942565918,-9.386579513549805,0.9599781036376953,59.171302795410156,0
1745923162.6412377,20.236177444458008,11.145459175109863,9.068705558776855,20.330522537231445,-9.37582778930664,0.6849296689033508,60.78086853027344,0
1745923162.651335,20.450347900390625,11.256290435791016,9.316335678100586,20.845083236694336,-9.378645896911621,0.5244969129562378,61.86805725097656,0
1745923162.6621318,20.596193313598633,11.323930740356445,9.441463470458984,21.148283004760742,-9.397144317626953,0.4469362795352936,62.50987243652344,0
1745923162.6736968,20.705638885498047,11.360729217529297,9.514551162719727,21.38043975830078,-9.432807922363281,0.39069870114326477,62.96135711669922,0
1745923162.6850474,20.80389404296875,11.39409351348877,9.608630180358887,21.668716430664062,-9.470715522766113,0.3045816123485565,63.47533416748047,0
1745923162.6962821,20.90235710144043,11.43062686920166,9.745343208312988,22.043729782104492,-9.506296157836914,0.1781310737133026,64.12205505371094,0
1745923162.7083628,21.008939743041992,11.501263618469238,9.91673755645752,22.471782684326172,-9.518771171569824,0.03937497362494469,64.89872741699219,0
1745923162.7211,21.10237693786621,11.518013000488281,10.086325645446777,22.852188110351562,-9.545710563659668,-0.10190194845199585,65.55890655517578,0
1745923162.7391832,21.161651611328125,11.516286849975586,10.200855255126953,23.106088638305664,-9.569110870361328,-0.2001839280128479,65.9848861694336,0
1745923162.7442331,21.184528350830078,11.499120712280273,10.276905059814453,23.24996566772461,-9.58211898803711,-0.2674453556537628,66.21051788330078,0
1745923162.7551377,21.193803787231445,11.480360984802246,10.298901557922363,23.353517532348633,-9.611616134643555,-0.3097307085990906,66.32658386230469,0
1745923162.7716992,21.197425842285156,11.463175773620605,10.316744804382324,23.447362899780273,-9.638225555419922,-0.3488699793815613,66.42471313476562,0
1745923162.7801766,21.190824508666992,11.441267967224121,10.331310272216797,23.521738052368164,-9.661099433898926,-0.3856520652770996,66.48513793945312,0
1745923162.789448,21.157819747924805,11.411544799804688,10.344963073730469,23.58656120300293,-9.678975105285645,-0.4301499128341675,66.50089263916016,0
1745923162.808782,21.084945678710938,11.366286277770996,10.361019134521484,23.65877914428711,-9.69534683227539,-0.49555230140686035,66.47103118896484,0
1745923162.8139913,20.988378524780273,11.30720043182373,10.398698806762695,23.75899887084961,-9.70849609375,-0.5884518623352051,66.45327758789062,0
1745923162.8258579,20.89731216430664,11.250694274902344,10.45783519744873,23.910715103149414,-9.723684310913086,-0.7010495066642761,66.51655578613281,0
1745923162.8389444,20.796951293945312,11.188763618469238,10.505908966064453,24.065549850463867,-9.746496200561523,-0.8158489465713501,66.55717468261719,0
1745923162.850085,20.66796875,11.11404800415039,10.521964073181152,24.156333923339844,-9.769320487976074,-0.9151616096496582,66.46031188964844,0
1745923162.860725,20.512392044067383,11.031044006347656,10.520920753479004,24.196813583374023,-9.785561561584473,-1.0060232877731323,66.26116943359375,0
1745923162.8735273,20.342552185058594,10.944150924682617,10.519710540771484,24.21946144104004,-9.795374870300293,-1.0980830192565918,66.02587127685547,0
1745923162.884316,20.179065704345703,10.854336738586426,10.531947135925293,24.255916595458984,-9.804787635803223,-1.1978458166122437,65.8212661743164,0
1745923162.8949218,20.039649963378906,10.77960205078125,10.57968521118164,24.355791091918945,-9.809366226196289,-1.3145936727523804,65.75473022460938,0
1745923162.9102576,19.91152000427246,10.71144962310791,10.636382102966309,24.491233825683594,-9.817977905273438,-1.4387335777282715,65.7505874633789,0
1745923162.918189,19.794429779052734,10.645554542541504,10.68747329711914,24.62355613708496,-9.830704689025879,-1.5557467937469482,65.75101470947266,0
1745923162.929264,19.67282485961914,10.588043212890625,10.734223365783691,24.7541446685791,-9.839380264282227,-1.6696394681930542,65.74923706054688,0
1745923162.9425485,19.54837417602539,10.461771965026855,10.77989387512207,24.875511169433594,-9.88497257232666,-1.8053663969039917,65.6655502319336,0
1745923162.9515445,19.45374298095703,10.420820236206055,10.842066764831543,25.021276473999023,-9.886834144592285,-1.9131178855895996,65.73790740966797,0
1745923162.9651222,19.371932983398438,10.383793830871582,11.032646179199219,25.224275588989258,-9.83195686340332,-2.0681653022766113,66.01264953613281,0
1745923162.9763074,19.297407150268555,10.348285675048828,11.134193420410156,25.697681427001953,-9.903386116027832,-2.2700862884521484,66.47756958007812,0
1745923162.98742,19.21588134765625,10.308585166931152,11.230525970458984,25.92731475830078,-9.911389350891113,-2.4039485454559326,66.68231201171875,0
1745923163.0052643,19.126977920532227,10.265811920166016,11.333620071411133,26.171951293945312,-9.91931438446045,-2.546674966812134,66.89836120605469,0
1745923163.0113647,19.03689956665039,10.225011825561523,11.439098358154297,26.412891387939453,-9.92341423034668,-2.687843084335327,67.11390686035156,0
1745923163.0233808,18.950157165527344,10.184211730957031,11.532505989074707,26.629295349121094,-9.928597450256348,-2.8170406818389893,67.29617309570312,0
1745923163.0389872,18.876712799072266,10.151719093322754,11.625150680541992,26.840885162353516,-9.931783676147461,-2.9363842010498047,67.49446105957031,0
1745923163.0451765,18.798412322998047,10.1217679977417,11.709115982055664,27.04161262512207,-9.934196472167969,-3.050668478012085,67.67090606689453,0
1745923163.0570722,18.70224380493164,10.079602241516113,11.784699440002441,27.220251083374023,-9.937471389770508,-3.1670658588409424,67.78679656982422,0
1745923163.0725255,18.60173225402832,10.034381866455078,11.853540420532227,27.39727210998535,-9.944629669189453,-3.2835288047790527,67.88692474365234,0
1745923163.0811522,18.526086807250977,9.995099067687988,11.946781158447266,27.62958335876465,-9.956101417541504,-3.409207582473755,68.09754943847656,0
1745923163.0918474,18.441184997558594,9.960994720458984,12.057231903076172,27.894248962402344,-9.961160659790039,-3.5482418537139893,68.3536605834961,0
1745923163.1044211,18.328134536743164,9.916115760803223,12.160344123840332,28.148860931396484,-9.966165542602539,-3.6958606243133545,68.55345153808594,0
1745923163.116353,18.214365005493164,9.86365032196045,12.262748718261719,28.4105224609375,-9.977378845214844,-3.8472065925598145,68.75128173828125,0
1745923163.1287513,18.10275650024414,9.811279296875,12.369344711303711,28.675264358520508,-9.987540245056152,-3.9986581802368164,68.9586410522461,0
1745923163.1405315,17.986177444458008,9.761298179626465,12.466999053955078,28.916858673095703,-9.993916511535645,-4.142319202423096,69.13133239746094,0
1745923163.1493871,17.869524002075195,9.709135055541992,12.560444831848145,29.142044067382812,-9.999483108520508,-4.281113147735596,69.28114318847656,0
1745923163.1617894,17.739952087402344,9.602800369262695,12.652084350585938,29.335800170898438,-10.024202346801758,-4.435957908630371,69.33063507080078,0
1745923163.1734982,17.607421875,9.550049781799316,12.715560913085938,29.465734481811523,-10.017647743225098,-4.550129413604736,69.3387680053711,0
1745923163.1859019,17.497407913208008,9.507238388061523,12.83547306060791,29.58669662475586,-9.978261947631836,-4.663442134857178,69.42681884765625,0
1745923163.1960201,17.391754150390625,9.46710205078125,12.897608757019043,29.732364654541016,-9.976615905761719,-4.766139507293701,69.48883056640625,0
1745923163.2087052,17.25821876525879,9.410823822021484,12.920053482055664,29.8403263092041,-9.988484382629395,-4.8670735359191895,69.4294204711914,0
1745923163.2195163,17.100271224975586,9.340224266052246,12.917407989501953,29.863224029541016,-9.993538856506348,-4.957198619842529,69.22113037109375,0
1745923163.2324688,16.94888687133789,9.277667045593262,12.898335456848145,29.84500503540039,-9.994229316711426,-5.029041767120361,68.96989440917969,0
1745923163.2427936,16.79949378967285,9.215470314025879,12.863077163696289,29.78890609741211,-9.994268417358398,-5.0879998207092285,68.66694641113281,0
1745923163.2539656,16.635988235473633,9.150656700134277,12.825806617736816,29.690092086791992,-9.981901168823242,-5.143503189086914,68.30254364013672,0
1745923163.2667403,16.482023239135742,9.090375900268555,12.812079429626465,29.59126091003418,-9.956246376037598,-5.199645519256592,67.97573852539062,0
1745923163.2794082,16.367265701293945,9.051149368286133,12.849554061889648,29.56516456604004,-9.919759750366211,-5.261771202087402,67.8331298828125,0
1745923163.2910342,16.29632568359375,9.03394603729248,12.928900718688965,29.641216278076172,-9.886415481567383,-5.331880569458008,67.900390625,0
1745923163.3065674,16.249814987182617,9.029696464538574,13.01565933227539,29.770784378051758,-9.862592697143555,-5.401314735412598,68.06595611572266,0
1745923163.3117387,16.20607566833496,9.027231216430664,13.07723617553711,29.89261245727539,-9.850543022155762,-5.461145877838135,68.20315551757812,0
1745923163.3235874,16.15207290649414,9.017879486083984,13.113053321838379,29.967294692993164,-9.841367721557617,-5.510867595672607,68.25029754638672,0
1745923163.3414044,16.06472396850586,9.004487991333008,13.124899864196777,29.954238891601562,-9.815470695495605,-5.5497822761535645,68.14834594726562,0
1745923163.3464901,15.952585220336914,8.983888626098633,13.121919631958008,29.878360748291016,-9.778270721435547,-5.5837225914001465,67.93675231933594,0
1745923163.3597238,15.815256118774414,8.957788467407227,13.116815567016602,29.77186393737793,-9.730027198791504,-5.622503757476807,67.66172790527344,0
1745923163.3724713,15.660343170166016,8.922944068908691,13.113910675048828,29.675188064575195,-9.682944297790527,-5.674759864807129,67.37238311767578,0
1745923163.382245,15.514288902282715,8.89189338684082,13.126967430114746,29.623363494873047,-9.639068603515625,-5.736259460449219,67.15650939941406,0
1745923163.3947182,15.3848876953125,8.831783294677734,13.15239143371582,29.626636505126953,-9.623988151550293,-5.818426609039307,66.99569702148438,0
1745923163.406882,15.307459831237793,8.822640419006348,13.277388572692871,29.716014862060547,-9.562320709228516,-5.901500225067139,67.12350463867188,0
1745923163.4186568,15.27540397644043,8.827155113220215,13.363142013549805,29.857177734375,-9.541838645935059,-5.963397026062012,67.3228759765625,0
1745923163.4305794,15.276200294494629,8.84056568145752,13.442338943481445,30.01567268371582,-9.533899307250977,-6.010617733001709,67.57477569580078,0
1745923163.441311,15.279500961303711,8.853331565856934,13.500470161437988,30.132858276367188,-9.527463912963867,-6.042993068695068,67.76615905761719,0
1745923163.4531517,15.262012481689453,8.859381675720215,13.534760475158691,30.190786361694336,-9.516160011291504,-6.0678815841674805,67.84693908691406,0
1745923163.4635844,15.238908767700195,8.864143371582031,13.561525344848633,30.224315643310547,-9.501577377319336,-6.088457107543945,67.8888931274414,0
1745923163.4745257,15.202585220336914,8.871123313903809,13.579014778137207,30.22739601135254,-9.478999137878418,-6.104685306549072,67.88011932373047,0
1745923163.487165,15.164060592651367,8.87429141998291,13.588756561279297,30.205808639526367,-9.455453872680664,-6.1162109375,67.83291625976562,0
1745923163.4977872,15.137125968933105,8.884666442871094,13.608257293701172,30.1876277923584,-9.426615715026855,-6.123121738433838,67.81768035888672,0
1745923163.5104454,15.152926445007324,8.911809921264648,13.644726753234863,30.210025787353516,-9.402009010314941,-6.118867874145508,67.91948699951172,0
1745923163.521075,15.203609466552734,8.95659351348877,13.69838809967041,30.273115158081055,-9.379021644592285,-6.1063690185546875,68.13170623779297,0
1745923163.5324206,15.263681411743164,9.008206367492676,13.743946075439453,30.335203170776367,-9.359163284301758,-6.085531711578369,68.35103607177734,0
1745923163.545055,15.318670272827148,9.051016807556152,13.771326065063477,30.364553451538086,-9.34383487701416,-6.059216022491455,68.50556945800781,0
1745923163.5561972,15.361708641052246,9.089446067810059,13.779670715332031,30.36295509338379,-9.329639434814453,-6.028547286987305,68.59378051757812,0
1745923163.571495,15.415218353271484,9.122431755065918,13.784513473510742,30.359256744384766,-9.322620391845703,-5.994756698608398,68.68142700195312,0
1745923163.5793526,15.461007118225098,9.154336929321289,13.784587860107422,30.346065521240234,-9.314114570617676,-5.961386203765869,68.74600219726562,0
1745923163.5931282,15.497672080993652,9.1798677444458,13.773598670959473,30.31525230407715,-9.307814598083496,-5.927860736846924,68.76638793945312,0
1745923163.6067696,15.528969764709473,9.207655906677246,13.769240379333496,30.277563095092773,-9.29336929321289,-5.895514011383057,68.78343200683594,0
1745923163.6157825,15.56787395477295,9.258926391601562,13.76193904876709,30.253799438476562,-9.273663520812988,-5.853468894958496,68.84254455566406,0
1745923163.6275408,15.637259483337402,9.293164253234863,13.827184677124023,30.288637161254883,-9.248226165771484,-5.835123538970947,69.0462417602539,0
1745923163.6388962,15.70967960357666,9.324803352355957,13.853503227233887,30.3636474609375,-9.256973266601562,-5.816989421844482,69.25163269042969,0
1745923163.649538,15.766773223876953,9.343941688537598,13.83944034576416,30.410926818847656,-9.282451629638672,-5.7947869300842285,69.361083984375,0
1745923163.6606843,15.810229301452637,9.342159271240234,13.8007173538208,30.4024715423584,-9.313672065734863,-5.768343448638916,69.35557556152344,0
1745923163.6776104,15.849095344543457,9.341248512268066,13.74925422668457,30.365169525146484,-9.342291831970215,-5.734176158905029,69.30476379394531,0
1745923163.6837182,15.87936782836914,9.334856033325195,13.689093589782715,30.30872344970703,-9.371145248413086,-5.699232578277588,69.2120361328125,0
1745923163.6953773,15.907194137573242,9.331878662109375,13.643255233764648,30.244882583618164,-9.387828826904297,-5.66535758972168,69.12721252441406,0
1745923163.708018,15.942020416259766,9.33686637878418,13.625896453857422,30.208311080932617,-9.394049644470215,-5.6380295753479,69.11309814453125,0
1745923163.71933,15.97018814086914,9.348684310913086,13.629565238952637,30.204362869262695,-9.392194747924805,-5.622565269470215,69.15280151367188,0
1745923163.730031,16.0131893157959,9.368638038635254,13.653388023376465,30.2255859375,-9.38581371307373,-5.608367919921875,69.26080322265625,0
1745923163.7435489,16.066829681396484,9.407561302185059,13.714797019958496,30.30107879638672,-9.366426467895508,-5.60324764251709,69.49026489257812,0
1745923163.7536547,16.106624603271484,9.450182914733887,13.780452728271484,30.36087417602539,-9.335000991821289,-5.5995025634765625,69.69813537597656,0
1745923163.764422,16.13103675842285,9.479659080505371,13.829476356506348,30.39995002746582,-9.310004234313965,-5.598406791687012,69.84011840820312,0
1745923163.7767384,16.144372940063477,9.50395679473877,13.867584228515625,30.448884963989258,-9.293359756469727,-5.603259086608887,69.96479797363281,0
1745923163.7883859,16.143272399902344,9.51909351348877,13.909082412719727,30.493717193603516,-9.274889945983887,-5.616901397705078,70.06517028808594,0
1745923163.8068764,16.09518814086914,9.525656700134277,13.939014434814453,30.465484619140625,-9.235055923461914,-5.633056163787842,70.02534484863281,0
1745923163.811634,15.983256340026855,9.508225440979004,13.917091369628906,30.31041717529297,-9.184211730957031,-5.643463134765625,69.718994140625,0
1745923163.8225853,15.86447811126709,9.4649019241333,13.839179992675781,30.098039627075195,-9.159337997436523,-5.641457557678223,69.2666015625,0
1745923163.8426166,15.76142406463623,9.419966697692871,13.759126663208008,29.91818618774414,-9.149380683898926,-5.640745162963867,68.85870361328125,0
1745923163.8476975,15.676409721374512,9.349461555480957,13.629733085632324,29.763351440429688,-9.1918363571167,-5.637494087219238,68.41896057128906,0
1745923163.871924,15.60802936553955,9.319435119628906,13.605612754821777,29.66526985168457,-9.175457000732422,-5.648403644561768,68.19834899902344,0
1745923163.871924,15.551446914672852,9.293923377990723,13.597529411315918,29.635168075561523,-9.169832229614258,-5.671926498413086,68.07807159423828,0
1745923163.8851583,15.48251724243164,9.257182121276855,13.584807395935059,29.62006950378418,-9.173604011535645,-5.707131862640381,67.944580078125,0
1745923163.8949244,15.416033744812012,9.22645378112793,13.591326713562012,29.62139892578125,-9.168791770935059,-5.747164249420166,67.85520935058594,0
1745923163.9075294,15.3793306350708,9.20439338684082,13.631651878356934,29.694753646850586,-9.16895866394043,-5.795840263366699,67.9101333618164,0
1745923163.915635,15.34882926940918,9.189162254333496,13.68471622467041,29.80887794494629,-9.17143440246582,-5.851219177246094,68.03158569335938,0
1745923163.9296825,15.334850311279297,9.178350448608398,13.73122501373291,29.91231346130371,-9.176676750183105,-5.894312381744385,68.15673828125,0
1745923163.9406044,15.35653018951416,9.181062698364258,13.799880027770996,30.04966163635254,-9.18165397644043,-5.930222034454346,68.38713836669922,0
1745923163.9509158,15.373659133911133,9.19145679473877,13.87317180633545,30.215553283691406,-9.18649673461914,-5.971927642822266,68.65383911132812,0
1745923163.9625845,15.366204261779785,9.183774948120117,13.90986442565918,30.331697463989258,-9.200540542602539,-6.011250972747803,68.79154205322266,0
1745923163.9748383,15.355942726135254,9.166589736938477,13.920947074890137,30.40093231201172,-9.219941139221191,-6.039506435394287,68.84441375732422,0
1745923163.9850156,15.35789680480957,9.151604652404785,13.933147430419922,30.470298767089844,-9.24088191986084,-6.062326431274414,68.91294860839844,0
1745923163.9978852,15.354899406433105,9.138346672058105,13.931713104248047,30.516904830932617,-9.260683059692383,-6.078495025634766,68.94186401367188,0
1745923164.0090075,15.355810165405273,9.118885040283203,13.910106658935547,30.52333641052246,-9.284887313842773,-6.082498550415039,68.90814208984375,0
1745923164.0208392,15.365160942077637,9.10340690612793,13.883602142333984,30.509296417236328,-9.306344985961914,-6.076126575469971,68.86146545410156,0
1745923164.0321712,15.370320320129395,9.092025756835938,13.837615013122559,30.456586837768555,-9.324543952941895,-6.057154178619385,68.75654602050781,0
1745923164.0444498,15.369391441345215,9.080854415893555,13.768383026123047,30.347797393798828,-9.338428497314453,-6.02313232421875,68.56642150878906,0
1745923164.0557516,15.356928825378418,9.070250511169434,13.676912307739258,30.188322067260742,-9.347253799438477,-5.9772257804870605,68.29241180419922,0
1745923164.0716853,15.342000961303711,9.043126106262207,13.466347694396973,29.993043899536133,-9.420304298400879,-5.904081344604492,67.84452056884766,0
1745923164.0789273,15.3316068649292,9.032599449157715,13.368748664855957,29.7864990234375,-9.4205322265625,-5.844416618347168,67.51945495605469,0
1745923164.091025,15.346571922302246,9.039522171020508,13.302534103393555,29.59307098388672,-9.404228210449219,-5.7771992683410645,67.28170013427734,0
1745923164.106038,15.381056785583496,9.059078216552734,13.259265899658203,29.454391479492188,-9.388582229614258,-5.714405059814453,67.15379333496094,0
1745923164.1137207,15.442133903503418,9.09902572631836,13.244793891906738,29.27581024169922,-9.341769218444824,-5.630157470703125,67.061767578125,0
1745923164.125767,15.534622192382812,9.170003890991211,13.276215553283691,29.258825302124023,-9.305851936340332,-5.568717956542969,67.23966979980469,0
1745923164.13904,15.599626541137695,9.236961364746094,13.30311107635498,29.21239471435547,-9.259020805358887,-5.512186050415039,67.35209655761719,0
1745923164.1483972,15.632023811340332,9.287796020507812,13.31685733795166,29.148765563964844,-9.214629173278809,-5.46797513961792,67.38543701171875,0
1745923164.1597757,15.694258689880371,9.349822044372559,13.393092155456543,29.2083683013916,-9.172399520874023,-5.4505438804626465,67.64553833007812,0
1745923164.172588,15.796515464782715,9.450599670410156,13.562363624572754,29.36747932434082,-9.097339630126953,-5.44666862487793,68.17695617675781,0
1745923164.1837244,15.92800235748291,9.603805541992188,13.8077392578125,29.537433624267578,-8.965389251708984,-5.4311418533325195,68.87698364257812,0
1745923164.1955721,16.05341911315918,9.804374694824219,14.104504585266113,29.665557861328125,-8.770668029785156,-5.402401924133301,69.62785339355469,0
1745923164.2085748,16.148773193359375,10.054943084716797,14.461318969726562,29.724180221557617,-8.495440483093262,-5.364706993103027,70.38921356201172,0
1745923164.2183788,16.194866180419922,10.34606647491455,14.92074203491211,29.75141143798828,-8.130881309509277,-5.34670877456665,71.21308898925781,0
1745923164.2307858,16.18039321899414,10.642215728759766,15.504734992980957,29.76558494567871,-7.689697265625,-5.373647212982178,72.09292602539062,0
1745923164.2454686,16.132896423339844,10.938688278198242,16.185546875,29.75395393371582,-7.195526123046875,-5.426931858062744,73.0110855102539,0
1745923164.2561183,16.064212799072266,11.240300178527832,16.88274574279785,29.674165725708008,-6.677766799926758,-5.473769664764404,73.86141967773438,0
1745923164.2646313,15.917190551757812,11.504924774169922,17.44526481628418,29.392534255981445,-6.168428421020508,-5.490571975708008,74.2599105834961,0
1745923164.2771254,15.650593757629395,11.679488182067871,17.724166870117188,28.815155029296875,-5.709245681762695,-5.46090841293335,73.86940002441406,0
1745923164.2889826,15.305278778076172,11.714332580566406,17.692092895507812,28.020620346069336,-5.358624458312988,-5.39725923538208,72.7323226928711,0
1745923164.3070834,14.949057579040527,11.666380882263184,17.116798400878906,27.146337509155273,-5.258880615234375,-5.228683948516846,70.87857818603516,0
1745923164.3101375,14.635589599609375,11.637322425842285,16.812416076660156,26.3026180267334,-5.039452075958252,-5.097205638885498,69.38794708251953,0
1745923164.3222146,14.398127555847168,11.641931533813477,16.584213256835938,25.554996490478516,-4.8160600662231445,-4.958724021911621,68.17926788330078,0
1745923164.3400304,14.228533744812012,11.680437088012695,16.44664192199707,24.930049896240234,-4.590609073638916,-4.827510356903076,67.28565979003906,0
1745923164.345309,14.100896835327148,11.74686336517334,16.40572166442871,24.434131622314453,-4.359256744384766,-4.7210259437561035,66.68760681152344,0
1745923164.3577216,14.01461124420166,11.835103034973145,16.47022247314453,24.078857421875,-4.127604961395264,-4.648980140686035,66.39879608154297,0
1745923164.3750732,13.972975730895996,11.952686309814453,16.650371551513672,23.87518310546875,-3.8955321311950684,-4.613876819610596,66.45121765136719,0
1745923164.3800523,13.966906547546387,12.09621810913086,16.94037437438965,23.830177307128906,-3.6702120304107666,-4.621262550354004,66.83367919921875,0
1745923164.3924847,13.982630729675293,12.258358001708984,17.30182647705078,23.89815902709961,-3.454531192779541,-4.65798282623291,67.44097900390625,0
1745923164.4048254,14.023089408874512,12.42408275604248,17.697494506835938,24.028844833374023,-3.257129192352295,-4.706557273864746,68.17351531982422,0
1745923164.417182,14.068480491638184,12.584761619567871,18.084203720092773,24.194406509399414,-3.0846378803253174,-4.760248184204102,68.93185424804688,0
1745923164.4308748,14.082307815551758,12.713801383972168,18.41570472717285,24.343273162841797,-2.937098979949951,-4.819493770599365,69.55508422851562,0
1745923164.439548,14.051067352294922,12.799802780151367,18.666370391845703,24.421615600585938,-2.805053949356079,-4.875393390655518,69.93885803222656,0
1745923164.449629,13.973905563354492,12.84415054321289,18.826366424560547,24.413564682006836,-2.6845571994781494,-4.922483921051025,70.05799102783203,0
1745923164.4619904,13.866678237915039,12.845952987670898,18.907350540161133,24.343908309936523,-2.5842463970184326,-4.964148998260498,69.9638900756836,0
1745923164.4743633,13.744694709777832,12.812891006469727,18.91385269165039,24.231420516967773,-2.5104055404663086,-4.997519016265869,69.7028579711914,0
1745923164.4862142,13.618613243103027,12.756499290466309,18.865909576416016,24.08448028564453,-2.4559385776519775,-5.020963668823242,69.32550048828125,0
1745923164.4958367,13.49820327758789,12.682428359985352,18.781478881835938,23.769302368164062,-2.364286422729492,-5.0016889572143555,68.73141479492188,0
1745923164.5148294,13.392892837524414,12.6022310256958,18.687698364257812,23.656814575195312,-2.3598861694335938,-5.023982524871826,68.33963775634766,0
1745923164.5229332,13.311519622802734,12.45374870300293,18.549047470092773,23.597288131713867,-2.435051679611206,-5.065443992614746,67.91160583496094,0
1745923164.5314806,13.26848030090332,12.411355018615723,18.548078536987305,23.604433059692383,-2.4409801959991455,-5.0997233390808105,67.83234405517578,0
1745923164.543076,13.258237838745117,12.385615348815918,18.59190559387207,23.674840927124023,-2.455517292022705,-5.140298843383789,67.91059875488281,0
1745923164.5555923,13.269997596740723,12.379393577575684,18.66935157775879,23.793182373046875,-2.4724624156951904,-5.1837615966796875,68.11192321777344,0
1745923164.5661225,13.292835235595703,12.383774757385254,18.752981185913086,23.92460060119629,-2.4908359050750732,-5.223094940185547,68.35418701171875,0
1745923164.57717,13.313700675964355,12.384969711303711,18.830055236816406,24.04473304748535,-2.508484125137329,-5.260030269622803,68.57345581054688,0
1745923164.5889707,13.334698677062988,12.387587547302246,18.884925842285156,24.1483211517334,-2.5291664600372314,-5.287286758422852,68.75553131103516,0
1745923164.60741,13.346648216247559,12.382182121276855,18.90457534790039,24.22797393798828,-2.5567336082458496,-5.307446479797363,68.86138153076172,0
1745923164.613155,13.351579666137695,12.3662109375,18.904949188232422,24.28241729736328,-2.58557391166687,-5.324145317077637,68.90515899658203,0
1745923164.6242123,13.354690551757812,12.350201606750488,18.89628791809082,24.326440811157227,-2.6138997077941895,-5.337114334106445,68.92761993408203,0
1745923164.64147,13.360665321350098,12.331878662109375,18.875110626220703,24.364534378051758,-2.6476731300354004,-5.345676422119141,68.93218994140625,0
1745923164.6490555,13.35984992980957,12.308243751525879,18.83892059326172,24.389684677124023,-2.6832401752471924,-5.352517127990723,68.89669799804688,0
1745923164.6586628,13.357024192810059,12.2802095413208,18.78849983215332,24.406959533691406,-2.7235267162323,-5.3567962646484375,68.83269500732422,0
1745923164.6721747,13.36265754699707,12.248930931091309,18.724538803100586,24.421594619750977,-2.7735347747802734,-5.355405330657959,68.75772094726562,0
1745923164.6823354,13.380999565124512,12.21696949005127,18.64493179321289,24.440738677978516,-2.8372912406921387,-5.346858978271484,68.68363952636719,0
1745923164.6957026,13.412107467651367,12.188915252685547,18.56560516357422,24.481489181518555,-2.9118664264678955,-5.3368916511535645,68.64811706542969,0
1745923164.7091742,13.462069511413574,12.171844482421875,18.496932983398438,24.550277709960938,-2.99383544921875,-5.324304580688477,68.68112182617188,0
1745923164.7173193,13.517095565795898,12.159799575805664,18.433958053588867,24.63582420349121,-3.078789234161377,-5.312993049621582,68.7466812133789,0
1745923164.7286212,13.565900802612305,12.148987770080566,18.378807067871094,24.73172950744629,-3.1609745025634766,-5.307755947113037,68.82542419433594,0
1745923164.7398064,13.606928825378418,12.136089324951172,18.279253005981445,24.819719314575195,-3.2584261894226074,-5.294370651245117,68.84198760986328,0
1745923164.7514064,13.638397216796875,12.118391990661621,18.210317611694336,24.890127182006836,-3.3343610763549805,-5.28944730758667,68.85723876953125,0
1745923164.7630696,13.664762496948242,12.095307350158691,18.129817962646484,24.95017433166504,-3.412471294403076,-5.283527851104736,68.8400650024414,0
1745923164.7747688,13.684452056884766,12.069567680358887,18.04432487487793,24.998493194580078,-3.487565517425537,-5.277345180511475,68.79684448242188,0
1745923164.7868648,13.70224380493164,12.044321060180664,17.960901260375977,25.041574478149414,-3.55904221534729,-5.270970344543457,68.74903869628906,0
1745923164.7999797,13.716375350952148,12.029829978942871,17.90347671508789,25.087350845336914,-3.613361358642578,-5.2684431076049805,68.73703002929688,0
1745923164.809776,13.716507911682129,12.022982597351074,17.86674690246582,25.128042221069336,-3.6478888988494873,-5.271914482116699,68.73428344726562,0
1745923164.8232205,13.703495979309082,12.019776344299316,17.8458309173584,25.148263931274414,-3.661552906036377,-5.277956008911133,68.71736907958984,0
1745923164.840118,13.678115844726562,12.01162052154541,17.835493087768555,25.146896362304688,-3.6605989933013916,-5.288110256195068,68.67212677001953,0
1745923164.8449478,13.652281761169434,12.002989768981934,17.832029342651367,25.135496139526367,-3.652973175048828,-5.297909259796143,68.62279510498047,0
1745923164.8577113,13.629349708557129,11.995269775390625,17.833480834960938,25.151153564453125,-3.6532833576202393,-5.313573837280273,68.6092529296875,0
1745923164.8748696,13.60598087310791,11.98713207244873,17.838863372802734,25.17786407470703,-3.6557400226593018,-5.33299446105957,68.6098403930664,0
1745923164.8858433,13.579614639282227,11.985292434692383,17.85756492614746,25.247867584228516,-3.6634387969970703,-5.364048480987549,68.67033386230469,0
1745923164.8909545,13.551902770996094,11.987929344177246,17.893400192260742,25.29429817199707,-3.652340888977051,-5.392383098602295,68.72753143310547,0
1745923164.9088564,13.51358699798584,11.995877265930176,17.950172424316406,25.334278106689453,-3.6231532096862793,-5.4259843826293945,68.79391479492188,0
1745923164.9159567,13.456624984741211,12.004203796386719,18.009401321411133,25.348896026611328,-3.5771102905273438,-5.4613728523254395,68.81912231445312,0
1745923164.9293015,13.394124984741211,12.000998497009277,18.04387855529785,25.34970474243164,-3.5408520698547363,-5.4946184158325195,68.78871154785156,0
1745923164.941372,13.333028793334961,11.986013412475586,18.0568790435791,25.365131378173828,-3.525512218475342,-5.530354022979736,68.74105834960938,0
1745923164.9515061,13.269466400146484,11.9724702835083,18.067588806152344,25.39295768737793,-3.514082431793213,-5.5688066482543945,68.70248413085938,0
1745923164.9611998,13.195035934448242,11.961468696594238,18.109832763671875,25.43212890625,-3.487184762954712,-5.620133399963379,68.69847106933594,0
1745923164.972916,13.106587409973145,11.93220043182373,18.140602111816406,25.472976684570312,-3.4694981575012207,-5.681823253631592,68.6523666381836,0
1745923164.98817,13.012808799743652,11.917424201965332,18.187314987182617,25.526166915893555,-3.440352439880371,-5.746312618255615,68.64371490478516,0
1745923164.9985569,12.912429809570312,11.906063079833984,18.243192672729492,25.58064842224121,-3.4035422801971436,-5.814375400543213,68.642333984375,0
1745923165.0076175,12.810551643371582,11.893278121948242,18.30309295654297,25.62679100036621,-3.3620100021362305,-5.882636070251465,68.63371276855469,0
1745923165.0201268,12.711007118225098,11.88199234008789,18.36290168762207,25.658124923706055,-3.315337896347046,-5.946139812469482,68.61402893066406,0
1745923165.031653,12.613567352294922,11.867841720581055,18.413711547851562,25.656293869018555,-3.2628440856933594,-6.000759601593018,68.5514144897461,0
1745923165.2924342,12.524076461791992,11.860273361206055,18.47897720336914,25.66249656677246,-3.206455945968628,-6.05464506149292,68.52582550048828,0
1745923165.2934515,12.429728507995605,11.8550386428833,18.56390953063965,25.674589157104492,-3.140397310256958,-6.1151251792907715,68.52326965332031,0
1745923165.300641,12.334869384765625,11.85327434539795,18.66119384765625,25.68978500366211,-3.0681045055389404,-6.177778244018555,68.53912353515625,0
1745923165.3012414,12.236974716186523,11.845136642456055,18.758792877197266,25.69471549987793,-2.993732213973999,-6.24199914932251,68.5356216430664,0
1745923165.3012414,12.148735046386719,11.832257270812988,18.846240997314453,25.676881790161133,-2.921274185180664,-6.297210216522217,68.50411224365234,0
1745923165.3012414,12.068764686584473,11.82351303100586,18.92979621887207,25.664113998413086,-2.8535382747650146,-6.3477654457092285,68.48619079589844,0
1745923165.3012414,11.99410629272461,11.814749717712402,19.021955490112305,25.676939010620117,-2.7932825088500977,-6.403520584106445,68.50775146484375,0
1745923165.3012414,11.926883697509766,11.804962158203125,19.115568161010742,25.71104621887207,-2.7434580326080322,-6.461495399475098,68.55845642089844,0
1745923165.3022692,11.874436378479004,11.792007446289062,19.195138931274414,25.768800735473633,-2.715569496154785,-6.516756057739258,68.63037872314453,0
1745923165.3022692,11.827433586120605,11.778046607971191,19.265003204345703,25.841615676879883,-2.700077533721924,-6.571243762969971,68.71209716796875,0
1745923165.3022692,11.764440536499023,11.758870124816895,19.316652297973633,25.89369010925293,-2.681553840637207,-6.625977516174316,68.73365783691406,0
1745923165.3022692,11.707270622253418,11.724196434020996,19.345149993896484,25.922019958496094,-2.6736836433410645,-6.674800872802734,68.69863891601562,0
1745923165.3022692,11.661310195922852,11.692083358764648,19.371431350708008,25.970279693603516,-2.6771364212036133,-6.721799850463867,68.69509887695312,0
1745923165.3022692,11.622842788696289,11.605664253234863,19.34835433959961,26.028228759765625,-2.733287811279297,-6.779520034790039,68.60508728027344,0
1745923165.3032873,11.591962814331055,11.55128288269043,19.306856155395508,26.086078643798828,-2.786224842071533,-6.817472457885742,68.53617858886719,0
1745923165.3032873,11.571762084960938,11.498664855957031,19.265134811401367,26.144855499267578,-2.8428401947021484,-6.850582599639893,68.48042297363281,0
1745923165.3032873,11.575346946716309,11.456195831298828,19.242746353149414,26.23038101196289,-2.9047658443450928,-6.8794331550598145,68.50466918945312,0
1745923165.3032873,11.597254753112793,11.417140007019043,19.245018005371094,26.376222610473633,-2.982661724090576,-6.916869163513184,68.63563537597656,0
1745923165.3032873,11.610987663269043,11.376150131225586,19.23659896850586,26.542036056518555,-3.0702435970306396,-6.960169315338135,68.7657699584961,0
1745923165.3032873,11.630904197692871,11.33453369140625,19.212759017944336,26.77317237854004,-3.1905083656311035,-7.011178493499756,68.95137023925781,0
1745923165.305315,11.66694450378418,11.29566764831543,19.17928695678711,26.897600173950195,-3.2808542251586914,-7.030755043029785,69.03949737548828,0
1745923165.305315,11.714383125305176,11.249765396118164,19.12905502319336,27.025320053100586,-3.3870043754577637,-7.0457916259765625,69.11852264404297,0
1745923165.3063242,11.756056785583496,11.19360065460205,19.06194496154785,27.14566421508789,-3.5006136894226074,-7.062410354614258,69.15727233886719,0
1745923165.3130279,11.7865571975708,11.13036060333252,18.983213424682617,27.263254165649414,-3.6177330017089844,-7.083524703979492,69.16338348388672,0
1745923165.322043,11.80814266204834,11.05014419555664,18.898374557495117,27.385467529296875,-3.743919849395752,-7.114861488342285,69.14212799072266,0
1745923165.339709,11.81146240234375,10.953975677490234,18.819772720336914,27.501535415649414,-3.8661386966705322,-7.1601762771606445,69.08674621582031,0
1745923165.3587334,11.784394264221191,10.835709571838379,18.750261306762695,27.553956985473633,-3.9618330001831055,-7.216123104095459,68.92432403564453,0
1745923165.3587334,11.74190616607666,10.720270156860352,18.696489334106445,27.537761688232422,-4.020025730133057,-7.266951560974121,68.69642639160156,0
1745923165.372785,11.707080841064453,10.64265251159668,18.678701400756836,27.48441505432129,-4.033754825592041,-7.299083709716797,68.51284790039062,0
1745923165.3848064,11.68285846710205,10.623930931091309,18.71600914001465,27.41458511352539,-3.9921183586120605,-7.310330390930176,68.4373779296875,0
1745923165.3921468,11.65516471862793,10.642121315002441,18.798986434936523,27.342540740966797,-3.9098379611968994,-7.316448211669922,68.43881225585938,0
1745923165.4078236,11.630449295043945,10.6770601272583,19.072263717651367,27.291545867919922,-3.7400593757629395,-7.356523513793945,68.67132568359375,0
1745923165.4153612,11.61064624786377,10.785273551940918,19.267648696899414,27.280010223388672,-3.5892622470855713,-7.356545448303223,68.94357299804688,0
1745923165.4258752,11.576959609985352,10.850144386291504,19.493486404418945,27.254703521728516,-3.4356908798217773,-7.383312702178955,69.17529296875,0
1745923165.4396849,11.524759292602539,10.91408634185791,19.74785804748535,27.202224731445312,-3.254424571990967,-7.418127059936523,69.38893127441406,0
1745923165.4484284,11.438965797424316,10.975030899047852,20.011451721191406,27.110883712768555,-3.045520067214966,-7.461928367614746,69.53633117675781,0
1745923165.4616413,11.318404197692871,11.026168823242188,20.274782180786133,26.948518753051758,-2.803696393966675,-7.509979248046875,69.56787109375,0
1745923165.4748735,11.169693946838379,11.07491683959961,20.54472541809082,26.718807220458984,-2.52528715133667,-7.558788776397705,69.50814819335938,0
1745923165.4862359,11.004975318908691,11.132542610168457,20.842998504638672,26.449520111083984,-2.2095727920532227,-7.608450412750244,69.43003845214844,0
1745923165.49742,10.828476905822754,11.19953727722168,21.19068717956543,26.167272567749023,-1.8585127592086792,-7.666229248046875,69.38597869873047,0
1745923165.5095603,10.648468971252441,11.269852638244629,21.58706283569336,25.88566017150879,-1.4837943315505981,-7.733598232269287,69.39104461669922,0
1745923165.5193985,10.46009635925293,11.33938980102539,22.022869110107422,25.622438430786133,-1.0968096256256104,-7.815737724304199,69.44479370117188,0
1745923165.5293026,10.259546279907227,11.397261619567871,22.464336395263672,25.36713409423828,-0.7112310528755188,-7.910224437713623,69.48828125,0
1745923165.5457382,10.048563957214355,11.444738388061523,22.90217399597168,25.09771156311035,-0.3220767676830292,-8.009968757629395,69.4931869506836,0
1745923165.5523903,9.82094669342041,11.491608619689941,23.33879852294922,24.80706787109375,0.0815882682800293,-8.112760543823242,69.45841979980469,0
1745923165.5657675,9.581093788146973,11.527647972106934,23.769651412963867,24.499937057495117,0.4908660054206848,-8.221266746520996,69.37833404541016,0
1745923165.5764754,9.339800834655762,11.545003890991211,24.15945053100586,24.192384719848633,0.878487229347229,-8.330960273742676,69.23664093017578,0
1745923165.5879776,9.101314544677734,11.542120933532715,24.484508514404297,23.890398025512695,1.231232762336731,-8.437769889831543,69.01834106445312,0
1745923165.6081696,8.878400802612305,11.527629852294922,24.761157989501953,23.599597930908203,1.551652431488037,-8.536813735961914,68.76678466796875,0
1745923165.6123378,8.681435585021973,11.503388404846191,24.999065399169922,23.32915687561035,1.835739016532898,-8.626260757446289,68.51304626464844,0
1745923165.622934,8.507099151611328,11.484419822692871,25.43638038635254,23.088102340698242,2.176378011703491,-8.745288848876953,68.51600646972656,0
1745923165.6407282,8.351579666137695,11.475144386291504,25.689931869506836,22.72258186340332,2.4992313385009766,-8.797015190124512,68.2392349243164,0
1745923165.645733,8.208009719848633,11.482125282287598,25.962390899658203,22.59064292907715,2.726780414581299,-8.881779670715332,68.24317169189453,0
1745923165.657037,8.083483695983887,11.494510650634766,26.245744705200195,22.49005889892578,2.9374444484710693,-8.96325397491455,68.31379699707031,0
1745923165.675744,7.97435998916626,11.512227058410645,26.53781509399414,22.42107582092285,3.131382465362549,-9.042502403259277,68.44548034667969,0
1745923165.6811047,7.879178047180176,11.530797004699707,26.819381713867188,22.372333526611328,3.305497169494629,-9.1166353225708,68.6016845703125,0
1745923165.6928155,7.787561893463135,11.544283866882324,27.06548500061035,22.32615089416504,3.4615468978881836,-9.185442924499512,68.72348022460938,0
1745923165.7054622,7.696419715881348,11.549309730529785,27.285808563232422,22.28264808654785,3.6034626960754395,-9.253576278686523,68.8141860961914,0
1745923165.7157345,7.6028313636779785,11.544264793395996,27.483205795288086,22.23531150817871,3.736279249191284,-9.322502136230469,68.86561584472656,0
1745923165.7265995,7.507326602935791,11.530417442321777,27.63062858581543,22.16236114501953,3.861037254333496,-9.38331127166748,68.83073425292969,0
1745923165.7407475,7.411006450653076,11.51624870300293,27.721521377563477,22.052011489868164,3.9838411808013916,-9.428884506225586,68.70079040527344,0
1745923165.7515872,7.320187091827393,11.505663871765137,27.763168334960938,21.9005069732666,4.10789680480957,-9.455376625061035,68.4895248413086,0
1745923165.7624395,7.2394208908081055,11.503482818603516,27.770601272583008,21.73496437072754,4.225613594055176,-9.465646743774414,68.24846649169922,0
1745923165.7742794,7.17096471786499,11.50648021697998,27.763877868652344,21.580976486206055,4.32969331741333,-9.467713356018066,68.02230072021484,0
1745923165.7853339,7.116962432861328,11.516135215759277,27.762666702270508,21.46059226989746,4.4157233238220215,-9.466958045959473,67.85636138916016,0
1745923165.7965915,7.077831268310547,11.528786659240723,27.786823272705078,21.376550674438477,4.487448692321777,-9.468673706054688,67.76998901367188,0
1745923165.8084834,7.052186012268066,11.538156509399414,27.82310676574707,21.3249568939209,4.54033899307251,-9.47338581085205,67.73841094970703,0
1745923165.8201573,7.043745517730713,11.542291641235352,27.84860610961914,21.316869735717773,4.558540344238281,-9.478285789489746,67.75151062011719,0
1745923165.8315513,7.058958053588867,11.545952796936035,27.864810943603516,21.35667610168457,4.538993835449219,-9.47931957244873,67.82640075683594,0
1745923165.8435147,7.086897850036621,11.550410270690918,27.85287094116211,21.425947189331055,4.489835739135742,-9.474504470825195,67.91613006591797,0
1745923165.8749425,7.117208957672119,11.560140609741211,27.845718383789062,21.492292404174805,4.44455623626709,-9.466595649719238,68.0153579711914,0
1745923165.8754861,7.138680934906006,11.614465713500977,27.846891403198242,21.532695770263672,4.434277057647705,-9.439738273620605,68.13273620605469,0
1745923165.883748,7.145452499389648,11.646862983703613,27.848941802978516,21.53656578063965,4.4411211013793945,-9.423254013061523,68.17782592773438,0
1745923165.8935316,7.139591217041016,11.685235977172852,27.853057861328125,21.502981185913086,4.4745707511901855,-9.4037446975708,68.18087005615234,0
1745923165.9104404,7.130391597747803,11.725088119506836,27.858253479003906,21.44066047668457,4.524200439453125,-9.380350112915039,68.1543960571289,0
1745923165.912487,7.119959354400635,11.76433277130127,27.856651306152344,21.360816955566406,4.580289840698242,-9.35360050201416,68.10176086425781,0
1745923165.9242446,7.118081569671631,11.805132865905762,27.851158142089844,21.27557945251465,4.634149551391602,-9.320712089538574,68.0499496459961,0
1745923165.9394133,7.117664337158203,11.858832359313965,27.849834442138672,21.1955623626709,4.690730094909668,-9.282994270324707,68.02189636230469,0
1745923165.9491227,7.121590614318848,11.923266410827637,27.84197425842285,21.10577964782715,4.751402854919434,-9.23572063446045,67.99261474609375,0
1745923165.959781,7.126806735992432,11.99868392944336,27.830055236816406,20.992406845092773,4.825262546539307,-9.178149223327637,67.94795227050781,0
1745923165.9738448,7.1319661140441895,12.09107780456543,27.83765411376953,20.869136810302734,4.916450023651123,-9.114679336547852,67.92984008789062,0
1745923165.9855182,7.129120826721191,12.186469078063965,27.86667251586914,20.7330379486084,5.0260772705078125,-9.054903984069824,67.91529846191406,0
1745923165.9962683,7.106453895568848,12.277022361755371,27.905508041381836,20.581321716308594,5.154730319976807,-9.004975318908691,67.87030792236328,0
1745923166.0070007,7.069314479827881,12.365774154663086,27.970623016357422,20.410541534423828,5.308212757110596,-8.963449478149414,67.81625366210938,0
1745923166.017742,7.026104927062988,12.455398559570312,28.060752868652344,20.033235549926758,5.57584810256958,-8.891716957092285,67.57549285888672,0
1745923166.0314493,6.9728803634643555,12.548039436340332,28.178356170654297,19.829444885253906,5.773453712463379,-8.858816146850586,67.52871704101562,0
1745923166.0424306,6.905847072601318,12.648456573486328,28.335763931274414,19.620532989501953,5.996384620666504,-8.83478832244873,67.51060485839844,0
1745923166.056274,6.821097373962402,12.7448148727417,28.53883934020996,19.405244827270508,6.2450714111328125,-8.827457427978516,67.50999450683594,0
1745923166.0733018,6.719712734222412,12.83555793762207,29.089622497558594,19.181541442871094,6.614970684051514,-8.890836715698242,67.82643127441406,0
1745923166.087862,6.610494136810303,12.926131248474121,29.430381774902344,18.952274322509766,6.923289775848389,-8.918920516967773,67.91928100585938,0
1745923166.088402,6.486764907836914,13.021597862243652,29.77285385131836,18.72269630432129,7.240461826324463,-8.951411247253418,68.00391387939453,0
1745923166.0990045,6.356719493865967,13.190186500549316,30.100557327270508,18.5034236907959,7.572268486022949,-8.953640937805176,68.15088653564453,0
1745923166.1100905,6.242208957672119,13.270004272460938,30.423044204711914,18.308259963989258,7.854111671447754,-8.991344451904297,68.24351501464844,0
1745923166.121808,6.148658275604248,13.35519027709961,30.747150421142578,18.143295288085938,8.110191345214844,-9.022953033447266,68.39429473876953,0
1745923166.132465,6.062277317047119,13.432390213012695,31.05909538269043,18.00554084777832,8.341139793395996,-9.057404518127441,68.5593032836914,0
1745923166.1450298,5.973563194274902,13.48546314239502,31.329635620117188,17.88034439086914,8.546989440917969,-9.098282814025879,68.66900634765625,0
1745923166.160054,5.88067626953125,13.508452415466309,31.52923011779785,17.755474090576172,8.72592830657959,-9.141868591308594,68.673828125,0
1745923166.1780555,5.784261226654053,13.505987167358398,31.652122497558594,17.625076293945312,8.881265640258789,-9.184037208557129,68.56744384765625,0
1745923166.1794848,5.691355228424072,13.488687515258789,31.7109432220459,17.48680305480957,9.017566680908203,-9.218955993652344,68.3777847290039,0
1745923166.191375,5.6068902015686035,13.46224594116211,31.73603057861328,17.364398956298828,9.129523277282715,-9.251299858093262,68.16957092285156,0
1745923166.2094088,5.529538154602051,13.423380851745605,31.744171142578125,17.254993438720703,9.223037719726562,-9.285530090332031,67.95208740234375,0
1745923166.2147577,5.467398643493652,13.38405990600586,31.7315616607666,17.154888153076172,9.297797203063965,-9.311399459838867,67.7379150390625,0
1745923166.2427452,5.420509338378906,13.355265617370605,31.72295570373535,17.077932357788086,9.355799674987793,-9.330548286437988,67.57666778564453,0
1745923166.2433128,5.383483409881592,13.335634231567383,31.731077194213867,17.027053833007812,9.401285171508789,-9.34862232208252,67.47724914550781,0
1745923166.2515473,5.35127592086792,13.317785263061523,31.729028701782227,16.98162269592285,9.438888549804688,-9.362957000732422,67.37971496582031,0
1745923166.272509,5.325308322906494,13.292367935180664,31.696767807006836,16.933208465576172,9.464380264282227,-9.372198104858398,67.24765014648438,0
1745923166.2856896,5.304481506347656,13.260368347167969,31.64942169189453,16.889434814453125,9.478529930114746,-9.380318641662598,67.10370635986328,0
1745923166.2856896,5.286556243896484,13.227192878723145,31.508256912231445,16.84406089782715,9.465718269348145,-9.37112045288086,66.8660659790039,0
1745923166.2975411,5.267721176147461,13.19028091430664,31.440868377685547,16.798978805541992,9.472637176513672,-9.376893997192383,66.6978530883789,0
1745923166.308185,5.251579284667969,13.152515411376953,31.414512634277344,16.766124725341797,9.482370376586914,-9.391153335571289,66.58473205566406,0
1745923166.3193314,5.245414733886719,13.106176376342773,31.44546890258789,16.762676239013672,9.483503341674805,-9.419923782348633,66.55973815917969,0
1745923166.3309388,5.246704578399658,13.096768379211426,31.52189064025879,16.79670524597168,9.482258796691895,-9.442814826965332,66.66207122802734,0
1745923166.34212,5.254500389099121,13.092633247375488,31.62872886657715,16.858369827270508,9.471760749816895,-9.47028636932373,66.834228515625,0
1745923166.3538668,5.26132869720459,13.089959144592285,31.73105812072754,16.932823181152344,9.453863143920898,-9.498810768127441,67.01516723632812,0
1745923166.3661342,5.268270969390869,13.090433120727539,31.822845458984375,17.00184440612793,9.436982154846191,-9.522974014282227,67.18339538574219,0
1745923166.3767653,5.2742838859558105,13.09621810913086,31.9144287109375,17.060909271240234,9.427644729614258,-9.543299674987793,67.34584045410156,0
1745923166.3896334,5.274170398712158,13.096179962158203,31.993885040283203,17.11502456665039,9.419551849365234,-9.566046714782715,67.47926330566406,0
1745923166.4066987,5.272406101226807,13.091058731079102,32.06270980834961,17.162919998168945,9.411524772644043,-9.588906288146973,67.58909606933594,0
1745923166.4126687,5.263187885284424,13.070649147033691,32.10720443725586,17.218210220336914,9.392666816711426,-9.619131088256836,67.65924835205078,0
1745923166.423616,5.243422985076904,13.035406112670898,32.10772705078125,17.2189998626709,9.39360523223877,-9.644264221191406,67.60556030273438,0
1745923166.441182,5.226446628570557,13.002364158630371,32.09090805053711,17.211488723754883,9.393427848815918,-9.662871360778809,67.53120422363281,0
1745923166.4485865,5.20831298828125,12.973627090454102,32.08051681518555,17.203052520751953,9.397361755371094,-9.681008338928223,67.46551513671875,0
1745923166.4617786,5.193366050720215,12.943638801574707,32.072505950927734,17.20694351196289,9.3930082321167,-9.700766563415527,67.41645812988281,0
1745923166.475197,5.193517684936523,12.922109603881836,32.09891891479492,17.242687225341797,9.374458312988281,-9.720908164978027,67.45722961425781,0
1745923166.481487,5.199170112609863,12.903255462646484,32.164180755615234,17.306777954101562,9.348676681518555,-9.748501777648926,67.57337951660156,0
1745923166.4932408,5.210664749145508,12.890433311462402,32.244422912597656,17.392688751220703,9.313533782958984,-9.776702880859375,67.73820495605469,0
1745923166.5079832,5.220869541168213,12.875808715820312,32.337066650390625,17.490135192871094,9.275859832763672,-9.810113906860352,67.92388153076172,0
1745923166.5169787,5.229727745056152,12.85069465637207,32.44781494140625,17.597614288330078,9.235738754272461,-9.853309631347656,68.1258544921875,0
1745923166.5276606,5.274188995361328,12.813554763793945,32.48789978027344,17.744728088378906,9.132136344909668,-9.880544662475586,68.32037353515625,0
1745923166.5444105,5.396249294281006,12.796369552612305,32.57942581176758,17.98118019104004,8.958913803100586,-9.88648509979248,68.75322723388672,0
1745923166.5505674,5.629519462585449,12.922944068908691,32.72871017456055,18.352149963378906,8.713637351989746,-9.809905052185059,69.6333236694336,0
1745923166.5634875,5.944390296936035,13.065053939819336,32.909400939941406,18.833547592163086,8.388443946838379,-9.715622901916504,70.75239562988281,0
1745923166.577756,6.131321430206299,13.123987197875977,32.9998664855957,19.225740432739258,8.134622573852539,-9.686169624328613,71.48091125488281,0
1745923166.5870187,6.155372619628906,13.05281925201416,32.85991287231445,19.384042739868164,7.983705043792725,-9.709310531616211,71.4521484375,0
1745923166.5982633,6.158161163330078,12.935065269470215,32.49888610839844,19.381017684936523,7.848796844482422,-9.701139450073242,70.97312927246094,0
1745923166.6100202,6.192720890045166,12.82990550994873,32.050750732421875,19.32282066345215,7.702450275421143,-9.650660514831543,70.39620208740234,0
1745923166.621424,6.212713718414307,12.7244234085083,31.586820602416992,19.24875259399414,7.564474105834961,-9.600704193115234,69.772705078125,0
1745923166.6326685,6.198771953582764,12.60097885131836,31.132686614990234,19.173242568969727,7.439709663391113,-9.574172973632812,69.10568237304688,0
1745923166.6441257,6.191678047180176,12.476889610290527,30.734708786010742,19.150074005126953,7.298778533935547,-9.562487602233887,68.5533447265625,0
1745923166.6550655,6.205334663391113,12.371541023254395,30.440570831298828,19.234926223754883,7.126664161682129,-9.568474769592285,68.25237274169922,0
1745923166.666971,6.237353324890137,12.281347274780273,30.264127731323242,19.435075759887695,6.925532817840576,-9.598514556884766,68.21790313720703,0
1745923166.6788445,6.289098262786865,12.201434135437012,30.20279312133789,19.750139236450195,6.694864273071289,-9.653374671936035,68.44346618652344,0
1745923166.6930683,6.361822128295898,12.133964538574219,30.228105545043945,20.171720504760742,6.432901859283447,-9.724637031555176,68.89561462402344,0
1745923166.707851,6.436006546020508,12.07594108581543,30.280630111694336,20.643468856811523,6.160470008850098,-9.802618980407715,69.43605041503906,0
1745923166.7141905,6.4925312995910645,12.006726264953613,30.281021118164062,21.08066749572754,5.897534370422363,-9.878351211547852,69.86094665527344,0
1745923166.7257292,6.535399436950684,11.917803764343262,30.184335708618164,21.4394474029541,5.644708633422852,-9.940240859985352,70.07698822021484,0
1745923166.7409594,6.565084457397461,11.813422203063965,29.72405433654785,21.721059799194336,5.313921928405762,-9.945040702819824,69.82362365722656,0
1745923166.7483103,6.593062400817871,11.698493957519531,29.454259872436523,21.95025062561035,5.065772533416748,-9.977206230163574,69.6960678100586,0
1745923166.7602475,6.630524635314941,11.589977264404297,29.204450607299805,22.183006286621094,4.819349765777588,-10.00612735748291,69.60795593261719,0
1745923166.7755735,6.669485092163086,11.399177551269531,28.94382095336914,22.4326114654541,4.532289505004883,-10.072175979614258,69.4450912475586,0
1745923166.7835197,6.702394962310791,11.30103588104248,28.662012100219727,22.67811393737793,4.273087024688721,-10.095682144165039,69.34355926513672,0
1745923166.7946663,6.735323429107666,11.209343910217285,28.36809730529785,23.111711502075195,3.924428939819336,-10.143943786621094,69.42447662353516,0
1745923166.8098164,6.781776428222656,11.141286849975586,28.09442901611328,23.28147315979004,3.7061033248901367,-10.137373924255371,69.29896545410156,0
1745923166.8186984,6.829234600067139,11.068922996520996,27.772090911865234,23.40813446044922,3.487372636795044,-10.117830276489258,69.07838439941406,0
1745923166.829376,6.874170303344727,10.968866348266602,27.306333541870117,23.46471405029297,3.238647699356079,-10.077935218811035,68.61408233642578,0
1745923166.8423295,6.913149833679199,10.872982025146484,26.757488250732422,23.450578689575195,2.992443323135376,-10.013510704040527,67.99420166015625,0
1745923166.853131,6.966298580169678,10.81757640838623,26.253232955932617,23.42240333557129,2.7735002040863037,-9.927836418151855,67.45951080322266,0
1745923166.864943,7.053987979888916,10.810273170471191,25.88652801513672,23.449886322021484,2.580360174179077,-9.834948539733887,67.20067596435547,0
1745923166.8760269,7.1665449142456055,10.85238265991211,25.69034194946289,23.54633140563965,2.427095890045166,-9.747480392456055,67.25559997558594,0
1745923166.8872788,7.283047199249268,10.926321029663086,25.62975311279297,23.687223434448242,2.316171169281006,-9.674147605895996,67.5263442993164,0
1745923166.8992155,7.385778903961182,11.000391006469727,25.622451782226562,23.844928741455078,2.2250826358795166,-9.6193265914917,67.85354614257812,0
1745923166.9120073,7.4676642417907715,11.057086944580078,25.602224349975586,23.978252410888672,2.143374443054199,-9.575920104980469,68.105224609375,0
1745923166.9256387,7.52454948425293,11.08976936340332,25.521535873413086,24.04931640625,2.0686066150665283,-9.534143447875977,68.18517303466797,0
1745923166.9340816,7.558104515075684,11.113725662231445,25.393447875976562,24.05601692199707,2.0111985206604004,-9.487934112548828,68.12129211425781,0
1745923166.9457207,7.586935997009277,11.135007858276367,25.255691528320312,24.02297019958496,1.9685455560684204,-9.436551094055176,68.00060272216797,0
1745923166.9582238,7.615084648132324,11.154640197753906,25.021024703979492,23.972108840942383,1.8959838151931763,-9.366363525390625,67.76285552978516,0
1745923166.9763472,7.642284870147705,11.182883262634277,24.931211471557617,23.912487030029297,1.8865547180175781,-9.315791130065918,67.66886901855469,0
1745923166.9824865,7.667265892028809,11.20991325378418,24.856260299682617,23.855712890625,1.8820983171463013,-9.269694328308105,67.58914947509766,0
1745923166.991868,7.6854753494262695,11.25111198425293,24.797441482543945,23.80706787109375,1.8887509107589722,-9.22440242767334,67.54109954833984,0
1745923167.0083158,7.696021556854248,11.281783103942871,24.763225555419922,23.760385513305664,1.903380274772644,-9.191837310791016,67.50141143798828,0
1745923167.0166569,7.706719398498535,11.32990550994873,24.77689552307129,23.720020294189453,1.940394639968872,-9.160872459411621,67.53353881835938,0
1745923167.0318596,7.725839614868164,11.392386436462402,24.8441162109375,23.705595016479492,1.9882670640945435,-9.13373851776123,67.66793823242188,0
1745923167.0422096,7.748392581939697,11.466286659240723,24.960378646850586,23.733905792236328,2.0386457443237305,-9.116198539733887,67.90896606445312,0
1745923167.0522466,7.768365859985352,11.542272567749023,25.102066040039062,23.793527603149414,2.086444616317749,-9.108903884887695,68.20623016357422,0
1745923167.0642068,7.78352165222168,11.611431121826172,25.237642288208008,23.86869239807129,2.1242244243621826,-9.108427047729492,68.50128936767578,0
1745923167.0749931,7.796002388000488,11.671503067016602,25.340513229370117,23.92588996887207,2.155027151107788,-9.104338645935059,68.7339096069336,0
1745923167.0870025,7.805050373077393,11.721465110778809,25.402387619018555,23.95269775390625,2.1812925338745117,-9.093865394592285,68.88159942626953,0
1745923167.099082,7.8059797286987305,11.768525123596191,25.42974853515625,23.954450607299805,2.2079825401306152,-9.077949523925781,68.95870208740234,0
1745923167.1120923,7.8256306648254395,11.822185516357422,25.442935943603516,23.951810836791992,2.2255120277404785,-9.047831535339355,69.04256439208984,0
1745923167.1260526,7.866317272186279,11.891267776489258,25.458507537841797,23.976076126098633,2.228673219680786,-9.00704574584961,69.19216918945312,0
1745923167.1317234,7.9144206047058105,11.977344512939453,25.46128273010254,23.998031616210938,2.231153964996338,-8.953263282775879,69.35108184814453,0
1745923167.1431174,7.957079887390137,12.057371139526367,25.428071975708008,23.982759475708008,2.236605167388916,-8.89192008972168,69.42527770996094,0
1745923167.1548116,7.99437141418457,12.118998527526855,25.355804443359375,23.949115753173828,2.231067180633545,-8.830851554870605,69.41828918457031,0
1745923167.1772122,8.027661323547363,12.166021347045898,25.266754150390625,23.916357040405273,2.2152252197265625,-8.774951934814453,69.37679290771484,0
1745923167.1824024,8.069618225097656,12.193790435791016,25.113910675048828,23.979446411132812,2.122962713241577,-8.72919750213623,69.35676574707031,0
1745923167.1896617,8.12974739074707,12.21349811553955,25.06792449951172,24.104625701904297,2.0328805446624756,-8.709033966064453,69.51579284667969,0
1745923167.206597,8.19556713104248,12.225789070129395,25.00156021118164,24.232440948486328,1.929234266281128,-8.686561584472656,69.65535736083984,0
1745923167.213181,8.272027015686035,12.228957176208496,24.91832160949707,24.35428810119629,1.8142527341842651,-8.659496307373047,69.77359008789062,0
1745923167.2253354,8.358085632324219,12.220535278320312,24.818822860717773,24.475383758544922,1.6854181289672852,-8.630353927612305,69.87283325195312,0
1745923167.2441974,8.471287727355957,12.225656509399414,24.71681022644043,24.622920989990234,1.5384973287582397,-8.588335037231445,70.03668212890625,0
1745923167.247462,8.616868019104004,12.241571426391602,24.622861862182617,24.801424026489258,1.3729110956192017,-8.535280227661133,70.28272247314453,0
1745923167.2592072,8.777186393737793,12.263498306274414,24.525615692138672,24.973535537719727,1.2060569524765015,-8.472204208374023,70.53983306884766,0
1745923167.2741866,8.929880142211914,12.272204399108887,24.422075271606445,25.138076782226562,1.0392132997512817,-8.415780067443848,70.76223754882812,0
1745923167.2845025,9.056985855102539,12.242595672607422,24.304304122924805,25.29780387878418,0.8656920790672302,-8.382777214050293,70.90168762207031,0
1745923167.2939193,9.136632919311523,12.148892402648926,24.131959915161133,25.428546905517578,0.6780747771263123,-8.381196975708008,70.84603881835938,0
1745923167.3069544,9.174511909484863,11.97467041015625,23.908506393432617,25.574851989746094,0.4494648277759552,-8.424131393432617,70.63253784179688,0
1745923167.3173232,9.187695503234863,11.722014427185059,23.65472984313965,25.780567169189453,0.16259129345417023,-8.515705108642578,70.34500122070312,0
1745923167.340502,9.166621208190918,11.410691261291504,23.35846710205078,26.000072479248047,-0.15916074812412262,-8.642288208007812,69.93585205078125,0
1745923167.3536768,9.107914924621582,11.06425666809082,22.997556686401367,26.171566009521484,-0.49169355630874634,-8.781721115112305,69.34129333496094,0
1745923167.3577719,9.050764083862305,10.723949432373047,22.589780807495117,26.287885665893555,-0.8258678913116455,-8.90226936340332,68.65238189697266,0
1745923167.3663993,9.018518447875977,10.426889419555664,22.211063385009766,26.41196632385254,-1.1487091779708862,-9.001677513122559,68.06843566894531,0
1745923167.3763802,8.991185188293457,10.157978057861328,21.882131576538086,26.564838409423828,-1.4563795328140259,-9.101910591125488,67.59613037109375,0
1745923167.3876214,8.968840599060059,9.90689754486084,21.587472915649414,26.740299224853516,-1.7560629844665527,-9.203280448913574,67.20350646972656,0
1745923167.3994634,8.995908737182617,9.708964347839355,21.279624938964844,26.97001075744629,-2.081491231918335,-9.266590118408203,66.95450592041016,0
1745923167.4102416,9.090123176574707,9.613080978393555,21.40367317199707,27.236774444580078,-2.2078394889831543,-9.335432052612305,67.34365844726562,0
1745923167.4231236,9.233712196350098,9.676054954528809,21.757766723632812,27.5488338470459,-2.195430278778076,-9.35748291015625,68.21636962890625,0
1745923167.4388225,9.349095344543457,9.85685920715332,22.0907039642334,27.83287239074707,-2.120126485824585,-9.331323623657227,69.12953186035156,0
1745923167.4469059,9.380468368530273,10.147375106811523,22.21771240234375,27.90797996520996,-1.9791393280029297,-9.225014686584473,69.65353393554688,0
1745923167.4576836,9.38077163696289,10.240565299987793,22.107784271240234,27.701128005981445,-1.908957839012146,-9.130589485168457,69.43025207519531,0
1745923167.4761338,9.410191535949707,10.345800399780273,21.828136444091797,27.248964309692383,-1.8245033025741577,-8.945454597473145,68.83309173583984,0
1745923167.480751,9.469504356384277,10.45682144165039,21.462120056152344,26.677440643310547,-1.7392578125,-8.704476356506348,68.06588745117188,0
1745923167.494024,9.533028602600098,10.557769775390625,21.06792449951172,26.075565338134766,-1.6586949825286865,-8.449655532836914,67.23428344726562,0
1745923167.5103498,9.585305213928223,10.63713264465332,20.704143524169922,25.514284133911133,-1.5838565826416016,-8.216567039489746,66.44086456298828,0
1745923167.5199916,9.608939170837402,10.679412841796875,20.395124435424805,25.039783477783203,-1.522706151008606,-8.034865379333496,65.7232666015625,0
1745923167.5265079,9.613985061645508,10.690053939819336,20.172805786132812,24.679771423339844,-1.4743715524673462,-7.9120025634765625,65.1566162109375,0
1745923167.5412562,9.617475509643555,10.686450004577637,20.052875518798828,24.470857620239258,-1.4464842081069946,-7.845664024353027,64.8276596069336,0
1745923167.5511591,9.637353897094727,10.691912651062012,20.04549789428711,24.505638122558594,-1.4697227478027344,-7.83995246887207,64.88040161132812,0
1745923167.5620267,9.665824890136719,10.725011825561523,20.17906379699707,24.736120223999023,-1.4997146129608154,-7.886122703552246,65.30602264404297,0
1745923167.5741076,9.679444313049316,10.762227058410645,20.431760787963867,25.042652130126953,-1.4986779689788818,-7.975102424621582,65.91608428955078,0
1745923167.586947,9.667474746704102,10.781233787536621,20.7347469329834,25.38132667541504,-1.4860562086105347,-8.09759521484375,66.56478118896484,0
1745923167.5975587,9.627509117126465,10.775466918945312,21.047958374023438,25.72679901123047,-1.471689224243164,-8.243912696838379,67.177734375,0
1745923167.6093316,9.566071510314941,10.742500305175781,21.35211753845215,26.03957176208496,-1.4521167278289795,-8.400934219360352,67.70026397705078,0
1745923167.6193216,9.482535362243652,10.69014835357666,21.810199737548828,26.288156509399414,-1.3412660360336304,-8.589866638183594,68.27104187011719,0
1745923167.632347,9.378893852233887,10.620820045471191,21.93977928161621,26.457935333251953,-1.34119713306427,-8.719011306762695,68.39743041992188,0
1745923167.6436226,9.284679412841797,10.537606239318848,22.007633209228516,26.551799774169922,-1.3476518392562866,-8.825167655944824,68.3817138671875,0
1745923167.654299,9.215161323547363,10.46901798248291,22.01912498474121,26.572425842285156,-1.353107213973999,-8.89122486114502,68.27572631835938,0
1745923167.6659055,9.15656852722168,10.416950225830078,21.986268997192383,26.53862762451172,-1.3535609245300293,-8.92794418334961,68.09841918945312,0
1745923167.6856668,9.08828353881836,10.308832168579102,21.872203826904297,26.430435180664062,-1.380434274673462,-8.96629524230957,67.69975280761719,0
1745923167.6892025,9.004576683044434,10.232864379882812,21.66242218017578,26.218826293945312,-1.3883954286575317,-8.96203327178955,67.11869049072266,0
1745923167.7002513,8.918537139892578,10.154924392700195,21.3979549407959,25.935827255249023,-1.3920398950576782,-8.936777114868164,66.40724182128906,0
1745923167.711687,8.835247993469238,10.080000877380371,21.10169219970703,25.60087013244629,-1.3887068033218384,-8.892913818359375,65.61781311035156,0
1745923167.7246497,8.780221939086914,10.029374122619629,20.814260482788086,25.26148223876953,-1.3800631761550903,-8.824629783630371,64.88533782958984,0
1745923167.7449646,8.78530502319336,10.03151798248291,20.59991455078125,25.00438690185547,-1.3727062940597534,-8.732183456420898,64.42112731933594,0
1745923167.7469876,8.826617240905762,10.064143180847168,20.413972854614258,24.776580810546875,-1.3654893636703491,-8.618668556213379,64.08131408691406,0
1745923167.757869,8.899019241333008,10.122318267822266,20.209218978881836,24.51709747314453,-1.3548446893692017,-8.46783447265625,63.74765396118164,0
1745923167.7737985,8.999549865722656,10.207067489624023,20.021974563598633,24.280664443969727,-1.345201849937439,-8.298262596130371,63.509254455566406,0
1745923167.7813888,9.107118606567383,10.305702209472656,19.874439239501953,24.092666625976562,-1.3340181112289429,-8.135698318481445,63.37992858886719,0
1745923167.7934787,9.21341609954834,10.398361206054688,19.734020233154297,23.91629981994629,-1.3266290426254272,-7.979650020599365,63.26210021972656,0
1745923167.8100557,9.33340835571289,10.490129470825195,19.616416931152344,23.770418167114258,-1.3276917934417725,-7.828290939331055,63.21037292480469,0
1745923167.816692,9.457118034362793,10.59274673461914,19.57052230834961,23.720905303955078,-1.3326716423034668,-7.7054443359375,63.34129333496094,0
1745923167.828493,9.578609466552734,10.69117259979248,19.616975784301758,23.77943229675293,-1.341323971748352,-7.62821102142334,63.66619110107422,0
1745923167.840415,9.698715209960938,10.790375709533691,19.951923370361328,23.945070266723633,-1.261788010597229,-7.63466215133667,64.3860855102539,0
1745923167.8510563,9.801048278808594,10.884040832519531,20.131271362304688,24.171354293823242,-1.2740651369094849,-7.631723880767822,64.98771667480469,0
1745923167.8648562,9.880221366882324,10.957143783569336,20.298566818237305,24.384523391723633,-1.285902738571167,-7.642807483673096,65.52045440673828,0
1745923167.875067,9.925384521484375,10.997621536254883,20.470203399658203,24.607725143432617,-1.3004060983657837,-7.685547351837158,66.00093841552734,0
1745923167.886139,9.93043041229248,11.001320838928223,20.672182083129883,24.868789672851562,-1.3166314363479614,-7.774521350860596,66.47272491455078,0
1745923167.8984215,9.877869606018066,10.886563301086426,20.863542556762695,25.162803649902344,-1.379469394683838,-7.942715167999268,66.79077911376953,0
1745923167.9107902,9.807991027832031,10.786809921264648,21.017709732055664,25.439929962158203,-1.4379079341888428,-8.099923133850098,67.05244445800781,0
1745923167.9209845,9.7085599899292,10.664997100830078,21.06034278869629,25.652442932128906,-1.5174264907836914,-8.244953155517578,67.08634185791016,0
1745923167.932343,9.604880332946777,10.546123504638672,20.976545333862305,25.6346492767334,-1.5588473081588745,-8.323033332824707,66.76219940185547,0
1745923167.9447417,9.497786521911621,10.427041053771973,20.80304718017578,25.453929901123047,-1.5745359659194946,-8.35539436340332,66.18180847167969,0
1745923167.9564323,9.412675857543945,10.324176788330078,20.576873779296875,25.249582290649414,-1.6062918901443481,-8.356528282165527,65.56330871582031,0
1745923167.9674413,9.389592170715332,10.276358604431152,20.418331146240234,25.154909133911133,-1.652300238609314,-8.339360237121582,65.23918914794922,0
1745923167.980026,9.389667510986328,10.261202812194824,20.371971130371094,25.151365280151367,-1.678884506225586,-8.336454391479492,65.17420959472656,0
1745923167.989906,9.380373001098633,10.235633850097656,20.356159210205078,25.151460647583008,-1.694026231765747,-8.349103927612305,65.12362670898438,0
1745923168.0082731,9.357440948486328,10.195213317871094,20.311307907104492,25.11683464050293,-1.709690809249878,-8.36224365234375,64.98079681396484,0
1745923168.0149722,9.319884300231934,10.138707160949707,20.229801177978516,25.0726375579834,-1.739817500114441,-8.380359649658203,64.76103210449219,0
1745923168.026603,9.255278587341309,10.057807922363281,20.141067504882812,25.031347274780273,-1.774925947189331,-8.421209335327148,64.48550415039062,0
1745923168.04189,9.14900016784668,9.926472663879395,20.01510238647461,24.929588317871094,-1.809374451637268,-8.485663414001465,64.0201644897461,0
1745923168.0505736,9.03722095489502,9.762530326843262,19.795690536499023,24.74567222595215,-1.8675212860107422,-8.534327507019043,63.34111785888672,0
1745923168.0604296,8.932099342346191,9.597318649291992,19.17584228515625,24.515073776245117,-2.10336971282959,-8.492263793945312,62.2203369140625,0
1745923168.0769725,8.816336631774902,9.42823600769043,18.787084579467773,24.212818145751953,-2.2008090019226074,-8.488306999206543,61.24447250366211,0
1745923168.0832558,8.696382522583008,9.24610424041748,18.361635208129883,23.83038902282715,-2.2904138565063477,-8.468353271484375,60.13451385498047,0
1745923168.095208,8.593366622924805,9.081707954406738,17.93000030517578,23.404281616210938,-2.3658339977264404,-8.419737815856934,59.00935745239258,0
1745923168.1098425,8.493366241455078,8.947413444519043,17.49022674560547,22.95077133178711,-2.421865701675415,-8.344674110412598,57.881778717041016,0
1745923168.1180422,8.37951946258545,8.817102432250977,17.020185470581055,22.44605255126953,-2.464965343475342,-8.253414154052734,56.66285705566406,0
1745923168.1303005,8.27477741241455,8.554658889770508,16.563669204711914,21.92650604248047,-2.57273530960083,-8.22268009185791,55.319610595703125,0
1745923168.1429586,8.190256118774414,8.44398021697998,16.152969360351562,21.454912185668945,-2.605910301208496,-8.120009422302246,54.24211883544922,0
1745923168.1556754,8.105449676513672,8.332086563110352,15.758548736572266,21.004135131835938,-2.6415414810180664,-8.023051261901855,53.200218200683594,0
1745923168.166534,8.005353927612305,8.213213920593262,15.306538581848145,20.493255615234375,-2.6799769401550293,-7.905012130737305,52.01836013793945,0
1745923168.177414,7.9006500244140625,8.081384658813477,14.735247611999512,19.84071159362793,-2.7274115085601807,-7.723258018493652,50.55799102783203,0
1745923168.1919472,7.825213432312012,7.972374439239502,14.082097053527832,19.06085205078125,-2.764265775680542,-7.442757606506348,48.94053649902344,0
1745923168.208636,7.781454086303711,7.891153335571289,13.392496109008789,18.213279724121094,-2.7900779247283936,-7.077157497406006,47.27838134765625,0
1745923168.2127516,7.751199722290039,7.823987007141113,12.656274795532227,17.292526245117188,-2.806805372238159,-6.6304802894592285,45.52398681640625,0
1745923168.2247162,7.722121715545654,7.7580156326293945,11.871793746948242,16.305160522460938,-2.8203718662261963,-6.107442855834961,43.65708923339844,0
1745923168.2351515,7.6752705574035645,7.675769805908203,11.03832721710205,15.248482704162598,-2.830847978591919,-5.515443325042725,41.637847900390625,0
1745923168.2467134,7.622918605804443,7.577989101409912,10.149317741394043,14.1087064743042,-2.841458320617676,-4.820187568664551,39.45893096923828,0
1745923168.2585652,7.56624174118042,7.487397193908691,9.248146057128906,12.93079948425293,-2.828758478164673,-4.0188307762146,37.232582092285156,0
1745923168.2750838,7.433938980102539,7.365546226501465,8.3416109085083,11.741067886352539,-2.78365159034729,-3.1806252002716064,34.882164001464844,0
1745923168.280722,7.199435710906982,7.167613506317139,6.572066783905029,10.564970970153809,-3.5770702362060547,-1.8464192152023315,31.504085540771484,0
1745923168.2925043,6.849189281463623,6.87857723236084,5.7426605224609375,9.437347412109375,-3.5502002239227295,-1.0549784898757935,28.907773971557617,0
1745923168.3104787,6.396344184875488,6.50691556930542,4.993308067321777,8.37581729888916,-3.487093925476074,-0.3723753094673157,26.272384643554688,0
1745923168.3158858,5.93086576461792,6.086904048919678,4.361893653869629,6.604431629180908,-2.5418448448181152,0.9606784582138062,22.984094619750977,0
1745923168.327463,5.377129077911377,5.668030738830566,3.817592144012451,5.904589653015137,-2.4216248989105225,1.33780038356781,20.76734161376953,0
1745923168.3422492,4.703248500823975,5.156991481781006,3.298677682876587,5.23265266418457,-2.2535595893859863,1.517385721206665,18.391571044921875,0
1745923168.351255,3.9656152725219727,3.954108238220215,2.7828736305236816,4.5488715171813965,-3.2633004188537598,0.8095971941947937,15.251468658447266,0
1745923168.3615985,3.1994545459747314,3.3171961307525635,2.264983654022217,3.8376286029815674,-3.228182792663574,0.6890102624893188,12.6192626953125,0
1745923168.3777509,2.4402928352355957,2.684931516647339,1.7650861740112305,3.120588779449463,-3.107032060623169,0.5025056004524231,10.01089859008789,0
1745923168.3854551,1.7124097347259521,2.070610523223877,1.2866641283035278,2.423173189163208,-2.908454179763794,0.20510722696781158,7.492857933044434,0
1745923168.3973606,1.009602427482605,1.4744420051574707,0.8292520046234131,1.742762804031372,-2.4846999645233154,-0.3653784990310669,5.05605936050415,0
1745923168.4110692,0.37437859177589417,0.914863109588623,0.39400455355644226,1.0833821296691895,-1.506889820098877,-1.4281086921691895,2.7666282653808594,0
1745923168.4209607,0.07123976200819016,0.4673289358615875,0.034172918647527695,0.5331761240959167,-2.6056125164031982,-0.5465028285980225,1.1059176921844482,0
1745923168.43167,0.24350835382938385,0.2184859663248062,0.1853133887052536,0.20461232960224152,0.0,0.0,0.8519200086593628,0
1745923168.4433887,0.22772686183452606,0.16317488253116608,0.2550855875015259,0.11910603940486908,0.0,0.0,0.7650933861732483,0
1745923168.4579065,0.2187928706407547,0.16856183111667633,0.2343364655971527,0.11673728376626968,0.0,0.0,0.7384284734725952,0
1745923168.4738758,0.20891046524047852,0.15837594866752625,0.22761255502700806,0.11115241050720215,0.0,0.0,0.7060513496398926,0
1745923168.4791024,0.20377010107040405,0.1595519781112671,0.21420198678970337,0.1110946387052536,0.0,0.0,0.6886187195777893,0
1745923168.4896238,0.1976054608821869,0.15283724665641785,0.21269330382347107,0.10533644258975983,0.0,0.0,0.668472409248352,0
1745923168.5075588,0.19318589568138123,0.15139567852020264,0.19904059171676636,0.10158110409975052,0.0,0.0,0.6452032327651978,0
1745923168.5144541,0.186698779463768,0.14788657426834106,0.19335973262786865,0.1003870964050293,0.0,0.0,0.6283321976661682,0
1745923168.5257638,0.18740060925483704,0.14701403677463531,0.189113050699234,0.09836498647928238,0.0,0.0,0.6218927502632141,0
1745923168.5425618,0.18502959609031677,0.14433953166007996,0.18497812747955322,0.09530293196439743,0.0,0.0,0.609650194644928,0
1745923168.548669,0.18372078239917755,0.1416081190109253,0.18315279483795166,0.0943015068769455,0.0,0.0,0.602783203125,0
1745923168.560032,0.18125493824481964,0.1395595520734787,0.17877574265003204,0.09083504229784012,0.0,0.0,0.5904252529144287,0
1745923168.576778,0.17825797200202942,0.13445712625980377,0.17676416039466858,0.08827370405197144,0.0,0.0,0.577752947807312,0
1745923168.5828805,0.173572838306427,0.13453300297260284,0.17313212156295776,0.08808112144470215,0.0,0.0,0.5693190693855286,0
1745923168.5967634,0.17197951674461365,0.13314832746982574,0.16823354363441467,0.08923660963773727,0.0,0.0,0.5625979900360107,0
1745923168.6101153,0.16955159604549408,0.13144119083881378,0.16642683744430542,0.08713746815919876,0.0,0.0,0.5545570850372314,0
1745923168.6209285,0.16735129058361053,0.12935470044612885,0.16534654796123505,0.08627085387706757,0.0,0.0,0.548323392868042,0
1745923168.6291914,0.1662890762090683,0.1275147944688797,0.16352121531963348,0.08528868108987808,0.0,0.0,0.5426138043403625,0
1745923168.64406,0.16625113785266876,0.12660431861877441,0.15925590693950653,0.08320879936218262,0.0,0.0,0.5353201627731323,0
1745923168.6517131,0.16374734044075012,0.12328491359949112,0.15664830803871155,0.08191850036382675,0.0,0.0,0.5255990624427795,0
1745923168.6646183,0.16205917298793793,0.12307625263929367,0.1548416018486023,0.0803200751543045,0.0,0.0,0.520297110080719,0
1745923168.678514,0.16103489696979523,0.12258308380842209,0.15432007610797882,0.07635289430618286,0.0,0.0,0.5142909288406372,0
1745923168.686336,0.1593656986951828,0.12114150077104568,0.15266238152980804,0.07521665841341019,0.0,0.0,0.5083862543106079,0
1745923168.699104,0.15985888242721558,0.11899811029434204,0.15247613191604614,0.07587143778800964,0.0,0.0,0.507204532623291,0
1745923168.7101452,0.16010546684265137,0.11763240396976471,0.15215948224067688,0.07629511505365372,0.0,0.0,0.5061924457550049,0
1745923168.7220957,0.15769651532173157,0.1165512204170227,0.1505017876625061,0.07683434337377548,0.0,0.0,0.5015838742256165,0
1745923168.7332475,0.15566691756248474,0.1179358959197998,0.14530520141124725,0.07481223344802856,0.0,0.0,0.49372023344039917,0
1745923168.7447586,0.1526889204978943,0.11749962717294693,0.14508168399333954,0.07379155606031418,0.0,0.0,0.48906177282333374,0
1745923168.756652,0.1505075842142105,0.11400949209928513,0.14416901767253876,0.07275161147117615,0.0,0.0,0.48143771290779114,0
1745923168.7767258,0.15122836828231812,0.11142982542514801,0.14079774916172028,0.0727708712220192,0.0,0.0,0.4762267768383026,0
1745923168.7818108,0.15056449174880981,0.11235926300287247,0.1387489140033722,0.0734834223985672,0.0,0.0,0.4751560688018799,0
