time,f1,f2,f3,f4,COPx,COPy,W,W_sync
1745923158.4741905,0.023684978485107422,0.037048935890197754,0.03202676773071289,0.02623748779296875,0.0,0.0,0.11899816989898682,0
1745923158.476703,0.02383708953857422,0.034412384033203125,0.029642581939697266,0.026426315307617188,0.0,0.0,0.1143183708190918,0
1745923158.476703,0.026416778564453125,0.03733348846435547,0.027389049530029297,0.027635574340820312,0.0,0.0,0.1187748908996582,0
1745923158.476703,0.028332233428955078,0.038111090660095215,0.02841329574584961,0.027994155883789062,0.0,0.0,0.12285077571868896,0
1745923158.476703,0.026075363159179688,0.03710579872131348,0.029810428619384766,0.027767181396484375,0.0,0.0,0.1207587718963623,0
1745923158.477714,0.02252817153930664,0.03896474838256836,0.02884197235107422,0.025916099548339844,0.0,0.0,0.11625099182128906,0
1745923158.4821901,0.024671554565429688,0.03803527355194092,0.03012704849243164,0.026180267333984375,0.0,0.0,0.11901414394378662,0
1745923158.495274,0.02569580078125,0.03737139701843262,0.029717445373535156,0.027672767639160156,0.0,0.0,0.12045741081237793,0
1745923158.5142891,0.027156352996826172,0.04232203960418701,0.029922008514404297,0.027635574340820312,0.0,0.0,0.1270359754562378,0
1745923158.5217345,0.026378631591796875,0.04268240928649902,0.028786182403564453,0.02347850799560547,0.0,0.0,0.12132573127746582,0
1745923158.5377018,0.024842262268066406,0.03957164287567139,0.02858114242553711,0.026218414306640625,0.0,0.0,0.11921346187591553,0
1745923158.5435941,0.02548694610595703,0.04112708568572998,0.027705669403076172,0.027068138122558594,0.0,0.0,0.12138783931732178,0
1745923158.5560458,0.026435375213623047,0.040349364280700684,0.023906230926513672,0.02487659454345703,0.0,0.0,0.11556756496429443,0
1745923158.5703423,0.025335311889648438,0.039875149726867676,0.024166584014892578,0.02584075927734375,0.0,0.0,0.11521780490875244,0
1745923158.5819201,0.024367809295654297,0.0391923189163208,0.025209903717041016,0.02703094482421875,0.0,0.0,0.11580097675323486,0
1745923158.593724,0.02247142791748047,0.04131674766540527,0.02653217315673828,0.025236129760742188,0.0,0.0,0.11555647850036621,0
1745923158.6096814,0.021750450134277344,0.04107010364532471,0.030294418334960938,0.02553844451904297,0.0,0.0,0.11865341663360596,0
1745923158.6186934,0.022072792053222656,0.03915441036224365,0.030406475067138672,0.02693653106689453,0.0,0.0,0.11857020854949951,0
1745923158.6305256,0.0229644775390625,0.03892672061920166,0.029288768768310547,0.02491474151611328,0.0,0.0,0.11609470844268799,0
1745923158.652388,0.022983551025390625,0.039514780044555664,0.024408817291259766,0.023838043212890625,0.0,0.0,0.11074519157409668,0
1745923158.6564255,0.022167682647705078,0.03915441036224365,0.02064657211303711,0.025178909301757812,0.0,0.0,0.10714757442474365,0
1745923158.6727521,0.020991802215576172,0.04046320915222168,0.02334737777709961,0.025877952575683594,0.0,0.0,0.11068034172058105,0
1745923158.6788523,0.020574569702148438,0.04105114936828613,0.02714681625366211,0.02655792236328125,0.0,0.0,0.11533045768737793,0
1745923158.6923661,0.02066946029663086,0.0411839485168457,0.022583484649658203,0.026823043823242188,0.0,0.0,0.11125993728637695,0
1745923158.7058816,0.023818016052246094,0.04315662384033203,0.02424144744873047,0.02769184112548828,0.0,0.0,0.11890792846679688,0
1745923158.716606,0.02433013916015625,0.04235994815826416,0.02470684051513672,0.02831554412841797,0.0,0.0,0.1197124719619751,0
1745923158.731225,0.02252817153930664,0.04190480709075928,0.024371623992919922,0.02703094482421875,0.0,0.0,0.11583554744720459,0
1745923158.7442682,0.021409034729003906,0.04382050037384033,0.026289939880371094,0.02756023406982422,0.0,0.0,0.11907970905303955,0
1745923158.7535744,0.02133321762084961,0.04199957847595215,0.02571249008178711,0.027975082397460938,0.0,0.0,0.1170203685760498,0
1745923158.7700992,0.021579742431640625,0.04036831855773926,0.027221202850341797,0.028863906860351562,0.0,0.0,0.11803317070007324,0
1745923158.7776358,0.020536422729492188,0.04133570194244385,0.026848793029785156,0.02954387664794922,0.0,0.0,0.11826479434967041,0
1745923158.78985,0.021579742431640625,0.04046320915222168,0.027537822723388672,0.02623748779296875,0.0,0.0,0.11581826210021973,0
1745923158.8046527,0.02450084686279297,0.041013240814208984,0.027668476104736328,0.025122642517089844,0.0,0.0,0.11830520629882812,0
1745923158.8158777,0.022812843322753906,0.04120290279388428,0.028804779052734375,0.028296470642089844,0.0,0.0,0.1211169958114624,0
1745923158.8282282,0.022945404052734375,0.04256868362426758,0.028376102447509766,0.02729511260986328,0.0,0.0,0.121185302734375,0
1745923158.842002,0.021048545837402344,0.042549729347229004,0.02796649932861328,0.02756023406982422,0.0,0.0,0.11912500858306885,0
1745923158.8517897,0.020384788513183594,0.04165816307067871,0.02625274658203125,0.028995513916015625,0.0,0.0,0.11729121208190918,0
1745923158.8707771,0.021845340728759766,0.03976130485534668,0.028245925903320312,0.0285797119140625,0.0,0.0,0.11843228340148926,0
1745923158.876783,0.019151687622070312,0.0405200719833374,0.02794790267944336,0.026823043823242188,0.0,0.0,0.11444270610809326,0
1745923158.889022,0.019436359405517578,0.042340993881225586,0.025563716888427734,0.027370452880859375,0.0,0.0,0.11471152305603027,0
1745923158.9165125,0.020763874053955078,0.03888881206512451,0.026383399963378906,0.024385452270507812,0.0,0.0,0.11042153835296631,0
1745923158.917516,0.02032756805419922,0.04055798053741455,0.026029109954833984,0.023799896240234375,0.0,0.0,0.11071455478668213,0
1745923158.9390454,0.020175933837890625,0.03875601291656494,0.023943424224853516,0.02412128448486328,0.0,0.0,0.10699665546417236,0
1745923158.9430823,0.02089691162109375,0.04025447368621826,0.02606678009033203,0.025991439819335938,0.0,0.0,0.11320960521697998,0
1745923158.9597743,0.01926565170288086,0.038016319274902344,0.027277469635009766,0.02646350860595703,0.0,0.0,0.11102294921875,0
1745923158.96336,0.018487930297851562,0.03831982612609863,0.029381752014160156,0.024990081787109375,0.0,0.0,0.11117959022521973,0
1745923158.97496,0.021219253540039062,0.03913545608520508,0.028003692626953125,0.02708721160888672,0.0,0.0,0.11544561386108398,0
1745923158.9898758,0.01996755599975586,0.04146850109100342,0.026029109954833984,0.02931690216064453,0.0,0.0,0.11678206920623779,0
1745923159.0031562,0.020707130432128906,0.040614962577819824,0.025917530059814453,0.02910900115966797,0.0,0.0,0.11634862422943115,0
1745923159.012145,0.02142810821533203,0.040311455726623535,0.02615976333618164,0.026010513305664062,0.0,0.0,0.11390984058380127,0
1745923159.0255892,0.020270824432373047,0.040747642517089844,0.026289939880371094,0.025954246520996094,0.0,0.0,0.11326265335083008,0
1745923159.0380957,0.019341468811035156,0.03902161121368408,0.02796649932861328,0.024329185485839844,0.0,0.0,0.11065876483917236,0
1745923159.0496814,0.021446704864501953,0.03699195384979248,0.02904653549194336,0.026029586791992188,0.0,0.0,0.11351478099822998,0
1745923159.0639856,0.023116111755371094,0.03695404529571533,0.028078079223632812,0.024990081787109375,0.0,0.0,0.11313831806182861,0
1745923159.0743508,0.022167682647705078,0.035607337951660156,0.031188488006591797,0.026426315307617188,0.0,0.0,0.11538982391357422,0
1745923159.0882504,0.023723125457763672,0.035114169120788574,0.03064870834350586,0.025594711303710938,0.0,0.0,0.11508071422576904,0
1745923159.1047802,0.022869586944580078,0.03627121448516846,0.02923297882080078,0.02328968048095703,0.0,0.0,0.11166346073150635,0
1745923159.1127863,0.024197101593017578,0.034639954566955566,0.02923297882080078,0.024423599243164062,0.0,0.0,0.11249363422393799,0
1745923159.1238823,0.021807193756103516,0.03545558452606201,0.028879165649414062,0.024140357971191406,0.0,0.0,0.110282301902771,0
1745923159.13879,0.02309703826904297,0.0372006893157959,0.02796649932861328,0.023572921752929688,0.0,0.0,0.11183714866638184,0
1745923159.149264,0.02415943145751953,0.03672647476196289,0.027910709381103516,0.024404525756835938,0.0,0.0,0.11320114135742188,0
1745923159.162901,0.02622699737548828,0.03568315505981445,0.027612686157226562,0.023894309997558594,0.0,0.0,0.11341714859008789,0
1745923159.176303,0.024519920349121094,0.03712475299835205,0.029456615447998047,0.02534961700439453,0.0,0.0,0.11645090579986572,0
1745923159.1858475,0.024690628051757812,0.03672647476196289,0.030555248260498047,0.025954246520996094,0.0,0.0,0.11792659759521484,0
1745923159.1982203,0.024140357971191406,0.03570222854614258,0.031337738037109375,0.02550029754638672,0.0,0.0,0.11668062210083008,0
1745923159.210449,0.022110939025878906,0.036214351654052734,0.03111410140991211,0.025386810302734375,0.0,0.0,0.11482620239257812,0
1745923159.225252,0.024367809295654297,0.0364987850189209,0.02886056900024414,0.024593353271484375,0.0,0.0,0.11432051658630371,0
1745923159.238598,0.02313518524169922,0.034810662269592285,0.027724266052246094,0.02451801300048828,0.0,0.0,0.11018812656402588,0
1745923159.248701,0.02203512191772461,0.03737139701843262,0.027389049530029297,0.02466869354248047,0.0,0.0,0.11146426200866699,0
1745923159.2598708,0.02349567413330078,0.036574721336364746,0.028636932373046875,0.02338409423828125,0.0,0.0,0.11209142208099365,0
1745923159.274238,0.023704051971435547,0.03482961654663086,0.02984762191772461,0.024857521057128906,0.0,0.0,0.11323881149291992,0
1745923159.2838342,0.022319316864013672,0.03623330593109131,0.028338909149169922,0.023591995239257812,0.0,0.0,0.11048352718353271,0
1745923159.2977185,0.02341938018798828,0.03598666191101074,0.026178359985351562,0.025217056274414062,0.0,0.0,0.11080145835876465,0
1745923159.3086016,0.022338390350341797,0.035550475120544434,0.027649879455566406,0.02610492706298828,0.0,0.0,0.11164367198944092,0
1745923159.3210235,0.021617412567138672,0.03505730628967285,0.027742862701416016,0.025159835815429688,0.0,0.0,0.10957741737365723,0
1745923159.3396008,0.022812843322753906,0.03446924686431885,0.027128219604492188,0.023345947265625,0.0,0.0,0.10775625705718994,0
1745923159.3462455,0.02138996124267578,0.03572118282318115,0.027612686157226562,0.023761749267578125,0.0,0.0,0.10848557949066162,0
1745923159.3581214,0.021181583404541016,0.03638505935668945,0.028711318969726562,0.023233413696289062,0.0,0.0,0.1095113754272461,0
1745923159.3722675,0.024652481079101562,0.037409305572509766,0.028767108917236328,0.022515296936035156,0.0,0.0,0.11334419250488281,0
1745923159.3832686,0.023684978485107422,0.03536069393157959,0.027128219604492188,0.02170276641845703,0.0,0.0,0.10787665843963623,0
1745923159.3970616,0.023059368133544922,0.037580013275146484,0.026327133178710938,0.022968292236328125,0.0,0.0,0.10993480682373047,0
1745923159.4071875,0.023211002349853516,0.03702998161315918,0.02642059326171875,0.02474498748779297,0.0,0.0,0.11140656471252441,0
1745923159.419917,0.022565841674804688,0.03627121448516846,0.028525352478027344,0.023572921752929688,0.0,0.0,0.11093533039093018,0
1745923159.4370887,0.023438453674316406,0.03752315044403076,0.027612686157226562,0.025386810302734375,0.0,0.0,0.1139611005783081,0
1745923159.4451594,0.023438453674316406,0.0370868444442749,0.028469085693359375,0.02614307403564453,0.0,0.0,0.11513745784759521,0
1745923159.4564466,0.022110939025878906,0.0364987850189209,0.02662515640258789,0.024687767028808594,0.0,0.0,0.10992264747619629,0
1745923159.471088,0.022983551025390625,0.03750419616699219,0.02740764617919922,0.027238845825195312,0.0,0.0,0.11513423919677734,0
1745923159.4839346,0.02336263656616211,0.037845611572265625,0.026383399963378906,0.02412128448486328,0.0,0.0,0.11171293258666992,0
1745923159.4948647,0.022148609161376953,0.03490555286407471,0.027351856231689453,0.02293109893798828,0.0,0.0,0.1073371171951294,0
1745923159.5074992,0.0236663818359375,0.03532278537750244,0.028022289276123047,0.0226287841796875,0.0,0.0,0.10964024066925049,0
1745923159.5190194,0.025639057159423828,0.03689718246459961,0.028078079223632812,0.02003955841064453,0.0,0.0,0.11065387725830078,0
1745923159.5375981,0.02402639389038086,0.03790247440338135,0.030518054962158203,0.022136688232421875,0.0,0.0,0.11458361148834229,0
1745923159.545045,0.024349212646484375,0.03530383110046387,0.026718616485595703,0.02259063720703125,0.0,0.0,0.1089622974395752,0
1745923159.5557878,0.024007797241210938,0.03439342975616455,0.023868560791015625,0.022024154663085938,0.0,0.0,0.10429394245147705,0
1745923159.5744598,0.02252817153930664,0.033615708351135254,0.025395870208740234,0.02391338348388672,0.0,0.0,0.10545313358306885,0
1745923159.5806458,0.02336263656616211,0.03219306468963623,0.027184009552001953,0.024404525756835938,0.0,0.0,0.10714423656463623,0
1745923159.5927782,0.02269887924194336,0.03293287754058838,0.026718616485595703,0.020852088928222656,0.0,0.0,0.1032024621963501,0
1745923159.6074793,0.022603988647460938,0.034013986587524414,0.027072429656982422,0.021910667419433594,0.0,0.0,0.10560107231140137,0
1745923159.617422,0.024197101593017578,0.033274292945861816,0.02742624282836914,0.024725914001464844,0.0,0.0,0.10962355136871338,0
1745923159.630121,0.02520275115966797,0.035474538803100586,0.027649879455566406,0.022080421447753906,0.0,0.0,0.11040759086608887,0
1745923159.644335,0.024254322052001953,0.0357590913772583,0.03113269805908203,0.02185344696044922,0.0,0.0,0.1129995584487915,0
1745923159.6582382,0.023874759674072266,0.03655576705932617,0.028133869171142578,0.02293109893798828,0.0,0.0,0.1114954948425293,0
1745923159.675297,0.023874759674072266,0.036972999572753906,0.028823375701904297,0.022779464721679688,0.0,0.0,0.11245059967041016,0
1745923159.6819432,0.02539205551147461,0.036081552505493164,0.028972148895263672,0.023553848266601562,0.0,0.0,0.11399960517883301,0
1745923159.6913624,0.023742198944091797,0.03503835201263428,0.028245925903320312,0.022024154663085938,0.0,0.0,0.10905063152313232,0
1745923159.706837,0.02222442626953125,0.03792142868041992,0.026941776275634766,0.02022838592529297,0.0,0.0,0.1073160171508789,0
1745923159.717362,0.022584915161132812,0.0377507209777832,0.027649879455566406,0.02185344696044922,0.0,0.0,0.10983896255493164,0
1745923159.7294538,0.023077964782714844,0.03638505935668945,0.025489330291748047,0.020360946655273438,0.0,0.0,0.10531330108642578,0
1745923159.7413216,0.022376537322998047,0.03788352012634277,0.02509784698486328,0.020814895629882812,0.0,0.0,0.10617280006408691,0
1745923159.7542574,0.02116250991821289,0.03839564323425293,0.0270538330078125,0.022401809692382812,0.0,0.0,0.10901379585266113,0
1745923159.7726707,0.022243499755859375,0.040007948875427246,0.026569366455078125,0.023705482482910156,0.0,0.0,0.1125262975692749,0
1745923159.7788327,0.024273395538330078,0.03883194923400879,0.025563716888427734,0.02374267578125,0.0,0.0,0.1124117374420166,0
1745923159.7901945,0.024614810943603516,0.03892672061920166,0.026215553283691406,0.021419525146484375,0.0,0.0,0.11117660999298096,0
1745923159.8046412,0.022736549377441406,0.03541767597198486,0.02660655975341797,0.02228832244873047,0.0,0.0,0.10704910755157471,0
1745923159.814773,0.023267745971679688,0.038016319274902344,0.026215553283691406,0.02328968048095703,0.0,0.0,0.11078929901123047,0
1745923159.8275754,0.023286819458007812,0.03659367561340332,0.028469085693359375,0.019888877868652344,0.0,0.0,0.10823845863342285,0
1745923159.8414178,0.021370887756347656,0.038243889808654785,0.027892112731933594,0.0230255126953125,0.0,0.0,0.11053240299224854,0
1745923159.852922,0.022509098052978516,0.03589189052581787,0.02651357650756836,0.02249622344970703,0.0,0.0,0.10741078853607178,0
1745923159.869759,0.024519920349121094,0.034583091735839844,0.025768756866455078,0.021154403686523438,0.0,0.0,0.10602617263793945,0
1745923159.8772743,0.023040294647216797,0.0357590913772583,0.025489330291748047,0.020720481872558594,0.0,0.0,0.10500919818878174,0
1745923159.8891604,0.022717952728271484,0.03488659858703613,0.027612686157226562,0.02090930938720703,0.0,0.0,0.10612654685974121,0
1745923159.9053218,0.023704051971435547,0.03562629222869873,0.0241851806640625,0.02122974395751953,0.0,0.0,0.10474526882171631,0
1745923159.9164329,0.024614810943603516,0.03439342975616455,0.02597332000732422,0.021966934204101562,0.0,0.0,0.10694849491119385,0
1745923159.9265966,0.021693706512451172,0.03460204601287842,0.026941776275634766,0.02328968048095703,0.0,0.0,0.10652720928192139,0
1745923159.9425063,0.022679805755615234,0.0377507209777832,0.02524709701538086,0.024555206298828125,0.0,0.0,0.11023283004760742,0
1745923159.9505718,0.021655559539794922,0.03816807270050049,0.026662826538085938,0.021173477172851562,0.0,0.0,0.10765993595123291,0
1745923159.9635944,0.021617412567138672,0.03606259822845459,0.02843189239501953,0.020493507385253906,0.0,0.0,0.1066054105758667,0
1745923159.97511,0.02199697494506836,0.0344313383102417,0.027929306030273438,0.02170276641845703,0.0,0.0,0.10606038570404053,0
1745923159.9880245,0.02159881591796875,0.036176323890686035,0.027463436126708984,0.022968292236328125,0.0,0.0,0.1082068681716919,0
1745923160.004147,0.021712303161621094,0.03896474838256836,0.027221202850341797,0.024252891540527344,0.0,0.0,0.1121511459350586,0
1745923160.0143473,0.02323007583618164,0.037048935890197754,0.02662515640258789,0.021135330200195312,0.0,0.0,0.1080394983291626,0
1745923160.0257466,0.023742198944091797,0.0372006893157959,0.02625274658203125,0.021192550659179688,0.0,0.0,0.10838818550109863,0
1745923160.0388255,0.022357463836669922,0.03619539737701416,0.026755809783935547,0.023138999938964844,0.0,0.0,0.10844767093658447,0
1745923160.0526764,0.023211002349853516,0.035778045654296875,0.026029109954833984,0.023270606994628906,0.0,0.0,0.10828876495361328,0
1745923160.0628028,0.024444103240966797,0.03809213638305664,0.026755809783935547,0.021986007690429688,0.0,0.0,0.11127805709838867,0
1745923160.075899,0.02266073226928711,0.037447214126586914,0.02472543716430664,0.02100372314453125,0.0,0.0,0.10583710670471191,0
1745923160.087424,0.021541595458984375,0.03390026092529297,0.023682594299316406,0.023100852966308594,0.0,0.0,0.10222530364990234,0
1745923160.1042457,0.020441532135009766,0.035948753356933594,0.02362680435180664,0.022136688232421875,0.0,0.0,0.10215377807617188,0
1745923160.1115048,0.019284725189208984,0.039078474044799805,0.023160934448242188,0.02130603790283203,0.0,0.0,0.10283017158508301,0
1745923160.1245599,0.02336263656616211,0.03778862953186035,0.022695541381835938,0.022741317749023438,0.0,0.0,0.10658812522888184,0
1745923160.1388247,0.021921157836914062,0.033539772033691406,0.024017810821533203,0.02253437042236328,0.0,0.0,0.10201311111450195,0
1745923160.1489394,0.02042245864868164,0.036972999572753906,0.024930477142333984,0.02225017547607422,0.0,0.0,0.10457611083984375,0
1745923160.1631293,0.020555496215820312,0.037542104721069336,0.02399921417236328,0.024102210998535156,0.0,0.0,0.10619902610778809,0
1745923160.1807728,0.02182626724243164,0.0364987850189209,0.025787353515625,0.022515296936035156,0.0,0.0,0.1066277027130127,0
1745923160.186357,0.02379894256591797,0.03526592254638672,0.024427413940429688,0.02130603790283203,0.0,0.0,0.1047983169555664,0
1745923160.2046912,0.021693706512451172,0.034507155418395996,0.02444601058959961,0.020795822143554688,0.0,0.0,0.10144269466400146,0
1745923160.2118874,0.020991802215576172,0.036441922187805176,0.023253917694091797,0.018527984619140625,0.0,0.0,0.09921562671661377,0
1745923160.2251258,0.021845340728759766,0.037674903869628906,0.021168231964111328,0.02003955841064453,0.0,0.0,0.10072803497314453,0
1745923160.2394085,0.02269887924194336,0.038680195808410645,0.02202463150024414,0.02219390869140625,0.0,0.0,0.1055976152420044,0
1745923160.2505722,0.01979684829711914,0.03888881206512451,0.02317953109741211,0.020852088928222656,0.0,0.0,0.10271728038787842,0
1745923160.2630255,0.01900005340576172,0.03589189052581787,0.025470733642578125,0.01924610137939453,0.0,0.0,0.09960877895355225,0
1745923160.2717395,0.020214080810546875,0.03405189514160156,0.027370452880859375,0.019303321838378906,0.0,0.0,0.10093975067138672,0
1745923160.2837234,0.019474029541015625,0.034412384033203125,0.027128219604492188,0.02374267578125,0.0,0.0,0.10475730895996094,0
1745923160.2966204,0.020119190216064453,0.037447214126586914,0.025452136993408203,0.023176193237304688,0.0,0.0,0.10619473457336426,0
1745923160.3093817,0.02203512191772461,0.0364987850189209,0.025489330291748047,0.021154403686523438,0.0,0.0,0.10517764091491699,0
1745923160.3217788,0.021275997161865234,0.0358349084854126,0.02552652359008789,0.021986007690429688,0.0,0.0,0.10462343692779541,0
1745923160.3382804,0.021693706512451172,0.03589189052581787,0.02535867691040039,0.022912025451660156,0.0,0.0,0.10585629940032959,0
1745923160.3453996,0.022319316864013672,0.03515207767486572,0.026867389678955078,0.02228832244873047,0.0,0.0,0.10662710666656494,0
1745923160.3579912,0.02046060562133789,0.03448820114135742,0.026383399963378906,0.020644187927246094,0.0,0.0,0.10197639465332031,0
1745923160.3717985,0.021522998809814453,0.03585398197174072,0.026998043060302734,0.02166461944580078,0.0,0.0,0.10603964328765869,0
1745923160.383334,0.01799488067626953,0.033274292945861816,0.02731466293334961,0.01964282989501953,0.0,0.0,0.09822666645050049,0
1745923160.3961504,0.017425537109375,0.03528487682342529,0.026234149932861328,0.019397735595703125,0.0,0.0,0.09834229946136475,0
1745923160.407249,0.02032756805419922,0.03556942939758301,0.025377273559570312,0.02062511444091797,0.0,0.0,0.10189938545227051,0
1745923160.4199307,0.019132614135742188,0.036214351654052734,0.026383399963378906,0.020493507385253906,0.0,0.0,0.10222387313842773,0
1745923160.4381533,0.020289897918701172,0.03382432460784912,0.026662826538085938,0.02145671844482422,0.0,0.0,0.10223376750946045,0
1745923160.4450958,0.02182626724243164,0.033615708351135254,0.027296066284179688,0.022420883178710938,0.0,0.0,0.10515892505645752,0
1745923160.4579926,0.020782947540283203,0.03333115577697754,0.025805950164794922,0.02293109893798828,0.0,0.0,0.10285115242004395,0
1745923160.4721613,0.02040386199951172,0.0324016809463501,0.02614116668701172,0.02090930938720703,0.0,0.0,0.09985601902008057,0
1745923160.4830985,0.02040386199951172,0.03408992290496826,0.027016639709472656,0.01854705810546875,0.0,0.0,0.10005748271942139,0
1745923160.4945345,0.0222625732421875,0.03462100028991699,0.026569366455078125,0.019926071166992188,0.0,0.0,0.1033790111541748,0
1745923160.506491,0.023571491241455078,0.03435540199279785,0.02714681625366211,0.022118568420410156,0.0,0.0,0.1071922779083252,0
1745923160.5191882,0.02345752716064453,0.035379767417907715,0.02696084976196289,0.020493507385253906,0.0,0.0,0.10629165172576904,0
1745923160.5388062,0.018980979919433594,0.03433644771575928,0.023849964141845703,0.01928424835205078,0.0,0.0,0.09645164012908936,0
1745923160.5469282,0.020005226135253906,0.03530383110046387,0.02273273468017578,0.019605636596679688,0.0,0.0,0.09764742851257324,0
1745923160.556444,0.0215606689453125,0.03338801860809326,0.025395870208740234,0.020058631896972656,0.0,0.0,0.10040318965911865,0
1745923160.5705864,0.02116250991821289,0.033312201499938965,0.02869272232055664,0.02149486541748047,0.0,0.0,0.10466229915618896,0
1745923160.5807843,0.021940231323242188,0.03530383110046387,0.02804088592529297,0.022420883178710938,0.0,0.0,0.10770583152770996,0
1745923160.604007,0.021977901458740234,0.034507155418395996,0.026346206665039062,0.021437644958496094,0.0,0.0,0.10426890850067139,0
1745923160.6060293,0.020005226135253906,0.0337294340133667,0.024930477142333984,0.02047443389892578,0.0,0.0,0.09913957118988037,0
1745923160.616878,0.019644737243652344,0.031149864196777344,0.025787353515625,0.01981353759765625,0.0,0.0,0.09639549255371094,0
1745923160.6322157,0.020441532135009766,0.03386223316192627,0.026178359985351562,0.019756317138671875,0.0,0.0,0.10023844242095947,0
1745923160.6432528,0.019587993621826172,0.03230690956115723,0.02733325958251953,0.021343231201171875,0.0,0.0,0.1005713939666748,0
1745923160.6555603,0.018905162811279297,0.03171885013580322,0.025768756866455078,0.020455360412597656,0.0,0.0,0.09684813022613525,0
1745923160.676388,0.02203512191772461,0.03295183181762695,0.025936126708984375,0.02245807647705078,0.0,0.0,0.10338115692138672,0
1745923160.679492,0.022338390350341797,0.03281903266906738,0.02381277084350586,0.020984649658203125,0.0,0.0,0.09995484352111816,0
1745923160.6920094,0.020081043243408203,0.033179402351379395,0.023645401000976562,0.021079063415527344,0.0,0.0,0.0979849100112915,0
1745923160.7065332,0.020441532135009766,0.03503835201263428,0.02355194091796875,0.020795822143554688,0.0,0.0,0.09982764720916748,0
1745923160.7175791,0.02046060562133789,0.034412384033203125,0.024147987365722656,0.020738601684570312,0.0,0.0,0.09975957870483398,0
1745923160.730357,0.020043373107910156,0.03329324722290039,0.026289939880371094,0.021248817443847656,0.0,0.0,0.1008753776550293,0
1745923160.742002,0.01905679702758789,0.03477275371551514,0.02552652359008789,0.020757675170898438,0.0,0.0,0.10011374950408936,0
1745923160.7544906,0.021010875701904297,0.03386223316192627,0.025377273559570312,0.019586563110351562,0.0,0.0,0.09983694553375244,0
1745923160.7706475,0.02313518524169922,0.03158605098724365,0.025787353515625,0.01867961883544922,0.0,0.0,0.09918820858001709,0
1745923160.7782905,0.022642135620117188,0.0336536169052124,0.025805950164794922,0.01964282989501953,0.0,0.0,0.10174453258514404,0
1745923160.7910938,0.020934581756591797,0.0323258638381958,0.02535867691040039,0.0181884765625,0.0,0.0,0.09680759906768799,0
1745923160.80384,0.01839303970336914,0.032477617263793945,0.025377273559570312,0.01824474334716797,0.0,0.0,0.09449267387390137,0
1745923160.8152244,0.020612239837646484,0.03399503231048584,0.02604818344116211,0.01745128631591797,0.0,0.0,0.0981067419052124,0
1745923160.8314757,0.01979684829711914,0.03293287754058838,0.02668142318725586,0.017564773559570312,0.0,0.0,0.09697592258453369,0
1745923160.8412976,0.019379615783691406,0.033312201499938965,0.02716541290283203,0.019321441650390625,0.0,0.0,0.09917867183685303,0
1745923160.852889,0.01996755599975586,0.033748507499694824,0.027929306030273438,0.018622398376464844,0.0,0.0,0.10026776790618896,0
1745923160.8652968,0.0201568603515625,0.03359675407409668,0.028786182403564453,0.018509864807128906,0.0,0.0,0.10104966163635254,0
1745923160.8834765,0.02116250991821289,0.0351710319519043,0.026457786560058594,0.017337799072265625,0.0,0.0,0.1001291275024414,0
1745923160.889533,0.021541595458984375,0.03198444843292236,0.02550792694091797,0.019151687622070312,0.0,0.0,0.09818565845489502,0
1745923160.9054458,0.020043373107910156,0.035379767417907715,0.025917530059814453,0.020323753356933594,0.0,0.0,0.10166442394256592,0
1745923160.913707,0.02019500732421875,0.034279584884643555,0.024110794067382812,0.020360946655273438,0.0,0.0,0.09894633293151855,0
1745923160.9278748,0.020005226135253906,0.031244635581970215,0.024762630462646484,0.01941680908203125,0.0,0.0,0.09542930126190186,0
1745923160.9397645,0.019170761108398438,0.030941128730773926,0.024799823760986328,0.020058631896972656,0.0,0.0,0.09497034549713135,0
1745923160.951338,0.021143436431884766,0.03169989585876465,0.022602081298828125,0.019775390625,0.0,0.0,0.09522080421447754,0
1745923160.9731328,0.021181583404541016,0.030618667602539062,0.02589893341064453,0.01973724365234375,0.0,0.0,0.09743642807006836,0
1745923160.9753013,0.022376537322998047,0.0324016809463501,0.026662826538085938,0.020096778869628906,0.0,0.0,0.10153782367706299,0
1745923160.988222,0.02116250991821289,0.03543663024902344,0.025302886962890625,0.018962860107421875,0.0,0.0,0.10086488723754883,0
1745923161.0045707,0.019379615783691406,0.03367257118225098,0.02599191665649414,0.019359588623046875,0.0,0.0,0.0984036922454834,0
1745923161.0137134,0.01829814910888672,0.03308463096618652,0.025489330291748047,0.020776748657226562,0.0,0.0,0.09764885902404785,0
1745923161.025617,0.020384788513183594,0.03179478645324707,0.023756980895996094,0.020682334899902344,0.0,0.0,0.0966188907623291,0
1745923161.039117,0.019398212432861328,0.030618667602539062,0.024799823760986328,0.01941680908203125,0.0,0.0,0.09423351287841797,0
1745923161.0495675,0.01772928237915039,0.03302764892578125,0.024558067321777344,0.015996932983398438,0.0,0.0,0.09131193161010742,0
1745923161.0638244,0.019550323486328125,0.03316044807434082,0.023943424224853516,0.01450347900390625,0.0,0.0,0.09115767478942871,0
1745923161.074697,0.020498275756835938,0.03156709671020508,0.023310184478759766,0.017507553100585938,0.0,0.0,0.09288311004638672,0
1745923161.0871527,0.019948482513427734,0.032610416412353516,0.025060653686523438,0.01805591583251953,0.0,0.0,0.09567546844482422,0
1745923161.1084387,0.019777774810791016,0.03323626518249512,0.025191307067871094,0.017583847045898438,0.0,0.0,0.09578919410705566,0
1745923161.1135159,0.018582820892333984,0.031510233879089355,0.025563716888427734,0.019454002380371094,0.0,0.0,0.09511077404022217,0
1745923161.1239839,0.01905679702758789,0.033008694648742676,0.025582313537597656,0.019095420837402344,0.0,0.0,0.09674322605133057,0
1745923161.136341,0.019512176513671875,0.03281903266906738,0.026587963104248047,0.01805591583251953,0.0,0.0,0.09697508811950684,0
1745923161.1493149,0.019587993621826172,0.030808448791503906,0.025489330291748047,0.018585205078125,0.0,0.0,0.09447097778320312,0
1745923161.1606236,0.01975870132446289,0.03122568130493164,0.022769927978515625,0.019227027893066406,0.0,0.0,0.09298133850097656,0
1745923161.173391,0.020953655242919922,0.03096020221710205,0.02362680435180664,0.020021438598632812,0.0,0.0,0.09556210041046143,0
1745923161.1859758,0.018696308135986328,0.03160500526428223,0.02481842041015625,0.02253437042236328,0.0,0.0,0.09765410423278809,0
1745923161.198214,0.017122268676757812,0.0316619873046875,0.024911880493164062,0.019605636596679688,0.0,0.0,0.09330177307128906,0
1745923161.2115958,0.018203258514404297,0.03224992752075195,0.023142337799072266,0.01968097686767578,0.0,0.0,0.0932765007019043,0
1745923161.2230356,0.018715381622314453,0.03198444843292236,0.023142337799072266,0.020682334899902344,0.0,0.0,0.09452450275421143,0
1745923161.237686,0.01896190643310547,0.032344818115234375,0.026494979858398438,0.01730060577392578,0.0,0.0,0.09510231018066406,0
1745923161.2497609,0.01953125,0.031680941581726074,0.025545120239257812,0.015845298767089844,0.0,0.0,0.09260261058807373,0
1745923161.260271,0.018412113189697266,0.030884265899658203,0.023943424224853516,0.016979217529296875,0.0,0.0,0.09021902084350586,0
1745923161.2737007,0.019208908081054688,0.030884265899658203,0.025228500366210938,0.018716812133789062,0.0,0.0,0.09403848648071289,0
1745923161.285272,0.019739627838134766,0.03276216983795166,0.02662515640258789,0.018698692321777344,0.0,0.0,0.09782564640045166,0
1745923161.2974582,0.01903820037841797,0.030372142791748047,0.025787353515625,0.019661903381347656,0.0,0.0,0.09485960006713867,0
1745923161.3093307,0.019682884216308594,0.03162407875061035,0.027035236358642578,0.019397735595703125,0.0,0.0,0.09773993492126465,0
1745923161.321964,0.019777774810791016,0.033976078033447266,0.024539470672607422,0.020341873168945312,0.0,0.0,0.09863519668579102,0
1745923161.3381736,0.018848419189453125,0.03496241569519043,0.024055004119873047,0.02066326141357422,0.0,0.0,0.09852910041809082,0
1745923161.3466566,0.01835489273071289,0.03266727924346924,0.02424144744873047,0.020682334899902344,0.0,0.0,0.09594595432281494,0
1745923161.3577945,0.018203258514404297,0.0317378044128418,0.02360820770263672,0.02062511444091797,0.0,0.0,0.09417438507080078,0
1745923161.374801,6.787323474884033,0.03162407875061035,0.02597332000732422,0.022552490234375,-27.53032684326172,20.70322608947754,6.867473602294922,0
1745923161.3841605,95.9721908569336,0.03096020221710205,0.025172710418701172,0.020455360412597656,-27.967273712158203,20.98004722595215,96.04877471923828,0
1745923161.395531,0.02002429962158203,0.03262937068939209,0.02696084976196289,0.019378662109375,0.0,0.0,0.09899318218231201,0
1745923161.409069,0.021409034729003906,0.03188955783843994,0.027705669403076172,0.01867961883544922,0.0,0.0,0.09968388080596924,0
1745923161.419483,0.019872665405273438,0.03059971332550049,0.026643753051757812,0.019378662109375,0.0,0.0,0.09649479389190674,0
1745923161.4322631,0.019114017486572266,0.03169989585876465,0.026271343231201172,0.018377304077148438,0.0,0.0,0.09546256065368652,0
1745923161.4451041,0.0208587646484375,0.03149127960205078,0.02461385726928711,0.019265174865722656,0.0,0.0,0.09622907638549805,0
1745923161.4570038,0.02032756805419922,0.03139638900756836,0.02435302734375,0.02003955841064453,0.0,0.0,0.09611654281616211,0
1745923161.471749,0.020081043243408203,0.030846357345581055,0.02526569366455078,0.019850730895996094,0.0,0.0,0.09604382514953613,0
1745923161.4827452,0.019019126892089844,0.030884265899658203,0.02543354034423828,0.021343231201171875,0.0,0.0,0.0966801643371582,0
1745923161.4941914,0.01922750473022461,0.03382432460784912,0.02615976333618164,0.01986980438232422,0.0,0.0,0.09908139705657959,0
1745923161.5076246,0.020005226135253906,0.03272414207458496,0.024837493896484375,0.019529342651367188,0.0,0.0,0.09709620475769043,0
1745923161.520198,0.018905162811279297,0.03175675868988037,0.025042057037353516,0.018622398376464844,0.0,0.0,0.09432637691497803,0
1745923161.531715,0.019626140594482422,0.031206727027893066,0.024334430694580078,0.02011585235595703,0.0,0.0,0.0952831506729126,0
1745923161.5477352,0.020308971405029297,0.03069460391998291,0.025377273559570312,0.020965576171875,0.0,0.0,0.09734642505645752,0
1745923161.556596,0.020782947540283203,0.03316044807434082,0.0230865478515625,0.02051258087158203,0.0,0.0,0.09754252433776855,0
1745923161.569972,0.020536422729492188,0.03448820114135742,0.02509784698486328,0.020341873168945312,0.0,0.0,0.1004643440246582,0
1745923161.5820355,0.017368793487548828,0.03226900100708008,0.02660655975341797,0.020776748657226562,0.0,0.0,0.09702110290527344,0
1745923161.592252,0.017084121704101562,0.029537558555603027,0.024799823760986328,0.019775390625,0.0,0.0,0.09119689464569092,0
1745923161.6077893,0.01655292510986328,0.030485987663269043,0.027351856231689453,0.019700050354003906,0.0,0.0,0.09409081935882568,0
1745923161.6176865,0.018734455108642578,0.032781124114990234,0.02662515640258789,0.021040916442871094,0.0,0.0,0.0991816520690918,0
1745923161.6300786,0.019891738891601562,0.03346395492553711,0.026923179626464844,0.019057273864746094,0.0,0.0,0.09933614730834961,0
1745923161.64172,0.019682884216308594,0.033312201499938965,0.026830196380615234,0.016733169555664062,0.0,0.0,0.09655845165252686,0
1745923161.655195,0.018544673919677734,0.031111836433410645,0.025191307067871094,0.01701641082763672,0.0,0.0,0.09186422824859619,0
1745923161.6713557,0.021219253540039062,0.03082740306854248,0.023962020874023438,0.017678260803222656,0.0,0.0,0.09368693828582764,0
1745923161.6801586,0.018222332000732422,0.0309981107711792,0.024799823760986328,0.018527984619140625,0.0,0.0,0.09254825115203857,0
1745923161.692304,0.017975807189941406,0.029670357704162598,0.025638103485107422,0.01845264434814453,0.0,0.0,0.09173691272735596,0
1745923161.7062361,0.019246578216552734,0.03092217445373535,0.025377273559570312,0.01828289031982422,0.0,0.0,0.09382891654968262,0
1745923161.716537,0.01829814910888672,0.03152918815612793,0.025638103485107422,0.018774032592773438,0.0,0.0,0.09423947334289551,0
1745923161.7302268,0.017501354217529297,0.03253448009490967,0.024166584014892578,0.0173187255859375,0.0,0.0,0.09152114391326904,0
1745923161.742481,0.01835489273071289,0.03270518779754639,0.022602081298828125,0.016053199768066406,0.0,0.0,0.08971536159515381,0
1745923161.7567022,0.01922750473022461,0.03223097324371338,0.024856090545654297,0.01805591583251953,0.0,0.0,0.09437048435211182,0
1745923161.7712977,0.018507003784179688,0.03096020221710205,0.026327133178710938,0.018735885620117188,0.0,0.0,0.09453022480010986,0
1745923161.7781308,0.018980979919433594,0.031813740730285645,0.026215553283691406,0.018868446350097656,0.0,0.0,0.0958787202835083,0
1745923161.7906568,0.02006244659423828,0.0316619873046875,0.026010513305664062,0.020021438598632812,0.0,0.0,0.09775638580322266,0
1745923161.804377,0.017653465270996094,0.03128254413604736,0.025023460388183594,0.02047443389892578,0.0,0.0,0.09443390369415283,0
1745923161.8161137,0.01772928237915039,0.032212018966674805,0.023589134216308594,0.01735687255859375,0.0,0.0,0.09088730812072754,0
1745923161.8278027,0.019512176513671875,0.032610416412353516,0.02228546142578125,0.01735687255859375,0.0,0.0,0.09176492691040039,0
1745923161.84105,0.01909494400024414,0.03236377239227295,0.0241851806640625,0.017583847045898438,0.0,0.0,0.09322774410247803,0
1745923161.852823,0.019455432891845703,0.029253005981445312,0.024856090545654297,0.018735885620117188,0.0,0.0,0.0923004150390625,0
1745923161.8653972,0.02089691162109375,0.03069460391998291,0.02526569366455078,0.015807151794433594,0.0,0.0,0.09266436100006104,0
1745923161.8777006,0.02036571502685547,0.03338801860809326,0.026215553283691406,0.01722431182861328,0.0,0.0,0.09719359874725342,0
1745923161.89033,0.019132614135742188,0.03319835662841797,0.026308536529541016,0.017602920532226562,0.0,0.0,0.09624242782592773,0
1745923161.9063702,0.01932239532470703,0.03230690956115723,0.02487468719482422,0.018377304077148438,0.0,0.0,0.09488129615783691,0
1745923161.9151068,0.017444610595703125,0.03488659858703613,0.019901275634765625,0.019057273864746094,0.0,0.0,0.09128975868225098,0
1745923161.9265816,0.01725482940673828,0.03333115577697754,0.02265787124633789,0.01701641082763672,0.0,0.0,0.09026026725769043,0
1745923161.9376721,0.018886089324951172,0.030239343643188477,0.024781227111816406,0.016091346740722656,0.0,0.0,0.08999800682067871,0
1745923161.9513218,0.02036571502685547,0.030903220176696777,0.022955894470214844,0.018471717834472656,0.0,0.0,0.09269654750823975,0
1745923161.9642315,0.01896190643310547,0.03393816947937012,0.023849964141845703,0.01841449737548828,0.0,0.0,0.09516453742980957,0
1745923161.9757469,0.01829814910888672,0.03435540199279785,0.024576663970947266,0.01739501953125,0.0,0.0,0.09462523460388184,0
1745923161.989911,0.018051624298095703,0.03613841533660889,0.024669647216796875,0.017583847045898438,0.0,0.0,0.0964435338973999,0
1745923162.0073442,0.019151687622070312,0.030447959899902344,0.025452136993408203,0.01841449737548828,0.0,0.0,0.09346628189086914,0
1745923162.01344,0.019550323486328125,0.0316619873046875,0.02588033676147461,0.01765918731689453,0.0,0.0,0.09475183486938477,0
1745923162.0252664,0.01759624481201172,0.033312201499938965,0.024147987365722656,0.017999649047851562,0.0,0.0,0.0930560827255249,0
1745923162.0420783,0.01693248748779297,0.03335011005401611,0.023030757904052734,0.015618324279785156,0.0,0.0,0.08893167972564697,0
1745923162.049262,0.017937660217285156,0.030846357345581055,0.021056175231933594,0.015202522277832031,0.0,0.0,0.08504271507263184,0
1745923162.0648246,0.018924236297607422,0.027318239212036133,0.02779865264892578,0.017507553100585938,0.0,0.0,0.09154868125915527,0
1745923162.0757725,0.018867015838623047,0.029404759407043457,0.026979446411132812,0.01661968231201172,0.0,0.0,0.09187090396881104,0
1745923162.0866199,0.016344547271728516,0.03059971332550049,0.02489328384399414,0.017602920532226562,0.0,0.0,0.08944046497344971,0
1745923162.106645,0.016951560974121094,0.030372142791748047,0.023403167724609375,0.019001007080078125,0.0,0.0,0.08972787857055664,0
1745923162.1121442,0.017103195190429688,0.028209805488586426,0.025470733642578125,0.01809406280517578,0.0,0.0,0.08887779712677002,0
1745923162.124095,0.01843118667602539,0.027413129806518555,0.025693893432617188,0.017828941345214844,0.0,0.0,0.08936715126037598,0
1745923162.137868,0.01812744140625,0.029215097427368164,0.023794174194335938,0.016941070556640625,0.0,0.0,0.08807778358459473,0
1745923162.1482735,0.016666889190673828,0.02906334400177002,0.02470684051513672,0.019001007080078125,0.0,0.0,0.08943808078765869,0
1745923162.1622798,0.019474029541015625,0.030979156494140625,0.02371978759765625,0.019265174865722656,0.0,0.0,0.09343814849853516,0
1745923162.176527,0.020479679107666016,0.0303342342376709,0.022881507873535156,0.016411781311035156,0.0,0.0,0.09010720252990723,0
1745923162.186209,0.016192913055419922,0.031017065048217773,0.023645401000976562,0.017772674560546875,0.0,0.0,0.08862805366516113,0
1745923162.198668,0.016078948974609375,0.031510233879089355,0.024408817291259766,0.019548416137695312,0.0,0.0,0.09154641628265381,0
1745923162.211576,0.018507003784179688,0.03147232532501221,0.02219247817993164,0.019208908081054688,0.0,0.0,0.09138071537017822,0
1745923162.2224588,0.018753528594970703,0.030808448791503906,0.020963191986083984,0.019359588623046875,0.0,0.0,0.08988475799560547,0
1745923162.2393513,0.017975807189941406,0.03073251247406006,0.02344036102294922,0.018735885620117188,0.0,0.0,0.09088456630706787,0
1745923162.2469559,0.01746368408203125,0.03039109706878662,0.02515411376953125,0.018698692321777344,0.0,0.0,0.09170758724212646,0
1745923162.2593007,0.01632547378540039,0.02906334400177002,0.023701190948486328,0.01934051513671875,0.0,0.0,0.08843052387237549,0
1745923162.2727487,0.016173839569091797,0.030182480812072754,0.024017810821533203,0.019888877868652344,0.0,0.0,0.0902630090713501,0
1745923162.2847,0.017084121704101562,0.03297078609466553,0.023216724395751953,0.020002365112304688,0.0,0.0,0.09327399730682373,0
1745923162.2964902,0.016856670379638672,0.031111836433410645,0.024799823760986328,0.02013397216796875,0.0,0.0,0.0929023027420044,0
1745923162.3092892,0.016420364379882812,0.03283798694610596,0.024408817291259766,0.018585205078125,0.0,0.0,0.09225237369537354,0
1745923162.3219748,0.016040802001953125,0.03422272205352783,0.02426004409790039,0.01924610137939453,0.0,0.0,0.09376966953277588,0
1745923162.3384995,0.01816558837890625,0.03065669536590576,0.024558067321777344,0.017243385314941406,0.0,0.0,0.09062373638153076,0
1745923162.3458545,0.01795673370361328,0.031680941581726074,0.02383136749267578,0.015883445739746094,0.0,0.0,0.08935248851776123,0
1745923162.3730748,0.01839303970336914,0.0329897403717041,0.022509098052978516,0.015920639038085938,0.0,0.0,0.0898125171661377,0
1745923162.3823068,0.017103195190429688,0.03418469429016113,0.023924827575683594,0.018962860107421875,0.0,0.0,0.09417557716369629,0
1745923162.3848257,0.016951560974121094,0.03268623352050781,0.02524709701538086,0.01973724365234375,0.0,0.0,0.09462213516235352,0
1745923162.3953054,0.01759624481201172,0.03262937068939209,0.02481842041015625,0.017110824584960938,0.0,0.0,0.092154860496521,0
1745923162.4084141,0.016951560974121094,0.02936685085296631,0.026085376739501953,0.016506195068359375,0.0,0.0,0.08890998363494873,0
1745923162.4207418,0.017653465270996094,0.02769768238067627,0.02625274658203125,0.01626110076904297,0.0,0.0,0.08786499500274658,0
1745923162.4381309,0.018070697784423828,0.028608083724975586,0.02573108673095703,0.015750885009765625,0.0,0.0,0.08816075325012207,0
1745923162.4462419,0.017065048217773438,0.029822111129760742,0.024055004119873047,0.01567554473876953,0.0,0.0,0.08661770820617676,0
1745923162.4567542,0.01702737808227539,0.03016352653503418,0.024837493896484375,0.018471717834472656,0.0,0.0,0.0905001163482666,0
1745923162.4731991,0.017520427703857422,0.028513312339782715,0.02383136749267578,0.019623756408691406,0.0,0.0,0.08948886394500732,0
1745923162.482026,0.017653465270996094,0.029878973960876465,0.02237844467163086,0.0177154541015625,0.0,0.0,0.08762633800506592,0
1745923162.4945204,0.016837596893310547,0.029916882514953613,0.023514747619628906,0.017206192016601562,0.0,0.0,0.08747541904449463,0
1745923162.5070705,0.01693248748779297,0.028740882873535156,0.021820068359375,0.01894378662109375,0.0,0.0,0.08643722534179688,0
1745923162.5215063,0.01903820037841797,0.029253005981445312,0.023049354553222656,0.017867088317871094,0.0,0.0,0.08920764923095703,0
1745923162.5312393,0.019114017486572266,0.031149864196777344,0.02345895767211914,0.0149383544921875,0.0,0.0,0.08866119384765625,0
1745923162.5435762,0.018810272216796875,0.03065669536590576,0.02280712127685547,0.015051841735839844,0.0,0.0,0.08732593059539795,0
1745923162.5566163,0.017805099487304688,0.030201435089111328,0.022397518157958984,0.01784801483154297,0.0,0.0,0.08825206756591797,0
1745923162.5737002,0.01729297637939453,0.03242063522338867,0.02085113525390625,0.015789031982421875,0.0,0.0,0.08635377883911133,0
1745923162.5819292,0.01649618148803711,0.03500032424926758,0.020944595336914062,0.015013694763183594,0.0,0.0,0.08745479583740234,0
1745923162.5931137,0.017008304595947266,0.0316619873046875,0.02208089828491211,0.016411781311035156,0.0,0.0,0.08716297149658203,0
1745923162.607512,0.019872665405273438,0.03082740306854248,0.02271413803100586,0.0177154541015625,0.0,0.0,0.09112966060638428,0
1745923162.6193945,0.016249656677246094,0.030011773109436035,0.02047872543334961,0.017545700073242188,0.0,0.0,0.08428585529327393,0
1745923162.630948,0.014485836029052734,0.031908512115478516,0.019621849060058594,0.015165328979492188,0.0,0.0,0.08118152618408203,0
1745923162.6430066,0.014599323272705078,0.032344818115234375,0.020087718963623047,0.014277458190917969,0.0,0.0,0.08130931854248047,0
1745923162.6548967,0.015756607055664062,0.030106544494628906,0.020367145538330078,0.014201164245605469,0.0,0.0,0.08043146133422852,0
1745923162.6707776,0.01372671127319336,0.030884265899658203,0.021205425262451172,0.016544342041015625,0.0,0.0,0.08236074447631836,0
1745923162.679792,0.014770030975341797,0.03312253952026367,0.020534515380859375,0.01762104034423828,0.0,0.0,0.08604812622070312,0
1745923162.6921725,0.015377044677734375,0.03285694122314453,0.019808292388916016,0.01603412628173828,0.0,0.0,0.0840764045715332,0
1745923162.7063239,0.017406940460205078,0.02999281883239746,0.021000385284423828,0.015618324279785156,0.0,0.0,0.08401846885681152,0
1745923162.720081,0.018753528594970703,0.0316619873046875,0.020087718963623047,0.015013694763183594,0.0,0.0,0.08551692962646484,0
1745923162.7302184,0.015566825866699219,0.03122568130493164,0.019361495971679688,0.013370513916015625,0.0,0.0,0.07952451705932617,0
1745923162.7432113,0.014637470245361328,0.029689311981201172,0.022266864776611328,0.015429496765136719,0.0,0.0,0.08202314376831055,0
1745923162.7539585,0.016477108001708984,0.03160500526428223,0.02237844467163086,0.01701641082763672,0.0,0.0,0.08747696876525879,0
1745923162.7716992,0.016287803649902344,0.029480576515197754,0.021224021911621094,0.015146255493164062,0.0,0.0,0.08213865756988525,0
1745923162.7801766,0.0167999267578125,0.029139161109924316,0.021670818328857422,0.015108108520507812,0.0,0.0,0.08271801471710205,0
1745923162.7915168,0.015377044677734375,0.029480576515197754,0.02200603485107422,0.014768600463867188,0.0,0.0,0.08163225650787354,0
1745923162.8098094,0.015964984893798828,0.02722346782684326,0.022918701171875,0.015221595764160156,0.0,0.0,0.08132874965667725,0
1745923162.8150144,0.013613224029541016,0.028418421745300293,0.023756980895996094,0.017206192016601562,0.0,0.0,0.08299481868743896,0
1745923162.8284006,0.012721538543701172,0.02853226661682129,0.02329111099243164,0.017526626586914062,0.0,0.0,0.08207154273986816,0
1745923162.8399718,0.015320301055908203,0.029177188873291016,0.020572185516357422,0.017337799072265625,0.0,0.0,0.08240747451782227,0
1745923162.8531263,0.01719808578491211,0.029689311981201172,0.020329952239990234,0.016374588012695312,0.0,0.0,0.08359193801879883,0
1745923162.864934,0.014713287353515625,0.030504941940307617,0.02010631561279297,0.01809406280517578,0.0,0.0,0.08341860771179199,0
1745923162.8788915,0.015813350677490234,0.02879774570465088,0.02003192901611328,0.0165252685546875,0.0,0.0,0.0811682939529419,0
1745923162.8893762,0.014201164245605469,0.028380513191223145,0.019976139068603516,0.01490020751953125,0.0,0.0,0.07745802402496338,0
1745923162.9171782,0.013802528381347656,0.028039097785949707,0.022397518157958984,0.0157318115234375,0.0,0.0,0.07997095584869385,0
1745923162.9171782,0.01535797119140625,0.02786839008331299,0.021708011627197266,0.016488075256347656,0.0,0.0,0.08142244815826416,0
1745923162.9271965,0.015111446380615234,0.0303342342376709,0.02064657211303711,0.0165252685546875,0.0,0.0,0.08261752128601074,0
1745923162.938849,0.014523506164550781,0.03238272666931152,0.020404338836669922,0.015807151794433594,0.0,0.0,0.08311772346496582,0
1745923162.9515445,0.015263080596923828,0.0317378044128418,0.019082069396972656,0.015958786010742188,0.0,0.0,0.08204174041748047,0
1745923162.9641082,0.01659107208251953,0.030087590217590332,0.020627975463867188,0.01582622528076172,0.0,0.0,0.08313286304473877,0
1745923162.9773293,0.016856670379638672,0.027469992637634277,0.021838665008544922,0.018131256103515625,0.0,0.0,0.0842965841293335,0
1745923162.988526,0.014561653137207031,0.026806116104125977,0.021465778350830078,0.01745128631591797,0.0,0.0,0.08028483390808105,0
1745923163.0052643,0.016780853271484375,0.028209805488586426,0.01975250244140625,0.015013694763183594,0.0,0.0,0.07975685596466064,0
1745923163.0134163,0.016344547271728516,0.0295565128326416,0.02209949493408203,0.014863014221191406,0.0,0.0,0.08286356925964355,0
1745923163.0269568,0.013537406921386719,0.02792525291442871,0.021056175231933594,0.012746810913085938,0.0,0.0,0.07526564598083496,0
1745923163.0389872,0.013689041137695312,0.030106544494628906,0.02193164825439453,0.011801719665527344,0.0,0.0,0.0775289535522461,0
1745923163.056065,0.014409542083740234,0.031054973602294922,0.021577835083007812,0.011462211608886719,0.0,0.0,0.07850456237792969,0
1745923163.0616586,0.014599323272705078,0.029082298278808594,0.020776748657226562,0.01378631591796875,0.0,0.0,0.07824468612670898,0
1745923163.0745673,0.01372671127319336,0.02932894229888916,0.02047872543334961,0.014447212219238281,0.0,0.0,0.07798159122467041,0
1745923163.0867488,0.012455940246582031,0.029878973960876465,0.02336597442626953,0.015070915222167969,0.0,0.0,0.080771803855896,0
1745923163.1044211,0.014656543731689453,0.029784083366394043,0.02319812774658203,0.014674186706542969,0.0,0.0,0.0823129415512085,0
1745923163.11282,0.013689041137695312,0.029822111129760742,0.021726608276367188,0.015789031982421875,0.0,0.0,0.08102679252624512,0
1745923163.1244802,0.014675140380859375,0.030675649642944336,0.023253917694091797,0.0165252685546875,0.0,0.0,0.08512997627258301,0
1745923163.1390967,0.014770030975341797,0.029271960258483887,0.024595260620117188,0.016846656799316406,0.0,0.0,0.08548390865325928,0
1745923163.1493871,0.01442861557006836,0.029404759407043457,0.023049354553222656,0.015202522277832031,0.0,0.0,0.0820852518081665,0
1745923163.1617894,0.014106273651123047,0.028968453407287598,0.02336597442626953,0.013426780700683594,0.0,0.0,0.07986748218536377,0
1745923163.1734982,0.012873172760009766,0.028551220893859863,0.023421764373779297,0.014125823974609375,0.0,0.0,0.0789719820022583,0
1745923163.1883342,0.011943817138671875,0.030068635940551758,0.0216522216796875,0.011556625366210938,0.0,0.0,0.07522130012512207,0
1745923163.1980596,0.012513160705566406,0.029044389724731445,0.01947307586669922,0.01291656494140625,0.0,0.0,0.07394719123840332,0
1745923163.2107937,0.013271808624267578,0.03126358985900879,0.020162105560302734,0.015013694763183594,0.0,0.0,0.0797111988067627,0
1745923163.2227197,0.015263080596923828,0.03255343437194824,0.023589134216308594,0.016941070556640625,0.0,0.0,0.08834671974182129,0
1745923163.240203,0.011071205139160156,0.029822111129760742,0.023030757904052734,0.016733169555664062,0.0,0.0,0.0806572437286377,0
1745923163.2470603,0.011887073516845703,0.028608083724975586,0.021335601806640625,0.015354156494140625,0.0,0.0,0.07718491554260254,0
1745923163.2624035,0.012683868408203125,0.029689311981201172,0.02237844467163086,0.014882087707519531,0.0,0.0,0.07963371276855469,0
1745923163.2751844,0.014125347137451172,0.029613375663757324,0.02200603485107422,0.015429496765136719,0.0,0.0,0.08117425441741943,0
1745923163.2879567,0.013878822326660156,0.02875983715057373,0.021056175231933594,0.016109466552734375,0.0,0.0,0.07980430126190186,0
1745923163.296727,0.014125347137451172,0.031244635581970215,0.01947307586669922,0.014220237731933594,0.0,0.0,0.0790632963180542,0
1745923163.3086119,0.011962890625,0.030713558197021484,0.018784046173095703,0.013276100158691406,0.0,0.0,0.0747365951538086,0
1745923163.3225808,0.010445594787597656,0.029139161109924316,0.017442703247070312,0.014824867248535156,0.0,0.0,0.07185232639312744,0
1745923163.3394077,0.010976314544677734,0.03109288215637207,0.018336772918701172,0.016015052795410156,0.0,0.0,0.07642102241516113,0
1745923163.3464901,0.013537406921386719,0.030979156494140625,0.02111196517944336,0.015599250793457031,0.0,0.0,0.08122777938842773,0
1745923163.3586912,0.01192474365234375,0.03169989585876465,0.02202463150024414,0.01331329345703125,0.0,0.0,0.07896256446838379,0
1745923163.3735309,0.011374950408935547,0.03187060356140137,0.02191305160522461,0.013767242431640625,0.0,0.0,0.07892584800720215,0
1745923163.383265,0.01148843765258789,0.03283798694610596,0.01993846893310547,0.015920639038085938,0.0,0.0,0.08018553256988525,0
1745923163.395226,0.013669967651367188,0.03162407875061035,0.020069122314453125,0.017678260803222656,0.0,0.0,0.08304142951965332,0
1745923163.4079814,0.012569904327392578,0.030675649642944336,0.01964092254638672,0.015467643737792969,0.0,0.0,0.0783541202545166,0
1745923163.4207444,0.012304306030273438,0.03380537033081055,0.021205425262451172,0.014371871948242188,0.0,0.0,0.08168697357177734,0
1745923163.4326184,0.011943817138671875,0.034943461418151855,0.021503448486328125,0.014863014221191406,0.0,0.0,0.08325374126434326,0
1745923163.4454107,0.011241912841796875,0.03446924686431885,0.02001333236694336,0.015146255493164062,0.0,0.0,0.08087074756622314,0
1745923163.4579508,0.01082468032836914,0.03319835662841797,0.01939868927001953,0.01730060577392578,0.0,0.0,0.08072233200073242,0
1745923163.4719596,0.012038707733154297,0.03209817409515381,0.016492843627929688,0.018301963806152344,0.0,0.0,0.07893168926239014,0
1745923163.483171,0.013043880462646484,0.0323258638381958,0.019007205963134766,0.01661968231201172,0.0,0.0,0.08099663257598877,0
1745923163.495762,0.014087200164794922,0.027849316596984863,0.01932382583618164,0.015807151794433594,0.0,0.0,0.07706749439239502,0
1745923163.5083883,0.014238834381103516,0.028152823448181152,0.018653392791748047,0.014711380004882812,0.0,0.0,0.07575643062591553,0
1745923163.51859,0.010710716247558594,0.030144572257995605,0.01869058609008789,0.014711380004882812,0.0,0.0,0.0742572546005249,0
1745923163.5314062,0.013575077056884766,0.031680941581726074,0.018802642822265625,0.014655113220214844,0.0,0.0,0.07871377468109131,0
1745923163.545055,0.014599323272705078,0.028171777725219727,0.018355369567871094,0.014674186706542969,0.0,0.0,0.07580065727233887,0
1745923163.559247,0.013897418975830078,0.026350855827331543,0.017107486724853516,0.01607227325439453,0.0,0.0,0.07342803478240967,0
1745923163.571495,0.014808177947998047,0.028342485427856445,0.020050525665283203,0.016317367553710938,0.0,0.0,0.07951855659484863,0
1745923163.5842588,0.0139923095703125,0.02845633029937744,0.018802642822265625,0.014711380004882812,0.0,0.0,0.07596266269683838,0
1745923163.5931282,0.014182090759277344,0.02786839008331299,0.01921224594116211,0.015165328979492188,0.0,0.0,0.07642805576324463,0
1745923163.6067696,0.01535797119140625,0.02893054485321045,0.020776748657226562,0.016091346740722656,0.0,0.0,0.08115661144256592,0
1745923163.618186,0.013309478759765625,0.02959442138671875,0.02209949493408203,0.016393661499023438,0.0,0.0,0.08139705657958984,0
1745923163.6313357,0.013157844543457031,0.028949499130249023,0.020162105560302734,0.01682758331298828,0.0,0.0,0.07909703254699707,0
1745923163.6439662,0.013897418975830078,0.029271960258483887,0.018355369567871094,0.013956069946289062,0.0,0.0,0.07548081874847412,0
1745923163.6580071,0.013575077056884766,0.0275648832321167,0.019082069396972656,0.013898849487304688,0.0,0.0,0.07412087917327881,0
1745923163.6744227,0.016666889190673828,0.029822111129760742,0.019882678985595703,0.014636039733886719,0.0,0.0,0.08100771903991699,0
1745923163.6796427,0.0167236328125,0.029309868812561035,0.019957542419433594,0.015807151794433594,0.0,0.0,0.08179819583892822,0
1745923163.6923015,0.015073776245117188,0.03192746639251709,0.02101898193359375,0.01646900177001953,0.0,0.0,0.08448922634124756,0
1745923163.7065067,0.013973236083984375,0.028873682022094727,0.02066516876220703,0.0165252685546875,0.0,0.0,0.08003735542297363,0
1745923163.7168028,0.011394023895263672,0.028987407684326172,0.019175052642822266,0.014447212219238281,0.0,0.0,0.07400369644165039,0
1745923163.7310467,0.0092315673828125,0.029253005981445312,0.01613903045654297,0.017206192016601562,0.0,0.0,0.07182979583740234,0
1745923163.7445726,0.01059722900390625,0.030580759048461914,0.019771099090576172,0.017602920532226562,0.0,0.0,0.0785520076751709,0
1745923163.7536547,0.011394023895263672,0.030315279960632324,0.018262386322021484,0.015278816223144531,0.0,0.0,0.07525050640106201,0
1745923163.7654326,0.008320808410644531,0.029935836791992188,0.019100666046142578,0.015448570251464844,0.0,0.0,0.07280588150024414,0
1745923163.7788851,0.00849151611328125,0.02942371368408203,0.01883983612060547,0.016053199768066406,0.0,0.0,0.07280826568603516,0
1745923163.79045,0.011204242706298828,0.030068635940551758,0.020963191986083984,0.01686573028564453,0.0,0.0,0.0791018009185791,0
1745923163.8078952,0.012323379516601562,0.033141493797302246,0.019566059112548828,0.017999649047851562,0.0,0.0,0.0830305814743042,0
1745923163.8156893,0.013233661651611328,0.032913804054260254,0.01794576644897461,0.018735885620117188,0.0,0.0,0.08282911777496338,0
1745923163.827595,0.012209415435791016,0.029689311981201172,0.018373966217041016,0.017583847045898438,0.0,0.0,0.07785654067993164,0
1745923163.8426166,0.010653972625732422,0.027982115745544434,0.019137859344482422,0.015032768249511719,0.0,0.0,0.072806715965271,0
1745923163.8543515,0.012247562408447266,0.02669227123260498,0.01930522918701172,0.014674186706542969,0.0,0.0,0.07291924953460693,0
1745923163.871924,0.012987136840820312,0.029120206832885742,0.01813220977783203,0.015562057495117188,0.0,0.0,0.07580161094665527,0
1745923163.8851583,0.0146942138671875,0.031206727027893066,0.017666339874267578,0.013690948486328125,0.0,0.0,0.07725822925567627,0
1745923163.890358,0.012455940246582031,0.02989792823791504,0.019100666046142578,0.01497650146484375,0.0,0.0,0.0764310359954834,0
1745923163.9075294,0.010938644409179688,0.028684020042419434,0.01876544952392578,0.014711380004882812,0.0,0.0,0.07309949398040771,0
1745923163.9146264,0.012550830841064453,0.029215097427368164,0.018895626068115234,0.014843940734863281,0.0,0.0,0.07550549507141113,0
1745923163.9264717,0.013650894165039062,0.02602839469909668,0.02047872543334961,0.01450347900390625,0.0,0.0,0.0746614933013916,0
1745923163.9406044,0.012987136840820312,0.026237130165100098,0.02219247817993164,0.014768600463867188,0.0,0.0,0.07618534564971924,0
1745923163.9509158,0.012266159057617188,0.02866494655609131,0.0191192626953125,0.015354156494140625,0.0,0.0,0.07540452480316162,0
1745923163.9636033,0.01492166519165039,0.028570175170898438,0.019547462463378906,0.01726245880126953,0.0,0.0,0.08030176162719727,0
1745923163.977092,0.015528678894042969,0.02836155891418457,0.018392562866210938,0.016638755798339844,0.0,0.0,0.07892155647277832,0
1745923163.988209,0.015547752380371094,0.028645992279052734,0.019435882568359375,0.01378631591796875,0.0,0.0,0.07741594314575195,0
1745923164.0070367,0.01653432846069336,0.025952577590942383,0.021708011627197266,0.013502120971679688,0.0,0.0,0.0776970386505127,0
1745923164.0132263,0.014390945434570312,0.02716648578643799,0.020367145538330078,0.014522552490234375,0.0,0.0,0.07644712924957275,0
1745923164.0250182,0.011374950408935547,0.027640700340270996,0.019715309143066406,0.014295578002929688,0.0,0.0,0.07302653789520264,0
1745923164.038788,0.010312557220458984,0.02809596061706543,0.020311355590820312,0.014636039733886719,0.0,0.0,0.07335591316223145,0
1745923164.0510125,0.01192474365234375,0.026787161827087402,0.02027416229248047,0.01537322998046875,0.0,0.0,0.07435929775238037,0
1745923164.062849,0.01535797119140625,0.026919960975646973,0.021074771881103516,0.014957427978515625,0.0,0.0,0.07831013202667236,0
1745923164.075901,0.014182090759277344,0.024947285652160645,0.020534515380859375,0.014069557189941406,0.0,0.0,0.07373344898223877,0
1745923164.0869312,0.010426521301269531,0.02119159698486328,0.02029275894165039,0.013181686401367188,0.0,0.0,0.06509256362915039,0
1745923164.106038,0.010653972625732422,0.02509903907775879,0.019435882568359375,0.013181686401367188,0.0,0.0,0.06837058067321777,0
1745923164.1127083,0.012209415435791016,0.025535225868225098,0.021224021911621094,0.015939712524414062,0.0,0.0,0.07490837574005127,0
1745923164.1234522,0.01509237289428711,0.026540517807006836,0.02282571792602539,0.016411781311035156,0.0,0.0,0.08087038993835449,0
1745923164.13904,0.01336669921875,0.028077006340026855,0.02237844467163086,0.01745128631591797,0.0,0.0,0.08127343654632568,0
1745923164.1489074,0.009705543518066406,0.026502609252929688,0.02029275894165039,0.01607227325439453,0.0,0.0,0.07257318496704102,0
1745923164.1618125,0.010653972625732422,0.02602839469909668,0.020180702209472656,0.016998291015625,0.0,0.0,0.07386136054992676,0
1745923164.1736112,0.010616302490234375,0.026483654975891113,0.02047872543334961,0.016582489013671875,0.0,0.0,0.07416117191314697,0
1745923164.1861446,0.01152658462524414,0.028418421745300293,0.019528865814208984,0.015599250793457031,0.0,0.0,0.07507312297821045,0
1745923164.1986253,0.012209415435791016,0.02809596061706543,0.01796436309814453,0.01622295379638672,0.0,0.0,0.0744926929473877,0
1745923164.211932,0.011223316192626953,0.02629399299621582,0.019621849060058594,0.016015052795410156,0.0,0.0,0.07315421104431152,0
1745923164.223475,0.011848926544189453,0.02523171901702881,0.016213417053222656,0.01686573028564453,0.0,0.0,0.07015979290008545,0
1745923164.238475,0.011906147003173828,0.026882052421569824,0.017256736755371094,0.013767242431640625,0.0,0.0,0.06981217861175537,0
1745923164.2475271,0.01355600357055664,0.028968453407287598,0.01869058609008789,0.015221595764160156,0.0,0.0,0.07643663883209229,0
1745923164.260118,0.013878822326660156,0.0261991024017334,0.01883983612060547,0.013370513916015625,0.0,0.0,0.07228827476501465,0
1745923164.2721157,0.01262664794921875,0.027052760124206543,0.017629146575927734,0.013767242431640625,0.0,0.0,0.07107579708099365,0
1745923164.2858472,0.011943817138671875,0.02949965000152588,0.017256736755371094,0.013010978698730469,0.0,0.0,0.07171118259429932,0
1745923164.297597,0.011014461517333984,0.027318239212036133,0.019007205963134766,0.014050483703613281,0.0,0.0,0.07139039039611816,0
1745923164.3101375,0.011109352111816406,0.028816699981689453,0.019733905792236328,0.013010978698730469,0.0,0.0,0.07267093658447266,0
1745923164.3222146,0.012209415435791016,0.028001070022583008,0.018988609313964844,0.01378631591796875,0.0,0.0,0.07298541069030762,0
1745923164.3400304,0.012854576110839844,0.02792525291442871,0.01939868927001953,0.0157318115234375,0.0,0.0,0.07591032981872559,0
1745923164.3473701,0.011052608489990234,0.027735590934753418,0.018355369567871094,0.013199806213378906,0.0,0.0,0.07034337520599365,0
1745923164.3597777,0.011792182922363281,0.02699577808380127,0.01930522918701172,0.013634681701660156,0.0,0.0,0.07172787189483643,0
1745923164.3750732,0.011469841003417969,0.027318239212036133,0.019510269165039062,0.01629924774169922,0.0,0.0,0.07459759712219238,0
1745923164.384882,0.010141849517822266,0.030277252197265625,0.018355369567871094,0.015316009521484375,0.0,0.0,0.07409048080444336,0
1745923164.3960264,0.012380123138427734,0.026275038719177246,0.017871379852294922,0.014655113220214844,0.0,0.0,0.07118165493011475,0
1745923164.4083781,0.011773109436035156,0.02722346782684326,0.016902923583984375,0.015051841735839844,0.0,0.0,0.07095134258270264,0
1745923164.4213898,0.01236104965209961,0.026768207550048828,0.01688385009765625,0.016109466552734375,0.0,0.0,0.07212257385253906,0
1745923164.439548,0.013195991516113281,0.02893054485321045,0.021074771881103516,0.015996932983398438,0.0,0.0,0.07919824123382568,0
1745923164.4465668,0.01372671127319336,0.02893054485321045,0.020720958709716797,0.01603412628173828,0.0,0.0,0.07941234111785889,0
1745923164.4572313,0.01033163070678711,0.02752685546875,0.018523216247558594,0.016053199768066406,0.0,0.0,0.07243490219116211,0
1745923164.4733417,0.01033163070678711,0.026787161827087402,0.019919872283935547,0.01607227325439453,0.0,0.0,0.07311093807220459,0
1745923164.4841502,0.012209415435791016,0.025819778442382812,0.019137859344482422,0.01669597625732422,0.0,0.0,0.07386302947998047,0
1745923164.4948244,0.01219034194946289,0.028475284576416016,0.015748023986816406,0.018585205078125,0.0,0.0,0.07499885559082031,0
1745923164.5148294,0.013043880462646484,0.02743208408355713,0.017293930053710938,0.01646900177001953,0.0,0.0,0.07423889636993408,0
1745923164.5229332,0.013650894165039062,0.028816699981689453,0.01705169677734375,0.013218879699707031,0.0,0.0,0.0727381706237793,0
1745923164.532481,0.009155750274658203,0.030144572257995605,0.017479896545410156,0.015013694763183594,0.0,0.0,0.07179391384124756,0
1745923164.5440755,0.008662223815917969,0.029935836791992188,0.01841115951538086,0.015750885009765625,0.0,0.0,0.07276010513305664,0
1745923164.557596,0.008510589599609375,0.030372142791748047,0.01669788360595703,0.015845298767089844,0.0,0.0,0.0714259147644043,0
1745923164.5738795,0.01152658462524414,0.02796316146850586,0.013494014739990234,0.014863014221191406,0.0,0.0,0.06784677505493164,0
1745923164.581212,0.012209415435791016,0.028721928596496582,0.014686107635498047,0.014843940734863281,0.0,0.0,0.07046139240264893,0
1745923164.5950806,0.010843753814697266,0.0303342342376709,0.016995906829833984,0.015146255493164062,0.0,0.0,0.07332015037536621,0
1745923164.60741,0.009364128112792969,0.0302962064743042,0.01630687713623047,0.015845298767089844,0.0,0.0,0.07181251049041748,0
1745923164.6184523,0.008567333221435547,0.03056180477142334,0.015561580657958984,0.017168045043945312,0.0,0.0,0.07185876369476318,0
1745923164.6311026,0.008434772491455078,0.03130161762237549,0.014816761016845703,0.016355514526367188,0.0,0.0,0.07090866565704346,0
1745923164.6426997,0.007941722869873047,0.0323258638381958,0.016604900360107422,0.015089988708496094,0.0,0.0,0.07196247577667236,0
1745923164.6546595,0.008908748626708984,0.030808448791503906,0.017442703247070312,0.014258384704589844,0.0,0.0,0.07141828536987305,0
1745923164.6721747,0.009914398193359375,0.02783036231994629,0.017349720001220703,0.015089988708496094,0.0,0.0,0.07018446922302246,0
1745923164.6803346,0.008074283599853516,0.02585768699645996,0.018243789672851562,0.01646900177001953,0.0,0.0,0.06864476203918457,0
1745923164.6957026,0.009800434112548828,0.026844024658203125,0.01796436309814453,0.016488075256347656,0.0,0.0,0.07109689712524414,0
1745923164.7091742,0.009724617004394531,0.025838732719421387,0.017088890075683594,0.017110824584960938,0.0,0.0,0.06976306438446045,0
1745923164.7163165,0.008719444274902344,0.02786839008331299,0.017033100128173828,0.015807151794433594,0.0,0.0,0.06942808628082275,0
1745923164.7286212,0.010141849517822266,0.028342485427856445,0.017908573150634766,0.015127182006835938,0.0,0.0,0.07152009010314941,0
1745923164.7408302,0.010843753814697266,0.029120206832885742,0.017498493194580078,0.014050483703613281,0.0,0.0,0.07151293754577637,0
1745923164.7546926,0.00919342041015625,0.0302962064743042,0.018094539642333984,0.015486717224121094,0.0,0.0,0.07307088375091553,0
1745923164.7747688,0.009003639221191406,0.029404759407043457,0.016977310180664062,0.015146255493164062,0.0,0.0,0.07053196430206299,0
1745923164.7790027,0.008946895599365234,0.027071714401245117,0.016735076904296875,0.0141448974609375,0.0,0.0,0.06689858436584473,0
1745923164.7909443,0.009003639221191406,0.02932894229888916,0.01731252670288086,0.014389991760253906,0.0,0.0,0.07003509998321533,0
1745923164.8075182,0.011545658111572266,0.028949499130249023,0.016567230224609375,0.014333724975585938,0.0,0.0,0.0713961124420166,0
1745923164.8164055,0.010938644409179688,0.028133869171142578,0.0176849365234375,0.01537322998046875,0.0,0.0,0.07213068008422852,0
1745923164.8272898,0.010066032409667969,0.027906298637390137,0.016437053680419922,0.014277458190917969,0.0,0.0,0.068686842918396,0
1745923164.841143,0.008719444274902344,0.028835654258728027,0.019678115844726562,0.0125579833984375,0.0,0.0,0.06979119777679443,0
1745923164.8522792,0.011469841003417969,0.030504941940307617,0.020683765411376953,0.012727737426757812,0.0,0.0,0.07538628578186035,0
1745923164.8650136,0.011280059814453125,0.029271960258483887,0.019957542419433594,0.012746810913085938,0.0,0.0,0.07325637340545654,0
1745923164.8853354,0.009288311004638672,0.025876641273498535,0.016567230224609375,0.013484001159667969,0.0,0.0,0.06521618366241455,0
1745923164.8889065,0.009003639221191406,0.029215097427368164,0.016008853912353516,0.013010978698730469,0.0,0.0,0.06723856925964355,0
1745923164.909875,0.008207321166992188,0.02906334400177002,0.017368316650390625,0.013540267944335938,0.0,0.0,0.06817924976348877,0
1745923164.914949,0.007619380950927734,0.030182480812072754,0.01733112335205078,0.012879371643066406,0.0,0.0,0.06801235675811768,0
1745923164.9282827,0.005646228790283203,0.02879774570465088,0.01569223403930664,0.014277458190917969,0.0,0.0,0.06441366672515869,0
1745923164.941372,0.006860256195068359,0.028684020042419434,0.015822410583496094,0.0141448974609375,0.0,0.0,0.06551158428192139,0
1745923164.9532743,0.00875711441040039,0.029708266258239746,0.016194820404052734,0.014295578002929688,0.0,0.0,0.06895577907562256,0
1745923164.963701,0.0068225860595703125,0.028304576873779297,0.01589679718017578,0.014258384704589844,0.0,0.0,0.06528234481811523,0
1745923164.9756503,0.006860256195068359,0.028645992279052734,0.017982959747314453,0.0137481689453125,0.0,0.0,0.06723737716674805,0
1745923164.9917269,0.006632804870605469,0.027982115745544434,0.019137859344482422,0.013956069946289062,0.0,0.0,0.06770884990692139,0
1745923165.0066102,0.0074481964111328125,0.026578545570373535,0.01885843276977539,0.0133514404296875,0.0,0.0,0.06623661518096924,0
1745923165.012616,0.008207321166992188,0.026578545570373535,0.019808292388916016,0.016336441040039062,0.0,0.0,0.0709306001663208,0
1745923165.0286562,0.008871078491210938,0.027849316596984863,0.018020153045654297,0.014711380004882812,0.0,0.0,0.06945192813873291,0
1745923165.2903955,0.010748863220214844,0.028778791427612305,0.01613903045654297,0.014163970947265625,0.0,0.0,0.06983065605163574,0
1745923165.2934515,0.009838581085205078,0.02999281883239746,0.01796436309814453,0.015977859497070312,0.0,0.0,0.07377362251281738,0
1745923165.2987137,0.00949716567993164,0.030903220176696777,0.017703533172607422,0.014220237731933594,0.0,0.0,0.07232415676116943,0
1745923165.3012414,0.007941722869873047,0.02995479106903076,0.014853954315185547,0.014843940734863281,0.0,0.0,0.06759440898895264,0
1745923165.3012414,0.012531757354736328,0.027185440063476562,0.01822519302368164,0.014522552490234375,0.0,0.0,0.0724649429321289,0
1745923165.3012414,0.011071205139160156,0.02695786952972412,0.018262386322021484,0.014295578002929688,0.0,0.0,0.07058703899383545,0
1745923165.3012414,0.011545658111572266,0.028304576873779297,0.017442703247070312,0.014919281005859375,0.0,0.0,0.07221221923828125,0
1745923165.3012414,0.011280059814453125,0.02805805206298828,0.018392562866210938,0.014805793762207031,0.0,0.0,0.07253646850585938,0
1745923165.3022692,0.00966787338256836,0.029575467109680176,0.018392562866210938,0.013294219970703125,0.0,0.0,0.0709301233291626,0
1745923165.3022692,0.009800434112548828,0.029347896575927734,0.020627975463867188,0.012311935424804688,0.0,0.0,0.07208824157714844,0
1745923165.3022692,0.007922649383544922,0.028209805488586426,0.01921224594116211,0.013257026672363281,0.0,0.0,0.06860172748565674,0
1745923165.3022692,0.01086282730102539,0.028551220893859863,0.016623497009277344,0.013936996459960938,0.0,0.0,0.06997454166412354,0
1745923165.3022692,0.012418270111083984,0.027185440063476562,0.016642093658447266,0.012973785400390625,0.0,0.0,0.06921958923339844,0
1745923165.3022692,0.011545658111572266,0.028645992279052734,0.01615762710571289,0.012425422668457031,0.0,0.0,0.06877470016479492,0
1745923165.3032873,0.009534835815429688,0.02652156352996826,0.017386913299560547,0.013484001159667969,0.0,0.0,0.06692731380462646,0
1745923165.3032873,0.008396625518798828,0.026369810104370117,0.017889976501464844,0.014749526977539062,0.0,0.0,0.06740593910217285,0
1745923165.3032873,0.0085296630859375,0.02893054485321045,0.017982959747314453,0.013143539428710938,0.0,0.0,0.06858670711517334,0
1745923165.3032873,0.011204242706298828,0.03065669536590576,0.01578521728515625,0.013181686401367188,0.0,0.0,0.07082784175872803,0
1745923165.3043003,0.01016092300415039,0.03126358985900879,0.016101837158203125,0.011839866638183594,0.0,0.0,0.0693662166595459,0
1745923165.3043003,0.00822591781616211,0.028114914894104004,0.017461299896240234,0.010763168334960938,0.0,0.0,0.06456530094146729,0
1745923165.305315,0.00830221176147461,0.0268629789352417,0.01604604721069336,0.009779930114746094,0.0,0.0,0.06099116802215576,0
1745923165.3063242,0.009592056274414062,0.02462482452392578,0.01589679718017578,0.011027336120605469,0.0,0.0,0.061141014099121094,0
1745923165.3130279,0.010692119598388672,0.023372888565063477,0.016548633575439453,0.012784004211425781,0.0,0.0,0.06339764595031738,0
1745923165.322043,0.01099538803100586,0.024681687355041504,0.014648914337158203,0.011745452880859375,0.0,0.0,0.06207144260406494,0
1745923165.339709,0.010653972625732422,0.025819778442382812,0.01435089111328125,0.014333724975585938,0.0,0.0,0.06515836715698242,0
1745923165.3587334,0.012569904327392578,0.02519381046295166,0.017256736755371094,0.014957427978515625,0.0,0.0,0.06997787952423096,0
1745923165.3592396,0.011868000030517578,0.025611162185668945,0.019510269165039062,0.013521194458007812,0.0,0.0,0.0705106258392334,0
1745923165.3737838,0.01055908203125,0.027337193489074707,0.01606464385986328,0.012727737426757812,0.0,0.0,0.0666886568069458,0
1745923165.3848064,0.011431694030761719,0.028570175170898438,0.01667928695678711,0.013199806213378906,0.0,0.0,0.06988096237182617,0
1745923165.3977754,0.01055908203125,0.026483654975891113,0.018634796142578125,0.011178016662597656,0.0,0.0,0.0668555498123169,0
1745923165.409835,0.010483264923095703,0.02616119384765625,0.018262386322021484,0.01053619384765625,0.0,0.0,0.06544303894042969,0
1745923165.4208763,0.009288311004638672,0.02695786952972412,0.018541812896728516,0.012369155883789062,0.0,0.0,0.06715714931488037,0
1745923165.4324198,0.008832931518554688,0.026635408401489258,0.018113136291503906,0.012822151184082031,0.0,0.0,0.06640362739562988,0
1745923165.4453814,0.009592056274414062,0.0261991024017334,0.016474246978759766,0.012633323669433594,0.0,0.0,0.06489872932434082,0
1745923165.45744,0.013252735137939453,0.026654362678527832,0.017629146575927734,0.014616966247558594,0.0,0.0,0.07215321063995361,0
1745923165.4733963,0.01306295394897461,0.026445746421813965,0.01876544952392578,0.011027336120605469,0.0,0.0,0.06930148601531982,0
1745923165.4862359,0.01289224624633789,0.02655959129333496,0.0191192626953125,0.010611534118652344,0.0,0.0,0.0691826343536377,0
1745923165.49742,0.012740612030029297,0.024814486503601074,0.02003192901611328,0.012784004211425781,0.0,0.0,0.07037103176116943,0
1745923165.5074122,0.010066032409667969,0.025952577590942383,0.01740550994873047,0.015562057495117188,0.0,0.0,0.06898617744445801,0
1745923165.52041,0.008169174194335938,0.02549731731414795,0.017703533172607422,0.015392303466796875,0.0,0.0,0.06676232814788818,0
1745923165.5313172,0.01016092300415039,0.02580082416534424,0.019100666046142578,0.015032768249511719,0.0,0.0,0.07009518146514893,0
1745923165.5462577,0.012152671813964844,0.025383472442626953,0.01947307586669922,0.013370513916015625,0.0,0.0,0.07037973403930664,0
1745923165.5564625,0.012778282165527344,0.022633075714111328,0.01867198944091797,0.012765884399414062,0.0,0.0,0.0668492317199707,0
1745923165.5719314,0.010673046112060547,0.022215843200683594,0.01993846893310547,0.011858940124511719,0.0,0.0,0.06468629837036133,0
1745923165.580468,0.009079456329345703,0.022045135498046875,0.018895626068115234,0.011197090148925781,0.0,0.0,0.061217308044433594,0
1745923165.5929785,0.009990215301513672,0.02452993392944336,0.018280982971191406,0.010366439819335938,0.0,0.0,0.06316757202148438,0
1745923165.6102672,0.009781360626220703,0.02443516254425049,0.018932819366455078,0.011385917663574219,0.0,0.0,0.06453526020050049,0
1745923165.617927,0.009572982788085938,0.024947285652160645,0.018560409545898438,0.011254310607910156,0.0,0.0,0.06433498859405518,0
1745923165.6304438,0.010787010192871094,0.02532660961151123,0.01883983612060547,0.010328292846679688,0.0,0.0,0.06528174877166748,0
1745923165.643734,0.011507511138916016,0.023619532585144043,0.02090740203857422,0.011651039123535156,0.0,0.0,0.06768548488616943,0
1745923165.6560018,0.012266159057617188,0.0240936279296875,0.018932819366455078,0.013596534729003906,0.0,0.0,0.06888914108276367,0
1745923165.6668847,0.011450767517089844,0.024302363395690918,0.021689414978027344,0.012897491455078125,0.0,0.0,0.07034003734588623,0
1745923165.680095,0.01262664794921875,0.0240936279296875,0.02111196517944336,0.01251983642578125,0.0,0.0,0.07035207748413086,0
1745923165.6928155,0.013480186462402344,0.024207472801208496,0.018504619598388672,0.011272430419921875,0.0,0.0,0.06746470928192139,0
1745923165.7075067,0.011223316192626953,0.024169564247131348,0.020255565643310547,0.012369155883789062,0.0,0.0,0.06801760196685791,0
1745923165.7167692,0.012304306030273438,0.02422642707824707,0.021633625030517578,0.012406349182128906,0.0,0.0,0.07057070732116699,0
1745923165.7286444,0.013423442840576172,0.022709012031555176,0.021037578582763672,0.011083602905273438,0.0,0.0,0.06825363636016846,0
1745923165.7454884,0.01156473159790039,0.023353934288024902,0.019528865814208984,0.011102676391601562,0.0,0.0,0.06555020809173584,0
1745923165.7532597,0.011829853057861328,0.023202180862426758,0.01932382583618164,0.010422706604003906,0.0,0.0,0.06477856636047363,0
1745923165.7665508,0.010085105895996094,0.022045135498046875,0.019100666046142578,0.011745452880859375,0.0,0.0,0.06297636032104492,0
1745923165.777699,0.010066032409667969,0.02382814884185791,0.019994735717773438,0.010781288146972656,0.0,0.0,0.06467020511627197,0
1745923165.7914336,0.010407447814941406,0.02166581153869629,0.02200603485107422,0.013105392456054688,0.0,0.0,0.0671846866607666,0
1745923165.805182,0.010729789733886719,0.024340271949768066,0.021205425262451172,0.012595176696777344,0.0,0.0,0.0688706636428833,0
1745923165.816607,0.011355876922607422,0.025004148483276367,0.020143508911132812,0.009761810302734375,0.0,0.0,0.06626534461975098,0
1745923165.828303,0.01129913330078125,0.02532660961151123,0.019678115844726562,0.008741378784179688,0.0,0.0,0.06504523754119873,0
1745923165.8408444,0.013518333435058594,0.023410797119140625,0.017368316650390625,0.011121749877929688,0.0,0.0,0.06541919708251953,0
1745923165.8738716,0.014637470245361328,0.023240089416503906,0.017871379852294922,0.013294219970703125,0.0,0.0,0.06904315948486328,0
1745923165.8754861,0.012664794921875,0.02439713478088379,0.01993846893310547,0.013010978698730469,0.0,0.0,0.07001137733459473,0
1745923165.883748,0.012380123138427734,0.023638486862182617,0.01921224594116211,0.012369155883789062,0.0,0.0,0.06760001182556152,0
1745923165.890496,0.01262664794921875,0.02272796630859375,0.02049732208251953,0.011593818664550781,0.0,0.0,0.06744575500488281,0
1745923165.9104404,0.01192474365234375,0.023885011672973633,0.018970012664794922,0.009818077087402344,0.0,0.0,0.06459784507751465,0
1745923165.914525,0.012873172760009766,0.021703720092773438,0.018001556396484375,0.009213447570800781,0.0,0.0,0.06179189682006836,0
1745923165.9263492,0.012607574462890625,0.021836519241333008,0.02064657211303711,0.012633323669433594,0.0,0.0,0.06772398948669434,0
1745923165.9394133,0.010692119598388672,0.023619532585144043,0.022862911224365234,0.012897491455078125,0.0,0.0,0.07007205486297607,0
1745923165.9546988,0.013935565948486328,0.025345563888549805,0.022118091583251953,0.00926971435546875,0.0,0.0,0.07066893577575684,0
1745923165.9631834,0.011962890625,0.026635408401489258,0.021000385284423828,0.009950637817382812,0.0,0.0,0.0695493221282959,0
1745923165.9763958,0.008150100708007812,0.023240089416503906,0.019044876098632812,0.011102676391601562,0.0,0.0,0.061537742614746094,0
1745923165.9917605,0.007144927978515625,0.022822856903076172,0.018802642822265625,0.011348724365234375,0.0,0.0,0.0601191520690918,0
1745923166.0070007,0.011469841003417969,0.022234797477722168,0.018541812896728516,0.01172637939453125,0.0,0.0,0.0639728307723999,0
1745923166.0156598,0.013480186462402344,0.02369534969329834,0.019621849060058594,0.01291656494140625,0.0,0.0,0.06971395015716553,0
1745923166.0299032,0.011962890625,0.02449202537536621,0.021168231964111328,0.010857582092285156,0.0,0.0,0.0684807300567627,0
1745923166.0414214,0.010350704193115234,0.024643778800964355,0.017181873321533203,0.012689590454101562,0.0,0.0,0.06486594676971436,0
1745923166.0505602,0.011374950408935547,0.022614121437072754,0.017666339874267578,0.012614250183105469,0.0,0.0,0.06426966190338135,0
1745923166.0669696,0.01219034194946289,0.02255725860595703,0.01947307586669922,0.010630607604980469,0.0,0.0,0.06485128402709961,0
1745923166.0784154,0.009819507598876953,0.024074673652648926,0.01986408233642578,0.010630607604980469,0.0,0.0,0.06438887119293213,0
1745923166.0894325,0.01059722900390625,0.024245381355285645,0.01841115951538086,0.011801719665527344,0.0,0.0,0.0650554895401001,0
1745923166.1080568,0.009914398193359375,0.022234797477722168,0.018392562866210938,0.010460853576660156,0.0,0.0,0.06100261211395264,0
1745923166.112115,0.009781360626220703,0.022917628288269043,0.019566059112548828,0.012047767639160156,0.0,0.0,0.06431281566619873,0
1745923166.1250384,0.00945901870727539,0.024643778800964355,0.01777791976928711,0.011518478393554688,0.0,0.0,0.06339919567108154,0
1745923166.14075,0.010843753814697266,0.02616119384765625,0.01777791976928711,0.011631965637207031,0.0,0.0,0.06641483306884766,0
1745923166.1480722,0.011260986328125,0.02426433563232422,0.015841007232666016,0.011083602905273438,0.0,0.0,0.06244993209838867,0
1745923166.161063,0.011469841003417969,0.02246236801147461,0.01805734634399414,0.009553909301757812,0.0,0.0,0.06154346466064453,0
1745923166.1780555,0.010729789733886719,0.02496623992919922,0.01822519302368164,0.010441780090332031,0.0,0.0,0.06436300277709961,0
1745923166.1856558,0.01099538803100586,0.02509903907775879,0.017517566680908203,0.009629249572753906,0.0,0.0,0.06324124336242676,0
1745923166.1980002,0.011450767517089844,0.02435922622680664,0.019082069396972656,0.010403633117675781,0.0,0.0,0.06529569625854492,0
1745923166.2106035,0.011223316192626953,0.025611162185668945,0.019696712493896484,0.011480331420898438,0.0,0.0,0.06801152229309082,0
1745923166.2223473,0.009705543518066406,0.025819778442382812,0.017722129821777344,0.0113677978515625,0.0,0.0,0.06461524963378906,0
1745923166.2433128,0.009705543518066406,0.023505687713623047,0.01714468002319336,0.012047767639160156,0.0,0.0,0.06240367889404297,0
1745923166.2515473,0.012095451354980469,0.022177934646606445,0.018113136291503906,0.009440422058105469,0.0,0.0,0.06182694435119629,0
1745923166.272509,0.011943817138671875,0.021514058113098145,0.018541812896728516,0.010555267333984375,0.0,0.0,0.06255495548248291,0
1745923166.2856896,0.011887073516845703,0.02523171901702881,0.017386913299560547,0.010252952575683594,0.0,0.0,0.06475865840911865,0
1745923166.2939854,0.009952068328857422,0.027602791786193848,0.017852783203125,0.010686874389648438,0.0,0.0,0.06609451770782471,0
1745923166.298551,0.011981964111328125,0.024017810821533203,0.017442703247070312,0.011385917663574219,0.0,0.0,0.06482839584350586,0
1745923166.311903,0.011280059814453125,0.02506101131439209,0.017852783203125,0.0117645263671875,0.0,0.0,0.06595838069915771,0
1745923166.321349,0.00896596908569336,0.024340271949768066,0.019976139068603516,0.01129150390625,0.0,0.0,0.06457388401031494,0
1745923166.3400867,0.008852005004882812,0.02523171901702881,0.017349720001220703,0.011499404907226562,0.0,0.0,0.06293284893035889,0
1745923166.346334,0.007808685302734375,0.02682507038116455,0.016399860382080078,0.011462211608886719,0.0,0.0,0.06249582767486572,0
1745923166.3594213,0.009079456329345703,0.028114914894104004,0.016735076904296875,0.010517120361328125,0.0,0.0,0.06444656848907471,0
1745923166.3722215,0.012171268463134766,0.027849316596984863,0.016902923583984375,0.011159896850585938,0.0,0.0,0.06808340549468994,0
1745923166.3840933,0.01059722900390625,0.02572488784790039,0.015859603881835938,0.012538909912109375,0.0,0.0,0.06472063064575195,0
1745923166.395683,0.009515762329101562,0.026768207550048828,0.0151519775390625,0.013010978698730469,0.0,0.0,0.06444692611694336,0
1745923166.4087214,0.011128425598144531,0.026047348976135254,0.014686107635498047,0.01251983642578125,0.0,0.0,0.06438171863555908,0
1745923166.4206147,0.010729789733886719,0.023221135139465332,0.015654563903808594,0.011121749877929688,0.0,0.0,0.06072723865509033,0
1745923166.433142,0.009990215301513672,0.02462482452392578,0.01742410659790039,0.010309219360351562,0.0,0.0,0.062348365783691406,0
1745923166.4452798,0.01222848892211914,0.02563011646270752,0.019044876098632812,0.011462211608886719,0.0,0.0,0.06836569309234619,0
1745923166.457727,0.012266159057617188,0.025819778442382812,0.02012491226196289,0.013596534729003906,0.0,0.0,0.0718073844909668,0
1745923166.474186,0.01082468032836914,0.02752685546875,0.022341251373291016,0.011462211608886719,0.0,0.0,0.07215499877929688,0
1745923166.4825025,0.011280059814453125,0.0269010066986084,0.017927169799804688,0.009383201599121094,0.0,0.0,0.0654914379119873,0
1745923166.4942548,0.01332855224609375,0.025174856185913086,0.01669788360595703,0.010460853576660156,0.0,0.0,0.06566214561462402,0
1745923166.5088356,0.012645721435546875,0.02426433563232422,0.017256736755371094,0.010573387145996094,0.0,0.0,0.06474018096923828,0
1745923166.5195172,0.011394023895263672,0.023543596267700195,0.021037578582763672,0.010744094848632812,0.0,0.0,0.06671929359436035,0
1745923166.531656,0.010046958923339844,0.02373325824737549,0.020199298858642578,0.009440422058105469,0.0,0.0,0.06341993808746338,0
1745923166.5444105,0.014087200164794922,0.025573253631591797,0.01716327667236328,0.010763168334960938,0.0,0.0,0.06758689880371094,0
1745923166.5564132,0.014447689056396484,0.024454116821289062,0.02010631561279297,0.011065483093261719,0.0,0.0,0.07007360458374023,0
1745923166.5767388,0.012095451354980469,0.024169564247131348,0.01716327667236328,0.009950637817382812,0.0,0.0,0.06337893009185791,0
1745923166.5818412,0.011412620544433594,0.02435922622680664,0.015654563903808594,0.010025978088378906,0.0,0.0,0.061452388763427734,0
1745923166.593687,0.010616302490234375,0.022576212882995605,0.016008853912353516,0.0125579833984375,0.0,0.0,0.061759352684020996,0
1745923166.6064672,0.0099334716796875,0.021817445755004883,0.019603252410888672,0.011593818664550781,0.0,0.0,0.06294798851013184,0
1745923166.6193955,0.011829853057861328,0.021115660667419434,0.01667928695678711,0.009383201599121094,0.0,0.0,0.059008002281188965,0
1745923166.6310427,0.012911319732666016,0.02246236801147461,0.01803874969482422,0.011159896850585938,0.0,0.0,0.06457233428955078,0
1745923166.6431081,0.012759685516357422,0.02386605739593506,0.017610549926757812,0.010045051574707031,0.0,0.0,0.06428134441375732,0
1745923166.6550655,0.010236740112304688,0.025914669036865234,0.01589679718017578,0.009572029113769531,0.0,0.0,0.061620235443115234,0
1745923166.6747446,0.010027885437011719,0.02599048614501953,0.016381263732910156,0.009421348571777344,0.0,0.0,0.06182098388671875,0
1745923166.6809015,0.012323379516601562,0.02572488784790039,0.018821239471435547,0.009440422058105469,0.0,0.0,0.06630992889404297,0
1745923166.6930683,0.013195991516113281,0.02515590190887451,0.01867198944091797,0.008250236511230469,0.0,0.0,0.06527411937713623,0
1745923166.708863,0.010843753814697266,0.024985194206237793,0.016995906829833984,0.008741378784179688,0.0,0.0,0.06156623363494873,0
1745923166.7172148,0.011450767517089844,0.025383472442626953,0.01606464385986328,0.008212089538574219,0.0,0.0,0.0611109733581543,0
1745923166.7292361,0.010426521301269531,0.02646470069885254,0.016753673553466797,0.011235237121582031,0.0,0.0,0.0648801326751709,0
1745923166.7453072,0.011621475219726562,0.026882052421569824,0.02010631561279297,0.011934280395507812,0.0,0.0,0.07054412364959717,0
1745923166.7546775,0.012038707733154297,0.02549731731414795,0.017908573150634766,0.011027336120605469,0.0,0.0,0.06647193431854248,0
1745923166.7674525,0.01012277603149414,0.0247955322265625,0.016194820404052734,0.009893417358398438,0.0,0.0,0.06100654602050781,0
1745923166.778095,0.009439945220947266,0.024852395057678223,0.016846656799316406,0.011178016662597656,0.0,0.0,0.06231701374053955,0
1745923166.7936602,0.008890151977539062,0.025288701057434082,0.017629146575927734,0.011216163635253906,0.0,0.0,0.06302416324615479,0
1745923166.808314,0.008415699005126953,0.024738550186157227,0.015766620635986328,0.010214805603027344,0.0,0.0,0.05913567543029785,0
1745923166.8166835,0.010179996490478516,0.02489030361175537,0.0151519775390625,0.007871627807617188,0.0,0.0,0.058093905448913574,0
1745923166.8283677,0.011280059814453125,0.02443516254425049,0.018616199493408203,0.009723663330078125,0.0,0.0,0.06405508518218994,0
1745923166.8423295,0.012304306030273438,0.025952577590942383,0.018373966217041016,0.010271072387695312,0.0,0.0,0.06690192222595215,0
1745923166.8521209,0.010445594787597656,0.026218056678771973,0.016194820404052734,0.010611534118652344,0.0,0.0,0.06347000598907471,0
1745923166.864943,0.009592056274414062,0.025478363037109375,0.017126083374023438,0.011008262634277344,0.0,0.0,0.06320476531982422,0
1745923166.87857,0.009003639221191406,0.025668025016784668,0.017722129821777344,0.008835792541503906,0.0,0.0,0.061229586601257324,0
1745923166.8893337,0.00830221176147461,0.02599048614501953,0.01679086685180664,0.008646965026855469,0.0,0.0,0.05973052978515625,0
1745923166.9079447,0.007751941680908203,0.023847103118896484,0.018784046173095703,0.009818077087402344,0.0,0.0,0.060201168060302734,0
1745923166.9140346,0.008510589599609375,0.023941993713378906,0.016865253448486328,0.010819435119628906,0.0,0.0,0.060137271881103516,0
1745923166.9298058,0.008207321166992188,0.024681687355041504,0.01461172103881836,0.009251594543457031,0.0,0.0,0.05675232410430908,0
1745923166.9416382,0.0099334716796875,0.023581504821777344,0.015002727508544922,0.008514404296875,0.0,0.0,0.057032108306884766,0
1745923166.9515688,0.010009288787841797,0.023619532585144043,0.01841115951538086,0.009307861328125,0.0,0.0,0.0613478422164917,0
1745923166.9640837,0.007069110870361328,0.023505687713623047,0.017181873321533203,0.008268356323242188,0.0,0.0,0.056025028228759766,0
1745923166.9773757,0.009364128112792969,0.023885011672973633,0.015468597412109375,0.008608818054199219,0.0,0.0,0.057326555252075195,0
1745923166.989804,0.010046958923339844,0.02236759662628174,0.016846656799316406,0.010195732116699219,0.0,0.0,0.05945694446563721,0
1745923167.0083158,0.00822591781616211,0.02242445945739746,0.017442703247070312,0.009383201599121094,0.0,0.0,0.05747628211975098,0
1745923167.0166569,0.007998466491699219,0.02295553684234619,0.016101837158203125,0.008589744567871094,0.0,0.0,0.05564558506011963,0
1745923167.0262902,0.009743690490722656,0.026142239570617676,0.017200946807861328,0.00926971435546875,0.0,0.0,0.06235659122467041,0
1745923167.0396886,0.011848926544189453,0.023183226585388184,0.017181873321533203,0.007418632507324219,0.0,0.0,0.05963265895843506,0
1745923167.0522466,0.011811256408691406,0.022784829139709473,0.01578521728515625,0.006756782531738281,0.0,0.0,0.05713808536529541,0
1745923167.0663834,0.011071205139160156,0.02509903907775879,0.014369487762451172,0.009799003601074219,0.0,0.0,0.060338735580444336,0
1745923167.076011,0.010066032409667969,0.024548888206481934,0.013363838195800781,0.010894775390625,0.0,0.0,0.058873534202575684,0
1745923167.0870025,0.008681297302246094,0.021343350410461426,0.015189170837402344,0.009024620056152344,0.0,0.0,0.05423843860626221,0
1745923167.099082,0.012436866760253906,0.023771166801452637,0.018970012664794922,0.00887298583984375,0.0,0.0,0.06405103206634521,0
1745923167.1131182,0.010141849517822266,0.02179849147796631,0.019156455993652344,0.010120391845703125,0.0,0.0,0.06121718883514404,0
1745923167.127131,0.00879526138305664,0.021703720092773438,0.019733905792236328,0.008268356323242188,0.0,0.0,0.058501243591308594,0
1745923167.1395502,0.009250640869140625,0.020717382431030273,0.018951416015625,0.008533477783203125,0.0,0.0,0.05745291709899902,0
1745923167.1492069,0.008814334869384766,0.01995861530303955,0.017275333404541016,0.009610176086425781,0.0,0.0,0.05565845966339111,0
1745923167.160909,0.010540008544921875,0.01942753791809082,0.018448829650878906,0.00926971435546875,0.0,0.0,0.05768609046936035,0
1745923167.1783054,0.009515762329101562,0.020205259323120117,0.018616199493408203,0.008362770080566406,0.0,0.0,0.05669999122619629,0
1745923167.1869726,0.009383201599121094,0.020888090133666992,0.020311355590820312,0.009685516357421875,0.0,0.0,0.06026816368103027,0
1745923167.199359,0.00919342041015625,0.020072460174560547,0.020981788635253906,0.009080886840820312,0.0,0.0,0.059328556060791016,0
1745923167.2121747,0.010616302490234375,0.019674062728881836,0.018187999725341797,0.009194374084472656,0.0,0.0,0.057672739028930664,0
1745923167.2253354,0.011602401733398438,0.02109670639038086,0.015933990478515625,0.009818077087402344,0.0,0.0,0.058451175689697266,0
1745923167.2430964,0.010426521301269531,0.0213623046875,0.017461299896240234,0.00974273681640625,0.0,0.0,0.058992862701416016,0
1745923167.2495086,0.013176918029785156,0.021817445755004883,0.01923084259033203,0.009893417358398438,0.0,0.0,0.06411862373352051,0
1745923167.2602215,0.012000560760498047,0.02215898036956787,0.018970012664794922,0.010006904602050781,0.0,0.0,0.06313645839691162,0
1745923167.2741866,0.009686470031738281,0.02030003070831299,0.020944595336914062,0.011235237121582031,0.0,0.0,0.06216633319854736,0
1745923167.2856896,0.010046958923339844,0.020470738410949707,0.018616199493408203,0.009779930114746094,0.0,0.0,0.05891382694244385,0
1745923167.300007,0.012304306030273438,0.021874427795410156,0.018001556396484375,0.008193016052246094,0.0,0.0,0.06037330627441406,0
1745923167.3097095,0.011374950408935547,0.02396094799041748,0.019566059112548828,0.00807952880859375,0.0,0.0,0.0629814863204956,0
1745923167.324864,0.008985042572021484,0.025307655334472656,0.018355369567871094,0.005283355712890625,0.0,0.0,0.05793142318725586,0
1745923167.3410118,0.011223316192626953,0.023903965950012207,0.01733112335205078,0.009288787841796875,0.0,0.0,0.061747193336486816,0
1745923167.356744,0.01055908203125,0.02035701274871826,0.0191192626953125,0.010951995849609375,0.0,0.0,0.06098735332489014,0
1745923167.3643434,0.009345054626464844,0.019977569580078125,0.01975250244140625,0.008835792541503906,0.0,0.0,0.057910919189453125,0
1745923167.373225,0.010710716247558594,0.019977569580078125,0.02154064178466797,0.009591102600097656,0.0,0.0,0.061820030212402344,0
1745923167.3837848,0.011887073516845703,0.020451784133911133,0.02282571792602539,0.01053619384765625,0.0,0.0,0.06570076942443848,0
1745923167.396406,0.010578155517578125,0.022139906883239746,0.020515918731689453,0.009685516357421875,0.0,0.0,0.0629194974899292,0
1745923167.408059,0.010255813598632812,0.019617199897766113,0.01964092254638672,0.007701873779296875,0.0,0.0,0.05721580982208252,0
1745923167.421085,0.012057781219482422,0.01815664768218994,0.017722129821777344,0.006946563720703125,0.0,0.0,0.05488312244415283,0
1745923167.433725,0.013043880462646484,0.019351601600646973,0.018560409545898438,0.007645606994628906,0.0,0.0,0.0586014986038208,0
1745923167.4455438,0.010312557220458984,0.018611907958984375,0.01705169677734375,0.008287429809570312,0.0,0.0,0.05426359176635742,0
1745923167.4586926,0.010540008544921875,0.01836526393890381,0.019100666046142578,0.006833076477050781,0.0,0.0,0.05483901500701904,0
1745923167.4766598,0.010027885437011719,0.019446492195129395,0.021000385284423828,0.007343292236328125,0.0,0.0,0.057818055152893066,0
1745923167.4838052,0.007960796356201172,0.01952230930328369,0.018709182739257812,0.009383201599121094,0.0,0.0,0.05557548999786377,0
1745923167.495136,0.009572982788085938,0.020755290985107422,0.018336772918701172,0.0070590972900390625,0.0,0.0,0.055724143981933594,0
1745923167.512375,0.0099334716796875,0.019313693046569824,0.020944595336914062,0.0064544677734375,0.0,0.0,0.05664622783660889,0
1745923167.5199916,0.008890151977539062,0.01669609546661377,0.020460128784179688,0.010611534118652344,0.0,0.0,0.05665791034698486,0
1745923167.533097,0.009307384490966797,0.017454862594604492,0.020199298858642578,0.012671470642089844,0.0,0.0,0.05963301658630371,0
1745923167.544366,0.011052608489990234,0.017549633979797363,0.01993846893310547,0.011310577392578125,0.0,0.0,0.05985128879547119,0
1745923167.5564778,0.012948989868164062,0.017473816871643066,0.018392562866210938,0.008608818054199219,0.0,0.0,0.057424187660217285,0
1745923167.5741076,0.012873172760009766,0.01836526393890381,0.018020153045654297,0.009307861328125,0.0,0.0,0.05856645107269287,0
1745923167.5814054,0.010407447814941406,0.020015478134155273,0.01805734634399414,0.008287429809570312,0.0,0.0,0.05676770210266113,0
1745923167.594037,0.00989532470703125,0.021514058113098145,0.01777791976928711,0.008986473083496094,0.0,0.0,0.0581737756729126,0
1745923167.6083212,0.009648799896240234,0.022405505180358887,0.01822519302368164,0.009288787841796875,0.0,0.0,0.05956828594207764,0
1745923167.6178024,0.011640548706054688,0.019370555877685547,0.01820659637451172,0.007266998291015625,0.0,0.0,0.05648469924926758,0
1745923167.632347,0.01239919662475586,0.02122950553894043,0.017982959747314453,0.0063228607177734375,0.0,0.0,0.05793452262878418,0
1745923167.6436226,0.011223316192626953,0.021267414093017578,0.014388084411621094,0.008986473083496094,0.0,0.0,0.05586528778076172,0
1745923167.6553063,0.007277488708496094,0.021343350410461426,0.013475418090820312,0.007966041564941406,0.0,0.0,0.05006229877471924,0
1745923167.6690295,0.0071258544921875,0.02295553684234619,0.01569223403930664,0.008608818054199219,0.0,0.0,0.05438244342803955,0
1745923167.6856668,0.012266159057617188,0.021912336349487305,0.016176223754882812,0.011083602905273438,0.0,0.0,0.06143832206726074,0
1745923167.6953745,0.01169729232788086,0.022671103477478027,0.015133380889892578,0.008703231811523438,0.0,0.0,0.0582050085067749,0
1745923167.7090833,0.011071205139160156,0.023941993713378906,0.016865253448486328,0.0074748992919921875,0.0,0.0,0.05935335159301758,0
1745923167.7187552,0.011374950408935547,0.025440454483032227,0.019025802612304688,0.008419990539550781,0.0,0.0,0.06426119804382324,0
1745923167.7312458,0.009345054626464844,0.02492833137512207,0.017982959747314453,0.007266998291015625,0.0,0.0,0.05952334403991699,0
1745923167.7449646,0.007941722869873047,0.025345563888549805,0.017386913299560547,0.008741378784179688,0.0,0.0,0.059415578842163086,0
1745923167.7541723,0.007315635681152344,0.02593362331390381,0.01883983612060547,0.010781288146972656,0.0,0.0,0.06287038326263428,0
1745923167.7664297,0.00826406478881836,0.023107290267944336,0.01869058609008789,0.011934280395507812,0.0,0.0,0.0619962215423584,0
1745923167.7793665,0.007808685302734375,0.022120952606201172,0.017107486724853516,0.010214805603027344,0.0,0.0,0.057251930236816406,0
1745923167.7914648,0.007619380950927734,0.023903965950012207,0.014704704284667969,0.010913848876953125,0.0,0.0,0.057141900062561035,0
1745923167.8085423,0.010179996490478516,0.02272796630859375,0.014816761016845703,0.010233879089355469,0.0,0.0,0.05795860290527344,0
1745923167.8156776,0.01148843765258789,0.021476030349731445,0.015337944030761719,0.010214805603027344,0.0,0.0,0.0585172176361084,0
1745923167.828493,0.010179996490478516,0.021950244903564453,0.01444387435913086,0.010989189147949219,0.0,0.0,0.05756330490112305,0
1745923167.840415,0.008207321166992188,0.023012518882751465,0.015282154083251953,0.00934600830078125,0.0,0.0,0.055848002433776855,0
1745923167.853535,0.006632804870605469,0.023316025733947754,0.016753673553466797,0.008457183837890625,0.0,0.0,0.055159687995910645,0
1745923167.8654768,0.006291389465332031,0.022746920585632324,0.015673160552978516,0.006775856018066406,0.0,0.0,0.05148732662200928,0
1745923167.8785062,0.005855083465576172,0.02289867401123047,0.015748023986816406,0.007210731506347656,0.0,0.0,0.0517125129699707,0
1745923167.8905272,0.008339881896972656,0.028608083724975586,0.013680458068847656,0.0070781707763671875,0.0,0.0,0.057706594467163086,0
1745923167.9067247,0.00822591781616211,0.028020024299621582,0.014034271240234375,0.007361412048339844,0.0,0.0,0.05764162540435791,0
1745923167.9158733,0.008169174194335938,0.023941993713378906,0.016344070434570312,0.008986473083496094,0.0,0.0,0.05744171142578125,0
1745923167.9277835,0.009572982788085938,0.021855473518371582,0.013959884643554688,0.009383201599121094,0.0,0.0,0.0547715425491333,0
1745923167.9416907,0.011583328247070312,0.008493542671203613,0.025302886962890625,0.0071353912353515625,0.0,0.0,0.05251514911651611,0
1745923167.9533906,0.020441532135009766,0.11297011375427246,0.08330345153808594,0.019775390625,0.0,0.0,0.23649048805236816,0
1745923167.9642766,0.0897512435913086,0.26321661472320557,0.16576004028320312,0.05333137512207031,0.0,0.0,0.5720592737197876,0
1745923167.976942,0.1549825668334961,0.49161195755004883,0.291353702545166,0.08624553680419922,14.810334205627441,5.515461444854736,1.0241937637329102,0
1745923167.9888382,0.33362436294555664,1.6902083158493042,0.5809659957885742,0.11454963684082031,18.770675659179688,10.25784683227539,2.719348430633545,0
1745923168.0072627,0.5109386444091797,2.0111300945281982,1.175408124923706,0.10958003997802734,18.872465133666992,6.823825836181641,3.8070569038391113,0
1745923168.0139618,0.4360332489013672,1.8052690029144287,1.3351242542266846,0.05059242248535156,20.486656188964844,4.953736782073975,3.627018928527832,0
1745923168.0276577,0.42571496963500977,1.8501476049423218,1.3000519275665283,0.03780078887939453,20.817119598388672,5.450957298278809,3.613715410232544,0
1745923168.04189,0.49591588973999023,2.255344867706299,1.4865520000457764,0.05711078643798828,20.789278030395508,5.904541969299316,4.294923782348633,0
1745923168.0505736,0.6425204277038574,2.8740475177764893,1.9133620262145996,0.058678627014160156,20.845703125,5.9095258712768555,5.488608360290527,0
1745923168.0625353,0.7914772033691406,3.4482507705688477,2.935098171234131,0.050724029541015625,21.47270965576172,3.6442930698394775,7.225550174713135,0
1745923168.0769725,0.9074296951293945,3.9207849502563477,3.414712429046631,0.05000591278076172,21.534687042236328,3.452749490737915,8.292933464050293,0
1745923168.0878382,1.0263409614562988,4.3984785079956055,3.918651819229126,0.04358196258544922,21.617198944091797,3.2719852924346924,9.387053489685059,0
1745923168.0999424,1.2590227127075195,5.395386695861816,4.455223560333252,0.019888877868652344,21.564950942993164,4.112058162689209,11.129521369934082,0
1745923168.1129107,1.383131504058838,5.975432395935059,5.0789079666137695,0.011438369750976562,21.726688385009766,3.8262441158294678,12.448909759521484,0
1745923168.1272693,1.5263409614562988,6.6522722244262695,5.820605278015137,0.045825958251953125,21.73150062561035,3.457150459289551,14.045044898986816,0
1745923168.1404364,1.6726799011230469,7.382469654083252,6.647013187408447,0.08278274536132812,21.772174835205078,3.093607187271118,15.784944534301758,0
1745923168.151098,1.819284439086914,8.112381935119629,7.495716094970703,0.11928653717041016,21.813072204589844,2.7726023197174072,17.546669006347656,0
1745923168.1632981,1.966477394104004,8.813008308410645,8.320857048034668,0.15484619140625,21.830541610717773,2.512540102005005,19.25518798828125,0
1745923168.1763868,2.1238560676574707,9.499787330627441,9.127931594848633,0.1946563720703125,21.801429748535156,2.306962490081787,20.946231842041016,0
1745923168.192972,2.289903163909912,10.198631286621094,9.949254035949707,0.2423267364501953,21.747608184814453,2.126798391342163,22.680116653442383,0
1745923168.208636,2.4898271560668945,11.86691665649414,10.856795310974121,0.29167842864990234,21.892845153808594,2.641564130783081,25.505218505859375,0
1745923168.2106698,2.7102556228637695,12.772852897644043,11.827515602111816,0.3469066619873047,21.809965133666992,2.512242078781128,27.657529830932617,0
1745923168.2247162,2.9363369941711426,13.669059753417969,12.82999324798584,0.41212940216064453,21.71759796142578,2.366318941116333,29.847518920898438,0
1745923168.2351515,3.157524347305298,14.563445091247559,13.84277057647705,0.4902009963989258,21.62722396850586,2.219632625579834,32.05393981933594,0
1745923168.2497752,3.597661018371582,15.487933158874512,14.89913272857666,0.5782861709594727,21.234010696411133,2.1922764778137207,34.563011169433594,0
1745923168.2607358,3.8167240619659424,16.460466384887695,16.034503936767578,0.662196159362793,21.216306686401367,2.0336050987243652,36.97389221191406,0
1745923168.2765427,4.030930995941162,17.4611873626709,17.237003326416016,0.7333707809448242,21.239126205444336,1.8740990161895752,39.462493896484375,0
1745923168.2858074,4.224292278289795,18.428848266601562,18.425758361816406,0.8004264831542969,21.281068801879883,1.7184154987335205,41.87932586669922,0
1745923168.2984097,4.398988723754883,20.169628143310547,20.624942779541016,0.868408203125,21.596145629882812,1.4020370244979858,46.06196594238281,0
1745923168.3117166,4.560976982116699,20.97679901123047,21.649770736694336,0.9283218383789062,21.61124038696289,1.2917437553405762,48.115867614746094,0
1745923168.3218532,4.713556289672852,21.74717140197754,22.609817504882812,0.9810934066772461,21.628570556640625,1.204079031944275,50.051639556884766,0
1745923168.3413084,4.860939025878906,22.469154357910156,23.491971969604492,1.0428028106689453,21.625560760498047,1.1318198442459106,51.8648681640625,0
1745923168.346256,5.008321285247803,23.160505294799805,24.326967239379883,1.1263341903686523,21.593303680419922,1.0634799003601074,53.62213134765625,0
1745923168.360598,5.166762351989746,23.848649978637695,25.163562774658203,1.2299318313598633,21.53506851196289,0.9937079548835754,55.408905029296875,0
1745923168.3777509,5.336185455322266,24.527729034423828,26.002225875854492,1.343562126159668,21.46149444580078,0.9243305325508118,57.2097053527832,0
1745923168.3833714,5.665130615234375,25.168622970581055,26.79931640625,1.4654302597045898,21.243289947509766,0.9128678441047668,59.09850311279297,0
1745923168.3960474,5.812664985656738,26.19186019897461,27.5266170501709,1.6025466918945312,21.207477569580078,0.9877135157585144,61.133689880371094,0
1745923168.4110692,5.955798625946045,26.58161735534668,28.198654174804688,1.767777442932129,21.080102920532227,0.8637974262237549,62.50384521484375,0
1745923168.4209607,6.0932793617248535,26.91001319885254,28.84467124938965,1.9532251358032227,20.93737030029297,0.7259001731872559,63.801185607910156,0
1745923168.4326859,6.22691011428833,27.183191299438477,29.491376876831055,2.149102210998535,20.789352416992188,0.5712797045707703,65.05058288574219,0
1745923168.44601,6.351454734802246,27.41206169128418,30.13007354736328,2.341975212097168,20.649991989135742,0.4094594717025757,66.23556518554688,0
1745923168.462992,6.472243785858154,27.606483459472656,30.75120735168457,2.5065441131591797,20.532840728759766,0.25603508949279785,67.33647918701172,0
1745923168.4738758,6.583169460296631,27.748897552490234,31.305341720581055,2.612088203430176,20.455116271972656,0.12758085131645203,68.24949645996094,0
1745923168.4821017,6.658036708831787,27.8023681640625,31.681732177734375,2.659512519836426,20.41613006591797,0.036370545625686646,68.80165100097656,0
1745923168.4956229,6.701492786407471,27.634347915649414,31.823753356933594,2.6527671813964844,20.387434005737305,-0.04293191432952881,68.81236267089844,0
1745923168.5103812,6.719322681427002,27.434955596923828,31.747089385986328,2.6154699325561523,20.370512008666992,-0.06383732706308365,68.51683807373047,0
1745923168.5202184,6.707676410675049,27.196697235107422,31.485546112060547,2.570709228515625,20.354549407958984,-0.04693195968866348,67.96063232421875,0
1745923168.5328224,6.649709701538086,26.933551788330078,30.755006790161133,2.5391178131103516,20.305706024169922,0.09079056233167648,66.87738037109375,0
1745923168.5445993,6.618943214416504,26.651609420776367,30.430078506469727,2.546581268310547,20.252214431762695,0.09316211938858032,66.24720764160156,0
1745923168.5569804,6.596826553344727,26.366859436035156,30.21111488342285,2.599371910095215,20.17037582397461,0.048912256956100464,65.774169921875,0
1745923168.5759506,6.590908527374268,26.10803985595703,30.11126136779785,2.6900463104248047,20.065168380737305,-0.03281750902533531,65.50025939941406,0
1745923168.5808437,6.601739406585693,25.87590789794922,30.119829177856445,2.810894012451172,19.941282272338867,-0.14546553790569305,65.40837097167969,0
1745923168.5957203,6.629565715789795,25.505687713623047,30.232738494873047,2.9520339965820312,19.7855281829834,-0.3374139964580536,65.32002258300781,0
1745923168.6101153,6.669360637664795,25.33711814880371,30.41463851928711,3.1048707962036133,19.646718978881836,-0.4849015176296234,65.52598571777344,0
1745923168.6194236,6.711811542510986,25.171905517578125,30.62842559814453,3.270138740539551,19.5024356842041,-0.6432093977928162,65.78227996826172,0
1745923168.6317177,6.7589850425720215,25.028108596801758,30.894811630249023,3.4396963119506836,19.36248779296875,-0.8090497851371765,66.1216049194336,0
1745923168.6461666,6.811242580413818,24.90204620361328,31.21415138244629,3.600581169128418,19.23583984375,-0.9789902567863464,66.52802276611328,0
1745923168.6554005,6.858852386474609,24.763521194458008,31.533546447753906,3.745084762573242,19.123891830444336,-1.147687554359436,66.90100860595703,0
1745923168.6679363,6.895403861999512,24.596431732177734,31.814477920532227,3.8841657638549805,19.01575469970703,-1.314813256263733,67.19047546386719,0
1745923168.6809242,6.946883678436279,24.411890029907227,32.07220458984375,4.0169172286987305,18.89708137512207,-1.4728009700775146,67.44789123535156,0
1745923168.6925867,6.965832710266113,24.018320083618164,32.31700134277344,4.136272430419922,18.780818939208984,-1.703082799911499,67.43742370605469,0
1745923168.7070956,6.974235534667969,23.817922592163086,32.53229522705078,4.240738868713379,18.70470428466797,-1.8589211702346802,67.56519317626953,0
1745923168.7183204,6.974387168884277,23.602140426635742,32.716285705566406,4.3309221267700195,18.637943267822266,-2.0094170570373535,67.62373352050781,0
1745923168.7301898,6.971048831939697,23.369781494140625,32.85240173339844,4.42117977142334,18.56466293334961,-2.1532068252563477,67.61441040039062,0
1745923168.7427204,6.9673309326171875,23.149730682373047,32.960060119628906,4.517749786376953,18.485010147094727,-2.2867965698242188,67.5948715209961,0
1745923168.7544289,6.96742582321167,22.94986343383789,33.06385803222656,4.613468170166016,18.405593872070312,-2.4108541011810303,67.59461975097656,0
1745923168.7668502,6.975487232208252,22.75604820251465,33.1749267578125,4.703348159790039,18.326631546020508,-2.530424118041992,67.60980987548828,0
1745923168.7818108,6.982543468475342,22.568586349487305,33.359954833984375,4.78187370300293,18.267711639404297,-2.665043592453003,67.69296264648438,0
